- 0	hijo campaña esposa si ss mejor entrega hoy guste sido eficaz política mirando centro club partido dejando día wars electoral mérito quién pareja bien humanidad según oído ver encontrado gran
- 1	j españa residencia años coyuntura cambio venía país kilómetros electoral frío elecciones pila cuatro hacían momento semejante tres viva mayoría patente gobierno pecho política integración gonzález sueño dos abuelos primera
- 2	comunicado gobierno tropas presidente prestar ayer castro españa directiva pacto continuación partidos posiblemente líder horizonte tras específica acuerdo visitar quiere modelos ejecutivo verso pasado felicitar debe veracruz dos basura primer
- 3	alcaldía años acabaron dos abandonar mas desarrollar cataluña sagrada elecciones contento gobierno pinta barcelona f partido delito frente fotografías sido colores ser santa campaña gabriel zapatero estímulo hace gustavo hecho
- 4	r si p partido puedes puede urgente r dimensión gobierno proposición elecciones retos votos caer izquierda humilde pacto simón partidos financiera solo contradicción parte ¿que cambio poca mayoría castigo ahora
- 5	entretenimiento política barrio aunque formatos cada profesores años argentina maría docentes ser café año limitada tan aires entretenimiento ¡qué hoy docente gente pop candidatos localidades medio tienden josé tratado políticos
- 6	formato debate arroyo país pantalla candidatos usuarios cara vega televisión vieron redes lectores sociales realización electoral digitales diario horario cada multimedia web gráficos tres lector través difusión programa comentarios público
- 7	embajada francia militar ataque militares país silencio seguridad soldados españa misiones español gol según agente policía herido embajada presos exteriores adicional gobierno inteligencia información heridos intervención revisar lucha ocupan tras
- 8	hija candidato prestación madrid encontró gobierno orgánica líder hijas socialista recepción dijo villanueva presidente libros general cumplen secretario cena corrupción daniela euros diera tras comida españa símbolos día encargados formación
- 9	ingresos programa pobreza años salario reforma reducción partido empleos laboral saldo voto embarazo según femenino ley indemnización social enseñanza ayer riqueza presidente fijo líder matrimonio empleo pago millones rostro ahora
- 10	intentarlo partido ordinario si empiece general prohibición federal post secretario pongan gobierno mecanismo socialistas inconveniente cataluña imposición fuerzas estatutos españa manifiesta líder autorizado comité page ayer logro elecciones largos políticas
- 11	corona españa convivencia política bandera cataluña causa constitución instrumentos reforma sucesión político exigir electoral producto nuevo procedimientos ley rigor sistema cuotas constitucional decirles ahora garantiza forma monarquía derecho añadido partidos
- 12	mercados gobierno ajuste españa perdida elecciones optimismo política crece ser adelantado si usan legislatura griego comisión daría país relacionados cuenta elevar europea dure partidos adicionales tiempo extraña economía reservas españoles
- 13	teoría congreso firmas elecciones rebelión presidente desastre diputados cuentan rey requisito propio abril ahora blog situación juntas semana llegaba gobierno imagina si externo años iconos días cláusula dirigentes soldado menos
- 14	enfrentar debate norteamericano presidente luna líder cancelar cara relativamente debates chiste candidato molestar país universidades ayer piedra solo cohetes gobierno lanzamiento tres indispensables lunes perfectos candidatos sabes partido tokio puede
- 15	pastor campaña factores programas mil televisión tradiciones cara garaje partidos barro política renuncias socialista rápida según agrega electoral conversión políticos deportivos líder sergio cuatro ama nuevos gratuitos dos apuntes tras
- 16	reglamento congreso senadores acuerdo obstáculos partido aceptación mesa separado dos pretensiones cámara independientes partidos ampliamente presidente proposiciones grupos marcelo diputados separa grupo corresponda ayer quemando constitución limitado mayoría solos gobierno
- 17	cuales hoy entidades sino estadounidense grupo colegios socialista delegado candidato financieros líder llame millones afán parte acerca político sencillo nuevo pc debate espaldas pasado artes dos ubicado secretario camisa espacio
- 18	valorado partido regional votos pierde elecciones región resultado notable dos zaragoza voto sant solo municipio campaña distritos fuerza recibieron menos proporción madrid fidelidad socialistas conclusiones ayer deterioro cuatro quinta generales
- 19	escribió presidente condena líder detenido violencia tuit candidato parejas ayer vengo si vigencia gobierno fomento mas sales mensaje dependencias ningún consentimiento escribió etiquetas socialistas agradezco rey armada mujeres encontrarse dijo
