<?xml version='1.0' encoding='UTF-8'?>
<GateDocument>
<!-- The document's features-->

<GateDocumentFeatures>
<Feature>
  <Name className="java.lang.String">docId</Name>
  <Value className="java.lang.String">non_fbis/06.10.04-18139</Value>
</Feature>
</GateDocumentFeatures>
<!-- The document content area with serialized nodes -->

<TextWithNodes><Node id="0" />
<Node id="1" />Pakistan<Node id="9" /> <Node id="10" />rejects<Node id="17" /> <Node id="18" />US human rights <Node id="34" />report<Node id="40" />

 <Node id="43" />



  <Node id="49" />ISLAMABAD ? <Node id="61" />Pakistan<Node id="69" /> Tuesday <Node id="78" />slated<Node id="84" /> <Node id="85" />US State Department's 
country <Node id="116" />report<Node id="122" /> on human rights situation in Pakistan<Node id="160" /> and 
<Node id="166" />labelled<Node id="174" /> <Node id="175" />it<Node id="177" /> ?<Node id="179" />factually inaccurate and <Node id="204" />unwarranted<Node id="215" />.?<Node id="217" />

  <Node id="221" />?<Node id="222" />The <Node id="226" />report<Node id="232" /> <Node id="233" />fails<Node id="238" /> to<Node id="241" /> acknowledge<Node id="253" /> <Node id="254" />the <Node id="258" />important<Node id="267" /> policy <Node id="275" />measures<Node id="283" /> 
and <Node id="289" />initiatives<Node id="300" /> by <Node id="304" />the Government of <Node id="322" />Pakistan<Node id="330" /> to <Node id="334" />promote<Node id="341" /> and 
<Node id="347" />protect<Node id="354" /> human <Node id="361" />rights<Node id="367" />,? <Node id="370" />a Foreign Office spokesman<Node id="396" /> <Node id="397" />said<Node id="401" />.<Node id="402" />

  <Node id="406" />The spokesman<Node id="419" /> <Node id="420" />said<Node id="424" /> that the US report ignored the implementation 
of almost all initiatives <Node id="498" />announced<Node id="507" /> and set at an April 2000 
human rights conference<Node id="557" />.<Node id="558" />

  <Node id="562" />These initiatives included the promulgation of the Juvenile 
Justice System Ordinance, the establishment of a Permanent 
Commission on the Status of Women, police and jail reforms, 
national policy and Plan of Action for elimination of child 
labour and establishment of a fund for rehabilitation of working 
children<Node id="879" />.<Node id="880" />

  <Node id="884" />The spokesman<Node id="897" /> <Node id="898" />said<Node id="902" />: ?The Government has amended Pakistan 
Citizenship Act of 1951 to enable women of Pakistani descent to 
claim Pakistani nationality for their children born to foreign 
husbands<Node id="1079" />.<Node id="1080" /> <Node id="1081" />A<Node id="1082" /> mass awareness campaign was launched as part of the 
observance of the Year 2000 as the Year of Human Rights and 
Human Dignity.?<Node id="1212" />

  <Node id="1216" />?<Node id="1217" />Pakistan also ratified ILO Conventions 100 on equal 
remuneration and 182 on the elimination of worst forms of child 
labour<Node id="1341" />.<Node id="1342" /> <Node id="1343" />It<Node id="1345" /> signed the Optional Protocols to Convention on the 
Rights of Child<Node id="1413" />.<Node id="1414" /> <Node id="1415" />Recently, <Node id="1425" />the <Node id="1429" />system<Node id="1435" /> of joint <Node id="1445" />electorates<Node id="1456" /> has 
been introduced respecting the <Node id="1493" />wishes<Node id="1499" /> of <Node id="1503" />the minority 
communities<Node id="1528" />,? <Node id="1531" />the spokesman<Node id="1544" /> <Node id="1545" />said<Node id="1549" />.<Node id="1550" />

  <Node id="1554" />The spokesman<Node id="1567" /> <Node id="1568" />said<Node id="1572" /> that despite these developments, <Node id="1606" />the report<Node id="1616" /> 
<Node id="1618" />states<Node id="1624" /> `<Node id="1626" />the Govt's human rights <Node id="1650" />record<Node id="1656" /> <Node id="1657" />remained <Node id="1666" />poor<Node id="1670" />'<Node id="1671" />.<Node id="1672" /> <Node id="1673" />?<Node id="1674" />This<Node id="1678" /> <Node id="1679" />is 
<Node id="1683" />unacceptable<Node id="1695" /> and <Node id="1700" />a <Node id="1702" />gross <Node id="1708" />misstatement<Node id="1720" /> of<Node id="1723" /> <Node id="1724" />facts<Node id="1729" />,? <Node id="1732" />the spokesman<Node id="1745" /> 
<Node id="1747" />said<Node id="1751" />.<Node id="1752" />

  <Node id="1756" />?<Node id="1757" />The Government of Pakistan<Node id="1783" />, therefore, <Node id="1796" />feels<Node id="1801" /> constrained to 
<Node id="1818" />reject<Node id="1824" /> <Node id="1825" />the assessment of the report about Pakistan, and the 
<Node id="1879" />tendency<Node id="1887" /> of some <Node id="1896" />states<Node id="1902" /> to <Node id="1906" />sit<Node id="1909" /> in judgement<Node id="1922" /> over others<Node id="1934" />.<Node id="1935" /> <Node id="1936" />The<Node id="1939" /> 
cause of human rights<Node id="1962" /> <Node id="1963" />would be better served if all states, in a 
<Node id="2007" />spirit<Node id="2013" /> of <Node id="2017" />cooperation<Node id="2028" /> and <Node id="2033" />understanding<Node id="2046" />, address the problems 
they face in promoting and protecting human rights<Node id="2120" />.?<Node id="2122" />

  <Node id="2126" />He<Node id="2128" /> <Node id="2129" />said<Node id="2133" /> that <Node id="2139" />the Government of Pakistan<Node id="2165" /> <Node id="2166" />remains committed<Node id="2183" /> to<Node id="2186" /> 
<Node id="2188" />promoting and protecting human rights<Node id="2225" /> and <Node id="2230" />will welcome<Node id="2242" /> <Node id="2243" />the 
<Node id="2248" />assistance<Node id="2258" /> of <Node id="2262" />friendly<Node id="2270" /> <Node id="2271" />countries<Node id="2280" /> towards that end<Node id="2297" />.<Node id="2298" />



<Node id="2302" /></TextWithNodes>
<!-- The default annotation set -->

<AnnotationSet>
<Annotation Id="346" Type="eTarget-new" StartNode="1674" EndNode="1678">
<Feature>
  <Name className="java.lang.String">id</Name>
  <Value className="java.lang.String">e5001</Value>
</Feature>
<Feature>
  <Name className="java.lang.String">isNegated</Name>
  <Value className="java.lang.String">no</Value>
</Feature>
<Feature>
  <Name className="java.lang.String">type</Name>
  <Value className="java.lang.String">event</Value>
</Feature>
<Feature>
  <Name className="java.lang.String">isReferredInSpan</Name>
  <Value className="java.lang.String">no</Value>
</Feature>
</Annotation>
</AnnotationSet>

<!-- Named annotation set -->

<AnnotationSet Name="MPQA">
<Annotation Id="550" Type="targetFrame" StartNode="1" EndNode="1">
<Feature>
  <Name className="java.lang.String">sTarget-link</Name>
  <Value className="java.lang.String">none</Value>
</Feature>
<Feature>
  <Name className="java.lang.String">id</Name>
  <Value className="java.lang.String">tfose7</Value>
</Feature>
<Feature>
  <Name className="java.lang.String">newETarget-link</Name>
  <Value className="java.lang.String">none</Value>
</Feature>
</Annotation>
<Annotation Id="551" Type="objective-speech-event" StartNode="1" EndNode="1">
<Feature>
  <Name className="java.lang.String">implicit</Name>
  <Value className="java.lang.String">true</Value>
</Feature>
<Feature>
  <Name className="java.lang.String">id</Name>
  <Value className="java.lang.String">ose7</Value>
</Feature>
<Feature>
  <Name className="java.lang.String">targetFrame-link</Name>
  <Value className="java.lang.String">tfose7</Value>
</Feature>
<Feature>
  <Name className="java.lang.String">nested-source</Name>
  <Value className="java.lang.String">w</Value>
</Feature>
</Annotation>
<Annotation Id="548" Type="targetFrame" StartNode="2129" EndNode="2129">
<Feature>
  <Name className="java.lang.String">sTarget-link</Name>
  <Value className="java.lang.String">none</Value>
</Feature>
<Feature>
  <Name className="java.lang.String">id</Name>
  <Value className="java.lang.String">tfose10</Value>
</Feature>
<Feature>
  <Name className="java.lang.String">newETarget-link</Name>
  <Value className="java.lang.String">none</Value>
</Feature>
</Annotation>
<Annotation Id="549" Type="objective-speech-event" StartNode="2129" EndNode="2133">
<Feature>
  <Name className="java.lang.String">id</Name>
  <Value className="java.lang.String">ose10</Value>
</Feature>
<Feature>
  <Name className="java.lang.String">targetFrame-link</Name>
  <Value className="java.lang.String">tfose10</Value>
</Feature>
<Feature>
  <Name className="java.lang.String">nested-source</Name>
  <Value className="java.lang.String">w,fos</Value>
</Feature>
</Annotation>
<Annotation Id="546" Type="targetFrame" StartNode="1568" EndNode="1568">
<Feature>
  <Name className="java.lang.String">sTarget-link</Name>
  <Value className="java.lang.String">none</Value>
</Feature>
<Feature>
  <Name className="java.lang.String">id</Name>
  <Value className="java.lang.String">tfose9</Value>
</Feature>
<Feature>
  <Name className="java.lang.String">newETarget-link</Name>
  <Value className="java.lang.String">none</Value>
</Feature>
</Annotation>
<Annotation Id="4" Type="agent" StartNode="1554" EndNode="1567">
<Feature>
  <Name className="java.lang.String">nested-source</Name>
  <Value className="java.lang.String">w,fos</Value>
</Feature>
</Annotation>
<Annotation Id="547" Type="objective-speech-event" StartNode="1568" EndNode="1572">
<Feature>
  <Name className="java.lang.String">id</Name>
  <Value className="java.lang.String">ose9</Value>
</Feature>
<Feature>
  <Name className="java.lang.String">targetFrame-link</Name>
  <Value className="java.lang.String">tfose9</Value>
</Feature>
<Feature>
  <Name className="java.lang.String">nested-source</Name>
  <Value className="java.lang.String">w,fos</Value>
</Feature>
</Annotation>
<Annotation Id="544" Type="targetFrame" StartNode="898" EndNode="898">
<Feature>
  <Name className="java.lang.String">sTarget-link</Name>
  <Value className="java.lang.String">none</Value>
</Feature>
<Feature>
  <Name className="java.lang.String">id</Name>
  <Value className="java.lang.String">tfose4</Value>
</Feature>
<Feature>
  <Name className="java.lang.String">newETarget-link</Name>
  <Value className="java.lang.String">none</Value>
</Feature>
</Annotation>
<Annotation Id="545" Type="objective-speech-event" StartNode="898" EndNode="902">
<Feature>
  <Name className="java.lang.String">id</Name>
  <Value className="java.lang.String">ose4</Value>
</Feature>
<Feature>
  <Name className="java.lang.String">targetFrame-link</Name>
  <Value className="java.lang.String">tfose4</Value>
</Feature>
<Feature>
  <Name className="java.lang.String">nested-source</Name>
  <Value className="java.lang.String">w,fos</Value>
</Feature>
</Annotation>
<Annotation Id="558" Type="eTarget" StartNode="2007" EndNode="2013">
<Feature>
  <Name className="java.lang.String">id</Name>
  <Value className="java.lang.String">e9047</Value>
</Feature>
<Feature>
  <Name className="java.lang.String">isNegated</Name>
  <Value className="java.lang.String">no</Value>
</Feature>
<Feature>
  <Name className="java.lang.String">type</Name>
  <Value className="java.lang.String">entity</Value>
</Feature>
<Feature>
  <Name className="java.lang.String">isReferredInSpan</Name>
  <Value className="java.lang.String">yes</Value>
</Feature>
</Annotation>
<Annotation Id="559" Type="eTarget" StartNode="2017" EndNode="2028">
<Feature>
  <Name className="java.lang.String">id</Name>
  <Value className="java.lang.String">e9048</Value>
</Feature>
<Feature>
  <Name className="java.lang.String">isNegated</Name>
  <Value className="java.lang.String">no</Value>
</Feature>
<Feature>
  <Name className="java.lang.String">type</Name>
  <Value className="java.lang.String">entity</Value>
</Feature>
<Feature>
  <Name className="java.lang.String">isReferredInSpan</Name>
  <Value className="java.lang.String">yes</Value>
</Feature>
</Annotation>
<Annotation Id="556" Type="eTarget" StartNode="2271" EndNode="2280">
<Feature>
  <Name className="java.lang.String">id</Name>
  <Value className="java.lang.String">e9015</Value>
</Feature>
<Feature>
  <Name className="java.lang.String">type</Name>
  <Value className="java.lang.String">entity</Value>
</Feature>
<Feature>
  <Name className="java.lang.String">isNegated</Name>
  <Value className="java.lang.String">no</Value>
</Feature>
</Annotation>
<Annotation Id="557" Type="targetFrame" StartNode="2230" EndNode="2230">
<Feature>
  <Name className="java.lang.String">sTarget-link</Name>
  <Value className="java.lang.String">t26</Value>
</Feature>
<Feature>
  <Name className="java.lang.String">id</Name>
  <Value className="java.lang.String">tfa26</Value>
</Feature>
<Feature>
  <Name className="java.lang.String">newETarget-link</Name>
  <Value className="java.lang.String">none</Value>
</Feature>
</Annotation>
<Annotation Id="11" Type="split" StartNode="1934" EndNode="1935">
</Annotation>
<Annotation Id="554" Type="eTarget" StartNode="1429" EndNode="1435">
<Feature>
  <Name className="java.lang.String">id</Name>
  <Value className="java.lang.String">e9017</Value>
</Feature>
<Feature>
  <Name className="java.lang.String">type</Name>
  <Value className="java.lang.String">entity</Value>
</Feature>
<Feature>
  <Name className="java.lang.String">isNegated</Name>
  <Value className="java.lang.String">no</Value>
</Feature>
</Annotation>
<Annotation Id="555" Type="eTarget" StartNode="1445" EndNode="1456">
<Feature>
  <Name className="java.lang.String">id</Name>
  <Value className="java.lang.String">e9018</Value>
</Feature>
<Feature>
  <Name className="java.lang.String">type</Name>
  <Value className="java.lang.String">entity</Value>
</Feature>
<Feature>
  <Name className="java.lang.String">isNegated</Name>
  <Value className="java.lang.String">no</Value>
</Feature>
</Annotation>
<Annotation Id="552" Type="targetFrame" StartNode="498" EndNode="498">
<Feature>
  <Name className="java.lang.String">sTarget-link</Name>
  <Value className="java.lang.String">none</Value>
</Feature>
<Feature>
  <Name className="java.lang.String">id</Name>
  <Value className="java.lang.String">tfose8</Value>
</Feature>
<Feature>
  <Name className="java.lang.String">newETarget-link</Name>
  <Value className="java.lang.String">none</Value>
</Feature>
</Annotation>
<Annotation Id="14" Type="agent" StartNode="175" EndNode="177">
<Feature>
  <Name className="java.lang.String">nested-source</Name>
  <Value className="java.lang.String">w,pak,usrep</Value>
</Feature>
</Annotation>
<Annotation Id="553" Type="objective-speech-event" StartNode="498" EndNode="507">
<Feature>
  <Name className="java.lang.String">id</Name>
  <Value className="java.lang.String">ose8</Value>
</Feature>
<Feature>
  <Name className="java.lang.String">insubstantial</Name>
  <Value className="java.lang.String">c1</Value>
</Feature>
<Feature>
  <Name className="java.lang.String">targetFrame-link</Name>
  <Value className="java.lang.String">tfose8</Value>
</Feature>
<Feature>
  <Name className="java.lang.String">nested-source</Name>
  <Value className="java.lang.String">w,fos,implicit</Value>
</Feature>
</Annotation>
<Annotation Id="15" Type="agent" StartNode="2139" EndNode="2165">
<Feature>
  <Name className="java.lang.String">nested-source</Name>
  <Value className="java.lang.String">w,fos,pak</Value>
</Feature>
</Annotation>
<Annotation Id="567" Type="eTarget" StartNode="2248" EndNode="2258">
<Feature>
  <Name className="java.lang.String">id</Name>
  <Value className="java.lang.String">e9014</Value>
</Feature>
<Feature>
  <Name className="java.lang.String">type</Name>
  <Value className="java.lang.String">entity</Value>
</Feature>
<Feature>
  <Name className="java.lang.String">isNegated</Name>
  <Value className="java.lang.String">no</Value>
</Feature>
</Annotation>
<Annotation Id="566" Type="targetFrame" StartNode="204" EndNode="204">
<Feature>
  <Name className="java.lang.String">sTarget-link</Name>
  <Value className="java.lang.String">none</Value>
</Feature>
<Feature>
  <Name className="java.lang.String">id</Name>
  <Value className="java.lang.String">tfese7</Value>
</Feature>
<Feature>
  <Name className="java.lang.String">newETarget-link</Name>
  <Value className="java.lang.String">e9070</Value>
</Feature>
</Annotation>
<Annotation Id="565" Type="eTarget" StartNode="1708" EndNode="1720">
<Feature>
  <Name className="java.lang.String">id</Name>
  <Value className="java.lang.String">e9006</Value>
</Feature>
<Feature>
  <Name className="java.lang.String">isNegated</Name>
  <Value className="java.lang.String">no</Value>
</Feature>
<Feature>
  <Name className="java.lang.String">type</Name>
  <Value className="java.lang.String">entity</Value>
</Feature>
<Feature>
  <Name className="java.lang.String">isReferredInSpan</Name>
  <Value className="java.lang.String">yes</Value>
</Feature>
</Annotation>
<Annotation Id="564" Type="targetFrame" StartNode="1657" EndNode="1657">
<Feature>
  <Name className="java.lang.String">sTarget-link</Name>
  <Value className="java.lang.String">t17</Value>
</Feature>
<Feature>
  <Name className="java.lang.String">id</Name>
  <Value className="java.lang.String">tfa18</Value>
</Feature>
<Feature>
  <Name className="java.lang.String">newETarget-link</Name>
  <Value className="java.lang.String">none</Value>
</Feature>
</Annotation>
<Annotation Id="563" Type="targetFrame" StartNode="1702" EndNode="1702">
<Feature>
  <Name className="java.lang.String">sTarget-link</Name>
  <Value className="java.lang.String">none</Value>
</Feature>
<Feature>
  <Name className="java.lang.String">id</Name>
  <Value className="java.lang.String">tfese2</Value>
</Feature>
<Feature>
  <Name className="java.lang.String">newETarget-link</Name>
  <Value className="java.lang.String">e9006,e5001</Value>
</Feature>
</Annotation>
<Annotation Id="562" Type="eTarget" StartNode="1674" EndNode="1678">
<Feature>
  <Name className="java.lang.String">id</Name>
  <Value className="java.lang.String">e5001</Value>
</Feature>
<Feature>
  <Name className="java.lang.String">isNegated</Name>
  <Value className="java.lang.String">no</Value>
</Feature>
<Feature>
  <Name className="java.lang.String">type</Name>
  <Value className="java.lang.String">event</Value>
</Feature>
<Feature>
  <Name className="java.lang.String">isReferredInSpan</Name>
  <Value className="java.lang.String">no</Value>
</Feature>
</Annotation>
<Annotation Id="20" Type="agent" StartNode="61" EndNode="69">
<Feature>
  <Name className="java.lang.String">id</Name>
  <Value className="java.lang.String">pak</Value>
</Feature>
<Feature>
  <Name className="java.lang.String">nested-source</Name>
  <Value className="java.lang.String">w,pak</Value>
</Feature>
</Annotation>
<Annotation Id="561" Type="targetFrame" StartNode="1906" EndNode="1906">
<Feature>
  <Name className="java.lang.String">sTarget-link</Name>
  <Value className="java.lang.String">none</Value>
</Feature>
<Feature>
  <Name className="java.lang.String">id</Name>
  <Value className="java.lang.String">tfese8</Value>
</Feature>
<Feature>
  <Name className="java.lang.String">newETarget-link</Name>
  <Value className="java.lang.String">none</Value>
</Feature>
</Annotation>
<Annotation Id="560" Type="targetFrame" StartNode="1493" EndNode="1493">
<Feature>
  <Name className="java.lang.String">sTarget-link</Name>
  <Value className="java.lang.String">t16</Value>
</Feature>
<Feature>
  <Name className="java.lang.String">id</Name>
  <Value className="java.lang.String">tfa16</Value>
</Feature>
<Feature>
  <Name className="java.lang.String">newETarget-link</Name>
  <Value className="java.lang.String">none</Value>
</Feature>
</Annotation>
<Annotation Id="575" Type="targetFrame" StartNode="49" EndNode="49">
<Feature>
  <Name className="java.lang.String">sTarget-link</Name>
  <Value className="java.lang.String">none</Value>
</Feature>
<Feature>
  <Name className="java.lang.String">id</Name>
  <Value className="java.lang.String">tfose26</Value>
</Feature>
<Feature>
  <Name className="java.lang.String">newETarget-link</Name>
  <Value className="java.lang.String">none</Value>
</Feature>
</Annotation>
<Annotation Id="574" Type="objective-speech-event" StartNode="49" EndNode="49">
<Feature>
  <Name className="java.lang.String">implicit</Name>
  <Value className="java.lang.String">true</Value>
</Feature>
<Feature>
  <Name className="java.lang.String">id</Name>
  <Value className="java.lang.String">ose26</Value>
</Feature>
<Feature>
  <Name className="java.lang.String">targetFrame-link</Name>
  <Value className="java.lang.String">tfose26</Value>
</Feature>
<Feature>
  <Name className="java.lang.String">nested-source</Name>
  <Value className="java.lang.String">w</Value>
</Feature>
</Annotation>
<Annotation Id="573" Type="targetFrame" StartNode="1081" EndNode="1081">
<Feature>
  <Name className="java.lang.String">sTarget-link</Name>
  <Value className="java.lang.String">none</Value>
</Feature>
<Feature>
  <Name className="java.lang.String">id</Name>
  <Value className="java.lang.String">tfose23</Value>
</Feature>
<Feature>
  <Name className="java.lang.String">newETarget-link</Name>
  <Value className="java.lang.String">none</Value>
</Feature>
</Annotation>
<Annotation Id="27" Type="agent" StartNode="1757" EndNode="1783">
<Feature>
  <Name className="java.lang.String">nested-source</Name>
  <Value className="java.lang.String">w,fos,pak</Value>
</Feature>
</Annotation>
<Annotation Id="572" Type="objective-speech-event" StartNode="1081" EndNode="1081">
<Feature>
  <Name className="java.lang.String">implicit</Name>
  <Value className="java.lang.String">true</Value>
</Feature>
<Feature>
  <Name className="java.lang.String">id</Name>
  <Value className="java.lang.String">ose23</Value>
</Feature>
<Feature>
  <Name className="java.lang.String">targetFrame-link</Name>
  <Value className="java.lang.String">tfose23</Value>
</Feature>
<Feature>
  <Name className="java.lang.String">nested-source</Name>
  <Value className="java.lang.String">w</Value>
</Feature>
</Annotation>
<Annotation Id="571" Type="targetFrame" StartNode="1415" EndNode="1415">
<Feature>
  <Name className="java.lang.String">sTarget-link</Name>
  <Value className="java.lang.String">none</Value>
</Feature>
<Feature>
  <Name className="java.lang.String">id</Name>
  <Value className="java.lang.String">tfose24</Value>
</Feature>
<Feature>
  <Name className="java.lang.String">newETarget-link</Name>
  <Value className="java.lang.String">none</Value>
</Feature>
</Annotation>
<Annotation Id="570" Type="objective-speech-event" StartNode="1415" EndNode="1415">
<Feature>
  <Name className="java.lang.String">implicit</Name>
  <Value className="java.lang.String">true</Value>
</Feature>
<Feature>
  <Name className="java.lang.String">id</Name>
  <Value className="java.lang.String">ose24</Value>
</Feature>
<Feature>
  <Name className="java.lang.String">targetFrame-link</Name>
  <Value className="java.lang.String">tfose24</Value>
</Feature>
<Feature>
  <Name className="java.lang.String">nested-source</Name>
  <Value className="java.lang.String">w</Value>
</Feature>
</Annotation>
<Annotation Id="569" Type="eTarget" StartNode="175" EndNode="177">
<Feature>
  <Name className="java.lang.String">id</Name>
  <Value className="java.lang.String">e9070</Value>
</Feature>
<Feature>
  <Name className="java.lang.String">isNegated</Name>
  <Value className="java.lang.String">no</Value>
</Feature>
<Feature>
  <Name className="java.lang.String">type</Name>
  <Value className="java.lang.String">entity</Value>
</Feature>
<Feature>
  <Name className="java.lang.String">isReferredInSpan</Name>
  <Value className="java.lang.String">no</Value>
</Feature>
</Annotation>
<Annotation Id="31" Type="split" StartNode="1671" EndNode="1672">
</Annotation>
<Annotation Id="568" Type="targetFrame" StartNode="233" EndNode="233">
<Feature>
  <Name className="java.lang.String">sTarget-link</Name>
  <Value className="java.lang.String">none</Value>
</Feature>
<Feature>
  <Name className="java.lang.String">id</Name>
  <Value className="java.lang.String">tfese1</Value>
</Feature>
<Feature>
  <Name className="java.lang.String">newETarget-link</Name>
  <Value className="java.lang.String">none</Value>
</Feature>
</Annotation>
<Annotation Id="516" Type="sTarget" StartNode="1825" EndNode="1934">
<Feature>
  <Name className="java.lang.String">id</Name>
  <Value className="java.lang.String">t22</Value>
</Feature>
<Feature>
  <Name className="java.lang.String">eTarget-link</Name>
  <Value className="java.lang.String">e9022,e9026,e9027,e9028</Value>
</Feature>
</Annotation>
<Annotation Id="517" Type="sTarget" StartNode="2188" EndNode="2225">
<Feature>
  <Name className="java.lang.String">id</Name>
  <Value className="java.lang.String">t25</Value>
</Feature>
<Feature>
  <Name className="java.lang.String">eTarget-link</Name>
  <Value className="java.lang.String">none</Value>
</Feature>
</Annotation>
<Annotation Id="518" Type="objective-speech-event" StartNode="1343" EndNode="1343">
<Feature>
  <Name className="java.lang.String">implicit</Name>
  <Value className="java.lang.String">true</Value>
</Feature>
<Feature>
  <Name className="java.lang.String">id</Name>
  <Value className="java.lang.String">ose2</Value>
</Feature>
<Feature>
  <Name className="java.lang.String">targetFrame-link</Name>
  <Value className="java.lang.String">tfose2</Value>
</Feature>
<Feature>
  <Name className="java.lang.String">nested-source</Name>
  <Value className="java.lang.String">w</Value>
</Feature>
</Annotation>
<Annotation Id="32" Type="split" StartNode="43" EndNode="49">
</Annotation>
<Annotation Id="519" Type="targetFrame" StartNode="1343" EndNode="1343">
<Feature>
  <Name className="java.lang.String">sTarget-link</Name>
  <Value className="java.lang.String">none</Value>
</Feature>
<Feature>
  <Name className="java.lang.String">id</Name>
  <Value className="java.lang.String">tfose2</Value>
</Feature>
<Feature>
  <Name className="java.lang.String">newETarget-link</Name>
  <Value className="java.lang.String">none</Value>
</Feature>
</Annotation>
<Annotation Id="33" Type="split" StartNode="557" EndNode="558">
</Annotation>
<Annotation Id="515" Type="sTarget" StartNode="85" EndNode="160">
<Feature>
  <Name className="java.lang.String">id</Name>
  <Value className="java.lang.String">t11</Value>
</Feature>
<Feature>
  <Name className="java.lang.String">eTarget-link</Name>
  <Value className="java.lang.String">e9066</Value>
</Feature>
</Annotation>
<Annotation Id="524" Type="objective-speech-event" StartNode="1554" EndNode="1554">
<Feature>
  <Name className="java.lang.String">implicit</Name>
  <Value className="java.lang.String">true</Value>
</Feature>
<Feature>
  <Name className="java.lang.String">id</Name>
  <Value className="java.lang.String">ose14</Value>
</Feature>
<Feature>
  <Name className="java.lang.String">targetFrame-link</Name>
  <Value className="java.lang.String">tfose14</Value>
</Feature>
<Feature>
  <Name className="java.lang.String">nested-source</Name>
  <Value className="java.lang.String">w</Value>
</Feature>
</Annotation>
<Annotation Id="525" Type="targetFrame" StartNode="1554" EndNode="1554">
<Feature>
  <Name className="java.lang.String">sTarget-link</Name>
  <Value className="java.lang.String">none</Value>
</Feature>
<Feature>
  <Name className="java.lang.String">id</Name>
  <Value className="java.lang.String">tfose14</Value>
</Feature>
<Feature>
  <Name className="java.lang.String">newETarget-link</Name>
  <Value className="java.lang.String">none</Value>
</Feature>
</Annotation>
<Annotation Id="43" Type="agent" StartNode="0" EndNode="0">
<Feature>
  <Name className="java.lang.String">id</Name>
  <Value className="java.lang.String">w</Value>
</Feature>
</Annotation>
<Annotation Id="526" Type="objective-speech-event" StartNode="1756" EndNode="1757">
<Feature>
  <Name className="java.lang.String">implicit</Name>
  <Value className="java.lang.String">true</Value>
</Feature>
<Feature>
  <Name className="java.lang.String">id</Name>
  <Value className="java.lang.String">ose11</Value>
</Feature>
<Feature>
  <Name className="java.lang.String">targetFrame-link</Name>
  <Value className="java.lang.String">tfose11</Value>
</Feature>
<Feature>
  <Name className="java.lang.String">nested-source</Name>
  <Value className="java.lang.String">w,fos</Value>
</Feature>
</Annotation>
<Annotation Id="527" Type="targetFrame" StartNode="1756" EndNode="1756">
<Feature>
  <Name className="java.lang.String">sTarget-link</Name>
  <Value className="java.lang.String">none</Value>
</Feature>
<Feature>
  <Name className="java.lang.String">id</Name>
  <Value className="java.lang.String">tfose11</Value>
</Feature>
<Feature>
  <Name className="java.lang.String">newETarget-link</Name>
  <Value className="java.lang.String">none</Value>
</Feature>
</Annotation>
<Annotation Id="520" Type="objective-speech-event" StartNode="1216" EndNode="1216">
<Feature>
  <Name className="java.lang.String">implicit</Name>
  <Value className="java.lang.String">true</Value>
</Feature>
<Feature>
  <Name className="java.lang.String">id</Name>
  <Value className="java.lang.String">ose1</Value>
</Feature>
<Feature>
  <Name className="java.lang.String">targetFrame-link</Name>
  <Value className="java.lang.String">tfose1</Value>
</Feature>
<Feature>
  <Name className="java.lang.String">nested-source</Name>
  <Value className="java.lang.String">w</Value>
</Feature>
</Annotation>
<Annotation Id="521" Type="targetFrame" StartNode="1216" EndNode="1216">
<Feature>
  <Name className="java.lang.String">sTarget-link</Name>
  <Value className="java.lang.String">none</Value>
</Feature>
<Feature>
  <Name className="java.lang.String">id</Name>
  <Value className="java.lang.String">tfose1</Value>
</Feature>
<Feature>
  <Name className="java.lang.String">newETarget-link</Name>
  <Value className="java.lang.String">none</Value>
</Feature>
</Annotation>
<Annotation Id="522" Type="objective-speech-event" StartNode="1936" EndNode="1936">
<Feature>
  <Name className="java.lang.String">implicit</Name>
  <Value className="java.lang.String">true</Value>
</Feature>
<Feature>
  <Name className="java.lang.String">id</Name>
  <Value className="java.lang.String">ose13</Value>
</Feature>
<Feature>
  <Name className="java.lang.String">targetFrame-link</Name>
  <Value className="java.lang.String">tfose13</Value>
</Feature>
<Feature>
  <Name className="java.lang.String">nested-source</Name>
  <Value className="java.lang.String">w</Value>
</Feature>
</Annotation>
<Annotation Id="523" Type="targetFrame" StartNode="1936" EndNode="1936">
<Feature>
  <Name className="java.lang.String">sTarget-link</Name>
  <Value className="java.lang.String">none</Value>
</Feature>
<Feature>
  <Name className="java.lang.String">id</Name>
  <Value className="java.lang.String">tfose13</Value>
</Feature>
<Feature>
  <Name className="java.lang.String">newETarget-link</Name>
  <Value className="java.lang.String">none</Value>
</Feature>
</Annotation>
<Annotation Id="533" Type="targetFrame" StartNode="562" EndNode="562">
<Feature>
  <Name className="java.lang.String">sTarget-link</Name>
  <Value className="java.lang.String">none</Value>
</Feature>
<Feature>
  <Name className="java.lang.String">id</Name>
  <Value className="java.lang.String">tfose18</Value>
</Feature>
<Feature>
  <Name className="java.lang.String">newETarget-link</Name>
  <Value className="java.lang.String">none</Value>
</Feature>
</Annotation>
<Annotation Id="51" Type="split" StartNode="879" EndNode="880">
</Annotation>
<Annotation Id="532" Type="objective-speech-event" StartNode="562" EndNode="562">
<Feature>
  <Name className="java.lang.String">implicit</Name>
  <Value className="java.lang.String">true</Value>
</Feature>
<Feature>
  <Name className="java.lang.String">id</Name>
  <Value className="java.lang.String">ose18</Value>
</Feature>
<Feature>
  <Name className="java.lang.String">targetFrame-link</Name>
  <Value className="java.lang.String">tfose18</Value>
</Feature>
<Feature>
  <Name className="java.lang.String">nested-source</Name>
  <Value className="java.lang.String">w</Value>
</Feature>
</Annotation>
<Annotation Id="50" Type="agent" StartNode="85" EndNode="160">
<Feature>
  <Name className="java.lang.String">id</Name>
  <Value className="java.lang.String">usrep</Value>
</Feature>
</Annotation>
<Annotation Id="535" Type="targetFrame" StartNode="884" EndNode="884">
<Feature>
  <Name className="java.lang.String">sTarget-link</Name>
  <Value className="java.lang.String">none</Value>
</Feature>
<Feature>
  <Name className="java.lang.String">id</Name>
  <Value className="java.lang.String">tfose15</Value>
</Feature>
<Feature>
  <Name className="java.lang.String">newETarget-link</Name>
  <Value className="java.lang.String">none</Value>
</Feature>
</Annotation>
<Annotation Id="49" Type="split" StartNode="402" EndNode="406">
</Annotation>
<Annotation Id="534" Type="objective-speech-event" StartNode="884" EndNode="884">
<Feature>
  <Name className="java.lang.String">implicit</Name>
  <Value className="java.lang.String">true</Value>
</Feature>
<Feature>
  <Name className="java.lang.String">id</Name>
  <Value className="java.lang.String">ose15</Value>
</Feature>
<Feature>
  <Name className="java.lang.String">targetFrame-link</Name>
  <Value className="java.lang.String">tfose15</Value>
</Feature>
<Feature>
  <Name className="java.lang.String">nested-source</Name>
  <Value className="java.lang.String">w</Value>
</Feature>
</Annotation>
<Annotation Id="48" Type="split" StartNode="1212" EndNode="1216">
</Annotation>
<Annotation Id="529" Type="targetFrame" StartNode="1673" EndNode="1673">
<Feature>
  <Name className="java.lang.String">sTarget-link</Name>
  <Value className="java.lang.String">none</Value>
</Feature>
<Feature>
  <Name className="java.lang.String">id</Name>
  <Value className="java.lang.String">tfose12</Value>
</Feature>
<Feature>
  <Name className="java.lang.String">newETarget-link</Name>
  <Value className="java.lang.String">none</Value>
</Feature>
</Annotation>
<Annotation Id="528" Type="objective-speech-event" StartNode="1673" EndNode="1673">
<Feature>
  <Name className="java.lang.String">implicit</Name>
  <Value className="java.lang.String">true</Value>
</Feature>
<Feature>
  <Name className="java.lang.String">id</Name>
  <Value className="java.lang.String">ose12</Value>
</Feature>
<Feature>
  <Name className="java.lang.String">targetFrame-link</Name>
  <Value className="java.lang.String">tfose12</Value>
</Feature>
<Feature>
  <Name className="java.lang.String">nested-source</Name>
  <Value className="java.lang.String">w</Value>
</Feature>
</Annotation>
<Annotation Id="54" Type="agent" StartNode="1503" EndNode="1528">
<Feature>
  <Name className="java.lang.String">id</Name>
  <Value className="java.lang.String">min</Value>
</Feature>
<Feature>
  <Name className="java.lang.String">nested-source</Name>
  <Value className="java.lang.String">w,fos,min</Value>
</Feature>
</Annotation>
<Annotation Id="531" Type="targetFrame" StartNode="1545" EndNode="1545">
<Feature>
  <Name className="java.lang.String">sTarget-link</Name>
  <Value className="java.lang.String">none</Value>
</Feature>
<Feature>
  <Name className="java.lang.String">id</Name>
  <Value className="java.lang.String">tfose17</Value>
</Feature>
<Feature>
  <Name className="java.lang.String">newETarget-link</Name>
  <Value className="java.lang.String">none</Value>
</Feature>
</Annotation>
<Annotation Id="530" Type="objective-speech-event" StartNode="1545" EndNode="1549">
<Feature>
  <Name className="java.lang.String">id</Name>
  <Value className="java.lang.String">ose17</Value>
</Feature>
<Feature>
  <Name className="java.lang.String">targetFrame-link</Name>
  <Value className="java.lang.String">tfose17</Value>
</Feature>
<Feature>
  <Name className="java.lang.String">nested-source</Name>
  <Value className="java.lang.String">w,fos</Value>
</Feature>
</Annotation>
<Annotation Id="52" Type="split" StartNode="558" EndNode="562">
</Annotation>
<Annotation Id="541" Type="objective-speech-event" StartNode="1343" EndNode="1345">
<Feature>
  <Name className="java.lang.String">implicit</Name>
  <Value className="java.lang.String">true</Value>
</Feature>
<Feature>
  <Name className="java.lang.String">id</Name>
  <Value className="java.lang.String">ose6</Value>
</Feature>
<Feature>
  <Name className="java.lang.String">targetFrame-link</Name>
  <Value className="java.lang.String">tfose6</Value>
</Feature>
<Feature>
  <Name className="java.lang.String">nested-source</Name>
  <Value className="java.lang.String">w,fos</Value>
</Feature>
</Annotation>
<Annotation Id="59" Type="split" StartNode="2298" EndNode="2302">
</Annotation>
<Annotation Id="540" Type="targetFrame" StartNode="1343" EndNode="1343">
<Feature>
  <Name className="java.lang.String">sTarget-link</Name>
  <Value className="java.lang.String">none</Value>
</Feature>
<Feature>
  <Name className="java.lang.String">id</Name>
  <Value className="java.lang.String">tfose6</Value>
</Feature>
<Feature>
  <Name className="java.lang.String">newETarget-link</Name>
  <Value className="java.lang.String">none</Value>
</Feature>
</Annotation>
<Annotation Id="58" Type="agent" StartNode="0" EndNode="0">
<Feature>
  <Name className="java.lang.String">id</Name>
  <Value className="java.lang.String">implicit</Value>
</Feature>
</Annotation>
<Annotation Id="543" Type="objective-speech-event" StartNode="233" EndNode="253">
<Feature>
  <Name className="java.lang.String">id</Name>
  <Value className="java.lang.String">ose3</Value>
</Feature>
<Feature>
  <Name className="java.lang.String">insubstantial</Name>
  <Value className="java.lang.String">c2</Value>
</Feature>
<Feature>
  <Name className="java.lang.String">targetFrame-link</Name>
  <Value className="java.lang.String">tfose3</Value>
</Feature>
<Feature>
  <Name className="java.lang.String">nested-source</Name>
  <Value className="java.lang.String">w,fos,usrep</Value>
</Feature>
</Annotation>
<Annotation Id="542" Type="targetFrame" StartNode="233" EndNode="233">
<Feature>
  <Name className="java.lang.String">sTarget-link</Name>
  <Value className="java.lang.String">none</Value>
</Feature>
<Feature>
  <Name className="java.lang.String">id</Name>
  <Value className="java.lang.String">tfose3</Value>
</Feature>
<Feature>
  <Name className="java.lang.String">newETarget-link</Name>
  <Value className="java.lang.String">none</Value>
</Feature>
</Annotation>
<Annotation Id="537" Type="targetFrame" StartNode="1216" EndNode="1216">
<Feature>
  <Name className="java.lang.String">sTarget-link</Name>
  <Value className="java.lang.String">none</Value>
</Feature>
<Feature>
  <Name className="java.lang.String">id</Name>
  <Value className="java.lang.String">tfose16</Value>
</Feature>
<Feature>
  <Name className="java.lang.String">newETarget-link</Name>
  <Value className="java.lang.String">none</Value>
</Feature>
</Annotation>
<Annotation Id="536" Type="objective-speech-event" StartNode="1216" EndNode="1217">
<Feature>
  <Name className="java.lang.String">implicit</Name>
  <Value className="java.lang.String">true</Value>
</Feature>
<Feature>
  <Name className="java.lang.String">id</Name>
  <Value className="java.lang.String">ose16</Value>
</Feature>
<Feature>
  <Name className="java.lang.String">targetFrame-link</Name>
  <Value className="java.lang.String">tfose16</Value>
</Feature>
<Feature>
  <Name className="java.lang.String">nested-source</Name>
  <Value className="java.lang.String">w,fos</Value>
</Feature>
</Annotation>
<Annotation Id="539" Type="objective-speech-event" StartNode="406" EndNode="406">
<Feature>
  <Name className="java.lang.String">implicit</Name>
  <Value className="java.lang.String">true</Value>
</Feature>
<Feature>
  <Name className="java.lang.String">id</Name>
  <Value className="java.lang.String">ose5</Value>
</Feature>
<Feature>
  <Name className="java.lang.String">targetFrame-link</Name>
  <Value className="java.lang.String">tfose5</Value>
</Feature>
<Feature>
  <Name className="java.lang.String">nested-source</Name>
  <Value className="java.lang.String">w</Value>
</Feature>
</Annotation>
<Annotation Id="538" Type="targetFrame" StartNode="406" EndNode="406">
<Feature>
  <Name className="java.lang.String">sTarget-link</Name>
  <Value className="java.lang.String">none</Value>
</Feature>
<Feature>
  <Name className="java.lang.String">id</Name>
  <Value className="java.lang.String">tfose5</Value>
</Feature>
<Feature>
  <Name className="java.lang.String">newETarget-link</Name>
  <Value className="java.lang.String">none</Value>
</Feature>
</Annotation>
<Annotation Id="60" Type="agent" StartNode="222" EndNode="232">
<Feature>
  <Name className="java.lang.String">nested-source</Name>
  <Value className="java.lang.String">w,fos,usrep</Value>
</Feature>
</Annotation>
<Annotation Id="610" Type="targetFrame" StartNode="2007" EndNode="2007">
<Feature>
  <Name className="java.lang.String">sTarget-link</Name>
  <Value className="java.lang.String">none</Value>
</Feature>
<Feature>
  <Name className="java.lang.String">id</Name>
  <Value className="java.lang.String">tfese6</Value>
</Feature>
<Feature>
  <Name className="java.lang.String">newETarget-link</Name>
  <Value className="java.lang.String">e9047,e9048,e9049</Value>
</Feature>
</Annotation>
<Annotation Id="68" Type="split" StartNode="2122" EndNode="2126">
</Annotation>
<Annotation Id="611" Type="eTarget" StartNode="2033" EndNode="2046">
<Feature>
  <Name className="java.lang.String">id</Name>
  <Value className="java.lang.String">e9049</Value>
</Feature>
<Feature>
  <Name className="java.lang.String">isNegated</Name>
  <Value className="java.lang.String">no</Value>
</Feature>
<Feature>
  <Name className="java.lang.String">type</Name>
  <Value className="java.lang.String">entity</Value>
</Feature>
<Feature>
  <Name className="java.lang.String">isReferredInSpan</Name>
  <Value className="java.lang.String">yes</Value>
</Feature>
</Annotation>
<Annotation Id="608" Type="targetFrame" StartNode="1679" EndNode="1679">
<Feature>
  <Name className="java.lang.String">sTarget-link</Name>
  <Value className="java.lang.String">t19</Value>
</Feature>
<Feature>
  <Name className="java.lang.String">id</Name>
  <Value className="java.lang.String">tfa19</Value>
</Feature>
<Feature>
  <Name className="java.lang.String">newETarget-link</Name>
  <Value className="java.lang.String">e9006</Value>
</Feature>
</Annotation>
<Annotation Id="609" Type="targetFrame" StartNode="1796" EndNode="1796">
<Feature>
  <Name className="java.lang.String">sTarget-link</Name>
  <Value className="java.lang.String">t22</Value>
</Feature>
<Feature>
  <Name className="java.lang.String">id</Name>
  <Value className="java.lang.String">tfa22</Value>
</Feature>
<Feature>
  <Name className="java.lang.String">newETarget-link</Name>
  <Value className="java.lang.String">none</Value>
</Feature>
</Annotation>
<Annotation Id="71" Type="split" StartNode="40" EndNode="43">
</Annotation>
<Annotation Id="614" Type="eTarget" StartNode="116" EndNode="122">
<Feature>
  <Name className="java.lang.String">id</Name>
  <Value className="java.lang.String">e9066</Value>
</Feature>
<Feature>
  <Name className="java.lang.String">type</Name>
  <Value className="java.lang.String">entity</Value>
</Feature>
<Feature>
  <Name className="java.lang.String">isNegated</Name>
  <Value className="java.lang.String">no</Value>
</Feature>
</Annotation>
<Annotation Id="615" Type="targetFrame" StartNode="1700" EndNode="1700">
<Feature>
  <Name className="java.lang.String">sTarget-link</Name>
  <Value className="java.lang.String">t21</Value>
</Feature>
<Feature>
  <Name className="java.lang.String">id</Name>
  <Value className="java.lang.String">tfa21</Value>
</Feature>
<Feature>
  <Name className="java.lang.String">newETarget-link</Name>
  <Value className="java.lang.String">none</Value>
</Feature>
</Annotation>
<Annotation Id="65" Type="split" StartNode="401" EndNode="402">
</Annotation>
<Annotation Id="612" Type="targetFrame" StartNode="10" EndNode="10">
<Feature>
  <Name className="java.lang.String">sTarget-link</Name>
  <Value className="java.lang.String">t10</Value>
</Feature>
<Feature>
  <Name className="java.lang.String">id</Name>
  <Value className="java.lang.String">tfa10</Value>
</Feature>
<Feature>
  <Name className="java.lang.String">newETarget-link</Name>
  <Value className="java.lang.String">none</Value>
</Feature>
</Annotation>
<Annotation Id="66" Type="split" StartNode="1752" EndNode="1756">
</Annotation>
<Annotation Id="613" Type="eTarget" StartNode="34" EndNode="40">
<Feature>
  <Name className="java.lang.String">id</Name>
  <Value className="java.lang.String">e9004</Value>
</Feature>
<Feature>
  <Name className="java.lang.String">type</Name>
  <Value className="java.lang.String">entity</Value>
</Feature>
<Feature>
  <Name className="java.lang.String">isNegated</Name>
  <Value className="java.lang.String">no</Value>
</Feature>
</Annotation>
<Annotation Id="618" Type="attitude" StartNode="179" EndNode="215">
<Feature>
  <Name className="java.lang.String">id</Name>
  <Value className="java.lang.String">a12</Value>
</Feature>
<Feature>
  <Name className="java.lang.String">intensity</Name>
  <Value className="java.lang.String">medium-high</Value>
</Feature>
<Feature>
  <Name className="java.lang.String">attitude-type</Name>
  <Value className="java.lang.String">sentiment-neg</Value>
</Feature>
<Feature>
  <Name className="java.lang.String">targetFrame-link</Name>
  <Value className="java.lang.String">tfa12</Value>
</Feature>
</Annotation>
<Annotation Id="76" Type="agent" StartNode="406" EndNode="419">
<Feature>
  <Name className="java.lang.String">nested-source</Name>
  <Value className="java.lang.String">w,fos</Value>
</Feature>
</Annotation>
<Annotation Id="619" Type="attitude" StartNode="254" EndNode="367">
<Feature>
  <Name className="java.lang.String">id</Name>
  <Value className="java.lang.String">a15</Value>
</Feature>
<Feature>
  <Name className="java.lang.String">intensity</Name>
  <Value className="java.lang.String">medium</Value>
</Feature>
<Feature>
  <Name className="java.lang.String">attitude-type</Name>
  <Value className="java.lang.String">sentiment-pos</Value>
</Feature>
<Feature>
  <Name className="java.lang.String">targetFrame-link</Name>
  <Value className="java.lang.String">tfa15</Value>
</Feature>
</Annotation>
<Annotation Id="77" Type="agent" StartNode="1732" EndNode="1745">
<Feature>
  <Name className="java.lang.String">nested-source</Name>
  <Value className="java.lang.String">w,fos</Value>
</Feature>
</Annotation>
<Annotation Id="616" Type="eTarget" StartNode="1650" EndNode="1656">
<Feature>
  <Name className="java.lang.String">id</Name>
  <Value className="java.lang.String">e9059</Value>
</Feature>
<Feature>
  <Name className="java.lang.String">isNegated</Name>
  <Value className="java.lang.String">no</Value>
</Feature>
<Feature>
  <Name className="java.lang.String">type</Name>
  <Value className="java.lang.String">entity</Value>
</Feature>
<Feature>
  <Name className="java.lang.String">isReferredInSpan</Name>
  <Value className="java.lang.String">no</Value>
</Feature>
</Annotation>
<Annotation Id="617" Type="targetFrame" StartNode="179" EndNode="179">
<Feature>
  <Name className="java.lang.String">sTarget-link</Name>
  <Value className="java.lang.String">t12</Value>
</Feature>
<Feature>
  <Name className="java.lang.String">id</Name>
  <Value className="java.lang.String">tfa12</Value>
</Feature>
<Feature>
  <Name className="java.lang.String">newETarget-link</Name>
  <Value className="java.lang.String">e9066</Value>
</Feature>
</Annotation>
<Annotation Id="622" Type="attitude" StartNode="1493" EndNode="1499">
<Feature>
  <Name className="java.lang.String">id</Name>
  <Value className="java.lang.String">a16</Value>
</Feature>
<Feature>
  <Name className="java.lang.String">intensity</Name>
  <Value className="java.lang.String">medium</Value>
</Feature>
<Feature>
  <Name className="java.lang.String">attitude-type</Name>
  <Value className="java.lang.String">sentiment-pos</Value>
</Feature>
<Feature>
  <Name className="java.lang.String">targetFrame-link</Name>
  <Value className="java.lang.String">tfa16</Value>
</Feature>
</Annotation>
<Annotation Id="623" Type="attitude" StartNode="10" EndNode="17">
<Feature>
  <Name className="java.lang.String">id</Name>
  <Value className="java.lang.String">a10</Value>
</Feature>
<Feature>
  <Name className="java.lang.String">intensity</Name>
  <Value className="java.lang.String">medium-high</Value>
</Feature>
<Feature>
  <Name className="java.lang.String">attitude-type</Name>
  <Value className="java.lang.String">sentiment-neg</Value>
</Feature>
<Feature>
  <Name className="java.lang.String">targetFrame-link</Name>
  <Value className="java.lang.String">tfa10</Value>
</Feature>
</Annotation>
<Annotation Id="620" Type="attitude" StartNode="1700" EndNode="1723">
<Feature>
  <Name className="java.lang.String">id</Name>
  <Value className="java.lang.String">a21</Value>
</Feature>
<Feature>
  <Name className="java.lang.String">intensity</Name>
  <Value className="java.lang.String">medium</Value>
</Feature>
<Feature>
  <Name className="java.lang.String">attitude-type</Name>
  <Value className="java.lang.String">arguing-neg</Value>
</Feature>
<Feature>
  <Name className="java.lang.String">targetFrame-link</Name>
  <Value className="java.lang.String">tfa21</Value>
</Feature>
</Annotation>
<Annotation Id="621" Type="attitude" StartNode="179" EndNode="215">
<Feature>
  <Name className="java.lang.String">id</Name>
  <Value className="java.lang.String">a13</Value>
</Feature>
<Feature>
  <Name className="java.lang.String">intensity</Name>
  <Value className="java.lang.String">high</Value>
</Feature>
<Feature>
  <Name className="java.lang.String">attitude-type</Name>
  <Value className="java.lang.String">arguing-neg</Value>
</Feature>
<Feature>
  <Name className="java.lang.String">targetFrame-link</Name>
  <Value className="java.lang.String">tfa13</Value>
</Feature>
</Annotation>
<Annotation Id="627" Type="attitude" StartNode="2230" EndNode="2242">
<Feature>
  <Name className="java.lang.String">id</Name>
  <Value className="java.lang.String">a26</Value>
</Feature>
<Feature>
  <Name className="java.lang.String">intensity</Name>
  <Value className="java.lang.String">medium</Value>
</Feature>
<Feature>
  <Name className="java.lang.String">attitude-type</Name>
  <Value className="java.lang.String">sentiment-pos</Value>
</Feature>
<Feature>
  <Name className="java.lang.String">targetFrame-link</Name>
  <Value className="java.lang.String">tfa26</Value>
</Feature>
</Annotation>
<Annotation Id="626" Type="expressive-subjectivity" StartNode="233" EndNode="241">
<Feature>
  <Name className="java.lang.String">intensity</Name>
  <Value className="java.lang.String">low</Value>
</Feature>
<Feature>
  <Name className="java.lang.String">id</Name>
  <Value className="java.lang.String">ese1</Value>
</Feature>
<Feature>
  <Name className="java.lang.String">targetFrame-link</Name>
  <Value className="java.lang.String">tfese1</Value>
</Feature>
<Feature>
  <Name className="java.lang.String">polarity</Name>
  <Value className="java.lang.String">neutral</Value>
</Feature>
<Feature>
  <Name className="java.lang.String">nested-source</Name>
  <Value className="java.lang.String">w,fos</Value>
</Feature>
</Annotation>
<Annotation Id="625" Type="attitude" StartNode="1657" EndNode="1670">
<Feature>
  <Name className="java.lang.String">id</Name>
  <Value className="java.lang.String">a17</Value>
</Feature>
<Feature>
  <Name className="java.lang.String">intensity</Name>
  <Value className="java.lang.String">medium</Value>
</Feature>
<Feature>
  <Name className="java.lang.String">attitude-type</Name>
  <Value className="java.lang.String">sentiment-neg</Value>
</Feature>
<Feature>
  <Name className="java.lang.String">targetFrame-link</Name>
  <Value className="java.lang.String">tfa17</Value>
</Feature>
</Annotation>
<Annotation Id="624" Type="attitude" StartNode="1963" EndNode="2120">
<Feature>
  <Name className="java.lang.String">id</Name>
  <Value className="java.lang.String">a24</Value>
</Feature>
<Feature>
  <Name className="java.lang.String">intensity</Name>
  <Value className="java.lang.String">medium-high</Value>
</Feature>
<Feature>
  <Name className="java.lang.String">attitude-type</Name>
  <Value className="java.lang.String">arguing-pos</Value>
</Feature>
<Feature>
  <Name className="java.lang.String">targetFrame-link</Name>
  <Value className="java.lang.String">tfa24</Value>
</Feature>
</Annotation>
<Annotation Id="86" Type="agent" StartNode="1531" EndNode="1544">
<Feature>
  <Name className="java.lang.String">nested-source</Name>
  <Value className="java.lang.String">w,fos</Value>
</Feature>
</Annotation>
<Annotation Id="631" Type="expressive-subjectivity" StartNode="2007" EndNode="2046">
<Feature>
  <Name className="java.lang.String">intensity</Name>
  <Value className="java.lang.String">medium</Value>
</Feature>
<Feature>
  <Name className="java.lang.String">id</Name>
  <Value className="java.lang.String">ese6</Value>
</Feature>
<Feature>
  <Name className="java.lang.String">targetFrame-link</Name>
  <Value className="java.lang.String">tfese6</Value>
</Feature>
<Feature>
  <Name className="java.lang.String">polarity</Name>
  <Value className="java.lang.String">positive</Value>
</Feature>
<Feature>
  <Name className="java.lang.String">nested-source</Name>
  <Value className="java.lang.String">w,fos</Value>
</Feature>
</Annotation>
<Annotation Id="630" Type="expressive-subjectivity" StartNode="1906" EndNode="1922">
<Feature>
  <Name className="java.lang.String">intensity</Name>
  <Value className="java.lang.String">medium</Value>
</Feature>
<Feature>
  <Name className="java.lang.String">id</Name>
  <Value className="java.lang.String">ese8</Value>
</Feature>
<Feature>
  <Name className="java.lang.String">targetFrame-link</Name>
  <Value className="java.lang.String">tfese8</Value>
</Feature>
<Feature>
  <Name className="java.lang.String">polarity</Name>
  <Value className="java.lang.String">neutral</Value>
</Feature>
<Feature>
  <Name className="java.lang.String">nested-source</Name>
  <Value className="java.lang.String">w,fos,pak</Value>
</Feature>
</Annotation>
<Annotation Id="629" Type="expressive-subjectivity" StartNode="1702" EndNode="1720">
<Feature>
  <Name className="java.lang.String">intensity</Name>
  <Value className="java.lang.String">high</Value>
</Feature>
<Feature>
  <Name className="java.lang.String">id</Name>
  <Value className="java.lang.String">ese2</Value>
</Feature>
<Feature>
  <Name className="java.lang.String">targetFrame-link</Name>
  <Value className="java.lang.String">tfese2</Value>
</Feature>
<Feature>
  <Name className="java.lang.String">polarity</Name>
  <Value className="java.lang.String">negative</Value>
</Feature>
<Feature>
  <Name className="java.lang.String">nested-source</Name>
  <Value className="java.lang.String">w,fos</Value>
</Feature>
</Annotation>
<Annotation Id="628" Type="expressive-subjectivity" StartNode="1683" EndNode="1695">
<Feature>
  <Name className="java.lang.String">intensity</Name>
  <Value className="java.lang.String">medium</Value>
</Feature>
<Feature>
  <Name className="java.lang.String">id</Name>
  <Value className="java.lang.String">ese3</Value>
</Feature>
<Feature>
  <Name className="java.lang.String">targetFrame-link</Name>
  <Value className="java.lang.String">tfese3</Value>
</Feature>
<Feature>
  <Name className="java.lang.String">polarity</Name>
  <Value className="java.lang.String">negative</Value>
</Feature>
<Feature>
  <Name className="java.lang.String">nested-source</Name>
  <Value className="java.lang.String">w,fos</Value>
</Feature>
</Annotation>
<Annotation Id="82" Type="split" StartNode="1550" EndNode="1554">
</Annotation>
<Annotation Id="635" Type="expressive-subjectivity" StartNode="204" EndNode="215">
<Feature>
  <Name className="java.lang.String">intensity</Name>
  <Value className="java.lang.String">low</Value>
</Feature>
<Feature>
  <Name className="java.lang.String">id</Name>
  <Value className="java.lang.String">ese7</Value>
</Feature>
<Feature>
  <Name className="java.lang.String">targetFrame-link</Name>
  <Value className="java.lang.String">tfese7</Value>
</Feature>
<Feature>
  <Name className="java.lang.String">polarity</Name>
  <Value className="java.lang.String">negative</Value>
</Feature>
<Feature>
  <Name className="java.lang.String">nested-source</Name>
  <Value className="java.lang.String">w,pak</Value>
</Feature>
</Annotation>
<Annotation Id="634" Type="expressive-subjectivity" StartNode="1666" EndNode="1670">
<Feature>
  <Name className="java.lang.String">intensity</Name>
  <Value className="java.lang.String">low</Value>
</Feature>
<Feature>
  <Name className="java.lang.String">id</Name>
  <Value className="java.lang.String">ese5</Value>
</Feature>
<Feature>
  <Name className="java.lang.String">targetFrame-link</Name>
  <Value className="java.lang.String">tfese5</Value>
</Feature>
<Feature>
  <Name className="java.lang.String">polarity</Name>
  <Value className="java.lang.String">negative</Value>
</Feature>
<Feature>
  <Name className="java.lang.String">nested-source</Name>
  <Value className="java.lang.String">w,fos,usrep</Value>
</Feature>
</Annotation>
<Annotation Id="633" Type="expressive-subjectivity" StartNode="2262" EndNode="2270">
<Feature>
  <Name className="java.lang.String">intensity</Name>
  <Value className="java.lang.String">low</Value>
</Feature>
<Feature>
  <Name className="java.lang.String">id</Name>
  <Value className="java.lang.String">ese4</Value>
</Feature>
<Feature>
  <Name className="java.lang.String">targetFrame-link</Name>
  <Value className="java.lang.String">tfese4</Value>
</Feature>
<Feature>
  <Name className="java.lang.String">polarity</Name>
  <Value className="java.lang.String">neutral</Value>
</Feature>
<Feature>
  <Name className="java.lang.String">nested-source</Name>
  <Value className="java.lang.String">w,fos,pak</Value>
</Feature>
</Annotation>
<Annotation Id="632" Type="expressive-subjectivity" StartNode="258" EndNode="267">
<Feature>
  <Name className="java.lang.String">intensity</Name>
  <Value className="java.lang.String">low</Value>
</Feature>
<Feature>
  <Name className="java.lang.String">id</Name>
  <Value className="java.lang.String">ese9</Value>
</Feature>
<Feature>
  <Name className="java.lang.String">targetFrame-link</Name>
  <Value className="java.lang.String">tfese9</Value>
</Feature>
<Feature>
  <Name className="java.lang.String">polarity</Name>
  <Value className="java.lang.String">neutral</Value>
</Feature>
<Feature>
  <Name className="java.lang.String">nested-source</Name>
  <Value className="java.lang.String">w,fos</Value>
</Feature>
</Annotation>
<Annotation Id="639" Type="direct-subjective" StartNode="78" EndNode="84">
<Feature>
  <Name className="java.lang.String">id</Name>
  <Value className="java.lang.String">ds9</Value>
</Feature>
<Feature>
  <Name className="java.lang.String">intensity</Name>
  <Value className="java.lang.String">high</Value>
</Feature>
<Feature>
  <Name className="java.lang.String">expression-intensity</Name>
  <Value className="java.lang.String">high</Value>
</Feature>
<Feature>
  <Name className="java.lang.String">attitude-link</Name>
  <Value className="java.lang.String">a11</Value>
</Feature>
<Feature>
  <Name className="java.lang.String">polarity</Name>
  <Value className="java.lang.String">negative</Value>
</Feature>
<Feature>
  <Name className="java.lang.String">nested-source</Name>
  <Value className="java.lang.String">w,pak</Value>
</Feature>
</Annotation>
<Annotation Id="89" Type="split" StartNode="1751" EndNode="1752">
</Annotation>
<Annotation Id="638" Type="direct-subjective" StartNode="2166" EndNode="2183">
<Feature>
  <Name className="java.lang.String">expression-intensity</Name>
  <Value className="java.lang.String">low</Value>
</Feature>
<Feature>
  <Name className="java.lang.String">id</Name>
  <Value className="java.lang.String">ds10</Value>
</Feature>
<Feature>
  <Name className="java.lang.String">attitude-type</Name>
  <Value className="java.lang.String">positive</Value>
</Feature>
<Feature>
  <Name className="java.lang.String">attitude-link</Name>
  <Value className="java.lang.String">a25</Value>
</Feature>
<Feature>
  <Name className="java.lang.String">polarity</Name>
  <Value className="java.lang.String">positive</Value>
</Feature>
<Feature>
  <Name className="java.lang.String">intensity</Name>
  <Value className="java.lang.String">low</Value>
</Feature>
<Feature>
  <Name className="java.lang.String">nested-source</Name>
  <Value className="java.lang.String">w,fos,pak</Value>
</Feature>
</Annotation>
<Annotation Id="88" Type="split" StartNode="1549" EndNode="1550">
</Annotation>
<Annotation Id="637" Type="direct-subjective" StartNode="1747" EndNode="1751">
<Feature>
  <Name className="java.lang.String">id</Name>
  <Value className="java.lang.String">ds11</Value>
</Feature>
<Feature>
  <Name className="java.lang.String">intensity</Name>
  <Value className="java.lang.String">medium</Value>
</Feature>
<Feature>
  <Name className="java.lang.String">expression-intensity</Name>
  <Value className="java.lang.String">neutral</Value>
</Feature>
<Feature>
  <Name className="java.lang.String">attitude-type</Name>
  <Value className="java.lang.String">negative</Value>
</Feature>
<Feature>
  <Name className="java.lang.String">attitude-link</Name>
  <Value className="java.lang.String">a19,a20,a21</Value>
</Feature>
<Feature>
  <Name className="java.lang.String">nested-source</Name>
  <Value className="java.lang.String">w,fos</Value>
</Feature>
</Annotation>
<Annotation Id="91" Type="agent" StartNode="18" EndNode="40">
<Feature>
  <Name className="java.lang.String">nested-source</Name>
  <Value className="java.lang.String">w,pak,usrep</Value>
</Feature>
</Annotation>
<Annotation Id="636" Type="direct-subjective" StartNode="2230" EndNode="2242">
<Feature>
  <Name className="java.lang.String">expression-intensity</Name>
  <Value className="java.lang.String">low</Value>
</Feature>
<Feature>
  <Name className="java.lang.String">id</Name>
  <Value className="java.lang.String">ds12</Value>
</Feature>
<Feature>
  <Name className="java.lang.String">attitude-type</Name>
  <Value className="java.lang.String">positive</Value>
</Feature>
<Feature>
  <Name className="java.lang.String">attitude-link</Name>
  <Value className="java.lang.String">a26</Value>
</Feature>
<Feature>
  <Name className="java.lang.String">polarity</Name>
  <Value className="java.lang.String">neutral</Value>
</Feature>
<Feature>
  <Name className="java.lang.String">intensity</Name>
  <Value className="java.lang.String">low</Value>
</Feature>
<Feature>
  <Name className="java.lang.String">nested-source</Name>
  <Value className="java.lang.String">w,fos,pak</Value>
</Feature>
</Annotation>
<Annotation Id="90" Type="split" StartNode="880" EndNode="884">
</Annotation>
<Annotation Id="576" Type="objective-speech-event" StartNode="1081" EndNode="1082">
<Feature>
  <Name className="java.lang.String">implicit</Name>
  <Value className="java.lang.String">true</Value>
</Feature>
<Feature>
  <Name className="java.lang.String">id</Name>
  <Value className="java.lang.String">ose25</Value>
</Feature>
<Feature>
  <Name className="java.lang.String">targetFrame-link</Name>
  <Value className="java.lang.String">tfose25</Value>
</Feature>
<Feature>
  <Name className="java.lang.String">nested-source</Name>
  <Value className="java.lang.String">w,fos</Value>
</Feature>
</Annotation>
<Annotation Id="577" Type="targetFrame" StartNode="1081" EndNode="1081">
<Feature>
  <Name className="java.lang.String">sTarget-link</Name>
  <Value className="java.lang.String">none</Value>
</Feature>
<Feature>
  <Name className="java.lang.String">id</Name>
  <Value className="java.lang.String">tfose25</Value>
</Feature>
<Feature>
  <Name className="java.lang.String">newETarget-link</Name>
  <Value className="java.lang.String">none</Value>
</Feature>
</Annotation>
<Annotation Id="578" Type="objective-speech-event" StartNode="2126" EndNode="2126">
<Feature>
  <Name className="java.lang.String">implicit</Name>
  <Value className="java.lang.String">true</Value>
</Feature>
<Feature>
  <Name className="java.lang.String">id</Name>
  <Value className="java.lang.String">ose20</Value>
</Feature>
<Feature>
  <Name className="java.lang.String">targetFrame-link</Name>
  <Value className="java.lang.String">tfose20</Value>
</Feature>
<Feature>
  <Name className="java.lang.String">nested-source</Name>
  <Value className="java.lang.String">w</Value>
</Feature>
</Annotation>
<Annotation Id="579" Type="targetFrame" StartNode="2126" EndNode="2126">
<Feature>
  <Name className="java.lang.String">sTarget-link</Name>
  <Value className="java.lang.String">none</Value>
</Feature>
<Feature>
  <Name className="java.lang.String">id</Name>
  <Value className="java.lang.String">tfose20</Value>
</Feature>
<Feature>
  <Name className="java.lang.String">newETarget-link</Name>
  <Value className="java.lang.String">none</Value>
</Feature>
</Annotation>
<Annotation Id="580" Type="objective-speech-event" StartNode="420" EndNode="424">
<Feature>
  <Name className="java.lang.String">objective-uncertain</Name>
  <Value className="java.lang.String">somewhat-uncertain</Value>
</Feature>
<Feature>
  <Name className="java.lang.String">id</Name>
  <Value className="java.lang.String">ose19</Value>
</Feature>
<Feature>
  <Name className="java.lang.String">targetFrame-link</Name>
  <Value className="java.lang.String">tfose19</Value>
</Feature>
<Feature>
  <Name className="java.lang.String">nested-source</Name>
  <Value className="java.lang.String">w,fos</Value>
</Feature>
</Annotation>
<Annotation Id="581" Type="targetFrame" StartNode="420" EndNode="420">
<Feature>
  <Name className="java.lang.String">sTarget-link</Name>
  <Value className="java.lang.String">none</Value>
</Feature>
<Feature>
  <Name className="java.lang.String">id</Name>
  <Value className="java.lang.String">tfose19</Value>
</Feature>
<Feature>
  <Name className="java.lang.String">newETarget-link</Name>
  <Value className="java.lang.String">none</Value>
</Feature>
</Annotation>
<Annotation Id="582" Type="objective-speech-event" StartNode="221" EndNode="221">
<Feature>
  <Name className="java.lang.String">implicit</Name>
  <Value className="java.lang.String">true</Value>
</Feature>
<Feature>
  <Name className="java.lang.String">id</Name>
  <Value className="java.lang.String">ose22</Value>
</Feature>
<Feature>
  <Name className="java.lang.String">targetFrame-link</Name>
  <Value className="java.lang.String">tfose22</Value>
</Feature>
<Feature>
  <Name className="java.lang.String">nested-source</Name>
  <Value className="java.lang.String">w</Value>
</Feature>
</Annotation>
<Annotation Id="96" Type="agent" StartNode="1606" EndNode="1616">
<Feature>
  <Name className="java.lang.String">nested-source</Name>
  <Value className="java.lang.String">w,fos,usrep</Value>
</Feature>
</Annotation>
<Annotation Id="583" Type="targetFrame" StartNode="221" EndNode="221">
<Feature>
  <Name className="java.lang.String">sTarget-link</Name>
  <Value className="java.lang.String">none</Value>
</Feature>
<Feature>
  <Name className="java.lang.String">id</Name>
  <Value className="java.lang.String">tfose22</Value>
</Feature>
<Feature>
  <Name className="java.lang.String">newETarget-link</Name>
  <Value className="java.lang.String">none</Value>
</Feature>
</Annotation>
<Annotation Id="584" Type="objective-speech-event" StartNode="1756" EndNode="1756">
<Feature>
  <Name className="java.lang.String">implicit</Name>
  <Value className="java.lang.String">true</Value>
</Feature>
<Feature>
  <Name className="java.lang.String">id</Name>
  <Value className="java.lang.String">ose21</Value>
</Feature>
<Feature>
  <Name className="java.lang.String">targetFrame-link</Name>
  <Value className="java.lang.String">tfose21</Value>
</Feature>
<Feature>
  <Name className="java.lang.String">nested-source</Name>
  <Value className="java.lang.String">w</Value>
</Feature>
</Annotation>
<Annotation Id="110" Type="split" StartNode="2297" EndNode="2298">
</Annotation>
<Annotation Id="585" Type="targetFrame" StartNode="1756" EndNode="1756">
<Feature>
  <Name className="java.lang.String">sTarget-link</Name>
  <Value className="java.lang.String">none</Value>
</Feature>
<Feature>
  <Name className="java.lang.String">id</Name>
  <Value className="java.lang.String">tfose21</Value>
</Feature>
<Feature>
  <Name className="java.lang.String">newETarget-link</Name>
  <Value className="java.lang.String">none</Value>
</Feature>
</Annotation>
<Annotation Id="586" Type="eTarget" StartNode="334" EndNode="341">
<Feature>
  <Name className="java.lang.String">id</Name>
  <Value className="java.lang.String">e9039</Value>
</Feature>
<Feature>
  <Name className="java.lang.String">type</Name>
  <Value className="java.lang.String">event</Value>
</Feature>
<Feature>
  <Name className="java.lang.String">isNegated</Name>
  <Value className="java.lang.String">no</Value>
</Feature>
</Annotation>
<Annotation Id="587" Type="eTarget" StartNode="347" EndNode="354">
<Feature>
  <Name className="java.lang.String">id</Name>
  <Value className="java.lang.String">e9040</Value>
</Feature>
<Feature>
  <Name className="java.lang.String">type</Name>
  <Value className="java.lang.String">event</Value>
</Feature>
<Feature>
  <Name className="java.lang.String">isNegated</Name>
  <Value className="java.lang.String">no</Value>
</Feature>
</Annotation>
<Annotation Id="588" Type="eTarget" StartNode="361" EndNode="367">
<Feature>
  <Name className="java.lang.String">id</Name>
  <Value className="java.lang.String">e9041</Value>
</Feature>
<Feature>
  <Name className="java.lang.String">type</Name>
  <Value className="java.lang.String">entity</Value>
</Feature>
<Feature>
  <Name className="java.lang.String">isNegated</Name>
  <Value className="java.lang.String">no</Value>
</Feature>
</Annotation>
<Annotation Id="106" Type="agent" StartNode="1" EndNode="9">
<Feature>
  <Name className="java.lang.String">nested-source</Name>
  <Value className="java.lang.String">w,pak</Value>
</Feature>
</Annotation>
<Annotation Id="589" Type="targetFrame" StartNode="254" EndNode="254">
<Feature>
  <Name className="java.lang.String">sTarget-link</Name>
  <Value className="java.lang.String">t15</Value>
</Feature>
<Feature>
  <Name className="java.lang.String">id</Name>
  <Value className="java.lang.String">tfa15</Value>
</Feature>
<Feature>
  <Name className="java.lang.String">newETarget-link</Name>
  <Value className="java.lang.String">e9035,e9036,e9039,e9040,e9041</Value>
</Feature>
</Annotation>
<Annotation Id="107" Type="split" StartNode="1413" EndNode="1414">
</Annotation>
<Annotation Id="590" Type="targetFrame" StartNode="1963" EndNode="1963">
<Feature>
  <Name className="java.lang.String">sTarget-link</Name>
  <Value className="java.lang.String">t24</Value>
</Feature>
<Feature>
  <Name className="java.lang.String">id</Name>
  <Value className="java.lang.String">tfa24</Value>
</Feature>
<Feature>
  <Name className="java.lang.String">newETarget-link</Name>
  <Value className="java.lang.String">none</Value>
</Feature>
</Annotation>
<Annotation Id="591" Type="targetFrame" StartNode="1657" EndNode="1657">
<Feature>
  <Name className="java.lang.String">sTarget-link</Name>
  <Value className="java.lang.String">t17</Value>
</Feature>
<Feature>
  <Name className="java.lang.String">id</Name>
  <Value className="java.lang.String">tfa17</Value>
</Feature>
<Feature>
  <Name className="java.lang.String">newETarget-link</Name>
  <Value className="java.lang.String">none</Value>
</Feature>
</Annotation>
<Annotation Id="593" Type="eTarget" StartNode="226" EndNode="232">
<Feature>
  <Name className="java.lang.String">id</Name>
  <Value className="java.lang.String">e9031</Value>
</Feature>
<Feature>
  <Name className="java.lang.String">type</Name>
  <Value className="java.lang.String">entity</Value>
</Feature>
<Feature>
  <Name className="java.lang.String">isNegated</Name>
  <Value className="java.lang.String">no</Value>
</Feature>
</Annotation>
<Annotation Id="119" Type="agent" StartNode="884" EndNode="897">
<Feature>
  <Name className="java.lang.String">nested-source</Name>
  <Value className="java.lang.String">w,fos</Value>
</Feature>
</Annotation>
<Annotation Id="592" Type="targetFrame" StartNode="179" EndNode="179">
<Feature>
  <Name className="java.lang.String">sTarget-link</Name>
  <Value className="java.lang.String">t12</Value>
</Feature>
<Feature>
  <Name className="java.lang.String">id</Name>
  <Value className="java.lang.String">tfa13</Value>
</Feature>
<Feature>
  <Name className="java.lang.String">newETarget-link</Name>
  <Value className="java.lang.String">none</Value>
</Feature>
</Annotation>
<Annotation Id="595" Type="targetFrame" StartNode="1679" EndNode="1679">
<Feature>
  <Name className="java.lang.String">sTarget-link</Name>
  <Value className="java.lang.String">t19</Value>
</Feature>
<Feature>
  <Name className="java.lang.String">id</Name>
  <Value className="java.lang.String">tfa20</Value>
</Feature>
<Feature>
  <Name className="java.lang.String">newETarget-link</Name>
  <Value className="java.lang.String">none</Value>
</Feature>
</Annotation>
<Annotation Id="117" Type="split" StartNode="1079" EndNode="1080">
</Annotation>
<Annotation Id="594" Type="targetFrame" StartNode="1683" EndNode="1683">
<Feature>
  <Name className="java.lang.String">sTarget-link</Name>
  <Value className="java.lang.String">none</Value>
</Feature>
<Feature>
  <Name className="java.lang.String">id</Name>
  <Value className="java.lang.String">tfese3</Value>
</Feature>
<Feature>
  <Name className="java.lang.String">newETarget-link</Name>
  <Value className="java.lang.String">e5001</Value>
</Feature>
</Annotation>
<Annotation Id="597" Type="targetFrame" StartNode="78" EndNode="78">
<Feature>
  <Name className="java.lang.String">sTarget-link</Name>
  <Value className="java.lang.String">t11</Value>
</Feature>
<Feature>
  <Name className="java.lang.String">id</Name>
  <Value className="java.lang.String">tfa11</Value>
</Feature>
<Feature>
  <Name className="java.lang.String">newETarget-link</Name>
  <Value className="java.lang.String">e9070</Value>
</Feature>
</Annotation>
<Annotation Id="115" Type="split" StartNode="1341" EndNode="1342">
</Annotation>
<Annotation Id="596" Type="targetFrame" StartNode="2166" EndNode="2166">
<Feature>
  <Name className="java.lang.String">sTarget-link</Name>
  <Value className="java.lang.String">t25</Value>
</Feature>
<Feature>
  <Name className="java.lang.String">id</Name>
  <Value className="java.lang.String">tfa25</Value>
</Feature>
<Feature>
  <Name className="java.lang.String">newETarget-link</Name>
  <Value className="java.lang.String">none</Value>
</Feature>
</Annotation>
<Annotation Id="599" Type="eTarget" StartNode="322" EndNode="330">
<Feature>
  <Name className="java.lang.String">id</Name>
  <Value className="java.lang.String">e9038</Value>
</Feature>
<Feature>
  <Name className="java.lang.String">type</Name>
  <Value className="java.lang.String">entity</Value>
</Feature>
<Feature>
  <Name className="java.lang.String">isNegated</Name>
  <Value className="java.lang.String">no</Value>
</Feature>
</Annotation>
<Annotation Id="598" Type="targetFrame" StartNode="258" EndNode="258">
<Feature>
  <Name className="java.lang.String">sTarget-link</Name>
  <Value className="java.lang.String">none</Value>
</Feature>
<Feature>
  <Name className="java.lang.String">id</Name>
  <Value className="java.lang.String">tfese9</Value>
</Feature>
<Feature>
  <Name className="java.lang.String">newETarget-link</Name>
  <Value className="java.lang.String">none</Value>
</Feature>
</Annotation>
<Annotation Id="601" Type="eTarget" StartNode="289" EndNode="300">
<Feature>
  <Name className="java.lang.String">id</Name>
  <Value className="java.lang.String">e9036</Value>
</Feature>
<Feature>
  <Name className="java.lang.String">type</Name>
  <Value className="java.lang.String">entity</Value>
</Feature>
<Feature>
  <Name className="java.lang.String">isNegated</Name>
  <Value className="java.lang.String">no</Value>
</Feature>
</Annotation>
<Annotation Id="600" Type="eTarget" StartNode="275" EndNode="283">
<Feature>
  <Name className="java.lang.String">id</Name>
  <Value className="java.lang.String">e9035</Value>
</Feature>
<Feature>
  <Name className="java.lang.String">type</Name>
  <Value className="java.lang.String">entity</Value>
</Feature>
<Feature>
  <Name className="java.lang.String">isNegated</Name>
  <Value className="java.lang.String">no</Value>
</Feature>
</Annotation>
<Annotation Id="603" Type="targetFrame" StartNode="1666" EndNode="1666">
<Feature>
  <Name className="java.lang.String">sTarget-link</Name>
  <Value className="java.lang.String">none</Value>
</Feature>
<Feature>
  <Name className="java.lang.String">id</Name>
  <Value className="java.lang.String">tfese5</Value>
</Feature>
<Feature>
  <Name className="java.lang.String">newETarget-link</Name>
  <Value className="java.lang.String">e9059</Value>
</Feature>
</Annotation>
<Annotation Id="602" Type="targetFrame" StartNode="2262" EndNode="2262">
<Feature>
  <Name className="java.lang.String">sTarget-link</Name>
  <Value className="java.lang.String">none</Value>
</Feature>
<Feature>
  <Name className="java.lang.String">id</Name>
  <Value className="java.lang.String">tfese4</Value>
</Feature>
<Feature>
  <Name className="java.lang.String">newETarget-link</Name>
  <Value className="java.lang.String">none</Value>
</Feature>
</Annotation>
<Annotation Id="124" Type="agent" StartNode="370" EndNode="396">
<Feature>
  <Name className="java.lang.String">id</Name>
  <Value className="java.lang.String">fos</Value>
</Feature>
<Feature>
  <Name className="java.lang.String">nested-source</Name>
  <Value className="java.lang.String">w,fos</Value>
</Feature>
</Annotation>
<Annotation Id="605" Type="eTarget" StartNode="1818" EndNode="1824">
<Feature>
  <Name className="java.lang.String">id</Name>
  <Value className="java.lang.String">e9022</Value>
</Feature>
<Feature>
  <Name className="java.lang.String">type</Name>
  <Value className="java.lang.String">event</Value>
</Feature>
<Feature>
  <Name className="java.lang.String">isNegated</Name>
  <Value className="java.lang.String">no</Value>
</Feature>
</Annotation>
<Annotation Id="123" Type="split" StartNode="217" EndNode="221">
</Annotation>
<Annotation Id="604" Type="eTarget" StartNode="1879" EndNode="1887">
<Feature>
  <Name className="java.lang.String">id</Name>
  <Value className="java.lang.String">e9026</Value>
</Feature>
<Feature>
  <Name className="java.lang.String">type</Name>
  <Value className="java.lang.String">entity</Value>
</Feature>
<Feature>
  <Name className="java.lang.String">isNegated</Name>
  <Value className="java.lang.String">no</Value>
</Feature>
</Annotation>
<Annotation Id="607" Type="eTarget" StartNode="1896" EndNode="1902">
<Feature>
  <Name className="java.lang.String">id</Name>
  <Value className="java.lang.String">e9027</Value>
</Feature>
<Feature>
  <Name className="java.lang.String">type</Name>
  <Value className="java.lang.String">entity</Value>
</Feature>
<Feature>
  <Name className="java.lang.String">isNegated</Name>
  <Value className="java.lang.String">no</Value>
</Feature>
</Annotation>
<Annotation Id="606" Type="eTarget" StartNode="1906" EndNode="1909">
<Feature>
  <Name className="java.lang.String">id</Name>
  <Value className="java.lang.String">e9028</Value>
</Feature>
<Feature>
  <Name className="java.lang.String">type</Name>
  <Value className="java.lang.String">event</Value>
</Feature>
<Feature>
  <Name className="java.lang.String">isNegated</Name>
  <Value className="java.lang.String">no</Value>
</Feature>
</Annotation>
<Annotation Id="120" Type="agent" StartNode="2126" EndNode="2128">
<Feature>
  <Name className="java.lang.String">nested-source</Name>
  <Value className="java.lang.String">w,fos</Value>
</Feature>
</Annotation>
<Annotation Id="681" Type="attitude" StartNode="1679" EndNode="1729">
<Feature>
  <Name className="java.lang.String">id</Name>
  <Value className="java.lang.String">a19</Value>
</Feature>
<Feature>
  <Name className="java.lang.String">intensity</Name>
  <Value className="java.lang.String">medium-high</Value>
</Feature>
<Feature>
  <Name className="java.lang.String">attitude-type</Name>
  <Value className="java.lang.String">sentiment-neg</Value>
</Feature>
<Feature>
  <Name className="java.lang.String">targetFrame-link</Name>
  <Value className="java.lang.String">tfa19</Value>
</Feature>
</Annotation>
<Annotation Id="680" Type="attitude" StartNode="1679" EndNode="1695">
<Feature>
  <Name className="java.lang.String">id</Name>
  <Value className="java.lang.String">a20</Value>
</Feature>
<Feature>
  <Name className="java.lang.String">intensity</Name>
  <Value className="java.lang.String">medium-high</Value>
</Feature>
<Feature>
  <Name className="java.lang.String">attitude-type</Name>
  <Value className="java.lang.String">arguing-neg</Value>
</Feature>
<Feature>
  <Name className="java.lang.String">targetFrame-link</Name>
  <Value className="java.lang.String">tfa20</Value>
</Feature>
</Annotation>
<Annotation Id="679" Type="attitude" StartNode="1796" EndNode="1824">
<Feature>
  <Name className="java.lang.String">id</Name>
  <Value className="java.lang.String">a22</Value>
</Feature>
<Feature>
  <Name className="java.lang.String">intensity</Name>
  <Value className="java.lang.String">medium</Value>
</Feature>
<Feature>
  <Name className="java.lang.String">attitude-type</Name>
  <Value className="java.lang.String">sentiment-neg</Value>
</Feature>
<Feature>
  <Name className="java.lang.String">targetFrame-link</Name>
  <Value className="java.lang.String">tfa22</Value>
</Feature>
</Annotation>
<Annotation Id="678" Type="attitude" StartNode="233" EndNode="367">
<Feature>
  <Name className="java.lang.String">id</Name>
  <Value className="java.lang.String">a14</Value>
</Feature>
<Feature>
  <Name className="java.lang.String">intensity</Name>
  <Value className="java.lang.String">medium</Value>
</Feature>
<Feature>
  <Name className="java.lang.String">attitude-type</Name>
  <Value className="java.lang.String">sentiment-neg</Value>
</Feature>
<Feature>
  <Name className="java.lang.String">targetFrame-link</Name>
  <Value className="java.lang.String">tfa14</Value>
</Feature>
</Annotation>
<Annotation Id="677" Type="attitude" StartNode="78" EndNode="84">
<Feature>
  <Name className="java.lang.String">id</Name>
  <Value className="java.lang.String">a11</Value>
</Feature>
<Feature>
  <Name className="java.lang.String">intensity</Name>
  <Value className="java.lang.String">high</Value>
</Feature>
<Feature>
  <Name className="java.lang.String">attitude-type</Name>
  <Value className="java.lang.String">sentiment-neg</Value>
</Feature>
<Feature>
  <Name className="java.lang.String">targetFrame-link</Name>
  <Value className="java.lang.String">tfa11</Value>
</Feature>
</Annotation>
<Annotation Id="676" Type="sentence" StartNode="1081" EndNode="1212">
<Feature>
  <Name className="java.lang.String">nested-source</Name>
  <Value className="java.lang.String">w</Value>
</Feature>
</Annotation>
<Annotation Id="675" Type="attitude" StartNode="1657" EndNode="1670">
<Feature>
  <Name className="java.lang.String">id</Name>
  <Value className="java.lang.String">a18</Value>
</Feature>
<Feature>
  <Name className="java.lang.String">intensity</Name>
  <Value className="java.lang.String">low-medium</Value>
</Feature>
<Feature>
  <Name className="java.lang.String">attitude-type</Name>
  <Value className="java.lang.String">arguing-pos</Value>
</Feature>
<Feature>
  <Name className="java.lang.String">targetFrame-link</Name>
  <Value className="java.lang.String">tfa18</Value>
</Feature>
</Annotation>
<Annotation Id="674" Type="attitude" StartNode="2166" EndNode="2186">
<Feature>
  <Name className="java.lang.String">id</Name>
  <Value className="java.lang.String">a25</Value>
</Feature>
<Feature>
  <Name className="java.lang.String">intensity</Name>
  <Value className="java.lang.String">medium</Value>
</Feature>
<Feature>
  <Name className="java.lang.String">attitude-type</Name>
  <Value className="java.lang.String">intention-pos</Value>
</Feature>
<Feature>
  <Name className="java.lang.String">targetFrame-link</Name>
  <Value className="java.lang.String">tfa25</Value>
</Feature>
</Annotation>
<Annotation Id="673" Type="sentence" StartNode="1673" EndNode="1752">
<Feature>
  <Name className="java.lang.String">nested-source</Name>
  <Value className="java.lang.String">w</Value>
</Feature>
</Annotation>
<Annotation Id="672" Type="sentence" StartNode="1415" EndNode="1550">
<Feature>
  <Name className="java.lang.String">nested-source</Name>
  <Value className="java.lang.String">w</Value>
</Feature>
</Annotation>
<Annotation Id="653" Type="sTarget" StartNode="304" EndNode="330">
<Feature>
  <Name className="java.lang.String">id</Name>
  <Value className="java.lang.String">t15</Value>
</Feature>
<Feature>
  <Name className="java.lang.String">eTarget-link</Name>
  <Value className="java.lang.String">e9038</Value>
</Feature>
</Annotation>
<Annotation Id="652" Type="sTarget" StartNode="1936" EndNode="1962">
<Feature>
  <Name className="java.lang.String">id</Name>
  <Value className="java.lang.String">t24</Value>
</Feature>
<Feature>
  <Name className="java.lang.String">eTarget-link</Name>
  <Value className="java.lang.String">none</Value>
</Feature>
</Annotation>
<Annotation Id="655" Type="sTarget" StartNode="175" EndNode="177">
<Feature>
  <Name className="java.lang.String">id</Name>
  <Value className="java.lang.String">t12</Value>
</Feature>
<Feature>
  <Name className="java.lang.String">eTarget-link</Name>
  <Value className="java.lang.String">none</Value>
</Feature>
</Annotation>
<Annotation Id="654" Type="sTarget" StartNode="18" EndNode="40">
<Feature>
  <Name className="java.lang.String">id</Name>
  <Value className="java.lang.String">t10</Value>
</Feature>
<Feature>
  <Name className="java.lang.String">eTarget-link</Name>
  <Value className="java.lang.String">e9004</Value>
</Feature>
</Annotation>
<Annotation Id="649" Type="eTarget" StartNode="233" EndNode="238">
<Feature>
  <Name className="java.lang.String">id</Name>
  <Value className="java.lang.String">e9032</Value>
</Feature>
<Feature>
  <Name className="java.lang.String">type</Name>
  <Value className="java.lang.String">event</Value>
</Feature>
<Feature>
  <Name className="java.lang.String">isNegated</Name>
  <Value className="java.lang.String">no</Value>
</Feature>
</Annotation>
<Annotation Id="648" Type="targetFrame" StartNode="233" EndNode="233">
<Feature>
  <Name className="java.lang.String">sTarget-link</Name>
  <Value className="java.lang.String">t14</Value>
</Feature>
<Feature>
  <Name className="java.lang.String">id</Name>
  <Value className="java.lang.String">tfa14</Value>
</Feature>
<Feature>
  <Name className="java.lang.String">newETarget-link</Name>
  <Value className="java.lang.String">e9032</Value>
</Feature>
</Annotation>
<Annotation Id="651" Type="sTarget" StartNode="1425" EndNode="1456">
<Feature>
  <Name className="java.lang.String">id</Name>
  <Value className="java.lang.String">t16</Value>
</Feature>
<Feature>
  <Name className="java.lang.String">eTarget-link</Name>
  <Value className="java.lang.String">e9017,e9018</Value>
</Feature>
</Annotation>
<Annotation Id="650" Type="sTarget" StartNode="1674" EndNode="1678">
<Feature>
  <Name className="java.lang.String">id</Name>
  <Value className="java.lang.String">t19</Value>
</Feature>
<Feature>
  <Name className="java.lang.String">eTarget-link</Name>
  <Value className="java.lang.String">none</Value>
</Feature>
</Annotation>
<Annotation Id="645" Type="direct-subjective" StartNode="1796" EndNode="1801">
<Feature>
  <Name className="java.lang.String">id</Name>
  <Value className="java.lang.String">ds3</Value>
</Feature>
<Feature>
  <Name className="java.lang.String">intensity</Name>
  <Value className="java.lang.String">medium</Value>
</Feature>
<Feature>
  <Name className="java.lang.String">expression-intensity</Name>
  <Value className="java.lang.String">low</Value>
</Feature>
<Feature>
  <Name className="java.lang.String">attitude-link</Name>
  <Value className="java.lang.String">a22</Value>
</Feature>
<Feature>
  <Name className="java.lang.String">polarity</Name>
  <Value className="java.lang.String">negative</Value>
</Feature>
<Feature>
  <Name className="java.lang.String">nested-source</Name>
  <Value className="java.lang.String">w,fos,pak</Value>
</Feature>
</Annotation>
<Annotation Id="644" Type="direct-subjective" StartNode="1618" EndNode="1624">
<Feature>
  <Name className="java.lang.String">id</Name>
  <Value className="java.lang.String">ds4</Value>
</Feature>
<Feature>
  <Name className="java.lang.String">intensity</Name>
  <Value className="java.lang.String">low</Value>
</Feature>
<Feature>
  <Name className="java.lang.String">expression-intensity</Name>
  <Value className="java.lang.String">neutral</Value>
</Feature>
<Feature>
  <Name className="java.lang.String">attitude-type</Name>
  <Value className="java.lang.String">negative</Value>
</Feature>
<Feature>
  <Name className="java.lang.String">attitude-link</Name>
  <Value className="java.lang.String">a17,a18</Value>
</Feature>
<Feature>
  <Name className="java.lang.String">nested-source</Name>
  <Value className="java.lang.String">w,fos,usrep</Value>
</Feature>
</Annotation>
<Annotation Id="647" Type="direct-subjective" StartNode="1493" EndNode="1499">
<Feature>
  <Name className="java.lang.String">id</Name>
  <Value className="java.lang.String">ds1</Value>
</Feature>
<Feature>
  <Name className="java.lang.String">intensity</Name>
  <Value className="java.lang.String">low</Value>
</Feature>
<Feature>
  <Name className="java.lang.String">expression-intensity</Name>
  <Value className="java.lang.String">low</Value>
</Feature>
<Feature>
  <Name className="java.lang.String">attitude-link</Name>
  <Value className="java.lang.String">a16</Value>
</Feature>
<Feature>
  <Name className="java.lang.String">polarity</Name>
  <Value className="java.lang.String">positive</Value>
</Feature>
<Feature>
  <Name className="java.lang.String">nested-source</Name>
  <Value className="java.lang.String">w,fos,min</Value>
</Feature>
</Annotation>
<Annotation Id="646" Type="direct-subjective" StartNode="166" EndNode="174">
<Feature>
  <Name className="java.lang.String">id</Name>
  <Value className="java.lang.String">ds2</Value>
</Feature>
<Feature>
  <Name className="java.lang.String">intensity</Name>
  <Value className="java.lang.String">low</Value>
</Feature>
<Feature>
  <Name className="java.lang.String">expression-intensity</Name>
  <Value className="java.lang.String">neutral</Value>
</Feature>
<Feature>
  <Name className="java.lang.String">attitude-type</Name>
  <Value className="java.lang.String">negative</Value>
</Feature>
<Feature>
  <Name className="java.lang.String">attitude-link</Name>
  <Value className="java.lang.String">a12,a13</Value>
</Feature>
<Feature>
  <Name className="java.lang.String">nested-source</Name>
  <Value className="java.lang.String">w,pak</Value>
</Feature>
</Annotation>
<Annotation Id="641" Type="direct-subjective" StartNode="1936" EndNode="1939">
<Feature>
  <Name className="java.lang.String">id</Name>
  <Value className="java.lang.String">ds7</Value>
</Feature>
<Feature>
  <Name className="java.lang.String">intensity</Name>
  <Value className="java.lang.String">medium</Value>
</Feature>
<Feature>
  <Name className="java.lang.String">expression-intensity</Name>
  <Value className="java.lang.String">neutral</Value>
</Feature>
<Feature>
  <Name className="java.lang.String">is-implicit</Name>
  <Value className="java.lang.String">yes</Value>
</Feature>
<Feature>
  <Name className="java.lang.String">attitude-link</Name>
  <Value className="java.lang.String">a24</Value>
</Feature>
<Feature>
  <Name className="java.lang.String">nested-source</Name>
  <Value className="java.lang.String">w,fos</Value>
</Feature>
</Annotation>
<Annotation Id="640" Type="direct-subjective" StartNode="1818" EndNode="1824">
<Feature>
  <Name className="java.lang.String">expression-intensity</Name>
  <Value className="java.lang.String">medium</Value>
</Feature>
<Feature>
  <Name className="java.lang.String">id</Name>
  <Value className="java.lang.String">ds8</Value>
</Feature>
<Feature>
  <Name className="java.lang.String">attitude-link</Name>
  <Value className="java.lang.String">a22</Value>
</Feature>
<Feature>
  <Name className="java.lang.String">insubstantial</Name>
  <Value className="java.lang.String">c2</Value>
</Feature>
<Feature>
  <Name className="java.lang.String">polarity</Name>
  <Value className="java.lang.String">negative</Value>
</Feature>
<Feature>
  <Name className="java.lang.String">intensity</Name>
  <Value className="java.lang.String">medium</Value>
</Feature>
<Feature>
  <Name className="java.lang.String">nested-source</Name>
  <Value className="java.lang.String">w,fos,pak</Value>
</Feature>
</Annotation>
<Annotation Id="643" Type="direct-subjective" StartNode="397" EndNode="401">
<Feature>
  <Name className="java.lang.String">id</Name>
  <Value className="java.lang.String">ds5</Value>
</Feature>
<Feature>
  <Name className="java.lang.String">intensity</Name>
  <Value className="java.lang.String">low</Value>
</Feature>
<Feature>
  <Name className="java.lang.String">expression-intensity</Name>
  <Value className="java.lang.String">neutral</Value>
</Feature>
<Feature>
  <Name className="java.lang.String">attitude-type</Name>
  <Value className="java.lang.String">negative</Value>
</Feature>
<Feature>
  <Name className="java.lang.String">attitude-link</Name>
  <Value className="java.lang.String">a14,a15</Value>
</Feature>
<Feature>
  <Name className="java.lang.String">nested-source</Name>
  <Value className="java.lang.String">w,fos</Value>
</Feature>
</Annotation>
<Annotation Id="642" Type="direct-subjective" StartNode="10" EndNode="17">
<Feature>
  <Name className="java.lang.String">expression-intensity</Name>
  <Value className="java.lang.String">medium</Value>
</Feature>
<Feature>
  <Name className="java.lang.String">id</Name>
  <Value className="java.lang.String">ds6</Value>
</Feature>
<Feature>
  <Name className="java.lang.String">attitude-type</Name>
  <Value className="java.lang.String">negative</Value>
</Feature>
<Feature>
  <Name className="java.lang.String">attitude-link</Name>
  <Value className="java.lang.String">a10</Value>
</Feature>
<Feature>
  <Name className="java.lang.String">polarity</Name>
  <Value className="java.lang.String">negative</Value>
</Feature>
<Feature>
  <Name className="java.lang.String">intensity</Name>
  <Value className="java.lang.String">medium</Value>
</Feature>
<Feature>
  <Name className="java.lang.String">nested-source</Name>
  <Value className="java.lang.String">w,pak</Value>
</Feature>
</Annotation>
<Annotation Id="668" Type="sentence" StartNode="884" EndNode="1080">
<Feature>
  <Name className="java.lang.String">nested-source</Name>
  <Value className="java.lang.String">w</Value>
</Feature>
</Annotation>
<Annotation Id="669" Type="sentence" StartNode="1343" EndNode="1414">
<Feature>
  <Name className="java.lang.String">nested-source</Name>
  <Value className="java.lang.String">w</Value>
</Feature>
</Annotation>
<Annotation Id="670" Type="sentence" StartNode="1" EndNode="40">
<Feature>
  <Name className="java.lang.String">nested-source</Name>
  <Value className="java.lang.String">w</Value>
</Feature>
</Annotation>
<Annotation Id="671" Type="sentence" StartNode="562" EndNode="880">
<Feature>
  <Name className="java.lang.String">nested-source</Name>
  <Value className="java.lang.String">w</Value>
</Feature>
</Annotation>
<Annotation Id="664" Type="sentence" StartNode="406" EndNode="558">
<Feature>
  <Name className="java.lang.String">nested-source</Name>
  <Value className="java.lang.String">w</Value>
</Feature>
</Annotation>
<Annotation Id="665" Type="sentence" StartNode="2126" EndNode="2298">
<Feature>
  <Name className="java.lang.String">nested-source</Name>
  <Value className="java.lang.String">w</Value>
</Feature>
</Annotation>
<Annotation Id="666" Type="sentence" StartNode="49" EndNode="217">
<Feature>
  <Name className="java.lang.String">nested-source</Name>
  <Value className="java.lang.String">w</Value>
</Feature>
</Annotation>
<Annotation Id="667" Type="sentence" StartNode="1936" EndNode="2122">
<Feature>
  <Name className="java.lang.String">nested-source</Name>
  <Value className="java.lang.String">w</Value>
</Feature>
</Annotation>
<Annotation Id="660" Type="sTarget" StartNode="2243" EndNode="2297">
<Feature>
  <Name className="java.lang.String">id</Name>
  <Value className="java.lang.String">t26</Value>
</Feature>
<Feature>
  <Name className="java.lang.String">eTarget-link</Name>
  <Value className="java.lang.String">e9014,e9015</Value>
</Feature>
</Annotation>
<Annotation Id="661" Type="sTarget" StartNode="1626" EndNode="1656">
<Feature>
  <Name className="java.lang.String">id</Name>
  <Value className="java.lang.String">t17</Value>
</Feature>
<Feature>
  <Name className="java.lang.String">eTarget-link</Name>
  <Value className="java.lang.String">e9059</Value>
</Feature>
</Annotation>
<Annotation Id="662" Type="sentence" StartNode="1756" EndNode="1935">
<Feature>
  <Name className="java.lang.String">nested-source</Name>
  <Value className="java.lang.String">w</Value>
</Feature>
</Annotation>
<Annotation Id="663" Type="sentence" StartNode="1554" EndNode="1672">
<Feature>
  <Name className="java.lang.String">nested-source</Name>
  <Value className="java.lang.String">w</Value>
</Feature>
</Annotation>
<Annotation Id="656" Type="sTarget" StartNode="1724" EndNode="1729">
<Feature>
  <Name className="java.lang.String">eTarget-link</Name>
  <Value className="java.lang.String">none</Value>
</Feature>
<Feature>
  <Name className="java.lang.String">id</Name>
  <Value className="java.lang.String">t21</Value>
</Feature>
<Feature>
  <Name className="java.lang.String">target-uncertain</Name>
  <Value className="java.lang.String">very-uncertain</Value>
</Feature>
</Annotation>
<Annotation Id="657" Type="sTarget" StartNode="222" EndNode="232">
<Feature>
  <Name className="java.lang.String">id</Name>
  <Value className="java.lang.String">t14</Value>
</Feature>
<Feature>
  <Name className="java.lang.String">eTarget-link</Name>
  <Value className="java.lang.String">e9031</Value>
</Feature>
</Annotation>
<Annotation Id="658" Type="sentence" StartNode="1216" EndNode="1342">
<Feature>
  <Name className="java.lang.String">nested-source</Name>
  <Value className="java.lang.String">w</Value>
</Feature>
</Annotation>
<Annotation Id="659" Type="sentence" StartNode="221" EndNode="402">
<Feature>
  <Name className="java.lang.String">nested-source</Name>
  <Value className="java.lang.String">w</Value>
</Feature>
</Annotation>
</AnnotationSet>

</GateDocument>
