<?xml version='1.0' encoding='UTF-8'?>
<GateDocument>
<!-- The document's features-->

<GateDocumentFeatures>
<Feature>
  <Name className="java.lang.String">docId</Name>
  <Value className="java.lang.String">non_fbis/12.15.47-5091</Value>
</Feature>
</GateDocumentFeatures>
<!-- The document content area with serialized nodes -->

<TextWithNodes><Node id="0" />
   <Node id="4" />Canadarm2 lays track for space railway<Node id="42" />

 <Node id="45" />


<Node id="48" />SubHead:   'A unique and highly complex robot working in an extremely hostile environment': Improved mobility<Node id="157" />

<Node id="159" />Author:     Broward Liston<Node id="185" />

  <Node id="189" />CAPE CANAVERAL, Fla. - The first railway in outer space was 
ready to roll yesterday after astronauts from the space shuttle 
Atlantis prepped it for its inaugural run<Node id="356" />.<Node id="357" />

  <Node id="361" />The rail car<Node id="373" />, installed outside the International Space Station 
on the crew's first spacewalk, will have a top speed of <Node id="482" />just 
three centimetres per second<Node id="516" />, but <Node id="522" />ground controllers <Node id="541" />may not<Node id="548" /> 
open up the throttle all the way in their first test today<Node id="608" /> 
<Node id="610" />anyway<Node id="616" />.<Node id="617" />

  <Node id="621" />The rail car is part of the 13-metre-long S-0 truss, the 
centerpiece of what is to be a 120-metre girder running the 
length of the space station<Node id="767" />.<Node id="768" /> <Node id="769" />The completed girder will support 
thousands of square metres of solar panels generating power for 
use throughout the station<Node id="895" />.<Node id="896" />

  <Node id="900" />In a spacewalk lasting more than six hours, astronauts Steve 
Smith and Rex Walheim, the same team that mounted the new truss 
segment on to the station last Thursday, released launch 
restraints on the rail car, which rode to space in the shuttle's 
cargo bay<Node id="1160" />.<Node id="1161" />

  <Node id="1165" />NASA<Node id="1169" /> <Node id="1170" />said<Node id="1174" /> the Mobile Transporter, as the rail car is officially 
known, was ready for its first test today<Node id="1271" />.<Node id="1272" />

  <Node id="1276" />"As far as speed is concerned, <Node id="1307" />it<Node id="1309" />'s <Node id="1312" />probably<Node id="1320" /> going to be in the 
fractions of an inch velocity<Node id="1370" /> -- on the order of a tenth of an 
inch per second," <Node id="1423" />said<Node id="1427" /> <Node id="1428" />Ben Sellari<Node id="1439" />, the launch package manager 
at Mission Control<Node id="1487" />.<Node id="1488" />

  <Node id="1492" />The small trolley is designed to roll the station's Canadarm2 
robotic arm from one construction site to another as work 
progresses on the station over the next several years<Node id="1667" />.<Node id="1668" />

  <Node id="1672" />Captain Marc Garneau, president of the Canadian Space Agency<Node id="1732" />, 
<Node id="1735" />said<Node id="1739" /> <Node id="1740" />Canadarm2<Node id="1749" /> <Node id="1750" />has so far performed <Node id="1771" />flawlessly<Node id="1781" /> in its pivotal 
role installing the truss segment<Node id="1831" />.<Node id="1832" />

  <Node id="1836" />The massive robotic arm, Canada's contribution to the 
multi-national space station, lifted the truss segment out and 
away from the shuttle's cargo bay and attached it on the 
station's laboratory module<Node id="2040" />.<Node id="2041" />

  <Node id="2045" />The arm was then used for the first time to move the 
spacewalking astronauts to different work sites around the newly 
installed truss<Node id="2180" />.<Node id="2181" />

  <Node id="2185" />Teams of engineers from the CSA and MD Robotics, the 
Brampton-based company that built the arm, were monitoring its 
work closely from the ground<Node id="2331" />.<Node id="2332" />

  <Node id="2336" />An anomaly was detected on one of its joints several weeks ago, 
but the Canadian engineers successfully bypassed the problem 
area<Node id="2467" />.<Node id="2468" />

  <Node id="2472" />"Canadarm2 is a unique and highly complex robot working in an 
extremely hostile environment," <Node id="2567" />said<Node id="2571" /> <Node id="2572" />Capt. Garneau<Node id="2585" />.<Node id="2586" /> <Node id="2587" />"<Node id="2588" />Problems<Node id="2596" /> 
<Node id="2598" />are bound to occur<Node id="2616" /> and are part of the normal course of space 
activities ... [but] <Node id="2682" />Canadarm2 <Node id="2692" />operations<Node id="2702" /> <Node id="2703" />went <Node id="2708" />smoothly and 
flawlessly<Node id="2732" /> yesterday."<Node id="2744" />

  <Node id="2748" />The 18-metre arm, which is powerful enough to lift entire 
station modules, was also rewired so it could draw power through 
the S-0 truss<Node id="2886" />.<Node id="2887" />

  <Node id="2891" />Eight more truss segments will be added on future missions<Node id="2949" />.<Node id="2950" /> <Node id="2951" />And 
a handcar will be added to the rail system so astronauts can 
move more easily along the truss, which will be longer than a 
football field<Node id="3095" />.<Node id="3096" />



<Node id="3100" />Copyright ??2002 National Post Online |<Node id="3139" />

<Node id="3141" /></TextWithNodes>
<!-- The default annotation set -->

<AnnotationSet>
</AnnotationSet>

<!-- Named annotation set -->

<AnnotationSet Name="MPQA">
<Annotation Id="8" Type="split" StartNode="3096" EndNode="3100">
</Annotation>
<Annotation Id="11" Type="split" StartNode="2180" EndNode="2181">
</Annotation>
<Annotation Id="13" Type="split" StartNode="2467" EndNode="2468">
</Annotation>
<Annotation Id="17" Type="split" StartNode="2332" EndNode="2336">
</Annotation>
<Annotation Id="19" Type="split" StartNode="3139" EndNode="3141">
</Annotation>
<Annotation Id="20" Type="split" StartNode="1487" EndNode="1488">
</Annotation>
<Annotation Id="25" Type="agent" StartNode="0" EndNode="0">
<Feature>
  <Name className="java.lang.String">id</Name>
  <Value className="java.lang.String">w</Value>
</Feature>
</Annotation>
<Annotation Id="24" Type="split" StartNode="1488" EndNode="1492">
</Annotation>
<Annotation Id="27" Type="split" StartNode="185" EndNode="189">
</Annotation>
<Annotation Id="26" Type="split" StartNode="157" EndNode="159">
</Annotation>
<Annotation Id="31" Type="split" StartNode="2041" EndNode="2045">
</Annotation>
<Annotation Id="30" Type="agent" StartNode="0" EndNode="0">
<Feature>
  <Name className="java.lang.String">id</Name>
  <Value className="java.lang.String">implicit</Value>
</Feature>
</Annotation>
<Annotation Id="305" Type="sentence" StartNode="48" EndNode="157">
<Feature>
  <Name className="java.lang.String">nested-source</Name>
  <Value className="java.lang.String">w</Value>
</Feature>
</Annotation>
<Annotation Id="304" Type="sentence" StartNode="621" EndNode="768">
<Feature>
  <Name className="java.lang.String">nested-source</Name>
  <Value className="java.lang.String">w</Value>
</Feature>
</Annotation>
<Annotation Id="307" Type="sentence" StartNode="2336" EndNode="2468">
<Feature>
  <Name className="java.lang.String">nested-source</Name>
  <Value className="java.lang.String">w</Value>
</Feature>
</Annotation>
<Annotation Id="32" Type="split" StartNode="357" EndNode="361">
</Annotation>
<Annotation Id="306" Type="sentence" StartNode="189" EndNode="357">
<Feature>
  <Name className="java.lang.String">nested-source</Name>
  <Value className="java.lang.String">w</Value>
</Feature>
</Annotation>
<Annotation Id="33" Type="split" StartNode="2887" EndNode="2891">
</Annotation>
<Annotation Id="309" Type="sentence" StartNode="1165" EndNode="1272">
<Feature>
  <Name className="java.lang.String">nested-source</Name>
  <Value className="java.lang.String">w</Value>
</Feature>
</Annotation>
<Annotation Id="38" Type="split" StartNode="2331" EndNode="2332">
</Annotation>
<Annotation Id="308" Type="sentence" StartNode="2472" EndNode="2586">
<Feature>
  <Name className="java.lang.String">nested-source</Name>
  <Value className="java.lang.String">w</Value>
</Feature>
</Annotation>
<Annotation Id="39" Type="agent" StartNode="1672" EndNode="1732">
<Feature>
  <Name className="java.lang.String">id</Name>
  <Value className="java.lang.String">marc</Value>
</Feature>
<Feature>
  <Name className="java.lang.String">nested-source</Name>
  <Value className="java.lang.String">w,marc</Value>
</Feature>
</Annotation>
<Annotation Id="311" Type="expressive-subjectivity" StartNode="1312" EndNode="1320">
<Feature>
  <Name className="java.lang.String">intensity</Name>
  <Value className="java.lang.String">low</Value>
</Feature>
<Feature>
  <Name className="java.lang.String">id</Name>
  <Value className="java.lang.String">ese2</Value>
</Feature>
<Feature>
  <Name className="java.lang.String">targetFrame-link</Name>
  <Value className="java.lang.String">tfese2</Value>
</Feature>
<Feature>
  <Name className="java.lang.String">es-uncertain</Name>
  <Value className="java.lang.String">very-uncertain</Value>
</Feature>
<Feature>
  <Name className="java.lang.String">polarity</Name>
  <Value className="java.lang.String">neutral</Value>
</Feature>
<Feature>
  <Name className="java.lang.String">nested-source</Name>
  <Value className="java.lang.String">w,ben</Value>
</Feature>
</Annotation>
<Annotation Id="310" Type="expressive-subjectivity" StartNode="2588" EndNode="2616">
<Feature>
  <Name className="java.lang.String">intensity</Name>
  <Value className="java.lang.String">low</Value>
</Feature>
<Feature>
  <Name className="java.lang.String">id</Name>
  <Value className="java.lang.String">ese7</Value>
</Feature>
<Feature>
  <Name className="java.lang.String">targetFrame-link</Name>
  <Value className="java.lang.String">tfese7</Value>
</Feature>
<Feature>
  <Name className="java.lang.String">polarity</Name>
  <Value className="java.lang.String">neutral</Value>
</Feature>
<Feature>
  <Name className="java.lang.String">nested-source</Name>
  <Value className="java.lang.String">w,marc</Value>
</Feature>
</Annotation>
<Annotation Id="37" Type="split" StartNode="895" EndNode="896">
</Annotation>
<Annotation Id="313" Type="expressive-subjectivity" StartNode="482" EndNode="516">
<Feature>
  <Name className="java.lang.String">intensity</Name>
  <Value className="java.lang.String">low</Value>
</Feature>
<Feature>
  <Name className="java.lang.String">id</Name>
  <Value className="java.lang.String">ese6</Value>
</Feature>
<Feature>
  <Name className="java.lang.String">targetFrame-link</Name>
  <Value className="java.lang.String">tfese6</Value>
</Feature>
<Feature>
  <Name className="java.lang.String">es-uncertain</Name>
  <Value className="java.lang.String">somewhat-uncertain</Value>
</Feature>
<Feature>
  <Name className="java.lang.String">polarity</Name>
  <Value className="java.lang.String">neutral</Value>
</Feature>
<Feature>
  <Name className="java.lang.String">nested-source</Name>
  <Value className="java.lang.String">w</Value>
</Feature>
</Annotation>
<Annotation Id="312" Type="direct-subjective" StartNode="2587" EndNode="2588">
<Feature>
  <Name className="java.lang.String">id</Name>
  <Value className="java.lang.String">ds4</Value>
</Feature>
<Feature>
  <Name className="java.lang.String">intensity</Name>
  <Value className="java.lang.String">medium</Value>
</Feature>
<Feature>
  <Name className="java.lang.String">attitude-type</Name>
  <Value className="java.lang.String">positive</Value>
</Feature>
<Feature>
  <Name className="java.lang.String">is-implicit</Name>
  <Value className="java.lang.String">yes</Value>
</Feature>
<Feature>
  <Name className="java.lang.String">attitude-link</Name>
  <Value className="java.lang.String">a40,a50</Value>
</Feature>
<Feature>
  <Name className="java.lang.String">nested-source</Name>
  <Value className="java.lang.String">w,marc</Value>
</Feature>
</Annotation>
<Annotation Id="315" Type="expressive-subjectivity" StartNode="610" EndNode="616">
<Feature>
  <Name className="java.lang.String">intensity</Name>
  <Value className="java.lang.String">low</Value>
</Feature>
<Feature>
  <Name className="java.lang.String">id</Name>
  <Value className="java.lang.String">ese5</Value>
</Feature>
<Feature>
  <Name className="java.lang.String">targetFrame-link</Name>
  <Value className="java.lang.String">tfese5</Value>
</Feature>
<Feature>
  <Name className="java.lang.String">polarity</Name>
  <Value className="java.lang.String">neutral</Value>
</Feature>
<Feature>
  <Name className="java.lang.String">nested-source</Name>
  <Value className="java.lang.String">w</Value>
</Feature>
</Annotation>
<Annotation Id="40" Type="split" StartNode="617" EndNode="621">
</Annotation>
<Annotation Id="314" Type="expressive-subjectivity" StartNode="1771" EndNode="1781">
<Feature>
  <Name className="java.lang.String">intensity</Name>
  <Value className="java.lang.String">medium</Value>
</Feature>
<Feature>
  <Name className="java.lang.String">id</Name>
  <Value className="java.lang.String">ese3</Value>
</Feature>
<Feature>
  <Name className="java.lang.String">targetFrame-link</Name>
  <Value className="java.lang.String">tfese3</Value>
</Feature>
<Feature>
  <Name className="java.lang.String">polarity</Name>
  <Value className="java.lang.String">positive</Value>
</Feature>
<Feature>
  <Name className="java.lang.String">nested-source</Name>
  <Value className="java.lang.String">w,marc</Value>
</Feature>
</Annotation>
<Annotation Id="41" Type="split" StartNode="3095" EndNode="3096">
</Annotation>
<Annotation Id="317" Type="expressive-subjectivity" StartNode="2708" EndNode="2732">
<Feature>
  <Name className="java.lang.String">intensity</Name>
  <Value className="java.lang.String">medium</Value>
</Feature>
<Feature>
  <Name className="java.lang.String">id</Name>
  <Value className="java.lang.String">ese1</Value>
</Feature>
<Feature>
  <Name className="java.lang.String">targetFrame-link</Name>
  <Value className="java.lang.String">tfese1</Value>
</Feature>
<Feature>
  <Name className="java.lang.String">polarity</Name>
  <Value className="java.lang.String">positive</Value>
</Feature>
<Feature>
  <Name className="java.lang.String">nested-source</Name>
  <Value className="java.lang.String">w,marc</Value>
</Feature>
</Annotation>
<Annotation Id="316" Type="expressive-subjectivity" StartNode="541" EndNode="548">
<Feature>
  <Name className="java.lang.String">intensity</Name>
  <Value className="java.lang.String">low</Value>
</Feature>
<Feature>
  <Name className="java.lang.String">id</Name>
  <Value className="java.lang.String">ese4</Value>
</Feature>
<Feature>
  <Name className="java.lang.String">targetFrame-link</Name>
  <Value className="java.lang.String">tfese4</Value>
</Feature>
<Feature>
  <Name className="java.lang.String">polarity</Name>
  <Value className="java.lang.String">neutral</Value>
</Feature>
<Feature>
  <Name className="java.lang.String">nested-source</Name>
  <Value className="java.lang.String">w</Value>
</Feature>
</Annotation>
<Annotation Id="319" Type="attitude" StartNode="522" EndNode="608">
<Feature>
  <Name className="java.lang.String">id</Name>
  <Value className="java.lang.String">a10</Value>
</Feature>
<Feature>
  <Name className="java.lang.String">intensity</Name>
  <Value className="java.lang.String">low</Value>
</Feature>
<Feature>
  <Name className="java.lang.String">attitude-type</Name>
  <Value className="java.lang.String">speculation</Value>
</Feature>
<Feature>
  <Name className="java.lang.String">targetFrame-link</Name>
  <Value className="java.lang.String">tfa10</Value>
</Feature>
</Annotation>
<Annotation Id="318" Type="attitude" StartNode="2598" EndNode="2616">
<Feature>
  <Name className="java.lang.String">id</Name>
  <Value className="java.lang.String">a40</Value>
</Feature>
<Feature>
  <Name className="java.lang.String">intensity</Name>
  <Value className="java.lang.String">medium</Value>
</Feature>
<Feature>
  <Name className="java.lang.String">attitude-type</Name>
  <Value className="java.lang.String">arguing-pos</Value>
</Feature>
<Feature>
  <Name className="java.lang.String">targetFrame-link</Name>
  <Value className="java.lang.String">tfa40</Value>
</Feature>
</Annotation>
<Annotation Id="51" Type="split" StartNode="2886" EndNode="2887">
</Annotation>
<Annotation Id="49" Type="split" StartNode="1667" EndNode="1668">
</Annotation>
<Annotation Id="48" Type="split" StartNode="767" EndNode="768">
</Annotation>
<Annotation Id="294" Type="sentence" StartNode="1836" EndNode="2041">
<Feature>
  <Name className="java.lang.String">nested-source</Name>
  <Value className="java.lang.String">w</Value>
</Feature>
</Annotation>
<Annotation Id="295" Type="sentence" StartNode="2951" EndNode="3096">
<Feature>
  <Name className="java.lang.String">nested-source</Name>
  <Value className="java.lang.String">w</Value>
</Feature>
</Annotation>
<Annotation Id="296" Type="sentence" StartNode="1672" EndNode="1832">
<Feature>
  <Name className="java.lang.String">nested-source</Name>
  <Value className="java.lang.String">w</Value>
</Feature>
</Annotation>
<Annotation Id="297" Type="sentence" StartNode="1492" EndNode="1668">
<Feature>
  <Name className="java.lang.String">nested-source</Name>
  <Value className="java.lang.String">w</Value>
</Feature>
</Annotation>
<Annotation Id="298" Type="sentence" StartNode="769" EndNode="896">
<Feature>
  <Name className="java.lang.String">nested-source</Name>
  <Value className="java.lang.String">w</Value>
</Feature>
</Annotation>
<Annotation Id="57" Type="split" StartNode="1831" EndNode="1832">
</Annotation>
<Annotation Id="299" Type="sentence" StartNode="361" EndNode="617">
<Feature>
  <Name className="java.lang.String">nested-source</Name>
  <Value className="java.lang.String">w</Value>
</Feature>
</Annotation>
<Annotation Id="300" Type="sentence" StartNode="2045" EndNode="2181">
<Feature>
  <Name className="java.lang.String">nested-source</Name>
  <Value className="java.lang.String">w</Value>
</Feature>
</Annotation>
<Annotation Id="63" Type="split" StartNode="1832" EndNode="1836">
</Annotation>
<Annotation Id="301" Type="sentence" StartNode="900" EndNode="1161">
<Feature>
  <Name className="java.lang.String">nested-source</Name>
  <Value className="java.lang.String">w</Value>
</Feature>
</Annotation>
<Annotation Id="302" Type="sentence" StartNode="2891" EndNode="2950">
<Feature>
  <Name className="java.lang.String">nested-source</Name>
  <Value className="java.lang.String">w</Value>
</Feature>
</Annotation>
<Annotation Id="61" Type="split" StartNode="1161" EndNode="1165">
</Annotation>
<Annotation Id="303" Type="sentence" StartNode="1276" EndNode="1488">
<Feature>
  <Name className="java.lang.String">nested-source</Name>
  <Value className="java.lang.String">w</Value>
</Feature>
</Annotation>
<Annotation Id="60" Type="split" StartNode="356" EndNode="357">
</Annotation>
<Annotation Id="343" Type="objective-speech-event" StartNode="2472" EndNode="2472">
<Feature>
  <Name className="java.lang.String">implicit</Name>
  <Value className="java.lang.String">true</Value>
</Feature>
<Feature>
  <Name className="java.lang.String">id</Name>
  <Value className="java.lang.String">ose12</Value>
</Feature>
<Feature>
  <Name className="java.lang.String">targetFrame-link</Name>
  <Value className="java.lang.String">tfose12</Value>
</Feature>
<Feature>
  <Name className="java.lang.String">nested-source</Name>
  <Value className="java.lang.String">w</Value>
</Feature>
</Annotation>
<Annotation Id="68" Type="split" StartNode="616" EndNode="617">
</Annotation>
<Annotation Id="342" Type="objective-speech-event" StartNode="2567" EndNode="2571">
<Feature>
  <Name className="java.lang.String">objective-uncertain</Name>
  <Value className="java.lang.String">very-uncertain</Value>
</Feature>
<Feature>
  <Name className="java.lang.String">id</Name>
  <Value className="java.lang.String">ose1</Value>
</Feature>
<Feature>
  <Name className="java.lang.String">targetFrame-link</Name>
  <Value className="java.lang.String">tfose1</Value>
</Feature>
<Feature>
  <Name className="java.lang.String">nested-source</Name>
  <Value className="java.lang.String">w,marc</Value>
</Feature>
</Annotation>
<Annotation Id="69" Type="split" StartNode="2040" EndNode="2041">
</Annotation>
<Annotation Id="341" Type="targetFrame" StartNode="900" EndNode="900">
<Feature>
  <Name className="java.lang.String">sTarget-link</Name>
  <Value className="java.lang.String">none</Value>
</Feature>
<Feature>
  <Name className="java.lang.String">id</Name>
  <Value className="java.lang.String">tfose2</Value>
</Feature>
<Feature>
  <Name className="java.lang.String">newETarget-link</Name>
  <Value className="java.lang.String">none</Value>
</Feature>
</Annotation>
<Annotation Id="70" Type="split" StartNode="42" EndNode="45">
</Annotation>
<Annotation Id="340" Type="targetFrame" StartNode="2567" EndNode="2567">
<Feature>
  <Name className="java.lang.String">sTarget-link</Name>
  <Value className="java.lang.String">none</Value>
</Feature>
<Feature>
  <Name className="java.lang.String">id</Name>
  <Value className="java.lang.String">tfose1</Value>
</Feature>
<Feature>
  <Name className="java.lang.String">newETarget-link</Name>
  <Value className="java.lang.String">none</Value>
</Feature>
</Annotation>
<Annotation Id="71" Type="agent" StartNode="1428" EndNode="1439">
<Feature>
  <Name className="java.lang.String">id</Name>
  <Value className="java.lang.String">ben</Value>
</Feature>
<Feature>
  <Name className="java.lang.String">nested-source</Name>
  <Value className="java.lang.String">w,ben</Value>
</Feature>
</Annotation>
<Annotation Id="339" Type="objective-speech-event" StartNode="2185" EndNode="2185">
<Feature>
  <Name className="java.lang.String">implicit</Name>
  <Value className="java.lang.String">true</Value>
</Feature>
<Feature>
  <Name className="java.lang.String">id</Name>
  <Value className="java.lang.String">ose3</Value>
</Feature>
<Feature>
  <Name className="java.lang.String">targetFrame-link</Name>
  <Value className="java.lang.String">tfose3</Value>
</Feature>
<Feature>
  <Name className="java.lang.String">nested-source</Name>
  <Value className="java.lang.String">w</Value>
</Feature>
</Annotation>
<Annotation Id="338" Type="targetFrame" StartNode="1672" EndNode="1672">
<Feature>
  <Name className="java.lang.String">sTarget-link</Name>
  <Value className="java.lang.String">none</Value>
</Feature>
<Feature>
  <Name className="java.lang.String">id</Name>
  <Value className="java.lang.String">tfose4</Value>
</Feature>
<Feature>
  <Name className="java.lang.String">newETarget-link</Name>
  <Value className="java.lang.String">none</Value>
</Feature>
</Annotation>
<Annotation Id="337" Type="objective-speech-event" StartNode="900" EndNode="900">
<Feature>
  <Name className="java.lang.String">implicit</Name>
  <Value className="java.lang.String">true</Value>
</Feature>
<Feature>
  <Name className="java.lang.String">id</Name>
  <Value className="java.lang.String">ose2</Value>
</Feature>
<Feature>
  <Name className="java.lang.String">targetFrame-link</Name>
  <Value className="java.lang.String">tfose2</Value>
</Feature>
<Feature>
  <Name className="java.lang.String">nested-source</Name>
  <Value className="java.lang.String">w</Value>
</Feature>
</Annotation>
<Annotation Id="336" Type="targetFrame" StartNode="2185" EndNode="2185">
<Feature>
  <Name className="java.lang.String">sTarget-link</Name>
  <Value className="java.lang.String">none</Value>
</Feature>
<Feature>
  <Name className="java.lang.String">id</Name>
  <Value className="java.lang.String">tfose3</Value>
</Feature>
<Feature>
  <Name className="java.lang.String">newETarget-link</Name>
  <Value className="java.lang.String">none</Value>
</Feature>
</Annotation>
<Annotation Id="351" Type="objective-speech-event" StartNode="189" EndNode="189">
<Feature>
  <Name className="java.lang.String">implicit</Name>
  <Value className="java.lang.String">true</Value>
</Feature>
<Feature>
  <Name className="java.lang.String">id</Name>
  <Value className="java.lang.String">ose8</Value>
</Feature>
<Feature>
  <Name className="java.lang.String">targetFrame-link</Name>
  <Value className="java.lang.String">tfose8</Value>
</Feature>
<Feature>
  <Name className="java.lang.String">nested-source</Name>
  <Value className="java.lang.String">w</Value>
</Feature>
</Annotation>
<Annotation Id="350" Type="targetFrame" StartNode="2472" EndNode="2472">
<Feature>
  <Name className="java.lang.String">sTarget-link</Name>
  <Value className="java.lang.String">none</Value>
</Feature>
<Feature>
  <Name className="java.lang.String">id</Name>
  <Value className="java.lang.String">tfose12</Value>
</Feature>
<Feature>
  <Name className="java.lang.String">newETarget-link</Name>
  <Value className="java.lang.String">none</Value>
</Feature>
</Annotation>
<Annotation Id="349" Type="objective-speech-event" StartNode="1170" EndNode="1174">
<Feature>
  <Name className="java.lang.String">id</Name>
  <Value className="java.lang.String">ose11</Value>
</Feature>
<Feature>
  <Name className="java.lang.String">targetFrame-link</Name>
  <Value className="java.lang.String">tfose11</Value>
</Feature>
<Feature>
  <Name className="java.lang.String">nested-source</Name>
  <Value className="java.lang.String">w,nasa</Value>
</Feature>
</Annotation>
<Annotation Id="348" Type="targetFrame" StartNode="1170" EndNode="1170">
<Feature>
  <Name className="java.lang.String">sTarget-link</Name>
  <Value className="java.lang.String">none</Value>
</Feature>
<Feature>
  <Name className="java.lang.String">id</Name>
  <Value className="java.lang.String">tfose11</Value>
</Feature>
<Feature>
  <Name className="java.lang.String">newETarget-link</Name>
  <Value className="java.lang.String">none</Value>
</Feature>
</Annotation>
<Annotation Id="79" Type="split" StartNode="896" EndNode="900">
</Annotation>
<Annotation Id="347" Type="objective-speech-event" StartNode="2951" EndNode="2951">
<Feature>
  <Name className="java.lang.String">implicit</Name>
  <Value className="java.lang.String">true</Value>
</Feature>
<Feature>
  <Name className="java.lang.String">id</Name>
  <Value className="java.lang.String">ose10</Value>
</Feature>
<Feature>
  <Name className="java.lang.String">targetFrame-link</Name>
  <Value className="java.lang.String">tfose10</Value>
</Feature>
<Feature>
  <Name className="java.lang.String">nested-source</Name>
  <Value className="java.lang.String">w</Value>
</Feature>
</Annotation>
<Annotation Id="346" Type="targetFrame" StartNode="48" EndNode="48">
<Feature>
  <Name className="java.lang.String">sTarget-link</Name>
  <Value className="java.lang.String">none</Value>
</Feature>
<Feature>
  <Name className="java.lang.String">id</Name>
  <Value className="java.lang.String">tfose14</Value>
</Feature>
<Feature>
  <Name className="java.lang.String">newETarget-link</Name>
  <Value className="java.lang.String">none</Value>
</Feature>
</Annotation>
<Annotation Id="73" Type="split" StartNode="2468" EndNode="2472">
</Annotation>
<Annotation Id="345" Type="objective-speech-event" StartNode="1165" EndNode="1165">
<Feature>
  <Name className="java.lang.String">implicit</Name>
  <Value className="java.lang.String">true</Value>
</Feature>
<Feature>
  <Name className="java.lang.String">id</Name>
  <Value className="java.lang.String">ose13</Value>
</Feature>
<Feature>
  <Name className="java.lang.String">targetFrame-link</Name>
  <Value className="java.lang.String">tfose13</Value>
</Feature>
<Feature>
  <Name className="java.lang.String">nested-source</Name>
  <Value className="java.lang.String">w</Value>
</Feature>
</Annotation>
<Annotation Id="344" Type="targetFrame" StartNode="1165" EndNode="1165">
<Feature>
  <Name className="java.lang.String">sTarget-link</Name>
  <Value className="java.lang.String">none</Value>
</Feature>
<Feature>
  <Name className="java.lang.String">id</Name>
  <Value className="java.lang.String">tfose13</Value>
</Feature>
<Feature>
  <Name className="java.lang.String">newETarget-link</Name>
  <Value className="java.lang.String">none</Value>
</Feature>
</Annotation>
<Annotation Id="326" Type="sentence" StartNode="2587" EndNode="2744">
<Feature>
  <Name className="java.lang.String">nested-source</Name>
  <Value className="java.lang.String">w</Value>
</Feature>
</Annotation>
<Annotation Id="327" Type="sTarget" StartNode="2682" EndNode="2702">
<Feature>
  <Name className="java.lang.String">id</Name>
  <Value className="java.lang.String">t50</Value>
</Feature>
<Feature>
  <Name className="java.lang.String">eTarget-link</Name>
  <Value className="java.lang.String">e9029</Value>
</Feature>
</Annotation>
<Annotation Id="84" Type="split" StartNode="1271" EndNode="1272">
</Annotation>
<Annotation Id="324" Type="attitude" StartNode="2703" EndNode="2732">
<Feature>
  <Name className="java.lang.String">id</Name>
  <Value className="java.lang.String">a50</Value>
</Feature>
<Feature>
  <Name className="java.lang.String">intensity</Name>
  <Value className="java.lang.String">medium-high</Value>
</Feature>
<Feature>
  <Name className="java.lang.String">attitude-type</Name>
  <Value className="java.lang.String">sentiment-pos</Value>
</Feature>
<Feature>
  <Name className="java.lang.String">targetFrame-link</Name>
  <Value className="java.lang.String">tfa50</Value>
</Feature>
</Annotation>
<Annotation Id="325" Type="sentence" StartNode="4" EndNode="42">
<Feature>
  <Name className="java.lang.String">nested-source</Name>
  <Value className="java.lang.String">w</Value>
</Feature>
</Annotation>
<Annotation Id="86" Type="split" StartNode="2949" EndNode="2950">
</Annotation>
<Annotation Id="322" Type="sentence" StartNode="2185" EndNode="2332">
<Feature>
  <Name className="java.lang.String">nested-source</Name>
  <Value className="java.lang.String">w</Value>
</Feature>
</Annotation>
<Annotation Id="323" Type="sentence" StartNode="2748" EndNode="2887">
<Feature>
  <Name className="java.lang.String">nested-source</Name>
  <Value className="java.lang.String">w</Value>
</Feature>
</Annotation>
<Annotation Id="80" Type="split" StartNode="2181" EndNode="2185">
</Annotation>
<Annotation Id="320" Type="attitude" StartNode="1312" EndNode="1370">
<Feature>
  <Name className="java.lang.String">id</Name>
  <Value className="java.lang.String">a20</Value>
</Feature>
<Feature>
  <Name className="java.lang.String">intensity</Name>
  <Value className="java.lang.String">low</Value>
</Feature>
<Feature>
  <Name className="java.lang.String">attitude-type</Name>
  <Value className="java.lang.String">speculation</Value>
</Feature>
<Feature>
  <Name className="java.lang.String">targetFrame-link</Name>
  <Value className="java.lang.String">tfa20</Value>
</Feature>
</Annotation>
<Annotation Id="321" Type="attitude" StartNode="1750" EndNode="1831">
<Feature>
  <Name className="java.lang.String">id</Name>
  <Value className="java.lang.String">a30</Value>
</Feature>
<Feature>
  <Name className="java.lang.String">intensity</Name>
  <Value className="java.lang.String">medium-high</Value>
</Feature>
<Feature>
  <Name className="java.lang.String">attitude-type</Name>
  <Value className="java.lang.String">sentiment-pos</Value>
</Feature>
<Feature>
  <Name className="java.lang.String">targetFrame-link</Name>
  <Value className="java.lang.String">tfa30</Value>
</Feature>
</Annotation>
<Annotation Id="82" Type="split" StartNode="2585" EndNode="2586">
</Annotation>
<Annotation Id="334" Type="targetFrame" StartNode="2587" EndNode="2587">
<Feature>
  <Name className="java.lang.String">sTarget-link</Name>
  <Value className="java.lang.String">none</Value>
</Feature>
<Feature>
  <Name className="java.lang.String">id</Name>
  <Value className="java.lang.String">tfose6</Value>
</Feature>
<Feature>
  <Name className="java.lang.String">newETarget-link</Name>
  <Value className="java.lang.String">none</Value>
</Feature>
</Annotation>
<Annotation Id="335" Type="objective-speech-event" StartNode="4" EndNode="4">
<Feature>
  <Name className="java.lang.String">implicit</Name>
  <Value className="java.lang.String">true</Value>
</Feature>
<Feature>
  <Name className="java.lang.String">id</Name>
  <Value className="java.lang.String">ose5</Value>
</Feature>
<Feature>
  <Name className="java.lang.String">targetFrame-link</Name>
  <Value className="java.lang.String">tfose5</Value>
</Feature>
<Feature>
  <Name className="java.lang.String">nested-source</Name>
  <Value className="java.lang.String">w</Value>
</Feature>
</Annotation>
<Annotation Id="92" Type="agent" StartNode="1165" EndNode="1169">
<Feature>
  <Name className="java.lang.String">id</Name>
  <Value className="java.lang.String">nasa</Value>
</Feature>
<Feature>
  <Name className="java.lang.String">nested-source</Name>
  <Value className="java.lang.String">w,nasa</Value>
</Feature>
</Annotation>
<Annotation Id="332" Type="targetFrame" StartNode="4" EndNode="4">
<Feature>
  <Name className="java.lang.String">sTarget-link</Name>
  <Value className="java.lang.String">none</Value>
</Feature>
<Feature>
  <Name className="java.lang.String">id</Name>
  <Value className="java.lang.String">tfose5</Value>
</Feature>
<Feature>
  <Name className="java.lang.String">newETarget-link</Name>
  <Value className="java.lang.String">none</Value>
</Feature>
</Annotation>
<Annotation Id="333" Type="objective-speech-event" StartNode="1672" EndNode="1672">
<Feature>
  <Name className="java.lang.String">implicit</Name>
  <Value className="java.lang.String">true</Value>
</Feature>
<Feature>
  <Name className="java.lang.String">id</Name>
  <Value className="java.lang.String">ose4</Value>
</Feature>
<Feature>
  <Name className="java.lang.String">targetFrame-link</Name>
  <Value className="java.lang.String">tfose4</Value>
</Feature>
<Feature>
  <Name className="java.lang.String">nested-source</Name>
  <Value className="java.lang.String">w</Value>
</Feature>
</Annotation>
<Annotation Id="330" Type="sTarget" StartNode="1307" EndNode="1309">
<Feature>
  <Name className="java.lang.String">id</Name>
  <Value className="java.lang.String">t20</Value>
</Feature>
<Feature>
  <Name className="java.lang.String">eTarget-link</Name>
  <Value className="java.lang.String">none</Value>
</Feature>
</Annotation>
<Annotation Id="331" Type="sTarget" StartNode="361" EndNode="373">
<Feature>
  <Name className="java.lang.String">id</Name>
  <Value className="java.lang.String">t10</Value>
</Feature>
<Feature>
  <Name className="java.lang.String">eTarget-link</Name>
  <Value className="java.lang.String">none</Value>
</Feature>
</Annotation>
<Annotation Id="88" Type="split" StartNode="1668" EndNode="1672">
</Annotation>
<Annotation Id="328" Type="sTarget" StartNode="2588" EndNode="2596">
<Feature>
  <Name className="java.lang.String">id</Name>
  <Value className="java.lang.String">t40</Value>
</Feature>
<Feature>
  <Name className="java.lang.String">eTarget-link</Name>
  <Value className="java.lang.String">none</Value>
</Feature>
</Annotation>
<Annotation Id="329" Type="sTarget" StartNode="1740" EndNode="1749">
<Feature>
  <Name className="java.lang.String">id</Name>
  <Value className="java.lang.String">t30</Value>
</Feature>
<Feature>
  <Name className="java.lang.String">eTarget-link</Name>
  <Value className="java.lang.String">e9019</Value>
</Feature>
</Annotation>
<Annotation Id="373" Type="targetFrame" StartNode="2336" EndNode="2336">
<Feature>
  <Name className="java.lang.String">sTarget-link</Name>
  <Value className="java.lang.String">none</Value>
</Feature>
<Feature>
  <Name className="java.lang.String">id</Name>
  <Value className="java.lang.String">tfose15</Value>
</Feature>
<Feature>
  <Name className="java.lang.String">newETarget-link</Name>
  <Value className="java.lang.String">none</Value>
</Feature>
</Annotation>
<Annotation Id="102" Type="split" StartNode="2744" EndNode="2748">
</Annotation>
<Annotation Id="372" Type="objective-speech-event" StartNode="2336" EndNode="2336">
<Feature>
  <Name className="java.lang.String">implicit</Name>
  <Value className="java.lang.String">true</Value>
</Feature>
<Feature>
  <Name className="java.lang.String">id</Name>
  <Value className="java.lang.String">ose15</Value>
</Feature>
<Feature>
  <Name className="java.lang.String">targetFrame-link</Name>
  <Value className="java.lang.String">tfose15</Value>
</Feature>
<Feature>
  <Name className="java.lang.String">nested-source</Name>
  <Value className="java.lang.String">w</Value>
</Feature>
</Annotation>
<Annotation Id="375" Type="direct-subjective" StartNode="1735" EndNode="1739">
<Feature>
  <Name className="java.lang.String">id</Name>
  <Value className="java.lang.String">ds2</Value>
</Feature>
<Feature>
  <Name className="java.lang.String">intensity</Name>
  <Value className="java.lang.String">medium</Value>
</Feature>
<Feature>
  <Name className="java.lang.String">expression-intensity</Name>
  <Value className="java.lang.String">neutral</Value>
</Feature>
<Feature>
  <Name className="java.lang.String">attitude-type</Name>
  <Value className="java.lang.String">positive</Value>
</Feature>
<Feature>
  <Name className="java.lang.String">attitude-link</Name>
  <Value className="java.lang.String">a30</Value>
</Feature>
<Feature>
  <Name className="java.lang.String">nested-source</Name>
  <Value className="java.lang.String">w,marc</Value>
</Feature>
</Annotation>
<Annotation Id="374" Type="objective-speech-event" StartNode="48" EndNode="48">
<Feature>
  <Name className="java.lang.String">implicit</Name>
  <Value className="java.lang.String">true</Value>
</Feature>
<Feature>
  <Name className="java.lang.String">id</Name>
  <Value className="java.lang.String">ose14</Value>
</Feature>
<Feature>
  <Name className="java.lang.String">targetFrame-link</Name>
  <Value className="java.lang.String">tfose14</Value>
</Feature>
<Feature>
  <Name className="java.lang.String">nested-source</Name>
  <Value className="java.lang.String">w</Value>
</Feature>
</Annotation>
<Annotation Id="101" Type="split" StartNode="1160" EndNode="1161">
</Annotation>
<Annotation Id="369" Type="targetFrame" StartNode="621" EndNode="621">
<Feature>
  <Name className="java.lang.String">sTarget-link</Name>
  <Value className="java.lang.String">none</Value>
</Feature>
<Feature>
  <Name className="java.lang.String">id</Name>
  <Value className="java.lang.String">tfose17</Value>
</Feature>
<Feature>
  <Name className="java.lang.String">newETarget-link</Name>
  <Value className="java.lang.String">none</Value>
</Feature>
</Annotation>
<Annotation Id="98" Type="agent" StartNode="2572" EndNode="2585">
<Feature>
  <Name className="java.lang.String">nested-source</Name>
  <Value className="java.lang.String">w,marc</Value>
</Feature>
</Annotation>
<Annotation Id="368" Type="objective-speech-event" StartNode="621" EndNode="621">
<Feature>
  <Name className="java.lang.String">implicit</Name>
  <Value className="java.lang.String">true</Value>
</Feature>
<Feature>
  <Name className="java.lang.String">id</Name>
  <Value className="java.lang.String">ose17</Value>
</Feature>
<Feature>
  <Name className="java.lang.String">targetFrame-link</Name>
  <Value className="java.lang.String">tfose17</Value>
</Feature>
<Feature>
  <Name className="java.lang.String">nested-source</Name>
  <Value className="java.lang.String">w</Value>
</Feature>
</Annotation>
<Annotation Id="99" Type="split" StartNode="1272" EndNode="1276">
</Annotation>
<Annotation Id="371" Type="targetFrame" StartNode="1492" EndNode="1492">
<Feature>
  <Name className="java.lang.String">sTarget-link</Name>
  <Value className="java.lang.String">none</Value>
</Feature>
<Feature>
  <Name className="java.lang.String">id</Name>
  <Value className="java.lang.String">tfose16</Value>
</Feature>
<Feature>
  <Name className="java.lang.String">newETarget-link</Name>
  <Value className="java.lang.String">none</Value>
</Feature>
</Annotation>
<Annotation Id="370" Type="objective-speech-event" StartNode="1492" EndNode="1492">
<Feature>
  <Name className="java.lang.String">implicit</Name>
  <Value className="java.lang.String">true</Value>
</Feature>
<Feature>
  <Name className="java.lang.String">id</Name>
  <Value className="java.lang.String">ose16</Value>
</Feature>
<Feature>
  <Name className="java.lang.String">targetFrame-link</Name>
  <Value className="java.lang.String">tfose16</Value>
</Feature>
<Feature>
  <Name className="java.lang.String">nested-source</Name>
  <Value className="java.lang.String">w</Value>
</Feature>
</Annotation>
<Annotation Id="97" Type="split" StartNode="45" EndNode="48">
</Annotation>
<Annotation Id="381" Type="eTarget" StartNode="2692" EndNode="2702">
<Feature>
  <Name className="java.lang.String">id</Name>
  <Value className="java.lang.String">e9029</Value>
</Feature>
<Feature>
  <Name className="java.lang.String">isNegated</Name>
  <Value className="java.lang.String">no</Value>
</Feature>
<Feature>
  <Name className="java.lang.String">type</Name>
  <Value className="java.lang.String">event</Value>
</Feature>
<Feature>
  <Name className="java.lang.String">isReferredInSpan</Name>
  <Value className="java.lang.String">no</Value>
</Feature>
</Annotation>
<Annotation Id="380" Type="targetFrame" StartNode="2708" EndNode="2708">
<Feature>
  <Name className="java.lang.String">sTarget-link</Name>
  <Value className="java.lang.String">none</Value>
</Feature>
<Feature>
  <Name className="java.lang.String">id</Name>
  <Value className="java.lang.String">tfese1</Value>
</Feature>
<Feature>
  <Name className="java.lang.String">newETarget-link</Name>
  <Value className="java.lang.String">e9029</Value>
</Feature>
</Annotation>
<Annotation Id="383" Type="targetFrame" StartNode="1771" EndNode="1771">
<Feature>
  <Name className="java.lang.String">sTarget-link</Name>
  <Value className="java.lang.String">none</Value>
</Feature>
<Feature>
  <Name className="java.lang.String">id</Name>
  <Value className="java.lang.String">tfese3</Value>
</Feature>
<Feature>
  <Name className="java.lang.String">newETarget-link</Name>
  <Value className="java.lang.String">e9019</Value>
</Feature>
</Annotation>
<Annotation Id="382" Type="targetFrame" StartNode="2703" EndNode="2703">
<Feature>
  <Name className="java.lang.String">sTarget-link</Name>
  <Value className="java.lang.String">t50</Value>
</Feature>
<Feature>
  <Name className="java.lang.String">id</Name>
  <Value className="java.lang.String">tfa50</Value>
</Feature>
<Feature>
  <Name className="java.lang.String">newETarget-link</Name>
  <Value className="java.lang.String">none</Value>
</Feature>
</Annotation>
<Annotation Id="377" Type="targetFrame" StartNode="522" EndNode="522">
<Feature>
  <Name className="java.lang.String">sTarget-link</Name>
  <Value className="java.lang.String">t10</Value>
</Feature>
<Feature>
  <Name className="java.lang.String">id</Name>
  <Value className="java.lang.String">tfa10</Value>
</Feature>
<Feature>
  <Name className="java.lang.String">newETarget-link</Name>
  <Value className="java.lang.String">none</Value>
</Feature>
</Annotation>
<Annotation Id="376" Type="direct-subjective" StartNode="361" EndNode="361">
<Feature>
  <Name className="java.lang.String">id</Name>
  <Value className="java.lang.String">ds3</Value>
</Feature>
<Feature>
  <Name className="java.lang.String">intensity</Name>
  <Value className="java.lang.String">low</Value>
</Feature>
<Feature>
  <Name className="java.lang.String">implicit</Name>
  <Value className="java.lang.String">true</Value>
</Feature>
<Feature>
  <Name className="java.lang.String">attitude-link</Name>
  <Value className="java.lang.String">a10</Value>
</Feature>
<Feature>
  <Name className="java.lang.String">subjective-uncertain</Name>
  <Value className="java.lang.String">very-uncertain</Value>
</Feature>
<Feature>
  <Name className="java.lang.String">nested-source</Name>
  <Value className="java.lang.String">w</Value>
</Feature>
</Annotation>
<Annotation Id="379" Type="targetFrame" StartNode="1312" EndNode="1312">
<Feature>
  <Name className="java.lang.String">sTarget-link</Name>
  <Value className="java.lang.String">none</Value>
</Feature>
<Feature>
  <Name className="java.lang.String">id</Name>
  <Value className="java.lang.String">tfese2</Value>
</Feature>
<Feature>
  <Name className="java.lang.String">newETarget-link</Name>
  <Value className="java.lang.String">none</Value>
</Feature>
</Annotation>
<Annotation Id="378" Type="direct-subjective" StartNode="1423" EndNode="1427">
<Feature>
  <Name className="java.lang.String">id</Name>
  <Value className="java.lang.String">ds1</Value>
</Feature>
<Feature>
  <Name className="java.lang.String">intensity</Name>
  <Value className="java.lang.String">low</Value>
</Feature>
<Feature>
  <Name className="java.lang.String">expression-intensity</Name>
  <Value className="java.lang.String">neutral</Value>
</Feature>
<Feature>
  <Name className="java.lang.String">attitude-link</Name>
  <Value className="java.lang.String">a20</Value>
</Feature>
<Feature>
  <Name className="java.lang.String">subjective-uncertain</Name>
  <Value className="java.lang.String">very-uncertain</Value>
</Feature>
<Feature>
  <Name className="java.lang.String">nested-source</Name>
  <Value className="java.lang.String">w,ben</Value>
</Feature>
</Annotation>
<Annotation Id="356" Type="targetFrame" StartNode="2891" EndNode="2891">
<Feature>
  <Name className="java.lang.String">sTarget-link</Name>
  <Value className="java.lang.String">none</Value>
</Feature>
<Feature>
  <Name className="java.lang.String">id</Name>
  <Value className="java.lang.String">tfose7</Value>
</Feature>
<Feature>
  <Name className="java.lang.String">newETarget-link</Name>
  <Value className="java.lang.String">none</Value>
</Feature>
</Annotation>
<Annotation Id="357" Type="objective-speech-event" StartNode="2891" EndNode="2891">
<Feature>
  <Name className="java.lang.String">implicit</Name>
  <Value className="java.lang.String">true</Value>
</Feature>
<Feature>
  <Name className="java.lang.String">id</Name>
  <Value className="java.lang.String">ose7</Value>
</Feature>
<Feature>
  <Name className="java.lang.String">targetFrame-link</Name>
  <Value className="java.lang.String">tfose7</Value>
</Feature>
<Feature>
  <Name className="java.lang.String">nested-source</Name>
  <Value className="java.lang.String">w</Value>
</Feature>
</Annotation>
<Annotation Id="358" Type="targetFrame" StartNode="189" EndNode="189">
<Feature>
  <Name className="java.lang.String">sTarget-link</Name>
  <Value className="java.lang.String">none</Value>
</Feature>
<Feature>
  <Name className="java.lang.String">id</Name>
  <Value className="java.lang.String">tfose8</Value>
</Feature>
<Feature>
  <Name className="java.lang.String">newETarget-link</Name>
  <Value className="java.lang.String">none</Value>
</Feature>
</Annotation>
<Annotation Id="359" Type="targetFrame" StartNode="482" EndNode="482">
<Feature>
  <Name className="java.lang.String">sTarget-link</Name>
  <Value className="java.lang.String">none</Value>
</Feature>
<Feature>
  <Name className="java.lang.String">id</Name>
  <Value className="java.lang.String">tfese6</Value>
</Feature>
<Feature>
  <Name className="java.lang.String">newETarget-link</Name>
  <Value className="java.lang.String">none</Value>
</Feature>
</Annotation>
<Annotation Id="352" Type="targetFrame" StartNode="1276" EndNode="1276">
<Feature>
  <Name className="java.lang.String">sTarget-link</Name>
  <Value className="java.lang.String">none</Value>
</Feature>
<Feature>
  <Name className="java.lang.String">id</Name>
  <Value className="java.lang.String">tfose9</Value>
</Feature>
<Feature>
  <Name className="java.lang.String">newETarget-link</Name>
  <Value className="java.lang.String">none</Value>
</Feature>
</Annotation>
<Annotation Id="353" Type="objective-speech-event" StartNode="1276" EndNode="1276">
<Feature>
  <Name className="java.lang.String">implicit</Name>
  <Value className="java.lang.String">true</Value>
</Feature>
<Feature>
  <Name className="java.lang.String">id</Name>
  <Value className="java.lang.String">ose9</Value>
</Feature>
<Feature>
  <Name className="java.lang.String">targetFrame-link</Name>
  <Value className="java.lang.String">tfose9</Value>
</Feature>
<Feature>
  <Name className="java.lang.String">nested-source</Name>
  <Value className="java.lang.String">w</Value>
</Feature>
</Annotation>
<Annotation Id="354" Type="targetFrame" StartNode="2951" EndNode="2951">
<Feature>
  <Name className="java.lang.String">sTarget-link</Name>
  <Value className="java.lang.String">none</Value>
</Feature>
<Feature>
  <Name className="java.lang.String">id</Name>
  <Value className="java.lang.String">tfose10</Value>
</Feature>
<Feature>
  <Name className="java.lang.String">newETarget-link</Name>
  <Value className="java.lang.String">none</Value>
</Feature>
</Annotation>
<Annotation Id="355" Type="objective-speech-event" StartNode="2587" EndNode="2587">
<Feature>
  <Name className="java.lang.String">implicit</Name>
  <Value className="java.lang.String">true</Value>
</Feature>
<Feature>
  <Name className="java.lang.String">id</Name>
  <Value className="java.lang.String">ose6</Value>
</Feature>
<Feature>
  <Name className="java.lang.String">targetFrame-link</Name>
  <Value className="java.lang.String">tfose6</Value>
</Feature>
<Feature>
  <Name className="java.lang.String">nested-source</Name>
  <Value className="java.lang.String">w</Value>
</Feature>
</Annotation>
<Annotation Id="364" Type="objective-speech-event" StartNode="1836" EndNode="1836">
<Feature>
  <Name className="java.lang.String">implicit</Name>
  <Value className="java.lang.String">true</Value>
</Feature>
<Feature>
  <Name className="java.lang.String">id</Name>
  <Value className="java.lang.String">ose19</Value>
</Feature>
<Feature>
  <Name className="java.lang.String">targetFrame-link</Name>
  <Value className="java.lang.String">tfose19</Value>
</Feature>
<Feature>
  <Name className="java.lang.String">nested-source</Name>
  <Value className="java.lang.String">w</Value>
</Feature>
</Annotation>
<Annotation Id="365" Type="targetFrame" StartNode="1836" EndNode="1836">
<Feature>
  <Name className="java.lang.String">sTarget-link</Name>
  <Value className="java.lang.String">none</Value>
</Feature>
<Feature>
  <Name className="java.lang.String">id</Name>
  <Value className="java.lang.String">tfose19</Value>
</Feature>
<Feature>
  <Name className="java.lang.String">newETarget-link</Name>
  <Value className="java.lang.String">none</Value>
</Feature>
</Annotation>
<Annotation Id="366" Type="objective-speech-event" StartNode="2045" EndNode="2045">
<Feature>
  <Name className="java.lang.String">implicit</Name>
  <Value className="java.lang.String">true</Value>
</Feature>
<Feature>
  <Name className="java.lang.String">id</Name>
  <Value className="java.lang.String">ose18</Value>
</Feature>
<Feature>
  <Name className="java.lang.String">targetFrame-link</Name>
  <Value className="java.lang.String">tfose18</Value>
</Feature>
<Feature>
  <Name className="java.lang.String">nested-source</Name>
  <Value className="java.lang.String">w</Value>
</Feature>
</Annotation>
<Annotation Id="367" Type="targetFrame" StartNode="2045" EndNode="2045">
<Feature>
  <Name className="java.lang.String">sTarget-link</Name>
  <Value className="java.lang.String">none</Value>
</Feature>
<Feature>
  <Name className="java.lang.String">id</Name>
  <Value className="java.lang.String">tfose18</Value>
</Feature>
<Feature>
  <Name className="java.lang.String">newETarget-link</Name>
  <Value className="java.lang.String">none</Value>
</Feature>
</Annotation>
<Annotation Id="360" Type="objective-speech-event" StartNode="2748" EndNode="2748">
<Feature>
  <Name className="java.lang.String">implicit</Name>
  <Value className="java.lang.String">true</Value>
</Feature>
<Feature>
  <Name className="java.lang.String">id</Name>
  <Value className="java.lang.String">ose21</Value>
</Feature>
<Feature>
  <Name className="java.lang.String">targetFrame-link</Name>
  <Value className="java.lang.String">tfose21</Value>
</Feature>
<Feature>
  <Name className="java.lang.String">nested-source</Name>
  <Value className="java.lang.String">w</Value>
</Feature>
</Annotation>
<Annotation Id="361" Type="targetFrame" StartNode="2748" EndNode="2748">
<Feature>
  <Name className="java.lang.String">sTarget-link</Name>
  <Value className="java.lang.String">none</Value>
</Feature>
<Feature>
  <Name className="java.lang.String">id</Name>
  <Value className="java.lang.String">tfose21</Value>
</Feature>
<Feature>
  <Name className="java.lang.String">newETarget-link</Name>
  <Value className="java.lang.String">none</Value>
</Feature>
</Annotation>
<Annotation Id="362" Type="objective-speech-event" StartNode="769" EndNode="769">
<Feature>
  <Name className="java.lang.String">implicit</Name>
  <Value className="java.lang.String">true</Value>
</Feature>
<Feature>
  <Name className="java.lang.String">id</Name>
  <Value className="java.lang.String">ose20</Value>
</Feature>
<Feature>
  <Name className="java.lang.String">targetFrame-link</Name>
  <Value className="java.lang.String">tfose20</Value>
</Feature>
<Feature>
  <Name className="java.lang.String">nested-source</Name>
  <Value className="java.lang.String">w</Value>
</Feature>
</Annotation>
<Annotation Id="363" Type="targetFrame" StartNode="769" EndNode="769">
<Feature>
  <Name className="java.lang.String">sTarget-link</Name>
  <Value className="java.lang.String">none</Value>
</Feature>
<Feature>
  <Name className="java.lang.String">id</Name>
  <Value className="java.lang.String">tfose20</Value>
</Feature>
<Feature>
  <Name className="java.lang.String">newETarget-link</Name>
  <Value className="java.lang.String">none</Value>
</Feature>
</Annotation>
<Annotation Id="387" Type="targetFrame" StartNode="541" EndNode="541">
<Feature>
  <Name className="java.lang.String">sTarget-link</Name>
  <Value className="java.lang.String">none</Value>
</Feature>
<Feature>
  <Name className="java.lang.String">id</Name>
  <Value className="java.lang.String">tfese4</Value>
</Feature>
<Feature>
  <Name className="java.lang.String">newETarget-link</Name>
  <Value className="java.lang.String">none</Value>
</Feature>
</Annotation>
<Annotation Id="386" Type="targetFrame" StartNode="2598" EndNode="2598">
<Feature>
  <Name className="java.lang.String">sTarget-link</Name>
  <Value className="java.lang.String">t40</Value>
</Feature>
<Feature>
  <Name className="java.lang.String">id</Name>
  <Value className="java.lang.String">tfa40</Value>
</Feature>
<Feature>
  <Name className="java.lang.String">newETarget-link</Name>
  <Value className="java.lang.String">none</Value>
</Feature>
</Annotation>
<Annotation Id="385" Type="targetFrame" StartNode="1750" EndNode="1750">
<Feature>
  <Name className="java.lang.String">sTarget-link</Name>
  <Value className="java.lang.String">t30</Value>
</Feature>
<Feature>
  <Name className="java.lang.String">id</Name>
  <Value className="java.lang.String">tfa30</Value>
</Feature>
<Feature>
  <Name className="java.lang.String">newETarget-link</Name>
  <Value className="java.lang.String">none</Value>
</Feature>
</Annotation>
<Annotation Id="384" Type="targetFrame" StartNode="610" EndNode="610">
<Feature>
  <Name className="java.lang.String">sTarget-link</Name>
  <Value className="java.lang.String">none</Value>
</Feature>
<Feature>
  <Name className="java.lang.String">id</Name>
  <Value className="java.lang.String">tfese5</Value>
</Feature>
<Feature>
  <Name className="java.lang.String">newETarget-link</Name>
  <Value className="java.lang.String">none</Value>
</Feature>
</Annotation>
<Annotation Id="390" Type="targetFrame" StartNode="2588" EndNode="2588">
<Feature>
  <Name className="java.lang.String">sTarget-link</Name>
  <Value className="java.lang.String">none</Value>
</Feature>
<Feature>
  <Name className="java.lang.String">id</Name>
  <Value className="java.lang.String">tfese7</Value>
</Feature>
<Feature>
  <Name className="java.lang.String">newETarget-link</Name>
  <Value className="java.lang.String">none</Value>
</Feature>
</Annotation>
<Annotation Id="389" Type="targetFrame" StartNode="1312" EndNode="1312">
<Feature>
  <Name className="java.lang.String">sTarget-link</Name>
  <Value className="java.lang.String">t20</Value>
</Feature>
<Feature>
  <Name className="java.lang.String">id</Name>
  <Value className="java.lang.String">tfa20</Value>
</Feature>
<Feature>
  <Name className="java.lang.String">newETarget-link</Name>
  <Value className="java.lang.String">none</Value>
</Feature>
</Annotation>
<Annotation Id="388" Type="eTarget" StartNode="1740" EndNode="1749">
<Feature>
  <Name className="java.lang.String">id</Name>
  <Value className="java.lang.String">e9019</Value>
</Feature>
<Feature>
  <Name className="java.lang.String">isNegated</Name>
  <Value className="java.lang.String">no</Value>
</Feature>
<Feature>
  <Name className="java.lang.String">type</Name>
  <Value className="java.lang.String">entity</Value>
</Feature>
<Feature>
  <Name className="java.lang.String">isReferredInSpan</Name>
  <Value className="java.lang.String">no</Value>
</Feature>
</Annotation>
</AnnotationSet>

</GateDocument>
