colour,word,trials.thisRepN,trials.thisTrialN,trials.thisN,trials.thisIndex,key_resp_3.keys,key_resp_3.rt,date,frameRate,expName,session,participant,
blue,tree,0,0,0,2,space,1.11881891641,2016_Feb_18_1238,64.1328230413,basicEyetrackerExp,001,1,
green,jewel,0,1,1,5,space,1.81707300876,2016_Feb_18_1238,64.1328230413,basicEyetrackerExp,001,1,
red,hedge,0,2,2,4,space,0.91827860267,2016_Feb_18_1238,64.1328230413,basicEyetrackerExp,001,1,
green,cat,0,3,3,9,space,0.74695567918,2016_Feb_18_1238,64.1328230413,basicEyetrackerExp,001,1,
red,dog,0,4,4,8,space,0.39799208546,2016_Feb_18_1238,64.1328230413,basicEyetrackerExp,001,1,
yellow,computer,0,5,5,7,space,0.450129041411,2016_Feb_18_1238,64.1328230413,basicEyetrackerExp,001,1,
yellow,apple,0,6,6,3,space,0.385206873757,2016_Feb_18_1238,64.1328230413,basicEyetrackerExp,001,1,
blue,mango,0,7,7,6,space,0.353838189617,2016_Feb_18_1238,64.1328230413,basicEyetrackerExp,001,1,
green,world,0,8,8,1,space,0.434470507623,2016_Feb_18_1238,64.1328230413,basicEyetrackerExp,001,1,
red,hello,0,9,9,0,space,0.403729070389,2016_Feb_18_1238,64.1328230413,basicEyetrackerExp,001,1,
