colour,word,trials.thisRepN,trials.thisTrialN,trials.thisN,trials.thisIndex,key_resp_3.keys,key_resp_3.rt,date,frameRate,expName,session,participant,
yellow,computer,0,0,0,7,space,0.684236120125,2016_Feb_18_1232,64.0698157907,basicEyetrackerExp,001,1,
yellow,apple,0,1,1,3,space,0.369104014924,2016_Feb_18_1232,64.0698157907,basicEyetrackerExp,001,1,
blue,mango,0,2,2,6,space,0.575240650912,2016_Feb_18_1232,64.0698157907,basicEyetrackerExp,001,1,
blue,tree,0,3,3,2,space,0.369809441303,2016_Feb_18_1232,64.0698157907,basicEyetrackerExp,001,1,
green,world,0,4,4,1,space,0.392730818107,2016_Feb_18_1232,64.0698157907,basicEyetrackerExp,001,1,
red,hello,0,5,5,0,space,0.3693512311,2016_Feb_18_1232,64.0698157907,basicEyetrackerExp,001,1,
green,jewel,0,6,6,5,space,0.340033928081,2016_Feb_18_1232,64.0698157907,basicEyetrackerExp,001,1,
red,hedge,0,7,7,4,space,0.322872476901,2016_Feb_18_1232,64.0698157907,basicEyetrackerExp,001,1,
green,cat,0,8,8,9,space,0.450714632843,2016_Feb_18_1232,64.0698157907,basicEyetrackerExp,001,1,
red,dog,0,9,9,8,space,0.385875172432,2016_Feb_18_1232,64.0698157907,basicEyetrackerExp,001,1,
