colour,word,trials.thisRepN,trials.thisTrialN,trials.thisN,trials.thisIndex,key_resp_3.keys,key_resp_3.rt,date,frameRate,expName,session,participant,
yellow,computer,0,0,0,7,space,1.44644373945,2016_Feb_18_1216,64.2174821569,basicEyetrackerExp,001,1,
yellow,apple,0,1,1,3,space,1.02473157877,2016_Feb_18_1216,64.2174821569,basicEyetrackerExp,001,1,
green,jewel,0,2,2,5,space,0.787637983754,2016_Feb_18_1216,64.2174821569,basicEyetrackerExp,001,1,
red,hello,0,3,3,0,space,0.587962172001,2016_Feb_18_1216,64.2174821569,basicEyetrackerExp,001,1,
green,world,0,4,4,1,space,0.406268846838,2016_Feb_18_1216,64.2174821569,basicEyetrackerExp,001,1,
green,cat,0,5,5,9,space,0.385724246806,2016_Feb_18_1216,64.2174821569,basicEyetrackerExp,001,1,
red,dog,0,6,6,8,space,0.419621538898,2016_Feb_18_1216,64.2174821569,basicEyetrackerExp,001,1,
red,hedge,0,7,7,4,space,0.353835171104,2016_Feb_18_1216,64.2174821569,basicEyetrackerExp,001,1,
blue,tree,0,8,8,2,space,0.323292351995,2016_Feb_18_1216,64.2174821569,basicEyetrackerExp,001,1,
blue,mango,0,9,9,6,space,0.416286384396,2016_Feb_18_1216,64.2174821569,basicEyetrackerExp,001,1,
