colour,word,trials.thisRepN,trials.thisTrialN,trials.thisN,trials.thisIndex,key_resp_3.keys,key_resp_3.rt,date,frameRate,expName,session,participant,
red,hello,0,0,0,0,space,5.05235579811,2016_Feb_18_1255,64.0742767953,basicEyetrackerExp,001,1,
blue,tree,0,1,1,2,space,1.43081539079,2016_Feb_18_1255,64.0742767953,basicEyetrackerExp,001,1,
blue,mango,0,2,2,6,space,0.416308419537,2016_Feb_18_1255,64.0742767953,basicEyetrackerExp,001,1,
yellow,apple,0,3,3,3,space,2.49113734534,2016_Feb_18_1255,64.0742767953,basicEyetrackerExp,001,1,
yellow,computer,0,4,4,7,space,1.66214211761,2016_Feb_18_1255,64.0742767953,basicEyetrackerExp,001,1,
red,hedge,0,5,5,4,space,0.996288135133,2016_Feb_18_1255,64.0742767953,basicEyetrackerExp,001,1,
red,dog,0,6,6,8,space,0.591196810036,2016_Feb_18_1255,64.0742767953,basicEyetrackerExp,001,1,
green,jewel,0,7,7,5,space,1.81861909088,2016_Feb_18_1255,64.0742767953,basicEyetrackerExp,001,1,
green,cat,0,8,8,9,space,1.02736945688,2016_Feb_18_1255,64.0742767953,basicEyetrackerExp,001,1,
green,world,0,9,9,1,space,0.541135685157,2016_Feb_18_1255,64.0742767953,basicEyetrackerExp,001,1,
