<?xml version='1.0' encoding='UTF-8'?>
<GateDocument>
<!-- The document's features-->

<GateDocumentFeatures>
<Feature>
  <Name className="java.lang.String">docId</Name>
  <Value className="java.lang.String">20020306/20.49.12-24038</Value>
</Feature>
</GateDocumentFeatures>
<!-- The document content area with serialized nodes -->

<TextWithNodes><Node id="0" />	
<Node id="2" />AMMAN -- <Node id="11" />Jordan<Node id="17" /> <Node id="18" />said<Node id="22" /> it will sign <Node id="36" />the Kyoto Protocol<Node id="54" />, a UN pact on impeding global greenhouse gas emissions, following a recent <Node id="130" />Cabinet<Node id="137" /> <Node id="138" />decision<Node id="146" />, <Node id="148" />according to<Node id="160" /> <Node id="161" />Faris Juneidi<Node id="174" />, director general of the <Node id="200" />General Corporation for Environment Protection (GCEP)<Node id="253" />.<Node id="254" /> 
	
	
 <Node id="261" />"Soon, the government will delegate Jordan's representative to the United Nations, HH Prince Zeid Ben Raad, to sign the protocol," <Node id="392" />Juneidi<Node id="399" /> <Node id="400" />told<Node id="404" /> The Jordan Times on Tuesday, <Node id="434" />adding<Node id="440" /> that an exact date for signing of the environmental agreement had not been set<Node id="519" />.<Node id="520" /> 
	
	
 <Node id="527" />In 1997, at a UN conference in Kyoto, Japan, the Kyoto Protocol legally obliged developed countries to reduce the amount of greenhouse gas emissions by 8 per cent (below 1990 levels) between 2008 and 2012<Node id="731" />.<Node id="732" /> 
	
	
 <Node id="739" />Although developed countries are the world's main source of large-scale air pollution, <Node id="826" />Jordan<Node id="832" />'s <Node id="835" />decision<Node id="843" /> to<Node id="846" /> <Node id="847" />sign the protocol<Node id="864" /> is <Node id="868" />aimed at<Node id="876" /> <Node id="877" />stressing<Node id="886" /> <Node id="887" />its<Node id="890" /> "<Node id="892" />commitment<Node id="902" /> towards<Node id="910" /> <Node id="911" />the different international conventions<Node id="950" />," <Node id="953" />Juneidi<Node id="960" /> <Node id="961" />said<Node id="965" />.<Node id="966" /> 
	
	
 <Node id="973" />With the signing of the protocol, <Node id="1007" />he<Node id="1009" /> <Node id="1010" />said<Node id="1014" />, <Node id="1016" />GCEP<Node id="1020" /> <Node id="1021" />hopes<Node id="1026" /> to<Node id="1029" /> <Node id="1030" />attract<Node id="1037" /> more <Node id="1043" />funding<Node id="1050" /> to <Node id="1054" />contribute<Node id="1064" /> to the international <Node id="1086" />community<Node id="1095" />'s <Node id="1098" />efforts<Node id="1105" /> in <Node id="1109" />reducing<Node id="1117" /> greenhouse gases<Node id="1134" />, which trap heat in the earth's atmosphere thus causing climate change<Node id="1205" />.<Node id="1206" /> 
	
	
 <Node id="1213" />GCEP, an agency operating under the Ministry of Municipal and Rural Affairs and the Environment, is the country's point of reference for environmental pacts<Node id="1369" />.<Node id="1370" /> 
	
	
 <Node id="1377" />On Monday, <Node id="1388" />the 15 European Union member states<Node id="1423" /> <Node id="1424" />agreed<Node id="1430" /> to<Node id="1433" /> <Node id="1434" />be formally bound to the Kyoto accord, and complete the ratification by June 1 this year<Node id="1522" />.<Node id="1523" /> 
	
	
 <Node id="1530" />In March 2001, <Node id="1545" />the US administration<Node id="1566" /> <Node id="1567" />opposed<Node id="1574" /> <Node id="1575" />the <Node id="1579" />protocol<Node id="1587" /> by <Node id="1591" />saying<Node id="1597" /> that <Node id="1603" />it<Node id="1605" /> <Node id="1606" />contravenes<Node id="1617" /> US economic interests<Node id="1639" />, <Node id="1641" />a <Node id="1643" />decision<Node id="1651" /> <Node id="1652" />slammed<Node id="1659" /> by<Node id="1662" /> <Node id="1663" />European Union countries<Node id="1687" /> at the time<Node id="1699" />.<Node id="1700" /> <Node id="1701" />Instead the US government produced its own alternative climate change strategy aimed at encouraging industries to trim their emissions<Node id="1835" />.<Node id="1836" /> 
	
	
 <Node id="1843" />Other developed countries like <Node id="1874" />Canada<Node id="1880" /> <Node id="1881" />have shown reluctance<Node id="1902" /> towards<Node id="1910" /> <Node id="1911" />signing the Kyoto Protocol<Node id="1937" />, <Node id="1939" />saying<Node id="1945" /> it would cut the national GDP by up to 2.5 per cent in 2010 and cause economic damage worth 30 billion Canadian dollars ($19 billion)<Node id="2079" />.<Node id="2080" /> 
	
	
	<Node id="2087" />


<Node id="2090" /></TextWithNodes>
<!-- The default annotation set -->

<AnnotationSet>
</AnnotationSet>

<!-- Named annotation set -->

<AnnotationSet Name="MPQA">
<Annotation Id="0" Type="split" StartNode="519" EndNode="520">
</Annotation>
<Annotation Id="9" Type="split" StartNode="1835" EndNode="1836">
</Annotation>
<Annotation Id="10" Type="agent" StartNode="1575" EndNode="1587">
<Feature>
  <Name className="java.lang.String">nested-source</Name>
  <Value className="java.lang.String">w,bushadmin,kyoto</Value>
</Feature>
</Annotation>
<Annotation Id="11" Type="agent" StartNode="161" EndNode="174">
<Feature>
  <Name className="java.lang.String">id</Name>
  <Value className="java.lang.String">jun</Value>
</Feature>
<Feature>
  <Name className="java.lang.String">nested-source</Name>
  <Value className="java.lang.String">w,jun</Value>
</Feature>
</Annotation>
<Annotation Id="12" Type="agent" StartNode="0" EndNode="0">
<Feature>
  <Name className="java.lang.String">id</Name>
  <Value className="java.lang.String">implicit</Value>
</Feature>
</Annotation>
<Annotation Id="13" Type="split" StartNode="965" EndNode="966">
</Annotation>
<Annotation Id="16" Type="agent" StartNode="1007" EndNode="1009">
<Feature>
  <Name className="java.lang.String">nested-source</Name>
  <Value className="java.lang.String">w,jun</Value>
</Feature>
</Annotation>
<Annotation Id="21" Type="agent" StartNode="953" EndNode="960">
<Feature>
  <Name className="java.lang.String">nested-source</Name>
  <Value className="java.lang.String">w,jun</Value>
</Feature>
</Annotation>
<Annotation Id="22" Type="agent" StartNode="1016" EndNode="1020">
<Feature>
  <Name className="java.lang.String">nested-source</Name>
  <Value className="java.lang.String">w,jun,gcep</Value>
</Feature>
</Annotation>
<Annotation Id="24" Type="agent" StartNode="826" EndNode="832">
<Feature>
  <Name className="java.lang.String">nested-source</Name>
  <Value className="java.lang.String">w,jun,jordan</Value>
</Feature>
</Annotation>
<Annotation Id="27" Type="split" StartNode="1699" EndNode="1700">
</Annotation>
<Annotation Id="31" Type="agent" StartNode="36" EndNode="54">
<Feature>
  <Name className="java.lang.String">id</Name>
  <Value className="java.lang.String">kyoto</Value>
</Feature>
</Annotation>
<Annotation Id="32" Type="agent" StartNode="11" EndNode="17">
<Feature>
  <Name className="java.lang.String">id</Name>
  <Value className="java.lang.String">jordan</Value>
</Feature>
<Feature>
  <Name className="java.lang.String">nested-source</Name>
  <Value className="java.lang.String">w,jun,jordan</Value>
</Feature>
</Annotation>
<Annotation Id="33" Type="agent" StartNode="1603" EndNode="1605">
<Feature>
  <Name className="java.lang.String">nested-source</Name>
  <Value className="java.lang.String">w,bushadmin,kyoto</Value>
</Feature>
</Annotation>
<Annotation Id="46" Type="agent" StartNode="0" EndNode="0">
<Feature>
  <Name className="java.lang.String">id</Name>
  <Value className="java.lang.String">w</Value>
</Feature>
</Annotation>
<Annotation Id="51" Type="agent" StartNode="1388" EndNode="1423">
<Feature>
  <Name className="java.lang.String">id</Name>
  <Value className="java.lang.String">eu</Value>
</Feature>
<Feature>
  <Name className="java.lang.String">nested-source</Name>
  <Value className="java.lang.String">w,eu</Value>
</Feature>
</Annotation>
<Annotation Id="50" Type="split" StartNode="253" EndNode="254">
</Annotation>
<Annotation Id="48" Type="split" StartNode="2087" EndNode="2090">
</Annotation>
<Annotation Id="54" Type="agent" StartNode="130" EndNode="137">
<Feature>
  <Name className="java.lang.String">id</Name>
  <Value className="java.lang.String">cabinet</Value>
</Feature>
<Feature>
  <Name className="java.lang.String">nested-source</Name>
  <Value className="java.lang.String">w,jun,cabinet</Value>
</Feature>
</Annotation>
<Annotation Id="53" Type="split" StartNode="731" EndNode="732">
</Annotation>
<Annotation Id="58" Type="agent" StartNode="1545" EndNode="1566">
<Feature>
  <Name className="java.lang.String">id</Name>
  <Value className="java.lang.String">bushadmin</Value>
</Feature>
<Feature>
  <Name className="java.lang.String">nested-source</Name>
  <Value className="java.lang.String">w,bushadmin</Value>
</Feature>
</Annotation>
<Annotation Id="57" Type="agent" StartNode="887" EndNode="890">
<Feature>
  <Name className="java.lang.String">nested-source</Name>
  <Value className="java.lang.String">w,jun,jordan,jordan</Value>
</Feature>
</Annotation>
<Annotation Id="343" Type="targetFrame" StartNode="835" EndNode="835">
<Feature>
  <Name className="java.lang.String">sTarget-link</Name>
  <Value className="java.lang.String">t11</Value>
</Feature>
<Feature>
  <Name className="java.lang.String">id</Name>
  <Value className="java.lang.String">tfa11</Value>
</Feature>
<Feature>
  <Name className="java.lang.String">newETarget-link</Name>
  <Value className="java.lang.String">none</Value>
</Feature>
</Annotation>
<Annotation Id="342" Type="targetFrame" StartNode="1652" EndNode="1652">
<Feature>
  <Name className="java.lang.String">sTarget-link</Name>
  <Value className="java.lang.String">t19</Value>
</Feature>
<Feature>
  <Name className="java.lang.String">id</Name>
  <Value className="java.lang.String">tfa19</Value>
</Feature>
<Feature>
  <Name className="java.lang.String">newETarget-link</Name>
  <Value className="java.lang.String">none</Value>
</Feature>
</Annotation>
<Annotation Id="341" Type="eTarget" StartNode="1043" EndNode="1050">
<Feature>
  <Name className="java.lang.String">type</Name>
  <Value className="java.lang.String">entity</Value>
</Feature>
<Feature>
  <Name className="java.lang.String">id</Name>
  <Value className="java.lang.String">e9035</Value>
</Feature>
<Feature>
  <Name className="java.lang.String">isNegated</Name>
  <Value className="java.lang.String">no</Value>
</Feature>
</Annotation>
<Annotation Id="340" Type="eTarget" StartNode="1030" EndNode="1037">
<Feature>
  <Name className="java.lang.String">type</Name>
  <Value className="java.lang.String">event</Value>
</Feature>
<Feature>
  <Name className="java.lang.String">id</Name>
  <Value className="java.lang.String">e9034</Value>
</Feature>
<Feature>
  <Name className="java.lang.String">isNegated</Name>
  <Value className="java.lang.String">no</Value>
</Feature>
</Annotation>
<Annotation Id="71" Type="split" StartNode="1522" EndNode="1523">
</Annotation>
<Annotation Id="339" Type="targetFrame" StartNode="1606" EndNode="1606">
<Feature>
  <Name className="java.lang.String">sTarget-link</Name>
  <Value className="java.lang.String">none</Value>
</Feature>
<Feature>
  <Name className="java.lang.String">id</Name>
  <Value className="java.lang.String">tfese1</Value>
</Feature>
<Feature>
  <Name className="java.lang.String">newETarget-link</Name>
  <Value className="java.lang.String">e9022</Value>
</Feature>
</Annotation>
<Annotation Id="338" Type="eTarget" StartNode="1606" EndNode="1617">
<Feature>
  <Name className="java.lang.String">id</Name>
  <Value className="java.lang.String">e9022</Value>
</Feature>
<Feature>
  <Name className="java.lang.String">isNegated</Name>
  <Value className="java.lang.String">no</Value>
</Feature>
<Feature>
  <Name className="java.lang.String">type</Name>
  <Value className="java.lang.String">event</Value>
</Feature>
<Feature>
  <Name className="java.lang.String">isReferredInSpan</Name>
  <Value className="java.lang.String">yes</Value>
</Feature>
</Annotation>
<Annotation Id="65" Type="split" StartNode="2079" EndNode="2080">
</Annotation>
<Annotation Id="337" Type="eTarget" StartNode="1643" EndNode="1651">
<Feature>
  <Name className="java.lang.String">type</Name>
  <Value className="java.lang.String">entity</Value>
</Feature>
<Feature>
  <Name className="java.lang.String">id</Name>
  <Value className="java.lang.String">e9025</Value>
</Feature>
<Feature>
  <Name className="java.lang.String">isNegated</Name>
  <Value className="java.lang.String">no</Value>
</Feature>
</Annotation>
<Annotation Id="336" Type="targetFrame" StartNode="1643" EndNode="1643">
<Feature>
  <Name className="java.lang.String">sTarget-link</Name>
  <Value className="java.lang.String">none</Value>
</Feature>
<Feature>
  <Name className="java.lang.String">id</Name>
  <Value className="java.lang.String">tfa18</Value>
</Feature>
<Feature>
  <Name className="java.lang.String">newETarget-link</Name>
  <Value className="java.lang.String">none</Value>
</Feature>
</Annotation>
<Annotation Id="351" Type="eTarget" StartNode="1579" EndNode="1587">
<Feature>
  <Name className="java.lang.String">type</Name>
  <Value className="java.lang.String">entity</Value>
</Feature>
<Feature>
  <Name className="java.lang.String">id</Name>
  <Value className="java.lang.String">e9020</Value>
</Feature>
<Feature>
  <Name className="java.lang.String">isNegated</Name>
  <Value className="java.lang.String">no</Value>
</Feature>
</Annotation>
<Annotation Id="350" Type="targetFrame" StartNode="1021" EndNode="1021">
<Feature>
  <Name className="java.lang.String">sTarget-link</Name>
  <Value className="java.lang.String">t5</Value>
</Feature>
<Feature>
  <Name className="java.lang.String">id</Name>
  <Value className="java.lang.String">tfa5</Value>
</Feature>
<Feature>
  <Name className="java.lang.String">newETarget-link</Name>
  <Value className="java.lang.String">none</Value>
</Feature>
</Annotation>
<Annotation Id="349" Type="targetFrame" StartNode="1567" EndNode="1567">
<Feature>
  <Name className="java.lang.String">sTarget-link</Name>
  <Value className="java.lang.String">t15</Value>
</Feature>
<Feature>
  <Name className="java.lang.String">id</Name>
  <Value className="java.lang.String">tfa15</Value>
</Feature>
<Feature>
  <Name className="java.lang.String">newETarget-link</Name>
  <Value className="java.lang.String">e9021</Value>
</Feature>
</Annotation>
<Annotation Id="348" Type="eTarget" StartNode="1603" EndNode="1605">
<Feature>
  <Name className="java.lang.String">type</Name>
  <Value className="java.lang.String">entity</Value>
</Feature>
<Feature>
  <Name className="java.lang.String">id</Name>
  <Value className="java.lang.String">e9021</Value>
</Feature>
<Feature>
  <Name className="java.lang.String">isNegated</Name>
  <Value className="java.lang.String">no</Value>
</Feature>
</Annotation>
<Annotation Id="79" Type="split" StartNode="1205" EndNode="1206">
</Annotation>
<Annotation Id="347" Type="eTarget" StartNode="1086" EndNode="1095">
<Feature>
  <Name className="java.lang.String">type</Name>
  <Value className="java.lang.String">entity</Value>
</Feature>
<Feature>
  <Name className="java.lang.String">id</Name>
  <Value className="java.lang.String">e9037</Value>
</Feature>
<Feature>
  <Name className="java.lang.String">isNegated</Name>
  <Value className="java.lang.String">no</Value>
</Feature>
</Annotation>
<Annotation Id="346" Type="eTarget" StartNode="1054" EndNode="1064">
<Feature>
  <Name className="java.lang.String">type</Name>
  <Value className="java.lang.String">event</Value>
</Feature>
<Feature>
  <Name className="java.lang.String">id</Name>
  <Value className="java.lang.String">e9036</Value>
</Feature>
<Feature>
  <Name className="java.lang.String">isNegated</Name>
  <Value className="java.lang.String">no</Value>
</Feature>
</Annotation>
<Annotation Id="345" Type="eTarget" StartNode="1109" EndNode="1117">
<Feature>
  <Name className="java.lang.String">type</Name>
  <Value className="java.lang.String">event</Value>
</Feature>
<Feature>
  <Name className="java.lang.String">id</Name>
  <Value className="java.lang.String">e9039</Value>
</Feature>
<Feature>
  <Name className="java.lang.String">isNegated</Name>
  <Value className="java.lang.String">no</Value>
</Feature>
</Annotation>
<Annotation Id="344" Type="eTarget" StartNode="1098" EndNode="1105">
<Feature>
  <Name className="java.lang.String">type</Name>
  <Value className="java.lang.String">entity</Value>
</Feature>
<Feature>
  <Name className="java.lang.String">id</Name>
  <Value className="java.lang.String">e9038</Value>
</Feature>
<Feature>
  <Name className="java.lang.String">isNegated</Name>
  <Value className="java.lang.String">no</Value>
</Feature>
</Annotation>
<Annotation Id="75" Type="split" StartNode="1369" EndNode="1370">
</Annotation>
<Annotation Id="326" Type="direct-subjective" StartNode="868" EndNode="886">
<Feature>
  <Name className="java.lang.String">id</Name>
  <Value className="java.lang.String">ds1</Value>
</Feature>
<Feature>
  <Name className="java.lang.String">intensity</Name>
  <Value className="java.lang.String">medium</Value>
</Feature>
<Feature>
  <Name className="java.lang.String">expression-intensity</Name>
  <Value className="java.lang.String">medium</Value>
</Feature>
<Feature>
  <Name className="java.lang.String">attitude-link</Name>
  <Value className="java.lang.String">a11</Value>
</Feature>
<Feature>
  <Name className="java.lang.String">polarity</Name>
  <Value className="java.lang.String">neutral</Value>
</Feature>
<Feature>
  <Name className="java.lang.String">nested-source</Name>
  <Value className="java.lang.String">w,jun,jordan</Value>
</Feature>
</Annotation>
<Annotation Id="85" Type="agent" StartNode="392" EndNode="399">
<Feature>
  <Name className="java.lang.String">nested-source</Name>
  <Value className="java.lang.String">w,jun</Value>
</Feature>
</Annotation>
<Annotation Id="327" Type="targetFrame" StartNode="138" EndNode="138">
<Feature>
  <Name className="java.lang.String">sTarget-link</Name>
  <Value className="java.lang.String">none</Value>
</Feature>
<Feature>
  <Name className="java.lang.String">id</Name>
  <Value className="java.lang.String">tfa1</Value>
</Feature>
<Feature>
  <Name className="java.lang.String">newETarget-link</Name>
  <Value className="java.lang.String">none</Value>
</Feature>
</Annotation>
<Annotation Id="324" Type="direct-subjective" StartNode="1021" EndNode="1026">
<Feature>
  <Name className="java.lang.String">id</Name>
  <Value className="java.lang.String">ds3</Value>
</Feature>
<Feature>
  <Name className="java.lang.String">intensity</Name>
  <Value className="java.lang.String">medium</Value>
</Feature>
<Feature>
  <Name className="java.lang.String">expression-intensity</Name>
  <Value className="java.lang.String">medium</Value>
</Feature>
<Feature>
  <Name className="java.lang.String">attitude-link</Name>
  <Value className="java.lang.String">a5</Value>
</Feature>
<Feature>
  <Name className="java.lang.String">polarity</Name>
  <Value className="java.lang.String">positive</Value>
</Feature>
<Feature>
  <Name className="java.lang.String">nested-source</Name>
  <Value className="java.lang.String">w,jun,gcep</Value>
</Feature>
</Annotation>
<Annotation Id="325" Type="direct-subjective" StartNode="1652" EndNode="1662">
<Feature>
  <Name className="java.lang.String">id</Name>
  <Value className="java.lang.String">ds2</Value>
</Feature>
<Feature>
  <Name className="java.lang.String">intensity</Name>
  <Value className="java.lang.String">high</Value>
</Feature>
<Feature>
  <Name className="java.lang.String">expression-intensity</Name>
  <Value className="java.lang.String">high</Value>
</Feature>
<Feature>
  <Name className="java.lang.String">attitude-link</Name>
  <Value className="java.lang.String">a19</Value>
</Feature>
<Feature>
  <Name className="java.lang.String">polarity</Name>
  <Value className="java.lang.String">negative</Value>
</Feature>
<Feature>
  <Name className="java.lang.String">nested-source</Name>
  <Value className="java.lang.String">w,eu</Value>
</Feature>
</Annotation>
<Annotation Id="86" Type="agent" StartNode="200" EndNode="253">
<Feature>
  <Name className="java.lang.String">id</Name>
  <Value className="java.lang.String">gcep</Value>
</Feature>
</Annotation>
<Annotation Id="322" Type="targetFrame" StartNode="892" EndNode="892">
<Feature>
  <Name className="java.lang.String">sTarget-link</Name>
  <Value className="java.lang.String">t12</Value>
</Feature>
<Feature>
  <Name className="java.lang.String">id</Name>
  <Value className="java.lang.String">tfa12</Value>
</Feature>
<Feature>
  <Name className="java.lang.String">newETarget-link</Name>
  <Value className="java.lang.String">none</Value>
</Feature>
</Annotation>
<Annotation Id="323" Type="targetFrame" StartNode="1881" EndNode="1881">
<Feature>
  <Name className="java.lang.String">sTarget-link</Name>
  <Value className="java.lang.String">t20</Value>
</Feature>
<Feature>
  <Name className="java.lang.String">id</Name>
  <Value className="java.lang.String">tfa20</Value>
</Feature>
<Feature>
  <Name className="java.lang.String">newETarget-link</Name>
  <Value className="java.lang.String">none</Value>
</Feature>
</Annotation>
<Annotation Id="80" Type="agent" StartNode="1663" EndNode="1687">
<Feature>
  <Name className="java.lang.String">nested-source</Name>
  <Value className="java.lang.String">w,eu</Value>
</Feature>
</Annotation>
<Annotation Id="320" Type="targetFrame" StartNode="1606" EndNode="1606">
<Feature>
  <Name className="java.lang.String">sTarget-link</Name>
  <Value className="java.lang.String">t16</Value>
</Feature>
<Feature>
  <Name className="java.lang.String">id</Name>
  <Value className="java.lang.String">tfa17</Value>
</Feature>
<Feature>
  <Name className="java.lang.String">newETarget-link</Name>
  <Value className="java.lang.String">e9020,e9022</Value>
</Feature>
</Annotation>
<Annotation Id="321" Type="targetFrame" StartNode="1424" EndNode="1424">
<Feature>
  <Name className="java.lang.String">sTarget-link</Name>
  <Value className="java.lang.String">t6</Value>
</Feature>
<Feature>
  <Name className="java.lang.String">id</Name>
  <Value className="java.lang.String">tfa6</Value>
</Feature>
<Feature>
  <Name className="java.lang.String">newETarget-link</Name>
  <Value className="java.lang.String">none</Value>
</Feature>
</Annotation>
<Annotation Id="82" Type="agent" StartNode="1874" EndNode="1880">
<Feature>
  <Name className="java.lang.String">id</Name>
  <Value className="java.lang.String">canada</Value>
</Feature>
<Feature>
  <Name className="java.lang.String">nested-source</Name>
  <Value className="java.lang.String">w,canada</Value>
</Feature>
</Annotation>
<Annotation Id="334" Type="direct-subjective" StartNode="1424" EndNode="1430">
<Feature>
  <Name className="java.lang.String">id</Name>
  <Value className="java.lang.String">ds9</Value>
</Feature>
<Feature>
  <Name className="java.lang.String">intensity</Name>
  <Value className="java.lang.String">low</Value>
</Feature>
<Feature>
  <Name className="java.lang.String">expression-intensity</Name>
  <Value className="java.lang.String">low</Value>
</Feature>
<Feature>
  <Name className="java.lang.String">attitude-link</Name>
  <Value className="java.lang.String">a6</Value>
</Feature>
<Feature>
  <Name className="java.lang.String">polarity</Name>
  <Value className="java.lang.String">neutral</Value>
</Feature>
<Feature>
  <Name className="java.lang.String">nested-source</Name>
  <Value className="java.lang.String">w,eu</Value>
</Feature>
</Annotation>
<Annotation Id="335" Type="direct-subjective" StartNode="835" EndNode="843">
<Feature>
  <Name className="java.lang.String">id</Name>
  <Value className="java.lang.String">ds8</Value>
</Feature>
<Feature>
  <Name className="java.lang.String">intensity</Name>
  <Value className="java.lang.String">low</Value>
</Feature>
<Feature>
  <Name className="java.lang.String">expression-intensity</Name>
  <Value className="java.lang.String">low</Value>
</Feature>
<Feature>
  <Name className="java.lang.String">attitude-link</Name>
  <Value className="java.lang.String">a10</Value>
</Feature>
<Feature>
  <Name className="java.lang.String">polarity</Name>
  <Value className="java.lang.String">neutral</Value>
</Feature>
<Feature>
  <Name className="java.lang.String">nested-source</Name>
  <Value className="java.lang.String">w,jun,jordan</Value>
</Feature>
</Annotation>
<Annotation Id="332" Type="direct-subjective" StartNode="1567" EndNode="1574">
<Feature>
  <Name className="java.lang.String">id</Name>
  <Value className="java.lang.String">ds11</Value>
</Feature>
<Feature>
  <Name className="java.lang.String">intensity</Name>
  <Value className="java.lang.String">medium</Value>
</Feature>
<Feature>
  <Name className="java.lang.String">expression-intensity</Name>
  <Value className="java.lang.String">medium</Value>
</Feature>
<Feature>
  <Name className="java.lang.String">attitude-link</Name>
  <Value className="java.lang.String">a15</Value>
</Feature>
<Feature>
  <Name className="java.lang.String">polarity</Name>
  <Value className="java.lang.String">negative</Value>
</Feature>
<Feature>
  <Name className="java.lang.String">nested-source</Name>
  <Value className="java.lang.String">w,bushadmin</Value>
</Feature>
</Annotation>
<Annotation Id="333" Type="direct-subjective" StartNode="892" EndNode="902">
<Feature>
  <Name className="java.lang.String">id</Name>
  <Value className="java.lang.String">ds10</Value>
</Feature>
<Feature>
  <Name className="java.lang.String">intensity</Name>
  <Value className="java.lang.String">medium</Value>
</Feature>
<Feature>
  <Name className="java.lang.String">expression-intensity</Name>
  <Value className="java.lang.String">medium</Value>
</Feature>
<Feature>
  <Name className="java.lang.String">attitude-link</Name>
  <Value className="java.lang.String">a12</Value>
</Feature>
<Feature>
  <Name className="java.lang.String">polarity</Name>
  <Value className="java.lang.String">neutral</Value>
</Feature>
<Feature>
  <Name className="java.lang.String">nested-source</Name>
  <Value className="java.lang.String">w,jun,jordan,jordan</Value>
</Feature>
</Annotation>
<Annotation Id="330" Type="direct-subjective" StartNode="1641" EndNode="1651">
<Feature>
  <Name className="java.lang.String">expression-intensity</Name>
  <Value className="java.lang.String">low</Value>
</Feature>
<Feature>
  <Name className="java.lang.String">id</Name>
  <Value className="java.lang.String">ds5</Value>
</Feature>
<Feature>
  <Name className="java.lang.String">attitude-link</Name>
  <Value className="java.lang.String">a18</Value>
</Feature>
<Feature>
  <Name className="java.lang.String">insubstantial</Name>
  <Value className="java.lang.String">c1</Value>
</Feature>
<Feature>
  <Name className="java.lang.String">polarity</Name>
  <Value className="java.lang.String">neutral</Value>
</Feature>
<Feature>
  <Name className="java.lang.String">intensity</Name>
  <Value className="java.lang.String">low</Value>
</Feature>
<Feature>
  <Name className="java.lang.String">nested-source</Name>
  <Value className="java.lang.String">w,bushadmin</Value>
</Feature>
</Annotation>
<Annotation Id="331" Type="direct-subjective" StartNode="1591" EndNode="1597">
<Feature>
  <Name className="java.lang.String">id</Name>
  <Value className="java.lang.String">ds4</Value>
</Feature>
<Feature>
  <Name className="java.lang.String">intensity</Name>
  <Value className="java.lang.String">low</Value>
</Feature>
<Feature>
  <Name className="java.lang.String">expression-intensity</Name>
  <Value className="java.lang.String">neutral</Value>
</Feature>
<Feature>
  <Name className="java.lang.String">attitude-type</Name>
  <Value className="java.lang.String">negative</Value>
</Feature>
<Feature>
  <Name className="java.lang.String">attitude-link</Name>
  <Value className="java.lang.String">a16,a17</Value>
</Feature>
<Feature>
  <Name className="java.lang.String">nested-source</Name>
  <Value className="java.lang.String">w,bushadmin</Value>
</Feature>
</Annotation>
<Annotation Id="328" Type="direct-subjective" StartNode="1881" EndNode="1902">
<Feature>
  <Name className="java.lang.String">id</Name>
  <Value className="java.lang.String">ds7</Value>
</Feature>
<Feature>
  <Name className="java.lang.String">intensity</Name>
  <Value className="java.lang.String">low</Value>
</Feature>
<Feature>
  <Name className="java.lang.String">expression-intensity</Name>
  <Value className="java.lang.String">low</Value>
</Feature>
<Feature>
  <Name className="java.lang.String">attitude-link</Name>
  <Value className="java.lang.String">a20</Value>
</Feature>
<Feature>
  <Name className="java.lang.String">polarity</Name>
  <Value className="java.lang.String">negative</Value>
</Feature>
<Feature>
  <Name className="java.lang.String">nested-source</Name>
  <Value className="java.lang.String">w,canada</Value>
</Feature>
</Annotation>
<Annotation Id="329" Type="direct-subjective" StartNode="138" EndNode="146">
<Feature>
  <Name className="java.lang.String">expression-intensity</Name>
  <Value className="java.lang.String">low</Value>
</Feature>
<Feature>
  <Name className="java.lang.String">id</Name>
  <Value className="java.lang.String">ds6</Value>
</Feature>
<Feature>
  <Name className="java.lang.String">attitude-link</Name>
  <Value className="java.lang.String">a1</Value>
</Feature>
<Feature>
  <Name className="java.lang.String">insubstantial</Name>
  <Value className="java.lang.String">c1</Value>
</Feature>
<Feature>
  <Name className="java.lang.String">polarity</Name>
  <Value className="java.lang.String">neutral</Value>
</Feature>
<Feature>
  <Name className="java.lang.String">intensity</Name>
  <Value className="java.lang.String">low</Value>
</Feature>
<Feature>
  <Name className="java.lang.String">nested-source</Name>
  <Value className="java.lang.String">w,jun,cabinet</Value>
</Feature>
</Annotation>
<Annotation Id="373" Type="attitude" StartNode="1021" EndNode="1029">
<Feature>
  <Name className="java.lang.String">id</Name>
  <Value className="java.lang.String">a5</Value>
</Feature>
<Feature>
  <Name className="java.lang.String">intensity</Name>
  <Value className="java.lang.String">medium</Value>
</Feature>
<Feature>
  <Name className="java.lang.String">attitude-type</Name>
  <Value className="java.lang.String">sentiment-pos</Value>
</Feature>
<Feature>
  <Name className="java.lang.String">targetFrame-link</Name>
  <Value className="java.lang.String">tfa5</Value>
</Feature>
</Annotation>
<Annotation Id="372" Type="attitude" StartNode="1606" EndNode="1639">
<Feature>
  <Name className="java.lang.String">id</Name>
  <Value className="java.lang.String">a16</Value>
</Feature>
<Feature>
  <Name className="java.lang.String">intensity</Name>
  <Value className="java.lang.String">medium</Value>
</Feature>
<Feature>
  <Name className="java.lang.String">attitude-type</Name>
  <Value className="java.lang.String">arguing-pos</Value>
</Feature>
<Feature>
  <Name className="java.lang.String">targetFrame-link</Name>
  <Value className="java.lang.String">tfa16</Value>
</Feature>
</Annotation>
<Annotation Id="375" Type="attitude" StartNode="1643" EndNode="1651">
<Feature>
  <Name className="java.lang.String">intensity</Name>
  <Value className="java.lang.String">low</Value>
</Feature>
<Feature>
  <Name className="java.lang.String">id</Name>
  <Value className="java.lang.String">a18</Value>
</Feature>
<Feature>
  <Name className="java.lang.String">attitude-type</Name>
  <Value className="java.lang.String">other-attitude</Value>
</Feature>
<Feature>
  <Name className="java.lang.String">targetFrame-link</Name>
  <Value className="java.lang.String">tfa18</Value>
</Feature>
</Annotation>
<Annotation Id="374" Type="attitude" StartNode="1567" EndNode="1574">
<Feature>
  <Name className="java.lang.String">id</Name>
  <Value className="java.lang.String">a15</Value>
</Feature>
<Feature>
  <Name className="java.lang.String">intensity</Name>
  <Value className="java.lang.String">medium</Value>
</Feature>
<Feature>
  <Name className="java.lang.String">attitude-type</Name>
  <Value className="java.lang.String">sentiment-neg</Value>
</Feature>
<Feature>
  <Name className="java.lang.String">targetFrame-link</Name>
  <Value className="java.lang.String">tfa15</Value>
</Feature>
</Annotation>
<Annotation Id="369" Type="attitude" StartNode="835" EndNode="846">
<Feature>
  <Name className="java.lang.String">id</Name>
  <Value className="java.lang.String">a10</Value>
</Feature>
<Feature>
  <Name className="java.lang.String">intensity</Name>
  <Value className="java.lang.String">low</Value>
</Feature>
<Feature>
  <Name className="java.lang.String">attitude-type</Name>
  <Value className="java.lang.String">intention-pos</Value>
</Feature>
<Feature>
  <Name className="java.lang.String">targetFrame-link</Name>
  <Value className="java.lang.String">tfa10</Value>
</Feature>
</Annotation>
<Annotation Id="368" Type="expressive-subjectivity" StartNode="1606" EndNode="1617">
<Feature>
  <Name className="java.lang.String">intensity</Name>
  <Value className="java.lang.String">low</Value>
</Feature>
<Feature>
  <Name className="java.lang.String">id</Name>
  <Value className="java.lang.String">ese1</Value>
</Feature>
<Feature>
  <Name className="java.lang.String">targetFrame-link</Name>
  <Value className="java.lang.String">tfese1</Value>
</Feature>
<Feature>
  <Name className="java.lang.String">polarity</Name>
  <Value className="java.lang.String">negative</Value>
</Feature>
<Feature>
  <Name className="java.lang.String">nested-source</Name>
  <Value className="java.lang.String">w,bushadmin</Value>
</Feature>
</Annotation>
<Annotation Id="371" Type="attitude" StartNode="1606" EndNode="1639">
<Feature>
  <Name className="java.lang.String">id</Name>
  <Value className="java.lang.String">a17</Value>
</Feature>
<Feature>
  <Name className="java.lang.String">intensity</Name>
  <Value className="java.lang.String">medium-high</Value>
</Feature>
<Feature>
  <Name className="java.lang.String">attitude-type</Name>
  <Value className="java.lang.String">sentiment-neg</Value>
</Feature>
<Feature>
  <Name className="java.lang.String">targetFrame-link</Name>
  <Value className="java.lang.String">tfa17</Value>
</Feature>
</Annotation>
<Annotation Id="370" Type="attitude" StartNode="835" EndNode="876">
<Feature>
  <Name className="java.lang.String">id</Name>
  <Value className="java.lang.String">a11</Value>
</Feature>
<Feature>
  <Name className="java.lang.String">intensity</Name>
  <Value className="java.lang.String">low</Value>
</Feature>
<Feature>
  <Name className="java.lang.String">attitude-type</Name>
  <Value className="java.lang.String">intention-pos</Value>
</Feature>
<Feature>
  <Name className="java.lang.String">targetFrame-link</Name>
  <Value className="java.lang.String">tfa11</Value>
</Feature>
</Annotation>
<Annotation Id="381" Type="sentence" StartNode="1701" EndNode="1836">
<Feature>
  <Name className="java.lang.String">nested-source</Name>
  <Value className="java.lang.String">w</Value>
</Feature>
</Annotation>
<Annotation Id="380" Type="attitude" StartNode="1652" EndNode="1659">
<Feature>
  <Name className="java.lang.String">id</Name>
  <Value className="java.lang.String">a19</Value>
</Feature>
<Feature>
  <Name className="java.lang.String">intensity</Name>
  <Value className="java.lang.String">high</Value>
</Feature>
<Feature>
  <Name className="java.lang.String">attitude-type</Name>
  <Value className="java.lang.String">sentiment-neg</Value>
</Feature>
<Feature>
  <Name className="java.lang.String">targetFrame-link</Name>
  <Value className="java.lang.String">tfa19</Value>
</Feature>
</Annotation>
<Annotation Id="383" Type="sentence" StartNode="973" EndNode="1206">
<Feature>
  <Name className="java.lang.String">nested-source</Name>
  <Value className="java.lang.String">w</Value>
</Feature>
</Annotation>
<Annotation Id="382" Type="sentence" StartNode="261" EndNode="520">
<Feature>
  <Name className="java.lang.String">nested-source</Name>
  <Value className="java.lang.String">w</Value>
</Feature>
</Annotation>
<Annotation Id="377" Type="attitude" StartNode="892" EndNode="910">
<Feature>
  <Name className="java.lang.String">id</Name>
  <Value className="java.lang.String">a12</Value>
</Feature>
<Feature>
  <Name className="java.lang.String">intensity</Name>
  <Value className="java.lang.String">medium</Value>
</Feature>
<Feature>
  <Name className="java.lang.String">attitude-type</Name>
  <Value className="java.lang.String">intention-pos</Value>
</Feature>
<Feature>
  <Name className="java.lang.String">targetFrame-link</Name>
  <Value className="java.lang.String">tfa12</Value>
</Feature>
</Annotation>
<Annotation Id="376" Type="attitude" StartNode="1881" EndNode="1910">
<Feature>
  <Name className="java.lang.String">intensity</Name>
  <Value className="java.lang.String">low</Value>
</Feature>
<Feature>
  <Name className="java.lang.String">id</Name>
  <Value className="java.lang.String">a20</Value>
</Feature>
<Feature>
  <Name className="java.lang.String">attitude-type</Name>
  <Value className="java.lang.String">agree-neg</Value>
</Feature>
<Feature>
  <Name className="java.lang.String">attitude-uncertain</Name>
  <Value className="java.lang.String">very-uncertain</Value>
</Feature>
<Feature>
  <Name className="java.lang.String">targetFrame-link</Name>
  <Value className="java.lang.String">tfa20</Value>
</Feature>
</Annotation>
<Annotation Id="379" Type="attitude" StartNode="1424" EndNode="1433">
<Feature>
  <Name className="java.lang.String">id</Name>
  <Value className="java.lang.String">a6</Value>
</Feature>
<Feature>
  <Name className="java.lang.String">intensity</Name>
  <Value className="java.lang.String">medium</Value>
</Feature>
<Feature>
  <Name className="java.lang.String">attitude-type</Name>
  <Value className="java.lang.String">agree-pos</Value>
</Feature>
<Feature>
  <Name className="java.lang.String">targetFrame-link</Name>
  <Value className="java.lang.String">tfa6</Value>
</Feature>
</Annotation>
<Annotation Id="378" Type="attitude" StartNode="138" EndNode="146">
<Feature>
  <Name className="java.lang.String">intensity</Name>
  <Value className="java.lang.String">low</Value>
</Feature>
<Feature>
  <Name className="java.lang.String">id</Name>
  <Value className="java.lang.String">a1</Value>
</Feature>
<Feature>
  <Name className="java.lang.String">attitude-type</Name>
  <Value className="java.lang.String">other-attitude</Value>
</Feature>
<Feature>
  <Name className="java.lang.String">targetFrame-link</Name>
  <Value className="java.lang.String">tfa1</Value>
</Feature>
</Annotation>
<Annotation Id="356" Type="sentence" StartNode="1843" EndNode="2080">
<Feature>
  <Name className="java.lang.String">nested-source</Name>
  <Value className="java.lang.String">w</Value>
</Feature>
</Annotation>
<Annotation Id="357" Type="sentence" StartNode="1530" EndNode="1700">
<Feature>
  <Name className="java.lang.String">nested-source</Name>
  <Value className="java.lang.String">w</Value>
</Feature>
</Annotation>
<Annotation Id="358" Type="sTarget" StartNode="847" EndNode="864">
<Feature>
  <Name className="java.lang.String">id</Name>
  <Value className="java.lang.String">t10</Value>
</Feature>
<Feature>
  <Name className="java.lang.String">eTarget-link</Name>
  <Value className="java.lang.String">none</Value>
</Feature>
</Annotation>
<Annotation Id="359" Type="sentence" StartNode="527" EndNode="732">
<Feature>
  <Name className="java.lang.String">nested-source</Name>
  <Value className="java.lang.String">w</Value>
</Feature>
</Annotation>
<Annotation Id="352" Type="sentence" StartNode="2" EndNode="254">
<Feature>
  <Name className="java.lang.String">nested-source</Name>
  <Value className="java.lang.String">w</Value>
</Feature>
</Annotation>
<Annotation Id="353" Type="sentence" StartNode="1377" EndNode="1523">
<Feature>
  <Name className="java.lang.String">nested-source</Name>
  <Value className="java.lang.String">w</Value>
</Feature>
</Annotation>
<Annotation Id="354" Type="sentence" StartNode="739" EndNode="966">
<Feature>
  <Name className="java.lang.String">nested-source</Name>
  <Value className="java.lang.String">w</Value>
</Feature>
</Annotation>
<Annotation Id="355" Type="sentence" StartNode="1213" EndNode="1370">
<Feature>
  <Name className="java.lang.String">nested-source</Name>
  <Value className="java.lang.String">w</Value>
</Feature>
</Annotation>
<Annotation Id="364" Type="sTarget" StartNode="1641" EndNode="1651">
<Feature>
  <Name className="java.lang.String">id</Name>
  <Value className="java.lang.String">t19</Value>
</Feature>
<Feature>
  <Name className="java.lang.String">eTarget-link</Name>
  <Value className="java.lang.String">e9025</Value>
</Feature>
</Annotation>
<Annotation Id="365" Type="sTarget" StartNode="877" EndNode="950">
<Feature>
  <Name className="java.lang.String">id</Name>
  <Value className="java.lang.String">t11</Value>
</Feature>
<Feature>
  <Name className="java.lang.String">eTarget-link</Name>
  <Value className="java.lang.String">none</Value>
</Feature>
</Annotation>
<Annotation Id="366" Type="sTarget" StartNode="911" EndNode="950">
<Feature>
  <Name className="java.lang.String">id</Name>
  <Value className="java.lang.String">t12</Value>
</Feature>
<Feature>
  <Name className="java.lang.String">eTarget-link</Name>
  <Value className="java.lang.String">none</Value>
</Feature>
</Annotation>
<Annotation Id="367" Type="sTarget" StartNode="1603" EndNode="1605">
<Feature>
  <Name className="java.lang.String">id</Name>
  <Value className="java.lang.String">t16</Value>
</Feature>
<Feature>
  <Name className="java.lang.String">eTarget-link</Name>
  <Value className="java.lang.String">e9021</Value>
</Feature>
</Annotation>
<Annotation Id="360" Type="sTarget" StartNode="1575" EndNode="1587">
<Feature>
  <Name className="java.lang.String">id</Name>
  <Value className="java.lang.String">t15</Value>
</Feature>
<Feature>
  <Name className="java.lang.String">eTarget-link</Name>
  <Value className="java.lang.String">e9020</Value>
</Feature>
</Annotation>
<Annotation Id="361" Type="sTarget" StartNode="1911" EndNode="1937">
<Feature>
  <Name className="java.lang.String">id</Name>
  <Value className="java.lang.String">t20</Value>
</Feature>
<Feature>
  <Name className="java.lang.String">eTarget-link</Name>
  <Value className="java.lang.String">none</Value>
</Feature>
</Annotation>
<Annotation Id="362" Type="sTarget" StartNode="1434" EndNode="1522">
<Feature>
  <Name className="java.lang.String">id</Name>
  <Value className="java.lang.String">t6</Value>
</Feature>
<Feature>
  <Name className="java.lang.String">eTarget-link</Name>
  <Value className="java.lang.String">none</Value>
</Feature>
</Annotation>
<Annotation Id="363" Type="sTarget" StartNode="1030" EndNode="1134">
<Feature>
  <Name className="java.lang.String">id</Name>
  <Value className="java.lang.String">t5</Value>
</Feature>
<Feature>
  <Name className="java.lang.String">eTarget-link</Name>
  <Value className="java.lang.String">e9034,e9035,e9036,e9037,e9038,e9039</Value>
</Feature>
</Annotation>
<Annotation Id="410" Type="targetFrame" StartNode="1377" EndNode="1377">
<Feature>
  <Name className="java.lang.String">sTarget-link</Name>
  <Value className="java.lang.String">none</Value>
</Feature>
<Feature>
  <Name className="java.lang.String">id</Name>
  <Value className="java.lang.String">tfose15</Value>
</Feature>
<Feature>
  <Name className="java.lang.String">newETarget-link</Name>
  <Value className="java.lang.String">none</Value>
</Feature>
</Annotation>
<Annotation Id="411" Type="objective-speech-event" StartNode="1377" EndNode="1377">
<Feature>
  <Name className="java.lang.String">implicit</Name>
  <Value className="java.lang.String">true</Value>
</Feature>
<Feature>
  <Name className="java.lang.String">id</Name>
  <Value className="java.lang.String">ose15</Value>
</Feature>
<Feature>
  <Name className="java.lang.String">targetFrame-link</Name>
  <Value className="java.lang.String">tfose15</Value>
</Feature>
<Feature>
  <Name className="java.lang.String">nested-source</Name>
  <Value className="java.lang.String">w</Value>
</Feature>
</Annotation>
<Annotation Id="408" Type="targetFrame" StartNode="261" EndNode="261">
<Feature>
  <Name className="java.lang.String">sTarget-link</Name>
  <Value className="java.lang.String">none</Value>
</Feature>
<Feature>
  <Name className="java.lang.String">id</Name>
  <Value className="java.lang.String">tfose16</Value>
</Feature>
<Feature>
  <Name className="java.lang.String">newETarget-link</Name>
  <Value className="java.lang.String">none</Value>
</Feature>
</Annotation>
<Annotation Id="409" Type="objective-speech-event" StartNode="261" EndNode="261">
<Feature>
  <Name className="java.lang.String">implicit</Name>
  <Value className="java.lang.String">true</Value>
</Feature>
<Feature>
  <Name className="java.lang.String">id</Name>
  <Value className="java.lang.String">ose16</Value>
</Feature>
<Feature>
  <Name className="java.lang.String">targetFrame-link</Name>
  <Value className="java.lang.String">tfose16</Value>
</Feature>
<Feature>
  <Name className="java.lang.String">nested-source</Name>
  <Value className="java.lang.String">w</Value>
</Feature>
</Annotation>
<Annotation Id="414" Type="targetFrame" StartNode="1939" EndNode="1939">
<Feature>
  <Name className="java.lang.String">sTarget-link</Name>
  <Value className="java.lang.String">none</Value>
</Feature>
<Feature>
  <Name className="java.lang.String">id</Name>
  <Value className="java.lang.String">tfose13</Value>
</Feature>
<Feature>
  <Name className="java.lang.String">newETarget-link</Name>
  <Value className="java.lang.String">none</Value>
</Feature>
</Annotation>
<Annotation Id="415" Type="objective-speech-event" StartNode="1939" EndNode="1945">
<Feature>
  <Name className="java.lang.String">objective-uncertain</Name>
  <Value className="java.lang.String">somewhat-uncertain</Value>
</Feature>
<Feature>
  <Name className="java.lang.String">id</Name>
  <Value className="java.lang.String">ose13</Value>
</Feature>
<Feature>
  <Name className="java.lang.String">targetFrame-link</Name>
  <Value className="java.lang.String">tfose13</Value>
</Feature>
<Feature>
  <Name className="java.lang.String">nested-source</Name>
  <Value className="java.lang.String">w,canada</Value>
</Feature>
</Annotation>
<Annotation Id="412" Type="targetFrame" StartNode="973" EndNode="973">
<Feature>
  <Name className="java.lang.String">sTarget-link</Name>
  <Value className="java.lang.String">none</Value>
</Feature>
<Feature>
  <Name className="java.lang.String">id</Name>
  <Value className="java.lang.String">tfose14</Value>
</Feature>
<Feature>
  <Name className="java.lang.String">newETarget-link</Name>
  <Value className="java.lang.String">none</Value>
</Feature>
</Annotation>
<Annotation Id="413" Type="objective-speech-event" StartNode="973" EndNode="973">
<Feature>
  <Name className="java.lang.String">implicit</Name>
  <Value className="java.lang.String">true</Value>
</Feature>
<Feature>
  <Name className="java.lang.String">id</Name>
  <Value className="java.lang.String">ose14</Value>
</Feature>
<Feature>
  <Name className="java.lang.String">targetFrame-link</Name>
  <Value className="java.lang.String">tfose14</Value>
</Feature>
<Feature>
  <Name className="java.lang.String">nested-source</Name>
  <Value className="java.lang.String">w</Value>
</Feature>
</Annotation>
<Annotation Id="402" Type="objective-speech-event" StartNode="18" EndNode="22">
<Feature>
  <Name className="java.lang.String">id</Name>
  <Value className="java.lang.String">ose3</Value>
</Feature>
<Feature>
  <Name className="java.lang.String">targetFrame-link</Name>
  <Value className="java.lang.String">tfose3</Value>
</Feature>
<Feature>
  <Name className="java.lang.String">nested-source</Name>
  <Value className="java.lang.String">w,jun,jordan</Value>
</Feature>
</Annotation>
<Annotation Id="403" Type="targetFrame" StartNode="18" EndNode="18">
<Feature>
  <Name className="java.lang.String">sTarget-link</Name>
  <Value className="java.lang.String">none</Value>
</Feature>
<Feature>
  <Name className="java.lang.String">id</Name>
  <Value className="java.lang.String">tfose3</Value>
</Feature>
<Feature>
  <Name className="java.lang.String">newETarget-link</Name>
  <Value className="java.lang.String">none</Value>
</Feature>
</Annotation>
<Annotation Id="400" Type="objective-speech-event" StartNode="434" EndNode="440">
<Feature>
  <Name className="java.lang.String">id</Name>
  <Value className="java.lang.String">ose4</Value>
</Feature>
<Feature>
  <Name className="java.lang.String">targetFrame-link</Name>
  <Value className="java.lang.String">tfose4</Value>
</Feature>
<Feature>
  <Name className="java.lang.String">nested-source</Name>
  <Value className="java.lang.String">w,jun</Value>
</Feature>
</Annotation>
<Annotation Id="401" Type="targetFrame" StartNode="434" EndNode="434">
<Feature>
  <Name className="java.lang.String">sTarget-link</Name>
  <Value className="java.lang.String">none</Value>
</Feature>
<Feature>
  <Name className="java.lang.String">id</Name>
  <Value className="java.lang.String">tfose4</Value>
</Feature>
<Feature>
  <Name className="java.lang.String">newETarget-link</Name>
  <Value className="java.lang.String">none</Value>
</Feature>
</Annotation>
<Annotation Id="406" Type="targetFrame" StartNode="1530" EndNode="1530">
<Feature>
  <Name className="java.lang.String">sTarget-link</Name>
  <Value className="java.lang.String">none</Value>
</Feature>
<Feature>
  <Name className="java.lang.String">id</Name>
  <Value className="java.lang.String">tfose17</Value>
</Feature>
<Feature>
  <Name className="java.lang.String">newETarget-link</Name>
  <Value className="java.lang.String">none</Value>
</Feature>
</Annotation>
<Annotation Id="407" Type="objective-speech-event" StartNode="1530" EndNode="1530">
<Feature>
  <Name className="java.lang.String">implicit</Name>
  <Value className="java.lang.String">true</Value>
</Feature>
<Feature>
  <Name className="java.lang.String">id</Name>
  <Value className="java.lang.String">ose17</Value>
</Feature>
<Feature>
  <Name className="java.lang.String">targetFrame-link</Name>
  <Value className="java.lang.String">tfose17</Value>
</Feature>
<Feature>
  <Name className="java.lang.String">nested-source</Name>
  <Value className="java.lang.String">w</Value>
</Feature>
</Annotation>
<Annotation Id="404" Type="targetFrame" StartNode="835" EndNode="835">
<Feature>
  <Name className="java.lang.String">sTarget-link</Name>
  <Value className="java.lang.String">t10</Value>
</Feature>
<Feature>
  <Name className="java.lang.String">id</Name>
  <Value className="java.lang.String">tfa10</Value>
</Feature>
<Feature>
  <Name className="java.lang.String">newETarget-link</Name>
  <Value className="java.lang.String">none</Value>
</Feature>
</Annotation>
<Annotation Id="405" Type="targetFrame" StartNode="1606" EndNode="1606">
<Feature>
  <Name className="java.lang.String">sTarget-link</Name>
  <Value className="java.lang.String">t16</Value>
</Feature>
<Feature>
  <Name className="java.lang.String">id</Name>
  <Value className="java.lang.String">tfa16</Value>
</Feature>
<Feature>
  <Name className="java.lang.String">newETarget-link</Name>
  <Value className="java.lang.String">none</Value>
</Feature>
</Annotation>
<Annotation Id="395" Type="targetFrame" StartNode="400" EndNode="400">
<Feature>
  <Name className="java.lang.String">sTarget-link</Name>
  <Value className="java.lang.String">none</Value>
</Feature>
<Feature>
  <Name className="java.lang.String">id</Name>
  <Value className="java.lang.String">tfose7</Value>
</Feature>
<Feature>
  <Name className="java.lang.String">newETarget-link</Name>
  <Value className="java.lang.String">none</Value>
</Feature>
</Annotation>
<Annotation Id="394" Type="objective-speech-event" StartNode="400" EndNode="404">
<Feature>
  <Name className="java.lang.String">id</Name>
  <Value className="java.lang.String">ose7</Value>
</Feature>
<Feature>
  <Name className="java.lang.String">targetFrame-link</Name>
  <Value className="java.lang.String">tfose7</Value>
</Feature>
<Feature>
  <Name className="java.lang.String">nested-source</Name>
  <Value className="java.lang.String">w,jun</Value>
</Feature>
</Annotation>
<Annotation Id="393" Type="targetFrame" StartNode="527" EndNode="527">
<Feature>
  <Name className="java.lang.String">sTarget-link</Name>
  <Value className="java.lang.String">none</Value>
</Feature>
<Feature>
  <Name className="java.lang.String">id</Name>
  <Value className="java.lang.String">tfose8</Value>
</Feature>
<Feature>
  <Name className="java.lang.String">newETarget-link</Name>
  <Value className="java.lang.String">none</Value>
</Feature>
</Annotation>
<Annotation Id="392" Type="objective-speech-event" StartNode="527" EndNode="527">
<Feature>
  <Name className="java.lang.String">implicit</Name>
  <Value className="java.lang.String">true</Value>
</Feature>
<Feature>
  <Name className="java.lang.String">id</Name>
  <Value className="java.lang.String">ose8</Value>
</Feature>
<Feature>
  <Name className="java.lang.String">targetFrame-link</Name>
  <Value className="java.lang.String">tfose8</Value>
</Feature>
<Feature>
  <Name className="java.lang.String">nested-source</Name>
  <Value className="java.lang.String">w</Value>
</Feature>
</Annotation>
<Annotation Id="399" Type="targetFrame" StartNode="739" EndNode="739">
<Feature>
  <Name className="java.lang.String">sTarget-link</Name>
  <Value className="java.lang.String">none</Value>
</Feature>
<Feature>
  <Name className="java.lang.String">id</Name>
  <Value className="java.lang.String">tfose5</Value>
</Feature>
<Feature>
  <Name className="java.lang.String">newETarget-link</Name>
  <Value className="java.lang.String">none</Value>
</Feature>
</Annotation>
<Annotation Id="398" Type="objective-speech-event" StartNode="739" EndNode="739">
<Feature>
  <Name className="java.lang.String">implicit</Name>
  <Value className="java.lang.String">true</Value>
</Feature>
<Feature>
  <Name className="java.lang.String">id</Name>
  <Value className="java.lang.String">ose5</Value>
</Feature>
<Feature>
  <Name className="java.lang.String">targetFrame-link</Name>
  <Value className="java.lang.String">tfose5</Value>
</Feature>
<Feature>
  <Name className="java.lang.String">nested-source</Name>
  <Value className="java.lang.String">w</Value>
</Feature>
</Annotation>
<Annotation Id="397" Type="targetFrame" StartNode="148" EndNode="148">
<Feature>
  <Name className="java.lang.String">sTarget-link</Name>
  <Value className="java.lang.String">none</Value>
</Feature>
<Feature>
  <Name className="java.lang.String">id</Name>
  <Value className="java.lang.String">tfose6</Value>
</Feature>
<Feature>
  <Name className="java.lang.String">newETarget-link</Name>
  <Value className="java.lang.String">none</Value>
</Feature>
</Annotation>
<Annotation Id="396" Type="objective-speech-event" StartNode="148" EndNode="160">
<Feature>
  <Name className="java.lang.String">id</Name>
  <Value className="java.lang.String">ose6</Value>
</Feature>
<Feature>
  <Name className="java.lang.String">targetFrame-link</Name>
  <Value className="java.lang.String">tfose6</Value>
</Feature>
<Feature>
  <Name className="java.lang.String">nested-source</Name>
  <Value className="java.lang.String">w,jun</Value>
</Feature>
</Annotation>
<Annotation Id="387" Type="objective-speech-event" StartNode="1843" EndNode="1843">
<Feature>
  <Name className="java.lang.String">implicit</Name>
  <Value className="java.lang.String">true</Value>
</Feature>
<Feature>
  <Name className="java.lang.String">id</Name>
  <Value className="java.lang.String">ose2</Value>
</Feature>
<Feature>
  <Name className="java.lang.String">targetFrame-link</Name>
  <Value className="java.lang.String">tfose2</Value>
</Feature>
<Feature>
  <Name className="java.lang.String">nested-source</Name>
  <Value className="java.lang.String">w</Value>
</Feature>
</Annotation>
<Annotation Id="386" Type="targetFrame" StartNode="1843" EndNode="1843">
<Feature>
  <Name className="java.lang.String">sTarget-link</Name>
  <Value className="java.lang.String">none</Value>
</Feature>
<Feature>
  <Name className="java.lang.String">id</Name>
  <Value className="java.lang.String">tfose2</Value>
</Feature>
<Feature>
  <Name className="java.lang.String">newETarget-link</Name>
  <Value className="java.lang.String">none</Value>
</Feature>
</Annotation>
<Annotation Id="385" Type="objective-speech-event" StartNode="1701" EndNode="1701">
<Feature>
  <Name className="java.lang.String">implicit</Name>
  <Value className="java.lang.String">true</Value>
</Feature>
<Feature>
  <Name className="java.lang.String">id</Name>
  <Value className="java.lang.String">ose1</Value>
</Feature>
<Feature>
  <Name className="java.lang.String">targetFrame-link</Name>
  <Value className="java.lang.String">tfose1</Value>
</Feature>
<Feature>
  <Name className="java.lang.String">nested-source</Name>
  <Value className="java.lang.String">w</Value>
</Feature>
</Annotation>
<Annotation Id="384" Type="targetFrame" StartNode="1701" EndNode="1701">
<Feature>
  <Name className="java.lang.String">sTarget-link</Name>
  <Value className="java.lang.String">none</Value>
</Feature>
<Feature>
  <Name className="java.lang.String">id</Name>
  <Value className="java.lang.String">tfose1</Value>
</Feature>
<Feature>
  <Name className="java.lang.String">newETarget-link</Name>
  <Value className="java.lang.String">none</Value>
</Feature>
</Annotation>
<Annotation Id="391" Type="targetFrame" StartNode="961" EndNode="961">
<Feature>
  <Name className="java.lang.String">sTarget-link</Name>
  <Value className="java.lang.String">none</Value>
</Feature>
<Feature>
  <Name className="java.lang.String">id</Name>
  <Value className="java.lang.String">tfose9</Value>
</Feature>
<Feature>
  <Name className="java.lang.String">newETarget-link</Name>
  <Value className="java.lang.String">none</Value>
</Feature>
</Annotation>
<Annotation Id="390" Type="objective-speech-event" StartNode="961" EndNode="965">
<Feature>
  <Name className="java.lang.String">id</Name>
  <Value className="java.lang.String">ose9</Value>
</Feature>
<Feature>
  <Name className="java.lang.String">targetFrame-link</Name>
  <Value className="java.lang.String">tfose9</Value>
</Feature>
<Feature>
  <Name className="java.lang.String">nested-source</Name>
  <Value className="java.lang.String">w,jun</Value>
</Feature>
</Annotation>
<Annotation Id="389" Type="targetFrame" StartNode="1213" EndNode="1213">
<Feature>
  <Name className="java.lang.String">sTarget-link</Name>
  <Value className="java.lang.String">none</Value>
</Feature>
<Feature>
  <Name className="java.lang.String">id</Name>
  <Value className="java.lang.String">tfose10</Value>
</Feature>
<Feature>
  <Name className="java.lang.String">newETarget-link</Name>
  <Value className="java.lang.String">none</Value>
</Feature>
</Annotation>
<Annotation Id="388" Type="objective-speech-event" StartNode="1213" EndNode="1213">
<Feature>
  <Name className="java.lang.String">implicit</Name>
  <Value className="java.lang.String">true</Value>
</Feature>
<Feature>
  <Name className="java.lang.String">id</Name>
  <Value className="java.lang.String">ose10</Value>
</Feature>
<Feature>
  <Name className="java.lang.String">targetFrame-link</Name>
  <Value className="java.lang.String">tfose10</Value>
</Feature>
<Feature>
  <Name className="java.lang.String">nested-source</Name>
  <Value className="java.lang.String">w</Value>
</Feature>
</Annotation>
<Annotation Id="417" Type="objective-speech-event" StartNode="1010" EndNode="1014">
<Feature>
  <Name className="java.lang.String">id</Name>
  <Value className="java.lang.String">ose12</Value>
</Feature>
<Feature>
  <Name className="java.lang.String">targetFrame-link</Name>
  <Value className="java.lang.String">tfose12</Value>
</Feature>
<Feature>
  <Name className="java.lang.String">nested-source</Name>
  <Value className="java.lang.String">w,jun</Value>
</Feature>
</Annotation>
<Annotation Id="416" Type="targetFrame" StartNode="1010" EndNode="1010">
<Feature>
  <Name className="java.lang.String">sTarget-link</Name>
  <Value className="java.lang.String">none</Value>
</Feature>
<Feature>
  <Name className="java.lang.String">id</Name>
  <Value className="java.lang.String">tfose12</Value>
</Feature>
<Feature>
  <Name className="java.lang.String">newETarget-link</Name>
  <Value className="java.lang.String">none</Value>
</Feature>
</Annotation>
<Annotation Id="419" Type="objective-speech-event" StartNode="2" EndNode="2">
<Feature>
  <Name className="java.lang.String">implicit</Name>
  <Value className="java.lang.String">true</Value>
</Feature>
<Feature>
  <Name className="java.lang.String">id</Name>
  <Value className="java.lang.String">ose11</Value>
</Feature>
<Feature>
  <Name className="java.lang.String">targetFrame-link</Name>
  <Value className="java.lang.String">tfose11</Value>
</Feature>
<Feature>
  <Name className="java.lang.String">nested-source</Name>
  <Value className="java.lang.String">w</Value>
</Feature>
</Annotation>
<Annotation Id="418" Type="targetFrame" StartNode="2" EndNode="2">
<Feature>
  <Name className="java.lang.String">sTarget-link</Name>
  <Value className="java.lang.String">none</Value>
</Feature>
<Feature>
  <Name className="java.lang.String">id</Name>
  <Value className="java.lang.String">tfose11</Value>
</Feature>
<Feature>
  <Name className="java.lang.String">newETarget-link</Name>
  <Value className="java.lang.String">none</Value>
</Feature>
</Annotation>
</AnnotationSet>

</GateDocument>
