<?xml version='1.0' encoding='UTF-8'?>
<GateDocument>
<!-- The document's features-->

<GateDocumentFeatures>
<Feature>
  <Name className="java.lang.String">docId</Name>
  <Value className="java.lang.String">non_fbis/15.26.56-25086</Value>
</Feature>
</GateDocumentFeatures>
<!-- The document content area with serialized nodes -->

<TextWithNodes><Node id="0" />
   <Node id="4" />Brazil and Germany<Node id="22" /> <Node id="23" />call for<Node id="31" /> <Node id="32" />implementation<Node id="46" /> of Kyoto <Node id="56" />Protocol<Node id="64" /> by September<Node id="77" /> <Node id="78" />

 <Node id="81" />



  <Node id="87" />Bras?lia, 14 (Ag?ncia Brasil - ABr) - In a document entitled 
<Node id="149" />Partnership Brasil-Germany: Action Plan<Node id="188" />, <Node id="190" />both countrires<Node id="205" /> <Node id="206" />have 
expressed interest<Node id="230" /> in<Node id="233" /> <Node id="234" />seeing<Node id="240" /> the Kyoto <Node id="251" />Protocol<Node id="259" /> <Node id="260" />take<Node id="264" /> effect by 
the Sustainable Development Summit (Rio+10)<Node id="319" />, that takes place in 
South Africa, next September<Node id="370" />.<Node id="371" /> <Node id="372" />Brazil and Germany<Node id="390" /> also <Node id="396" />call on<Node id="403" /> 
<Node id="405" />other countries to <Node id="424" />ratify<Node id="430" /> the <Node id="435" />protocol<Node id="443" /> and <Node id="448" />work<Node id="452" /> to <Node id="456" />enforce<Node id="463" /> <Node id="464" />it<Node id="466" />.<Node id="467" />

  <Node id="471" />The document<Node id="483" /> also <Node id="489" />states<Node id="495" /> that <Node id="501" />Brazil and Germany<Node id="519" /> <Node id="520" />intend<Node id="526" /> <Node id="527" />to 
expand cooperation in the area of environment and sustainable 
development<Node id="605" />.<Node id="606" /> <Node id="607" />Both countries<Node id="621" /> <Node id="622" />expect<Node id="628" /> <Node id="629" />to present common positions 
at the Rio+10 meeting<Node id="679" />.<Node id="680" /> <Node id="681" />Finally, <Node id="690" />the document<Node id="702" /> <Node id="703" />stresses<Node id="711" /> the 
<Node id="717" />importance<Node id="727" /> of<Node id="730" /> <Node id="731" />the Pilot Program for Protection of Tropical 
Forests (PPG-7) and German participation in the program<Node id="832" />.<Node id="833" /> (AB)<Node id="838" />

  <Node id="842" />? All material may be reproduced as long as the source is 
acknowledged<Node id="913" />

<Node id="915" /></TextWithNodes>
<!-- The default annotation set -->

<AnnotationSet>
<Annotation Id="113" Type="eTarget-new" StartNode="56" EndNode="64">
<Feature>
  <Name className="java.lang.String">type</Name>
  <Value className="java.lang.String">entity</Value>
</Feature>
<Feature>
  <Name className="java.lang.String">id</Name>
  <Value className="java.lang.String">e5005</Value>
</Feature>
<Feature>
  <Name className="java.lang.String">isNegated</Name>
  <Value className="java.lang.String">no</Value>
</Feature>
</Annotation>
<Annotation Id="112" Type="eTarget-new" StartNode="260" EndNode="264">
<Feature>
  <Name className="java.lang.String">type</Name>
  <Value className="java.lang.String">event</Value>
</Feature>
<Feature>
  <Name className="java.lang.String">id</Name>
  <Value className="java.lang.String">e5003</Value>
</Feature>
<Feature>
  <Name className="java.lang.String">isNegated</Name>
  <Value className="java.lang.String">no</Value>
</Feature>
</Annotation>
<Annotation Id="110" Type="eTarget-new" StartNode="32" EndNode="46">
<Feature>
  <Name className="java.lang.String">type</Name>
  <Value className="java.lang.String">event</Value>
</Feature>
<Feature>
  <Name className="java.lang.String">id</Name>
  <Value className="java.lang.String">e5001</Value>
</Feature>
<Feature>
  <Name className="java.lang.String">isNegated</Name>
  <Value className="java.lang.String">no</Value>
</Feature>
</Annotation>
<Annotation Id="111" Type="eTarget-new" StartNode="234" EndNode="240">
<Feature>
  <Name className="java.lang.String">id</Name>
  <Value className="java.lang.String">e5002</Value>
</Feature>
<Feature>
  <Name className="java.lang.String">type</Name>
  <Value className="java.lang.String">event</Value>
</Feature>
</Annotation>
</AnnotationSet>

<!-- Named annotation set -->

<AnnotationSet Name="MPQA">
<Annotation Id="12" Type="agent" StartNode="471" EndNode="483">
<Feature>
  <Name className="java.lang.String">nested-source</Name>
  <Value className="java.lang.String">w,actionplan</Value>
</Feature>
</Annotation>
<Annotation Id="13" Type="agent" StartNode="607" EndNode="621">
<Feature>
  <Name className="java.lang.String">nested-source</Name>
  <Value className="java.lang.String">w,brasger</Value>
</Feature>
</Annotation>
<Annotation Id="14" Type="agent" StartNode="690" EndNode="702">
<Feature>
  <Name className="java.lang.String">nested-source</Name>
  <Value className="java.lang.String">w,actionplan</Value>
</Feature>
</Annotation>
<Annotation Id="17" Type="agent" StartNode="0" EndNode="0">
<Feature>
  <Name className="java.lang.String">id</Name>
  <Value className="java.lang.String">w</Value>
</Feature>
</Annotation>
<Annotation Id="16" Type="agent" StartNode="0" EndNode="0">
<Feature>
  <Name className="java.lang.String">id</Name>
  <Value className="java.lang.String">implicit</Value>
</Feature>
</Annotation>
<Annotation Id="19" Type="split" StartNode="679" EndNode="680">
</Annotation>
<Annotation Id="18" Type="split" StartNode="370" EndNode="371">
</Annotation>
<Annotation Id="23" Type="split" StartNode="605" EndNode="606">
</Annotation>
<Annotation Id="22" Type="split" StartNode="81" EndNode="87">
</Annotation>
<Annotation Id="24" Type="split" StartNode="913" EndNode="915">
</Annotation>
<Annotation Id="27" Type="split" StartNode="467" EndNode="471">
</Annotation>
<Annotation Id="26" Type="split" StartNode="78" EndNode="81">
</Annotation>
<Annotation Id="28" Type="split" StartNode="838" EndNode="842">
</Annotation>
<Annotation Id="31" Type="split" StartNode="832" EndNode="833">
</Annotation>
<Annotation Id="30" Type="split" StartNode="466" EndNode="467">
</Annotation>
<Annotation Id="34" Type="agent" StartNode="4" EndNode="22">
<Feature>
  <Name className="java.lang.String">id</Name>
  <Value className="java.lang.String">brasger</Value>
</Feature>
<Feature>
  <Name className="java.lang.String">nested-source</Name>
  <Value className="java.lang.String">w,brasger</Value>
</Feature>
</Annotation>
<Annotation Id="35" Type="agent" StartNode="190" EndNode="205">
<Feature>
  <Name className="java.lang.String">nested-source</Name>
  <Value className="java.lang.String">w,brasger</Value>
</Feature>
</Annotation>
<Annotation Id="175" Type="eTarget" StartNode="424" EndNode="430">
<Feature>
  <Name className="java.lang.String">type</Name>
  <Value className="java.lang.String">event</Value>
</Feature>
<Feature>
  <Name className="java.lang.String">id</Name>
  <Value className="java.lang.String">e9009</Value>
</Feature>
<Feature>
  <Name className="java.lang.String">isNegated</Name>
  <Value className="java.lang.String">no</Value>
</Feature>
</Annotation>
<Annotation Id="38" Type="agent" StartNode="149" EndNode="188">
<Feature>
  <Name className="java.lang.String">id</Name>
  <Value className="java.lang.String">actionplan</Value>
</Feature>
</Annotation>
<Annotation Id="36" Type="agent" StartNode="372" EndNode="390">
<Feature>
  <Name className="java.lang.String">nested-source</Name>
  <Value className="java.lang.String">w,brasger</Value>
</Feature>
</Annotation>
<Annotation Id="37" Type="agent" StartNode="501" EndNode="519">
<Feature>
  <Name className="java.lang.String">nested-source</Name>
  <Value className="java.lang.String">w,brasger</Value>
</Feature>
</Annotation>
<Annotation Id="186" Type="targetFrame" StartNode="607" EndNode="607">
<Feature>
  <Name className="java.lang.String">sTarget-link</Name>
  <Value className="java.lang.String">none</Value>
</Feature>
<Feature>
  <Name className="java.lang.String">id</Name>
  <Value className="java.lang.String">tfose6</Value>
</Feature>
<Feature>
  <Name className="java.lang.String">newETarget-link</Name>
  <Value className="java.lang.String">none</Value>
</Feature>
</Annotation>
<Annotation Id="187" Type="objective-speech-event" StartNode="4" EndNode="4">
<Feature>
  <Name className="java.lang.String">implicit</Name>
  <Value className="java.lang.String">true</Value>
</Feature>
<Feature>
  <Name className="java.lang.String">id</Name>
  <Value className="java.lang.String">ose7</Value>
</Feature>
<Feature>
  <Name className="java.lang.String">targetFrame-link</Name>
  <Value className="java.lang.String">tfose7</Value>
</Feature>
<Feature>
  <Name className="java.lang.String">nested-source</Name>
  <Value className="java.lang.String">w</Value>
</Feature>
</Annotation>
<Annotation Id="184" Type="targetFrame" StartNode="471" EndNode="471">
<Feature>
  <Name className="java.lang.String">sTarget-link</Name>
  <Value className="java.lang.String">none</Value>
</Feature>
<Feature>
  <Name className="java.lang.String">id</Name>
  <Value className="java.lang.String">tfose5</Value>
</Feature>
<Feature>
  <Name className="java.lang.String">newETarget-link</Name>
  <Value className="java.lang.String">none</Value>
</Feature>
</Annotation>
<Annotation Id="185" Type="objective-speech-event" StartNode="607" EndNode="607">
<Feature>
  <Name className="java.lang.String">implicit</Name>
  <Value className="java.lang.String">true</Value>
</Feature>
<Feature>
  <Name className="java.lang.String">id</Name>
  <Value className="java.lang.String">ose6</Value>
</Feature>
<Feature>
  <Name className="java.lang.String">targetFrame-link</Name>
  <Value className="java.lang.String">tfose6</Value>
</Feature>
<Feature>
  <Name className="java.lang.String">nested-source</Name>
  <Value className="java.lang.String">w</Value>
</Feature>
</Annotation>
<Annotation Id="190" Type="targetFrame" StartNode="717" EndNode="717">
<Feature>
  <Name className="java.lang.String">sTarget-link</Name>
  <Value className="java.lang.String">none</Value>
</Feature>
<Feature>
  <Name className="java.lang.String">id</Name>
  <Value className="java.lang.String">tfese1</Value>
</Feature>
<Feature>
  <Name className="java.lang.String">newETarget-link</Name>
  <Value className="java.lang.String">none</Value>
</Feature>
</Annotation>
<Annotation Id="191" Type="direct-subjective" StartNode="206" EndNode="230">
<Feature>
  <Name className="java.lang.String">id</Name>
  <Value className="java.lang.String">ds3</Value>
</Feature>
<Feature>
  <Name className="java.lang.String">intensity</Name>
  <Value className="java.lang.String">medium</Value>
</Feature>
<Feature>
  <Name className="java.lang.String">expression-intensity</Name>
  <Value className="java.lang.String">medium</Value>
</Feature>
<Feature>
  <Name className="java.lang.String">attitude-link</Name>
  <Value className="java.lang.String">a20</Value>
</Feature>
<Feature>
  <Name className="java.lang.String">polarity</Name>
  <Value className="java.lang.String">positive</Value>
</Feature>
<Feature>
  <Name className="java.lang.String">nested-source</Name>
  <Value className="java.lang.String">w,brasger</Value>
</Feature>
</Annotation>
<Annotation Id="188" Type="targetFrame" StartNode="4" EndNode="4">
<Feature>
  <Name className="java.lang.String">sTarget-link</Name>
  <Value className="java.lang.String">none</Value>
</Feature>
<Feature>
  <Name className="java.lang.String">id</Name>
  <Value className="java.lang.String">tfose7</Value>
</Feature>
<Feature>
  <Name className="java.lang.String">newETarget-link</Name>
  <Value className="java.lang.String">none</Value>
</Feature>
</Annotation>
<Annotation Id="189" Type="targetFrame" StartNode="622" EndNode="622">
<Feature>
  <Name className="java.lang.String">sTarget-link</Name>
  <Value className="java.lang.String">t50</Value>
</Feature>
<Feature>
  <Name className="java.lang.String">id</Name>
  <Value className="java.lang.String">tfa50</Value>
</Feature>
<Feature>
  <Name className="java.lang.String">newETarget-link</Name>
  <Value className="java.lang.String">none</Value>
</Feature>
</Annotation>
<Annotation Id="178" Type="eTarget" StartNode="448" EndNode="452">
<Feature>
  <Name className="java.lang.String">type</Name>
  <Value className="java.lang.String">event</Value>
</Feature>
<Feature>
  <Name className="java.lang.String">id</Name>
  <Value className="java.lang.String">e9011</Value>
</Feature>
<Feature>
  <Name className="java.lang.String">isNegated</Name>
  <Value className="java.lang.String">no</Value>
</Feature>
</Annotation>
<Annotation Id="179" Type="eTarget" StartNode="464" EndNode="466">
<Feature>
  <Name className="java.lang.String">type</Name>
  <Value className="java.lang.String">entity</Value>
</Feature>
<Feature>
  <Name className="java.lang.String">id</Name>
  <Value className="java.lang.String">e5011</Value>
</Feature>
<Feature>
  <Name className="java.lang.String">isNegated</Name>
  <Value className="java.lang.String">no</Value>
</Feature>
</Annotation>
<Annotation Id="176" Type="targetFrame" StartNode="703" EndNode="703">
<Feature>
  <Name className="java.lang.String">sTarget-link</Name>
  <Value className="java.lang.String">t60</Value>
</Feature>
<Feature>
  <Name className="java.lang.String">id</Name>
  <Value className="java.lang.String">tfa60</Value>
</Feature>
<Feature>
  <Name className="java.lang.String">newETarget-link</Name>
  <Value className="java.lang.String">none</Value>
</Feature>
</Annotation>
<Annotation Id="177" Type="eTarget" StartNode="456" EndNode="463">
<Feature>
  <Name className="java.lang.String">type</Name>
  <Value className="java.lang.String">event</Value>
</Feature>
<Feature>
  <Name className="java.lang.String">id</Name>
  <Value className="java.lang.String">e9012</Value>
</Feature>
<Feature>
  <Name className="java.lang.String">isNegated</Name>
  <Value className="java.lang.String">no</Value>
</Feature>
</Annotation>
<Annotation Id="182" Type="targetFrame" StartNode="396" EndNode="396">
<Feature>
  <Name className="java.lang.String">sTarget-link</Name>
  <Value className="java.lang.String">t30</Value>
</Feature>
<Feature>
  <Name className="java.lang.String">id</Name>
  <Value className="java.lang.String">tfa30</Value>
</Feature>
<Feature>
  <Name className="java.lang.String">newETarget-link</Name>
  <Value className="java.lang.String">none</Value>
</Feature>
</Annotation>
<Annotation Id="183" Type="objective-speech-event" StartNode="471" EndNode="471">
<Feature>
  <Name className="java.lang.String">implicit</Name>
  <Value className="java.lang.String">true</Value>
</Feature>
<Feature>
  <Name className="java.lang.String">id</Name>
  <Value className="java.lang.String">ose5</Value>
</Feature>
<Feature>
  <Name className="java.lang.String">targetFrame-link</Name>
  <Value className="java.lang.String">tfose5</Value>
</Feature>
<Feature>
  <Name className="java.lang.String">nested-source</Name>
  <Value className="java.lang.String">w</Value>
</Feature>
</Annotation>
<Annotation Id="180" Type="eTarget" StartNode="435" EndNode="443">
<Feature>
  <Name className="java.lang.String">type</Name>
  <Value className="java.lang.String">entity</Value>
</Feature>
<Feature>
  <Name className="java.lang.String">id</Name>
  <Value className="java.lang.String">e9010</Value>
</Feature>
<Feature>
  <Name className="java.lang.String">isNegated</Name>
  <Value className="java.lang.String">no</Value>
</Feature>
</Annotation>
<Annotation Id="181" Type="targetFrame" StartNode="520" EndNode="520">
<Feature>
  <Name className="java.lang.String">sTarget-link</Name>
  <Value className="java.lang.String">t40</Value>
</Feature>
<Feature>
  <Name className="java.lang.String">id</Name>
  <Value className="java.lang.String">tfa40</Value>
</Feature>
<Feature>
  <Name className="java.lang.String">newETarget-link</Name>
  <Value className="java.lang.String">none</Value>
</Feature>
</Annotation>
<Annotation Id="205" Type="direct-subjective" StartNode="622" EndNode="628">
<Feature>
  <Name className="java.lang.String">id</Name>
  <Value className="java.lang.String">ds1</Value>
</Feature>
<Feature>
  <Name className="java.lang.String">intensity</Name>
  <Value className="java.lang.String">low</Value>
</Feature>
<Feature>
  <Name className="java.lang.String">expression-intensity</Name>
  <Value className="java.lang.String">low</Value>
</Feature>
<Feature>
  <Name className="java.lang.String">attitude-link</Name>
  <Value className="java.lang.String">a50</Value>
</Feature>
<Feature>
  <Name className="java.lang.String">polarity</Name>
  <Value className="java.lang.String">neutral</Value>
</Feature>
<Feature>
  <Name className="java.lang.String">nested-source</Name>
  <Value className="java.lang.String">w,brasger</Value>
</Feature>
</Annotation>
<Annotation Id="204" Type="targetFrame" StartNode="206" EndNode="206">
<Feature>
  <Name className="java.lang.String">sTarget-link</Name>
  <Value className="java.lang.String">t20</Value>
</Feature>
<Feature>
  <Name className="java.lang.String">id</Name>
  <Value className="java.lang.String">tfa20</Value>
</Feature>
<Feature>
  <Name className="java.lang.String">newETarget-link</Name>
  <Value className="java.lang.String">none</Value>
</Feature>
</Annotation>
<Annotation Id="207" Type="sTarget" StartNode="527" EndNode="605">
<Feature>
  <Name className="java.lang.String">id</Name>
  <Value className="java.lang.String">t40</Value>
</Feature>
<Feature>
  <Name className="java.lang.String">eTarget-link</Name>
  <Value className="java.lang.String">none</Value>
</Feature>
</Annotation>
<Annotation Id="206" Type="direct-subjective" StartNode="23" EndNode="31">
<Feature>
  <Name className="java.lang.String">id</Name>
  <Value className="java.lang.String">ds2</Value>
</Feature>
<Feature>
  <Name className="java.lang.String">intensity</Name>
  <Value className="java.lang.String">medium</Value>
</Feature>
<Feature>
  <Name className="java.lang.String">expression-intensity</Name>
  <Value className="java.lang.String">medium</Value>
</Feature>
<Feature>
  <Name className="java.lang.String">attitude-link</Name>
  <Value className="java.lang.String">a10</Value>
</Feature>
<Feature>
  <Name className="java.lang.String">polarity</Name>
  <Value className="java.lang.String">positive</Value>
</Feature>
<Feature>
  <Name className="java.lang.String">nested-source</Name>
  <Value className="java.lang.String">w,brasger</Value>
</Feature>
</Annotation>
<Annotation Id="201" Type="targetFrame" StartNode="23" EndNode="23">
<Feature>
  <Name className="java.lang.String">sTarget-link</Name>
  <Value className="java.lang.String">t10</Value>
</Feature>
<Feature>
  <Name className="java.lang.String">id</Name>
  <Value className="java.lang.String">tfa10</Value>
</Feature>
<Feature>
  <Name className="java.lang.String">newETarget-link</Name>
  <Value className="java.lang.String">none</Value>
</Feature>
</Annotation>
<Annotation Id="200" Type="eTarget" StartNode="56" EndNode="64">
<Feature>
  <Name className="java.lang.String">type</Name>
  <Value className="java.lang.String">entity</Value>
</Feature>
<Feature>
  <Name className="java.lang.String">id</Name>
  <Value className="java.lang.String">e5005</Value>
</Feature>
<Feature>
  <Name className="java.lang.String">isNegated</Name>
  <Value className="java.lang.String">no</Value>
</Feature>
</Annotation>
<Annotation Id="203" Type="eTarget" StartNode="251" EndNode="259">
<Feature>
  <Name className="java.lang.String">type</Name>
  <Value className="java.lang.String">entity</Value>
</Feature>
<Feature>
  <Name className="java.lang.String">id</Name>
  <Value className="java.lang.String">e5006</Value>
</Feature>
<Feature>
  <Name className="java.lang.String">isNegated</Name>
  <Value className="java.lang.String">no</Value>
</Feature>
</Annotation>
<Annotation Id="202" Type="eTarget" StartNode="260" EndNode="264">
<Feature>
  <Name className="java.lang.String">type</Name>
  <Value className="java.lang.String">event</Value>
</Feature>
<Feature>
  <Name className="java.lang.String">id</Name>
  <Value className="java.lang.String">e5003</Value>
</Feature>
<Feature>
  <Name className="java.lang.String">isNegated</Name>
  <Value className="java.lang.String">no</Value>
</Feature>
</Annotation>
<Annotation Id="197" Type="attitude" StartNode="703" EndNode="730">
<Feature>
  <Name className="java.lang.String">id</Name>
  <Value className="java.lang.String">a60</Value>
</Feature>
<Feature>
  <Name className="java.lang.String">intensity</Name>
  <Value className="java.lang.String">medium</Value>
</Feature>
<Feature>
  <Name className="java.lang.String">attitude-type</Name>
  <Value className="java.lang.String">arguing-pos</Value>
</Feature>
<Feature>
  <Name className="java.lang.String">targetFrame-link</Name>
  <Value className="java.lang.String">tfa60</Value>
</Feature>
</Annotation>
<Annotation Id="196" Type="attitude" StartNode="622" EndNode="628">
<Feature>
  <Name className="java.lang.String">id</Name>
  <Value className="java.lang.String">a50</Value>
</Feature>
<Feature>
  <Name className="java.lang.String">intensity</Name>
  <Value className="java.lang.String">low</Value>
</Feature>
<Feature>
  <Name className="java.lang.String">attitude-type</Name>
  <Value className="java.lang.String">other-attitude</Value>
</Feature>
<Feature>
  <Name className="java.lang.String">targetFrame-link</Name>
  <Value className="java.lang.String">tfa50</Value>
</Feature>
</Annotation>
<Annotation Id="199" Type="eTarget" StartNode="32" EndNode="46">
<Feature>
  <Name className="java.lang.String">type</Name>
  <Value className="java.lang.String">event</Value>
</Feature>
<Feature>
  <Name className="java.lang.String">id</Name>
  <Value className="java.lang.String">e5001</Value>
</Feature>
<Feature>
  <Name className="java.lang.String">isNegated</Name>
  <Value className="java.lang.String">no</Value>
</Feature>
</Annotation>
<Annotation Id="198" Type="attitude" StartNode="396" EndNode="403">
<Feature>
  <Name className="java.lang.String">id</Name>
  <Value className="java.lang.String">a30</Value>
</Feature>
<Feature>
  <Name className="java.lang.String">intensity</Name>
  <Value className="java.lang.String">low-medium</Value>
</Feature>
<Feature>
  <Name className="java.lang.String">attitude-type</Name>
  <Value className="java.lang.String">sentiment-pos</Value>
</Feature>
<Feature>
  <Name className="java.lang.String">targetFrame-link</Name>
  <Value className="java.lang.String">tfa30</Value>
</Feature>
</Annotation>
<Annotation Id="193" Type="direct-subjective" StartNode="396" EndNode="403">
<Feature>
  <Name className="java.lang.String">id</Name>
  <Value className="java.lang.String">ds5</Value>
</Feature>
<Feature>
  <Name className="java.lang.String">intensity</Name>
  <Value className="java.lang.String">medium</Value>
</Feature>
<Feature>
  <Name className="java.lang.String">expression-intensity</Name>
  <Value className="java.lang.String">medium</Value>
</Feature>
<Feature>
  <Name className="java.lang.String">attitude-link</Name>
  <Value className="java.lang.String">a30</Value>
</Feature>
<Feature>
  <Name className="java.lang.String">polarity</Name>
  <Value className="java.lang.String">positive</Value>
</Feature>
<Feature>
  <Name className="java.lang.String">nested-source</Name>
  <Value className="java.lang.String">w,brasger</Value>
</Feature>
</Annotation>
<Annotation Id="192" Type="direct-subjective" StartNode="703" EndNode="711">
<Feature>
  <Name className="java.lang.String">expression-intensity</Name>
  <Value className="java.lang.String">medium</Value>
</Feature>
<Feature>
  <Name className="java.lang.String">id</Name>
  <Value className="java.lang.String">ds4</Value>
</Feature>
<Feature>
  <Name className="java.lang.String">attitude-type</Name>
  <Value className="java.lang.String">positive</Value>
</Feature>
<Feature>
  <Name className="java.lang.String">attitude-link</Name>
  <Value className="java.lang.String">a60</Value>
</Feature>
<Feature>
  <Name className="java.lang.String">polarity</Name>
  <Value className="java.lang.String">neutral</Value>
</Feature>
<Feature>
  <Name className="java.lang.String">intensity</Name>
  <Value className="java.lang.String">medium</Value>
</Feature>
<Feature>
  <Name className="java.lang.String">nested-source</Name>
  <Value className="java.lang.String">w,actionplan</Value>
</Feature>
</Annotation>
<Annotation Id="195" Type="expressive-subjectivity" StartNode="717" EndNode="727">
<Feature>
  <Name className="java.lang.String">intensity</Name>
  <Value className="java.lang.String">medium</Value>
</Feature>
<Feature>
  <Name className="java.lang.String">id</Name>
  <Value className="java.lang.String">ese1</Value>
</Feature>
<Feature>
  <Name className="java.lang.String">targetFrame-link</Name>
  <Value className="java.lang.String">tfese1</Value>
</Feature>
<Feature>
  <Name className="java.lang.String">polarity</Name>
  <Value className="java.lang.String">neutral</Value>
</Feature>
<Feature>
  <Name className="java.lang.String">nested-source</Name>
  <Value className="java.lang.String">w,actionplan</Value>
</Feature>
</Annotation>
<Annotation Id="194" Type="direct-subjective" StartNode="520" EndNode="526">
<Feature>
  <Name className="java.lang.String">expression-intensity</Name>
  <Value className="java.lang.String">low</Value>
</Feature>
<Feature>
  <Name className="java.lang.String">id</Name>
  <Value className="java.lang.String">ds6</Value>
</Feature>
<Feature>
  <Name className="java.lang.String">attitude-type</Name>
  <Value className="java.lang.String">positive</Value>
</Feature>
<Feature>
  <Name className="java.lang.String">attitude-link</Name>
  <Value className="java.lang.String">a40</Value>
</Feature>
<Feature>
  <Name className="java.lang.String">polarity</Name>
  <Value className="java.lang.String">neutral</Value>
</Feature>
<Feature>
  <Name className="java.lang.String">intensity</Name>
  <Value className="java.lang.String">low</Value>
</Feature>
<Feature>
  <Name className="java.lang.String">nested-source</Name>
  <Value className="java.lang.String">w,brasger</Value>
</Feature>
</Annotation>
<Annotation Id="220" Type="sentence" StartNode="607" EndNode="680">
<Feature>
  <Name className="java.lang.String">nested-source</Name>
  <Value className="java.lang.String">w</Value>
</Feature>
</Annotation>
<Annotation Id="221" Type="sentence" StartNode="681" EndNode="833">
<Feature>
  <Name className="java.lang.String">nested-source</Name>
  <Value className="java.lang.String">w</Value>
</Feature>
</Annotation>
<Annotation Id="222" Type="objective-speech-event" StartNode="372" EndNode="372">
<Feature>
  <Name className="java.lang.String">implicit</Name>
  <Value className="java.lang.String">true</Value>
</Feature>
<Feature>
  <Name className="java.lang.String">id</Name>
  <Value className="java.lang.String">ose4</Value>
</Feature>
<Feature>
  <Name className="java.lang.String">targetFrame-link</Name>
  <Value className="java.lang.String">tfose4</Value>
</Feature>
<Feature>
  <Name className="java.lang.String">nested-source</Name>
  <Value className="java.lang.String">w</Value>
</Feature>
</Annotation>
<Annotation Id="223" Type="targetFrame" StartNode="372" EndNode="372">
<Feature>
  <Name className="java.lang.String">sTarget-link</Name>
  <Value className="java.lang.String">none</Value>
</Feature>
<Feature>
  <Name className="java.lang.String">id</Name>
  <Value className="java.lang.String">tfose4</Value>
</Feature>
<Feature>
  <Name className="java.lang.String">newETarget-link</Name>
  <Value className="java.lang.String">none</Value>
</Feature>
</Annotation>
<Annotation Id="216" Type="attitude" StartNode="23" EndNode="31">
<Feature>
  <Name className="java.lang.String">id</Name>
  <Value className="java.lang.String">a10</Value>
</Feature>
<Feature>
  <Name className="java.lang.String">intensity</Name>
  <Value className="java.lang.String">low-medium</Value>
</Feature>
<Feature>
  <Name className="java.lang.String">attitude-type</Name>
  <Value className="java.lang.String">sentiment-pos</Value>
</Feature>
<Feature>
  <Name className="java.lang.String">targetFrame-link</Name>
  <Value className="java.lang.String">tfa10</Value>
</Feature>
</Annotation>
<Annotation Id="217" Type="attitude" StartNode="520" EndNode="526">
<Feature>
  <Name className="java.lang.String">id</Name>
  <Value className="java.lang.String">a40</Value>
</Feature>
<Feature>
  <Name className="java.lang.String">intensity</Name>
  <Value className="java.lang.String">low</Value>
</Feature>
<Feature>
  <Name className="java.lang.String">attitude-type</Name>
  <Value className="java.lang.String">intention-pos</Value>
</Feature>
<Feature>
  <Name className="java.lang.String">targetFrame-link</Name>
  <Value className="java.lang.String">tfa40</Value>
</Feature>
</Annotation>
<Annotation Id="218" Type="sentence" StartNode="471" EndNode="606">
<Feature>
  <Name className="java.lang.String">nested-source</Name>
  <Value className="java.lang.String">w</Value>
</Feature>
</Annotation>
<Annotation Id="219" Type="sentence" StartNode="4" EndNode="77">
<Feature>
  <Name className="java.lang.String">nested-source</Name>
  <Value className="java.lang.String">w</Value>
</Feature>
</Annotation>
<Annotation Id="212" Type="sTarget" StartNode="234" EndNode="319">
<Feature>
  <Name className="java.lang.String">id</Name>
  <Value className="java.lang.String">t20</Value>
</Feature>
<Feature>
  <Name className="java.lang.String">eTarget-link</Name>
  <Value className="java.lang.String">e5003,e5006</Value>
</Feature>
</Annotation>
<Annotation Id="213" Type="sTarget" StartNode="405" EndNode="466">
<Feature>
  <Name className="java.lang.String">id</Name>
  <Value className="java.lang.String">t30</Value>
</Feature>
<Feature>
  <Name className="java.lang.String">eTarget-link</Name>
  <Value className="java.lang.String">e9009,e9011,e9012,e9010,e5011</Value>
</Feature>
</Annotation>
<Annotation Id="214" Type="sentence" StartNode="87" EndNode="371">
<Feature>
  <Name className="java.lang.String">nested-source</Name>
  <Value className="java.lang.String">w</Value>
</Feature>
</Annotation>
<Annotation Id="215" Type="attitude" StartNode="206" EndNode="233">
<Feature>
  <Name className="java.lang.String">id</Name>
  <Value className="java.lang.String">a20</Value>
</Feature>
<Feature>
  <Name className="java.lang.String">intensity</Name>
  <Value className="java.lang.String">low-medium</Value>
</Feature>
<Feature>
  <Name className="java.lang.String">attitude-type</Name>
  <Value className="java.lang.String">sentiment-pos</Value>
</Feature>
<Feature>
  <Name className="java.lang.String">targetFrame-link</Name>
  <Value className="java.lang.String">tfa20</Value>
</Feature>
</Annotation>
<Annotation Id="208" Type="sTarget" StartNode="629" EndNode="679">
<Feature>
  <Name className="java.lang.String">id</Name>
  <Value className="java.lang.String">t50</Value>
</Feature>
<Feature>
  <Name className="java.lang.String">eTarget-link</Name>
  <Value className="java.lang.String">none</Value>
</Feature>
</Annotation>
<Annotation Id="209" Type="sTarget" StartNode="731" EndNode="832">
<Feature>
  <Name className="java.lang.String">id</Name>
  <Value className="java.lang.String">t60</Value>
</Feature>
<Feature>
  <Name className="java.lang.String">eTarget-link</Name>
  <Value className="java.lang.String">none</Value>
</Feature>
</Annotation>
<Annotation Id="210" Type="sentence" StartNode="372" EndNode="467">
<Feature>
  <Name className="java.lang.String">nested-source</Name>
  <Value className="java.lang.String">w</Value>
</Feature>
</Annotation>
<Annotation Id="211" Type="sTarget" StartNode="32" EndNode="77">
<Feature>
  <Name className="java.lang.String">id</Name>
  <Value className="java.lang.String">t10</Value>
</Feature>
<Feature>
  <Name className="java.lang.String">eTarget-link</Name>
  <Value className="java.lang.String">e5001,e5005</Value>
</Feature>
</Annotation>
<Annotation Id="229" Type="targetFrame" StartNode="489" EndNode="489">
<Feature>
  <Name className="java.lang.String">sTarget-link</Name>
  <Value className="java.lang.String">none</Value>
</Feature>
<Feature>
  <Name className="java.lang.String">id</Name>
  <Value className="java.lang.String">tfose1</Value>
</Feature>
<Feature>
  <Name className="java.lang.String">newETarget-link</Name>
  <Value className="java.lang.String">none</Value>
</Feature>
</Annotation>
<Annotation Id="228" Type="objective-speech-event" StartNode="489" EndNode="495">
<Feature>
  <Name className="java.lang.String">id</Name>
  <Value className="java.lang.String">ose1</Value>
</Feature>
<Feature>
  <Name className="java.lang.String">targetFrame-link</Name>
  <Value className="java.lang.String">tfose1</Value>
</Feature>
<Feature>
  <Name className="java.lang.String">nested-source</Name>
  <Value className="java.lang.String">w,actionplan</Value>
</Feature>
</Annotation>
<Annotation Id="227" Type="targetFrame" StartNode="681" EndNode="681">
<Feature>
  <Name className="java.lang.String">sTarget-link</Name>
  <Value className="java.lang.String">none</Value>
</Feature>
<Feature>
  <Name className="java.lang.String">id</Name>
  <Value className="java.lang.String">tfose2</Value>
</Feature>
<Feature>
  <Name className="java.lang.String">newETarget-link</Name>
  <Value className="java.lang.String">none</Value>
</Feature>
</Annotation>
<Annotation Id="226" Type="objective-speech-event" StartNode="681" EndNode="681">
<Feature>
  <Name className="java.lang.String">implicit</Name>
  <Value className="java.lang.String">true</Value>
</Feature>
<Feature>
  <Name className="java.lang.String">id</Name>
  <Value className="java.lang.String">ose2</Value>
</Feature>
<Feature>
  <Name className="java.lang.String">targetFrame-link</Name>
  <Value className="java.lang.String">tfose2</Value>
</Feature>
<Feature>
  <Name className="java.lang.String">nested-source</Name>
  <Value className="java.lang.String">w</Value>
</Feature>
</Annotation>
<Annotation Id="225" Type="targetFrame" StartNode="87" EndNode="87">
<Feature>
  <Name className="java.lang.String">sTarget-link</Name>
  <Value className="java.lang.String">none</Value>
</Feature>
<Feature>
  <Name className="java.lang.String">id</Name>
  <Value className="java.lang.String">tfose3</Value>
</Feature>
<Feature>
  <Name className="java.lang.String">newETarget-link</Name>
  <Value className="java.lang.String">none</Value>
</Feature>
</Annotation>
<Annotation Id="224" Type="objective-speech-event" StartNode="87" EndNode="87">
<Feature>
  <Name className="java.lang.String">implicit</Name>
  <Value className="java.lang.String">true</Value>
</Feature>
<Feature>
  <Name className="java.lang.String">id</Name>
  <Value className="java.lang.String">ose3</Value>
</Feature>
<Feature>
  <Name className="java.lang.String">targetFrame-link</Name>
  <Value className="java.lang.String">tfose3</Value>
</Feature>
<Feature>
  <Name className="java.lang.String">nested-source</Name>
  <Value className="java.lang.String">w</Value>
</Feature>
</Annotation>
</AnnotationSet>

</GateDocument>
