<HTML>
<HEAD>
<STYLE TYPE="text/css">
.c0 { text-align: center; }
.c1 { text-align: center; margin-top: 0em; margin-bottom: 0em; }
.c2 { font-family: 'Courier New',Courier; font-size: 10pt; font-style: normal; font-weight: normal; color: #000000; text-decoration: none; }
.c3 { text-align: center; margin-left: 13%; margin-right: 13%; }
.c4 { font-family: 'Courier New',Courier; font-size: 10pt; font-style: normal; font-weight: bold; color: #CC0033; text-decoration: none; }
.c5 { text-align: left; }
.c6 { text-align: left; margin-top: 0em; margin-bottom: 0em; }
.c7 { font-family: 'Courier New',Courier; font-size: 14pt; font-style: normal; font-weight: bold; color: #000000; text-decoration: none; }
.c8 { font-family: 'Courier New',Courier; font-size: 14pt; font-style: normal; font-weight: bold; color: #CC0033; text-decoration: none; }
.c9 { font-family: 'Courier New',Courier; font-size: 10pt; font-style: normal; font-weight: bold; color: #000000; text-decoration: none; }
.c10 { text-align: left; margin-top: 1em; margin-bottom: 0em; }
.c11 { page-break-before: always; }
</STYLE>
</HEAD>
<BODY>
<BR><DIV CLASS="c0"><P CLASS="c1"><SPAN CLASS="c2">198 of 935 DOCUMENTS</SPAN></P>
</DIV>
<BR><DIV CLASS="c0"><BR><P CLASS="c1"><IMG SRC="http://www.lexisnexis.com/lnacui2api/results/docview/attachRetrieve.do?smi=LOGOS&key=38401&componentseq=1&type=logo&inline=y" ALT="http://www.lexisnexis.com/lnacui2api/results/docview/attachRetrieve.do?smi=LOGOS&key=38401&componentseq=1&type=logo&inline=y"><BR><SPAN CLASS="c2">El Pais</SPAN></P>
</DIV>
<BR><DIV CLASS="c3"><P CLASS="c1"><SPAN CLASS="c4">December</SPAN><SPAN CLASS="c2"> 14, 2015 Monday</SPAN><SPAN CLASS="c2">&nbsp;</SPAN><SPAN CLASS="c2">&nbsp;<BR>Comunidad Valenciana Edici&oacute;n</SPAN></P>
</DIV>
<BR><DIV CLASS="c5"><P CLASS="c6"><SPAN CLASS="c7">Populares y Podemos suben en preferencias y expectativas</SPAN></P>
</DIV>
<BR><DIV CLASS="c5"><P CLASS="c6"><SPAN CLASS="c9">BYLINE: </SPAN><SPAN CLASS="c2">A. D.</SPAN></P>
</DIV>
<BR><DIV CLASS="c5"><P CLASS="c6"><SPAN CLASS="c9">SECTION: </SPAN><SPAN CLASS="c2">ESPA&ntilde;A; Base; P&aacute;g. 14</SPAN></P>
</DIV>
<BR><DIV CLASS="c5"><P CLASS="c6"><SPAN CLASS="c9">LENGTH: </SPAN><SPAN CLASS="c2">348 words</SPAN></P>
</DIV>
<BR><DIV CLASS="c5"><P CLASS="c6"><SPAN CLASS="c9">DATELINE: </SPAN><SPAN CLASS="c2">Madrid </SPAN></P>
</DIV>
<BR><DIV CLASS="c5"><P CLASS="c10"><SPAN CLASS="c2">El presidente que necesita Espa&ntilde;a es Mariano Rajoy, a decir del 21% de los encuestados por Metroscopia. Los otros tres candidatos con posibilidades no quedan lejos, sobre todo Pedro S&aacute;nchez, l&iacute;der del PSOE, y Pablo Iglesias, de Podemos, que empatan con un 18%. El candidato de </SPAN><SPAN CLASS="c4">Ciudadanos</SPAN><SPAN CLASS="c2">, </SPAN><SPAN CLASS="c4">Albert</SPAN><SPAN CLASS="c2">&nbsp;</SPAN><SPAN CLASS="c4">Rivera</SPAN><SPAN CLASS="c2">, queda cuarto (16%). La recuperaci&oacute;n de Podemos le sit&uacute;a en tercer lugar, pero el PSOE se pega al PP como partido preferido para ganar el domingo.</SPAN><SPAN CLASS="c2">&nbsp;</SPAN></P>
<P CLASS="c10"><SPAN CLASS="c2">Los primeros diez d&iacute;as de campa&ntilde;a han visto la subida en estimaci&oacute;n de voto tanto del PP como de Podemos. Junto a ello, los indicadores de actitudes pol&iacute;ticas muestran que Mariano Rajoy y Pablo Iglesias mejoran en las preferencias y en las expectativas entre la poblaci&oacute;n espa&ntilde;ola y sus potenciales votantes.</SPAN></P>
<P CLASS="c10"><SPAN CLASS="c2">El PSOE, por su parte, pisa los talones al Partido Popular en todos los terrenos. El PP es el partido preferido para ganar las elecciones, seg&uacute;n la respuesta de un 20% de los encuestados, pero lo es tambi&eacute;n para el 19% que registran los socialistas. La remontada a la que aluden estos d&iacute;as los candidatos de Podemos se habr&iacute;a producido al aumentar tres puntos en 15 d&iacute;as cuando se pregunta por el partido que se prefiere como ganador. Ha pasado del 14% al 17% con respecto al bar&oacute;metro anterior.</SPAN></P>
<P CLASS="c10"><SPAN CLASS="c2">La mejora en las expectativas del PP y de Podemos no cambia la corriente de fondo de rechazo que ambos suscitan entre quienes no les apoyan. La mitad de la poblaci&oacute;n espa&ntilde;ola nunca votar&iacute;a al PP y m&aacute;s de uno de cada tres no apoyar&iacute;a jam&aacute;s a Podemos.</SPAN></P>
<P CLASS="c10"><SPAN CLASS="c2">Grados de rechazo</SPAN></P>
<P CLASS="c10"><SPAN CLASS="c2">El estudio de Metroscopia muestra que se mantiene un alto rechazo a los partidos de Mariano Rajoy y Pablo Iglesias, que personifican el desapego absoluto de los votantes de otras formaciones hacia ellos. El rechazo a votar al PP resulta masivo en el espacio de centroizquierda: as&iacute; lo expresan el 93% de los electores de Podemos y el 74% de los del PSOE. Este partido y </SPAN><SPAN CLASS="c4">Ciudadanos</SPAN><SPAN CLASS="c2"> registran un grado de rechazo muy ligero.</SPAN></P>
<P CLASS="c10"><SPAN CLASS="c2">El pol&iacute;tico m&aacute;s valorado sigue siendo </SPAN><SPAN CLASS="c4">Albert</SPAN><SPAN CLASS="c2">&nbsp;</SPAN><SPAN CLASS="c4">Rivera</SPAN><SPAN CLASS="c2">. El descenso en la intenci&oacute;n de voto a </SPAN><SPAN CLASS="c4">Ciudadanos</SPAN><SPAN CLASS="c2"> no ha afectado a la aceptaci&oacute;n social de su l&iacute;der.</SPAN></P>
</DIV>
<BR><DIV CLASS="c5"><P CLASS="c6"><SPAN CLASS="c9">LANGUAGE: </SPAN><SPAN CLASS="c2">SPANISH; ESPA&Ntilde;OL</SPAN></P>
</DIV>
<BR><DIV CLASS="c5"><P CLASS="c6"><SPAN CLASS="c9">PUBLICATION-TYPE: </SPAN><SPAN CLASS="c2">Peri&oacute;dico</SPAN></P>
</DIV>
<BR><DIV CLASS="c5"><P CLASS="c6"><SPAN CLASS="c9">SUBJECT: </SPAN><SPAN CLASS="c2">Pol&iacute;tica (93%)</SPAN></P>
</DIV>
<BR><DIV CLASS="c5"><P CLASS="c6"><SPAN CLASS="c9">IPTC SUBJECT: </SPAN><SPAN CLASS="c2">Politica</SPAN></P>
</DIV>
<BR><DIV CLASS="c5"><P CLASS="c6"><SPAN CLASS="c9">LOAD-DATE: </SPAN><SPAN CLASS="c2">December 13, 2015</SPAN></P>
</DIV>
<BR><DIV CLASS="c0"><BR><P CLASS="c1"><SPAN CLASS="c2">Copyright 2015 El Pais Internacional S.A.<BR>All Rights Reserved</SPAN></P>
</DIV>
</BODY>
</HTML>