<HTML>
<HEAD>
<STYLE TYPE="text/css">
.c0 { text-align: center; }
.c1 { text-align: center; margin-top: 0em; margin-bottom: 0em; }
.c2 { font-family: 'Courier New',Courier; font-size: 10pt; font-style: normal; font-weight: normal; color: #000000; text-decoration: none; }
.c3 { text-align: center; margin-left: 13%; margin-right: 13%; }
.c4 { font-family: 'Courier New',Courier; font-size: 10pt; font-style: normal; font-weight: bold; color: #CC0033; text-decoration: none; }
.c5 { text-align: left; }
.c6 { text-align: left; margin-top: 0em; margin-bottom: 0em; }
.c7 { font-family: 'Courier New',Courier; font-size: 14pt; font-style: normal; font-weight: bold; color: #000000; text-decoration: none; }
.c8 { font-family: 'Courier New',Courier; font-size: 14pt; font-style: normal; font-weight: bold; color: #CC0033; text-decoration: none; }
.c9 { font-family: 'Courier New',Courier; font-size: 10pt; font-style: normal; font-weight: bold; color: #000000; text-decoration: none; }
.c10 { text-align: left; margin-top: 1em; margin-bottom: 0em; }
.c11 { page-break-before: always; }
</STYLE>
</HEAD>
<BODY>
<BR><DIV CLASS="c0"><P CLASS="c1"><SPAN CLASS="c2">363 of 935 DOCUMENTS</SPAN></P>
</DIV>
<BR><DIV CLASS="c0"><BR><P CLASS="c1"><IMG SRC="http://www.lexisnexis.com/lnacui2api/results/docview/attachRetrieve.do?smi=LOGOS&key=38401&componentseq=1&type=logo&inline=y" ALT="http://www.lexisnexis.com/lnacui2api/results/docview/attachRetrieve.do?smi=LOGOS&key=38401&componentseq=1&type=logo&inline=y"><BR><SPAN CLASS="c2">El Pais</SPAN></P>
</DIV>
<BR><DIV CLASS="c3"><P CLASS="c1"><SPAN CLASS="c4">December</SPAN><SPAN CLASS="c2"> 23, 2015 Wednesday</SPAN><SPAN CLASS="c2">&nbsp;</SPAN><SPAN CLASS="c2">&nbsp;<BR>Andaluc&iacute;a Edici&oacute;n</SPAN></P>
</DIV>
<BR><DIV CLASS="c5"><P CLASS="c6"><SPAN CLASS="c7">Rajoy plantea reformar la Constituci&oacute;n a cambio de la abstenci&oacute;n del PSOE</SPAN></P>
</DIV>
<BR><DIV CLASS="c5"><P CLASS="c6"><SPAN CLASS="c9">BYLINE: </SPAN><SPAN CLASS="c2">JAVIER CASQUEIRO</SPAN></P>
</DIV>
<BR><DIV CLASS="c5"><P CLASS="c6"><SPAN CLASS="c9">SECTION: </SPAN><SPAN CLASS="c2">ESPA&ntilde;A; Base; P&aacute;g. 13</SPAN></P>
</DIV>
<BR><DIV CLASS="c5"><P CLASS="c6"><SPAN CLASS="c9">LENGTH: </SPAN><SPAN CLASS="c2">956 words</SPAN></P>
</DIV>
<BR><DIV CLASS="c5"><P CLASS="c6"><SPAN CLASS="c9">DATELINE: </SPAN><SPAN CLASS="c2">Madrid </SPAN></P>
</DIV>
<BR><DIV CLASS="c5"><P CLASS="c10"><SPAN CLASS="c2">Mariano Rajoy quiere volver a ser presidente del Gobierno. Sabe que no le basta con la abstenci&oacute;n o el apoyo de </SPAN><SPAN CLASS="c4">Ciudadanos</SPAN><SPAN CLASS="c2"> y est&aacute; dispuesto a ofrecer a Pedro S&aacute;nchez en la reuni&oacute;n que ambos mantendr&aacute;n hoy en La Moncloa cesiones incluso para reformar la Constituci&oacute;n a cambio de una abstenci&oacute;n del PSOE en su investidura. La vicepresidenta, Soraya S&aacute;enz de Santamar&iacute;a, desminti&oacute; anoche &quot;tajantemente&quot; cualquier cesi&oacute;n. Entre tales gestos, ausentes del programa del PP, figurar&iacute;an la presidencia del Congreso o modificar el art&iacute;culo 135 de la Ley Fundamental para blindar el Estado de bienestar.</SPAN></P>
<P CLASS="c10"><SPAN CLASS="c2">El presidente del Gobierno en funciones no ha esperado a que pase la Navidad para mantener su primer contacto personal con el l&iacute;der socialista, Pedro S&aacute;nchez, tras las elecciones y &quot;sondear su disposici&oacute;n&quot; a permitir su investidura. Hoy no habr&aacute; Consejo de Ministros y el Ejecutivo tiene vacaciones hasta el fin de semana. La semana entrante, posiblemente el martes, se reunir&aacute; el Consejo y antes Rajoy ya habr&aacute; conversado tambi&eacute;n con el presidente de </SPAN><SPAN CLASS="c4">Ciudadanos</SPAN><SPAN CLASS="c2">, </SPAN><SPAN CLASS="c4">Albert Rivera,</SPAN><SPAN CLASS="c2"> para conocer sus intenciones.</SPAN><SPAN CLASS="c2">&nbsp;</SPAN></P>
<P CLASS="c10"><SPAN CLASS="c2">El l&iacute;der del PP ha asumido que el 20-D ha cambiado de ra&iacute;z la situaci&oacute;n pol&iacute;tica en Espa&ntilde;a, la manera de funcionar que ha impuesto hasta ahora el bipartidismo y se encuentra &quot;muy preocupado&quot; con la imagen de inestabilidad que se pueda proyectar en el mundo, en los mercados y en Europa de una Espa&ntilde;a sin Gobierno y sin expectativas de formarlo en los pr&oacute;ximos dos o tres meses. Ese es el calendario que inquieta a Rajoy y al PP.</SPAN></P>
<P CLASS="c10"><SPAN CLASS="c2">Fuentes del Gobierno y del partido pr&oacute;ximas a Rajoy apuestan por que, en el mejor de los casos y si consiguen la abstenci&oacute;n del PSOE en una tercera o cuarta votaci&oacute;n, no se formar&aacute; un nuevo Ejecutivo hasta primavera. Si la posici&oacute;n de S&aacute;nchez se mantiene como hasta el momento, de total oposici&oacute;n a la investidura del jefe del Ejecutivo, en el equipo de Rajoy se prev&eacute; que no habr&aacute; m&aacute;s salida que volver a convocar elecciones en primavera, aboc&aacute;ndose a una larga, confusa y conflictiva campa&ntilde;a electoral.</SPAN></P>
<P CLASS="c10"><SPAN CLASS="c2">El PP, siempre reacio a las innovaciones y los grandes cambios, sabe que ahora tiene que ofrecer algo para poder entablar alg&uacute;n tipo de negociaci&oacute;n con el PSOE y con </SPAN><SPAN CLASS="c4">Ciudadanos</SPAN><SPAN CLASS="c2">. El &uacute;nico escenario que el PP contempla para que Rajoy permanezca en La Moncloa pasa por que los socialistas lo permitan con su abstenci&oacute;n, &quot;muy al final, en el &uacute;ltimo minuto, despu&eacute;s de hac&eacute;rnoslo pasar mal durante dos o tres meses&quot;, sostiene uno de los vicesecretarios del partido. &quot;Vamos a sufrir, y lo sabemos; vamos a vivir una situaci&oacute;n muy parecida a la que vivi&oacute; [la socialista] Susana D&iacute;az en Andaluc&iacute;a o a la que ha hecho pasar la CUP a Artur Mas, pero todo eso es mejor y lo preferimos si al final evitamos un Gobierno del PSOE con Podemos y once m&aacute;s, que ser&iacute;a muy negativo para Espa&ntilde;a&quot;, repiten casi palabra por palabra dos de los altos cargos populares m&aacute;s relevantes.</SPAN></P>
<P CLASS="c10"><SPAN CLASS="c2">Rajoy, a cambio, tiene para ofrecer hoy a S&aacute;nchez un paquete de medidas y reformas que forman parte de las exigencias recurrentes durante estos &uacute;ltimos meses del l&iacute;der del PSOE y que el PP, en &uacute;ltima instancia, se ver&iacute;a obligado a discutir en el nuevo Parlamento que se constituir&aacute; a partir del 13 de enero porque figura en el guion de la mayor&iacute;a de las formaciones.</SPAN></P>
<P CLASS="c10"><SPAN CLASS="c2">El PP ha hecho n&uacute;meros y acepta que tendr&iacute;a muy dif&iacute;cil imponer a su candidato para presidir el Congreso, aunque Rajoy guardaba en mente ya a un aspirante entre sus filas. Cuenta con 123 esca&ntilde;os, 63 menos que ahora, y se halla a 53 de la mayor&iacute;a absoluta de la C&aacute;mara. Ese gui&ntilde;o de ceder dicho cargo a un dirigente del PSOE podr&iacute;a ir acompa&ntilde;ado de otros ofrecimientos de puestos institucionales, del Congreso y el Senado, y otros organismos, tanto para responsables socialistas como de </SPAN><SPAN CLASS="c4">Ciudadanos</SPAN><SPAN CLASS="c2">.</SPAN></P>
<P CLASS="c10"><SPAN CLASS="c2">Pero la oferta m&aacute;s relevante para el futuro del pa&iacute;s tiene que ver con la aceptaci&oacute;n de la demanda del PSOE de crear una ponencia parlamentaria que discuta una serie de cambios en la Constituci&oacute;n. Es una reivindicaci&oacute;n en la que tambi&eacute;n coinciden de partida la mayor&iacute;a de los partidos presentes en las nuevas Cortes.</SPAN></P>
<P CLASS="c10"><SPAN CLASS="c2">El PP se reservar&iacute;a en ese caso la salvaguarda de disponer tras el 20-D de mayor&iacute;a absoluta en el Senado y fijar&iacute;a como una l&iacute;nea roja infranqueable que no se pusiera sobre esa mesa la asunci&oacute;n de ning&uacute;n tipo de consulta sobre el &quot;derecho a decidir&quot; de Catalu&ntilde;a.</SPAN></P>
<P CLASS="c10"><SPAN CLASS="c2">Cambios en el texto</SPAN></P>
<P CLASS="c10"><SPAN CLASS="c2">Rajoy ya ha dejado caer desde el verano, cuando emprendi&oacute; su cambio de imagen y se volvi&oacute; m&aacute;s cercano, que, aunque su partido no pensaba llevar en su programa ninguna reforma de la Constituci&oacute;n, tampoco se iba a negar a participar en una ponencia si alg&uacute;n otro partido impulsaba esa idea en la nueva legislatura. Es m&aacute;s, el PP tiene sus planteamientos y no solo sobre el previsible y l&oacute;gico retoque para eliminar la prevalencia del var&oacute;n en la sucesi&oacute;n de la Corona. El PP ya ha avanzado, por ejemplo, que tambi&eacute;n querr&iacute;a discutir sobre el cierre definitivo de las competencias de las comunidades aut&oacute;nomas.</SPAN></P>
<P CLASS="c10"><SPAN CLASS="c2">El punto m&aacute;s sorprendente de ese lote de propuestas que el PP estar&iacute;a dispuesto a debatir ahora tiene que ver con la reforma expr&eacute;s del art&iacute;culo 135 de la Constituci&oacute;n, que introdujo el principio de estabilidad financiera para limitar el d&eacute;ficit.</SPAN></P>
<P CLASS="c10"><SPAN CLASS="c2">El entonces presidente socialista Jos&eacute; Luis Rodr&iacute;guez Zapatero llam&oacute; a finales de agosto de 2011 a Rajoy y pact&oacute; ese cambio en apenas 24 horas. A los dos d&iacute;as, tal modificaci&oacute;n de gran calado fue aprobada en un pleno urgente en el Congreso por 316 votos a favor, y cinco en contra (entre ellos, dos parlamentarios socialistas). S&aacute;nchez y otros dirigentes del PSOE cuestionaron m&aacute;s tarde ese cambio, y el actual l&iacute;der socialista prometi&oacute; derogarlo si llegaba a ser presidente para incluir un blindaje m&iacute;nimo de las pol&iacute;ticas sociales.</SPAN></P>
</DIV>
<BR><DIV CLASS="c5"><P CLASS="c6"><SPAN CLASS="c9">LANGUAGE: </SPAN><SPAN CLASS="c2">SPANISH; ESPA&Ntilde;OL</SPAN></P>
</DIV>
<BR><DIV CLASS="c5"><P CLASS="c6"><SPAN CLASS="c9">PUBLICATION-TYPE: </SPAN><SPAN CLASS="c2">Peri&oacute;dico</SPAN></P>
</DIV>
<BR><DIV CLASS="c5"><P CLASS="c6"><SPAN CLASS="c9">SUBJECT: </SPAN><SPAN CLASS="c2">Pol&iacute;tica (93%)</SPAN></P>
</DIV>
<BR><DIV CLASS="c5"><P CLASS="c6"><SPAN CLASS="c9">IPTC SUBJECT: </SPAN><SPAN CLASS="c2">Politica</SPAN></P>
</DIV>
<BR><DIV CLASS="c5"><P CLASS="c6"><SPAN CLASS="c9">LOAD-DATE: </SPAN><SPAN CLASS="c2">December 22, 2015</SPAN></P>
</DIV>
<BR><DIV CLASS="c0"><BR><P CLASS="c1"><SPAN CLASS="c2">Copyright 2015 El Pais Internacional S.A.<BR>All Rights Reserved</SPAN></P>
</DIV>
</BODY>
</HTML>