<HTML>
<HEAD>
<STYLE TYPE="text/css">
.c0 { text-align: center; }
.c1 { text-align: center; margin-top: 0em; margin-bottom: 0em; }
.c2 { font-family: 'Courier New',Courier; font-size: 10pt; font-style: normal; font-weight: normal; color: #000000; text-decoration: none; }
.c3 { text-align: center; margin-left: 13%; margin-right: 13%; }
.c4 { font-family: 'Courier New',Courier; font-size: 10pt; font-style: normal; font-weight: bold; color: #CC0033; text-decoration: none; }
.c5 { text-align: left; }
.c6 { text-align: left; margin-top: 0em; margin-bottom: 0em; }
.c7 { font-family: 'Courier New',Courier; font-size: 14pt; font-style: normal; font-weight: bold; color: #000000; text-decoration: none; }
.c8 { font-family: 'Courier New',Courier; font-size: 14pt; font-style: normal; font-weight: bold; color: #CC0033; text-decoration: none; }
.c9 { font-family: 'Courier New',Courier; font-size: 10pt; font-style: normal; font-weight: bold; color: #000000; text-decoration: none; }
.c10 { text-align: left; margin-top: 1em; margin-bottom: 0em; }
.c11 { page-break-before: always; }
</STYLE>
</HEAD>
<BODY>
<BR><DIV CLASS="c0"><P CLASS="c1"><SPAN CLASS="c2">138 of 935 DOCUMENTS</SPAN></P>
</DIV>
<BR><DIV CLASS="c0"><BR><P CLASS="c1"><IMG SRC="http://www.lexisnexis.com/lnacui2api/results/docview/attachRetrieve.do?smi=LOGOS&key=38401&componentseq=1&type=logo&inline=y" ALT="http://www.lexisnexis.com/lnacui2api/results/docview/attachRetrieve.do?smi=LOGOS&key=38401&componentseq=1&type=logo&inline=y"><BR><SPAN CLASS="c2">El Pais</SPAN></P>
</DIV>
<BR><DIV CLASS="c3"><P CLASS="c1"><SPAN CLASS="c4">January</SPAN><SPAN CLASS="c2"> 17, 2016 Sunday</SPAN><SPAN CLASS="c2">&nbsp;</SPAN><SPAN CLASS="c2">&nbsp;<BR>Comunidad Valenciana Edici&oacute;n</SPAN></P>
</DIV>
<BR><DIV CLASS="c5"><P CLASS="c6"><SPAN CLASS="c7">[AN] Podemos y </SPAN><SPAN CLASS="c8">Ciudadanos</SPAN><SPAN CLASS="c7"> conf&iacute;an en su n&uacute;cleo duro para unificar el discurso de sus representantes en el Congreso Directores de orquesta para diputados novatos</SPAN></P>
</DIV>
<BR><DIV CLASS="c5"><P CLASS="c6"><SPAN CLASS="c9">BYLINE: </SPAN><SPAN CLASS="c2">F. MANETTO / J. J. MATEO</SPAN></P>
</DIV>
<BR><DIV CLASS="c5"><P CLASS="c6"><SPAN CLASS="c9">SECTION: </SPAN><SPAN CLASS="c2">ESPA&ntilde;A; Base; P&aacute;g. 22</SPAN></P>
</DIV>
<BR><DIV CLASS="c5"><P CLASS="c6"><SPAN CLASS="c9">LENGTH: </SPAN><SPAN CLASS="c2">1130 words</SPAN></P>
</DIV>
<BR><DIV CLASS="c5"><P CLASS="c6"><SPAN CLASS="c9">DATELINE: </SPAN><SPAN CLASS="c2">Madrid </SPAN></P>
</DIV>
<BR><DIV CLASS="c5"><P CLASS="c10"><SPAN CLASS="c2">Podemos y </SPAN><SPAN CLASS="c4">Ciudadanos</SPAN><SPAN CLASS="c2"> se enfrentan a un reto nunca visto en la historia de la democracia espa&ntilde;ola. Tras las elecciones del 20-D, las dos formaciones suman 109 diputados (69 y 40, respectivamente) que irrumpen en la C&aacute;mara sin casi experiencia pol&iacute;tica previa, sin conocer el funcionamiento de la instituci&oacute;n y sometidos al escrutinio de los rivales. En el caso de Podemos, con la voluntad, adem&aacute;s, de imponer su estilo en las Cortes. Todo ello ha obligado a ambos partidos a seleccionar un n&uacute;cleo duro de representantes cuya misi&oacute;n ser&aacute; coordinar a los grupos parlamentarios y asegurarse de que se mantiene la disciplina de voto y de que no aparecen voces discordantes.</SPAN></P>
<P CLASS="c10"><SPAN CLASS="c2">La direcci&oacute;n de Podemos aterriza, casi al completo, en la C&aacute;mara baja tras un a&ntilde;o y medio que &Iacute;&ntilde;igo Errej&oacute;n, n&uacute;mero dos del partido, describe de forma gr&aacute;fica: &quot;Hemos tenido que correr y atarnos los cordones a la vez&quot;. Podemos es el &uacute;nico de los cuatro grandes partidos que no ha elegido a&uacute;n su estructura en el Parlamento. Todo depende del reparto final de los 69 parlamentarios del partido y sus candidaturas afines, pendiente de la decisi&oacute;n que la Mesa tomar&aacute; el martes.</SPAN><SPAN CLASS="c2">&nbsp;</SPAN></P>
<P CLASS="c10"><SPAN CLASS="c2">El n&uacute;cleo de confianza de Pablo Iglesias cuenta con formaci&oacute;n acad&eacute;mica en Ciencias Sociales y lleva un a&ntilde;o de experiencia en pol&iacute;tica, pero nunca hab&iacute;a asumido una responsabilidad p&uacute;blica de estas caracter&iacute;sticas. Entre los diputados de Podemos, un 48% de ellos mujeres, hay tres independientes. El juez Juan Pedro Yllanes -que iba a presidir el tribunal que juzgar&aacute; a la infanta Cristina y dej&oacute; ese puesto para incorporarse al partido- y la juez Victoria Rosell aportar&aacute;n su experiencia en materia de justicia y lucha contra la corrupci&oacute;n. Juan Antonio Delgado, exportavoz de la Asociaci&oacute;n Unificada de la Guardia Civil, se centrar&aacute; en cuestiones relacionadas con Andaluc&iacute;a y con su &aacute;mbito profesional.</SPAN></P>
<P CLASS="c10"><SPAN CLASS="c2">Fieles a Iglesias</SPAN></P>
<P CLASS="c10"><SPAN CLASS="c2">Pero las caras m&aacute;s destacadas de este comienzo de legislatura, los principales responsables de la actividad parlamentaria de Podemos, ser&aacute;n tambi&eacute;n algunos de los dirigentes que llevan en la sala de m&aacute;quinas del partido desde su fundaci&oacute;n. Iglesias se rodear&aacute; de su equipo de fieles. Errej&oacute;n, a quien el l&iacute;der de la formaci&oacute;n alab&oacute; como la mejor mano derecha del panorama pol&iacute;tico, ser&aacute; la pieza fundamental de la estrategia y el mensaje en el Parlamento.</SPAN></P>
<P CLASS="c10"><SPAN CLASS="c2">Es previsible que la formaci&oacute;n atribuya papeles de responsabilidad a Carolina Bescansa, cofundadora de Podemos, met&oacute;dica y precisa en el trabajo interno, e Irene Montero, fajada como portavoz en decenas de tertulias. El secretario de Organizaci&oacute;n, Sergio Pascual, tendr&aacute; seguramente una funci&oacute;n importante en el grupo parlamentario, mientras que Rafael Mayoral, quien hasta ahora ha acudido a las reuniones del pacto antiyihadista, y Pablo Bustinduy, secretario de Internacional, o Auxiliadora Honorato, que junto a Bescansa ha negociado con el PSOE el reparto de la Mesa, ocupar&aacute;n cargos estrat&eacute;gicos.</SPAN></P>
<P CLASS="c10"><SPAN CLASS="c2">Podemos logr&oacute; el 20 de diciembre 69 diputados, aunque 27 de ellos fueron elegidos por las candidaturas de confluencia fraguadas en Catalu&ntilde;a, Comunidad Valenciana y Galicia. Estas tres listas aspiran a formar grupo propio en el Congreso, aunque, al menos de momento, no cuentan con la autorizaci&oacute;n para hacerlo. En cualquier caso, Xavier Dom&egrave;nech, portavoz de en Com&uacute; Podem y hombre de confianza de Ada Colau, se perfila como una de las principales voces de esa formaci&oacute;n catalana en el Congreso.</SPAN></P>
<P CLASS="c10"><SPAN CLASS="c2">En </SPAN><SPAN CLASS="c4">Ciudadanos</SPAN><SPAN CLASS="c2"> no ha pasado inadvertido que Podemos haya decidido intentar que las Mareas gallegas, Comprom&iacute;s y En Com&uacute; tengan grupo propio. Eso, seg&uacute;n opinan fuentes de la Ejecutiva de la formaci&oacute;n de </SPAN><SPAN CLASS="c4">Albert Rivera</SPAN><SPAN CLASS="c2">, podr&iacute;a facilitar la aparici&oacute;n de voces discordantes en el partido de Pablo Iglesias y agrietar la unidad de su discurso. Las discusiones internas del grupo de Catalunya S&iacute; que es Pot en el Parlament catal&aacute;n son un ejemplo, seg&uacute;n dirigentes consultados, de los desaf&iacute;os a los que se enfrenta el partido de izquierdas. El reto de </SPAN><SPAN CLASS="c4">Ciudadanos</SPAN><SPAN CLASS="c2">, una fuerza pol&iacute;tica sin estructura nacional hasta 2015, no es menor. Para la formaci&oacute;n es clave mantener la coherencia argumental tras una campa&ntilde;a electoral en la que le perjudicaron las pol&eacute;micas generadas por algunos de sus portavoces -&quot;&iquest;El aborto es violencia? Creo que s&iacute;&quot;, dijo Carlos Pratch, finalmente elegido diputado, que luego se retract&oacute;-.</SPAN></P>
<P CLASS="c10"><SPAN CLASS="c2">Sus 40 diputados tienen una media de edad de 45 a&ntilde;os, provienen mayoritariamente de la sociedad civil y ser&aacute;n coordinados por el n&uacute;cleo duro de los pol&iacute;ticos que acompa&ntilde;an a Rivera. Juan Carlos Girauta, exeurodiputado, ser&aacute; el portavoz del grupo. Miguel &Aacute;ngel Guti&eacute;rrez, secretario general. Junto a ellos trabajar&aacute;n Ignacio Prendes y Patricia Reyes, los dos secretarios del partido en la Mesa; Jos&eacute; Manuel Villegas, vicesecretario general y jefe de gabinete del presidente; o Fran Herv&iacute;as, secretario de Organizaci&oacute;n. Estos ser&aacute;n los encargados de armonizar criterios y establecer la estrategia junto a Rivera en el Congreso.</SPAN></P>
<P CLASS="c10"><SPAN CLASS="c2">Organizaci&oacute;n empresarial</SPAN></P>
<P CLASS="c10"><SPAN CLASS="c2">&quot;Es como quien lleva los recursos humanos de una empresa&quot;, explica una fuente de </SPAN><SPAN CLASS="c4">Ciudadanos</SPAN><SPAN CLASS="c2">. &quot;Hay cosas que tienen que ver con los procedimientos, hay que organizar el trabajo y comunicarse bien. As&iacute; se solucionan estas cosas en las empresas y esto, en ese sentido, no deja de funcionar como una empresa&quot;, dice.</SPAN></P>
<P CLASS="c10"><SPAN CLASS="c2">Ese coraz&oacute;n organizativo, en el que tambi&eacute;n tendr&aacute; funciones de coordinaci&oacute;n Imma Aguilar, exasesora del grupo de Entesa en el Senado, estar&aacute; rodeado por portavoces especializados. Adem&aacute;s de Rivera, que ser&aacute; la voz principal del partido, destacar&aacute;n Marta Mart&iacute;n, Marta Rivera de la Cruz (cultura), Toni Rold&aacute;n (econom&iacute;a) o Francisco de la Torre (hacienda). Seg&uacute;n fuentes del partido, tambi&eacute;n tendr&aacute;n un papel importante Toni Cant&oacute; y Fernando Maura, con una prol&iacute;fica trayectoria pol&iacute;tica previa, y Elena Faba, que ya particip&oacute; en la campa&ntilde;a electoral. &quot;Las personas que han salido elegidas como diputados llegan tras pasar unas primarias, con formaci&oacute;n, m&aacute;s all&aacute; de su inexperiencia en un cargo p&uacute;blico&quot;, sostienen desde </SPAN><SPAN CLASS="c4">Ciudadanos</SPAN><SPAN CLASS="c2">.</SPAN></P>
<P CLASS="c10"><SPAN CLASS="c2">El partido, que arranc&oacute; 2015 con nueve diputados en el Parlament catal&aacute;n como toda representaci&oacute;n, se remite a los resultados de las elecciones auton&oacute;micas de este a&ntilde;o como mejor ejemplo de su capacidad para gestionar la entrada de profesionales de la sociedad civil en la pol&iacute;tica. El equipo de Rivera asegura que los nueve diputados andaluces de </SPAN><SPAN CLASS="c4">Ciudadanos</SPAN><SPAN CLASS="c2">, los 17 que tiene en Madrid o los 25 que logr&oacute; en Catalu&ntilde;a han trabajado hasta ahora con armon&iacute;a.</SPAN></P>
<P CLASS="c10"><SPAN CLASS="c2">El Congreso, sin embargo, es otro escenario. Las dos formaciones emergentes se enfrentan al reto de la profesionalizaci&oacute;n en una C&aacute;mara hiperfragmentada, donde la ausencia de mayor&iacute;as claras har&aacute; que cada voto valga su peso en oro, y que en consecuencia pondr&aacute; a prueba la consistencia de sus grupos parlamentarios.</SPAN></P>
</DIV>
<BR><DIV CLASS="c5"><P CLASS="c6"><SPAN CLASS="c9">LANGUAGE: </SPAN><SPAN CLASS="c2">SPANISH; ESPA&Ntilde;OL</SPAN></P>
</DIV>
<BR><DIV CLASS="c5"><P CLASS="c6"><SPAN CLASS="c9">PUBLICATION-TYPE: </SPAN><SPAN CLASS="c2">Peri&oacute;dico</SPAN></P>
</DIV>
<BR><DIV CLASS="c5"><P CLASS="c6"><SPAN CLASS="c9">SUBJECT: </SPAN><SPAN CLASS="c2">Pol&iacute;tica (93%)</SPAN></P>
</DIV>
<BR><DIV CLASS="c5"><P CLASS="c6"><SPAN CLASS="c9">IPTC SUBJECT: </SPAN><SPAN CLASS="c2">Politica</SPAN></P>
</DIV>
<BR><DIV CLASS="c5"><P CLASS="c6"><SPAN CLASS="c9">LOAD-DATE: </SPAN><SPAN CLASS="c2">January 16, 2016</SPAN></P>
</DIV>
<BR><DIV CLASS="c0"><BR><P CLASS="c1"><SPAN CLASS="c2">Copyright 2016 El Pais Internacional S.A.<BR>All Rights Reserved</SPAN></P>
</DIV>
</BODY>
</HTML>