<HTML>
<HEAD>
<STYLE TYPE="text/css">
.c0 { text-align: center; }
.c1 { text-align: center; margin-top: 0em; margin-bottom: 0em; }
.c2 { font-family: 'Courier New',Courier; font-size: 10pt; font-style: normal; font-weight: normal; color: #000000; text-decoration: none; }
.c3 { text-align: center; margin-left: 13%; margin-right: 13%; }
.c4 { font-family: 'Courier New',Courier; font-size: 10pt; font-style: normal; font-weight: bold; color: #CC0033; text-decoration: none; }
.c5 { text-align: left; }
.c6 { text-align: left; margin-top: 0em; margin-bottom: 0em; }
.c7 { font-family: 'Courier New',Courier; font-size: 14pt; font-style: normal; font-weight: bold; color: #000000; text-decoration: none; }
.c8 { font-family: 'Courier New',Courier; font-size: 14pt; font-style: normal; font-weight: bold; color: #CC0033; text-decoration: none; }
.c9 { font-family: 'Courier New',Courier; font-size: 10pt; font-style: normal; font-weight: bold; color: #000000; text-decoration: none; }
.c10 { text-align: left; margin-top: 1em; margin-bottom: 0em; }
.c11 { page-break-before: always; }
</STYLE>
</HEAD>
<BODY>
<BR><DIV CLASS="c0"><P CLASS="c1"><SPAN CLASS="c2">258 of 935 DOCUMENTS</SPAN></P>
</DIV>
<BR><DIV CLASS="c0"><BR><P CLASS="c1"><IMG SRC="http://www.lexisnexis.com/lnacui2api/results/docview/attachRetrieve.do?smi=LOGOS&key=38401&componentseq=1&type=logo&inline=y" ALT="http://www.lexisnexis.com/lnacui2api/results/docview/attachRetrieve.do?smi=LOGOS&key=38401&componentseq=1&type=logo&inline=y"><BR><SPAN CLASS="c2">El Pais</SPAN></P>
</DIV>
<BR><DIV CLASS="c3"><P CLASS="c1"><SPAN CLASS="c4">December</SPAN><SPAN CLASS="c2"> 30, 2015 Wednesday</SPAN><SPAN CLASS="c2">&nbsp;</SPAN><SPAN CLASS="c2">&nbsp;<BR>2&ordf; Ed. Madrid Edici&oacute;n</SPAN></P>
</DIV>
<BR><DIV CLASS="c5"><P CLASS="c6"><SPAN CLASS="c8">Ciudadanos</SPAN><SPAN CLASS="c7"> plantear&aacute; cuanto antes cambios en el reglamento del Congreso</SPAN></P>
</DIV>
<BR><DIV CLASS="c5"><P CLASS="c6"><SPAN CLASS="c9">BYLINE: </SPAN><SPAN CLASS="c2">J. J. MATEO / F. GAREA</SPAN></P>
</DIV>
<BR><DIV CLASS="c5"><P CLASS="c6"><SPAN CLASS="c9">SECTION: </SPAN><SPAN CLASS="c2">ESPA&ntilde;A; Base; P&aacute;g. 20</SPAN></P>
</DIV>
<BR><DIV CLASS="c5"><P CLASS="c6"><SPAN CLASS="c9">LENGTH: </SPAN><SPAN CLASS="c2">484 words</SPAN></P>
</DIV>
<BR><DIV CLASS="c5"><P CLASS="c6"><SPAN CLASS="c9">DATELINE: </SPAN><SPAN CLASS="c2">Madrid </SPAN></P>
</DIV>
<BR><DIV CLASS="c5"><BR><P CLASS="c6"><SPAN CLASS="c9">HIGHLIGHT:</SPAN><SPAN CLASS="c2">&nbsp;Rivera cuenta con la disposici&oacute;n de PSOE y Podemos para modificar el texto, de 1982<BR></SPAN></P>
</DIV>
<BR><DIV CLASS="c5"><P CLASS="c10"><SPAN CLASS="c4">Ciudadanos</SPAN><SPAN CLASS="c2"> prev&eacute; impulsar la reforma del reglamento del Congreso, que data de 1982, como una de las medidas clave del arranque de la pr&oacute;xima legislatura. Los dirigentes del partido de </SPAN><SPAN CLASS="c4">Albert Rivera</SPAN><SPAN CLASS="c2">, seg&uacute;n fuentes consultadas, esperan que Podemos coincida con su iniciativa. Que el PSOE ya haya expresado su predisposici&oacute;n a dialogar sobre cambios en el marco de las negociaciones para formar la Mesa de la C&aacute;mara Baja colocar&aacute; la reforma del texto en una posici&oacute;n prioritaria en la agenda del pr&oacute;ximo curso pol&iacute;tico.</SPAN><SPAN CLASS="c2">&nbsp;</SPAN></P>
<P CLASS="c10"><SPAN CLASS="c2">&quot;Tengo la voluntad de que esa Mesa refleje la pluralidad de Espa&ntilde;a y tambi&eacute;n la voluntad de una nueva etapa pol&iacute;tica&quot;, dijo ayer Rivera en Antena 3. &quot;Son unas Cortes que tendr&aacute;n que reformar el reglamento del Congreso para actualizarlo y modernizarlo en muchos temas&quot;. &quot;Viene una nueva era y la presidencia y la Mesa tienen un papel importante, como en la Transici&oacute;n&quot;.</SPAN></P>
<P CLASS="c10"><SPAN CLASS="c2">El reglamento, que entre otras cuestiones articula las comparecencias del presidente del Gobierno, las preguntas al Ejecutivo o las posibilidades que tiene la oposici&oacute;n de ejercer su labor de control, ha sido objeto de propuestas de reforma infructuosas en las &uacute;ltimas seis legislaturas. Los representantes de </SPAN><SPAN CLASS="c4">Ciudadanos</SPAN><SPAN CLASS="c2"> creen que su objetivo se ve favorecido por los complejos equilibrios parlamentarios a los que obliga el resultado de las elecciones generales del 20-D.</SPAN></P>
<P CLASS="c10"><SPAN CLASS="c2">&quot;Si hay algo bueno de las matem&aacute;ticas que han dejado las urnas es eso&quot;, explic&oacute; una fuente conocedora de c&oacute;mo est&aacute; organizando </SPAN><SPAN CLASS="c4">Ciudadanos</SPAN><SPAN CLASS="c2"> su desembarco en el Congreso. &quot;Ahora, el poder legislativo va a tener la capacidad de manejar la agenda pol&iacute;tica, y no tanto el Gobierno&quot;, a&ntilde;adi&oacute;.</SPAN></P>
<P CLASS="c10"><SPAN CLASS="c2">La formaci&oacute;n que lidera Rivera sum&oacute; 40 diputados en las generales y no tiene fuerza para aprobar la reforma por s&iacute; misma ante los 69 esca&ntilde;os de Podemos, los 90 del PSOE y los 123 del PP. Sin embargo, sus dirigentes creen que Podemos y el PSOE comparten su objetivo de &quot;garantizar la imparcialidad del presidente de la Mesa frente al Gobierno&quot;, asegurar la transparencia de los procedimientos, impulsar la tramitaci&oacute;n de iniciativas legislativas populares y facilitar la rendici&oacute;n de cuentas del Ejecutivo ante la oposici&oacute;n.</SPAN></P>
<P CLASS="c10"><SPAN CLASS="c2">Numerosas iniciativas</SPAN></P>
<P CLASS="c10"><SPAN CLASS="c2">Las iniciativas para intentar agilizar la encorsetada vida parlamentaria han sido m&uacute;ltiples en los &uacute;ltimos 30 a&ntilde;os. Unas veces se han estrellado contra las posiciones negociadoras de PP o PSOE. Otras, contra el escollo de la voluntad de los partidos nacionalistas de introducir el uso de las lenguas cooficiales en el d&iacute;a a d&iacute;a de la C&aacute;mara. Fuentes conocedoras del funcionamiento del Parlamento argumentan estos d&iacute;as que el PP perdi&oacute; una oportunidad durante la pasada legislatura, en la que goz&oacute; de mayor&iacute;a absoluta y pudo haber aprobado una reforma a su medida que hubiera acabado con el argumento de que el texto lleva 30 a&ntilde;os sin modificarse.</SPAN></P>
<P CLASS="c10"><SPAN CLASS="c2">El PSOE y </SPAN><SPAN CLASS="c4">Ciudadanos</SPAN><SPAN CLASS="c2"> esperan lograrlo uniendo a otros grupos, como Podemos.</SPAN></P>
</DIV>
<BR><DIV CLASS="c5"><P CLASS="c6"><SPAN CLASS="c9">LANGUAGE: </SPAN><SPAN CLASS="c2">SPANISH; ESPA&Ntilde;OL</SPAN></P>
</DIV>
<BR><DIV CLASS="c5"><P CLASS="c6"><SPAN CLASS="c9">PUBLICATION-TYPE: </SPAN><SPAN CLASS="c2">Peri&oacute;dico</SPAN></P>
</DIV>
<BR><DIV CLASS="c5"><P CLASS="c6"><SPAN CLASS="c9">SUBJECT: </SPAN><SPAN CLASS="c2">Pol&iacute;tica (93%)</SPAN></P>
</DIV>
<BR><DIV CLASS="c5"><P CLASS="c6"><SPAN CLASS="c9">IPTC SUBJECT: </SPAN><SPAN CLASS="c2">Politica</SPAN></P>
</DIV>
<BR><DIV CLASS="c5"><P CLASS="c6"><SPAN CLASS="c9">LOAD-DATE: </SPAN><SPAN CLASS="c2">December 29, 2015</SPAN></P>
</DIV>
<BR><DIV CLASS="c0"><BR><P CLASS="c1"><SPAN CLASS="c2">Copyright 2015 El Pais Internacional S.A.<BR>All Rights Reserved</SPAN></P>
</DIV>
</BODY>
</HTML>