<HTML>
<HEAD>
<STYLE TYPE="text/css">
.c0 { text-align: center; }
.c1 { text-align: center; margin-top: 0em; margin-bottom: 0em; }
.c2 { font-family: 'Courier New',Courier; font-size: 10pt; font-style: normal; font-weight: normal; color: #000000; text-decoration: none; }
.c3 { text-align: center; margin-left: 13%; margin-right: 13%; }
.c4 { font-family: 'Courier New',Courier; font-size: 10pt; font-style: normal; font-weight: bold; color: #CC0033; text-decoration: none; }
.c5 { text-align: left; }
.c6 { text-align: left; margin-top: 0em; margin-bottom: 0em; }
.c7 { font-family: 'Courier New',Courier; font-size: 14pt; font-style: normal; font-weight: bold; color: #000000; text-decoration: none; }
.c8 { font-family: 'Courier New',Courier; font-size: 14pt; font-style: normal; font-weight: bold; color: #CC0033; text-decoration: none; }
.c9 { font-family: 'Courier New',Courier; font-size: 10pt; font-style: normal; font-weight: bold; color: #000000; text-decoration: none; }
.c10 { text-align: left; margin-top: 1em; margin-bottom: 0em; }
.c11 { page-break-before: always; }
</STYLE>
</HEAD>
<BODY>
<BR><DIV CLASS="c0"><P CLASS="c1"><SPAN CLASS="c2">423 of 935 DOCUMENTS</SPAN></P>
</DIV>
<BR><DIV CLASS="c0"><BR><P CLASS="c1"><IMG SRC="http://www.lexisnexis.com/lnacui2api/results/docview/attachRetrieve.do?smi=LOGOS&key=38401&componentseq=1&type=logo&inline=y" ALT="http://www.lexisnexis.com/lnacui2api/results/docview/attachRetrieve.do?smi=LOGOS&key=38401&componentseq=1&type=logo&inline=y"><BR><SPAN CLASS="c2">El Pais</SPAN></P>
</DIV>
<BR><DIV CLASS="c3"><P CLASS="c1"><SPAN CLASS="c4">December</SPAN><SPAN CLASS="c2"> 1, 2015 Tuesday</SPAN><SPAN CLASS="c2">&nbsp;</SPAN><SPAN CLASS="c2">&nbsp;<BR>Andaluc&iacute;a Edici&oacute;n</SPAN></P>
</DIV>
<BR><DIV CLASS="c5"><P CLASS="c6"><SPAN CLASS="c7">Iglesias, solo en la defensa de un refer&eacute;ndum catal&aacute;n</SPAN></P>
</DIV>
<BR><DIV CLASS="c5"><P CLASS="c6"><SPAN CLASS="c9">BYLINE: </SPAN><SPAN CLASS="c2">MAIOL ROGER</SPAN></P>
</DIV>
<BR><DIV CLASS="c5"><P CLASS="c6"><SPAN CLASS="c9">SECTION: </SPAN><SPAN CLASS="c2">ESPA&ntilde;A; Base; P&aacute;g. 19 [AN] POL&Iacute;TICA TERRITORIAL. Sin consenso por la soluci&oacute;n en Catalu&ntilde;a</SPAN></P>
</DIV>
<BR><DIV CLASS="c5"><P CLASS="c6"><SPAN CLASS="c9">LENGTH: </SPAN><SPAN CLASS="c2">418 words</SPAN></P>
</DIV>
<BR><DIV CLASS="c5"><P CLASS="c6"><SPAN CLASS="c9">DATELINE: </SPAN><SPAN CLASS="c2">Barcelona P </SPAN></P>
</DIV>
<BR><DIV CLASS="c5"><P CLASS="c10"><SPAN CLASS="c2">ocas coincidencias en el bloque del debate de EL PA&Iacute;S dedicado a la pol&iacute;tica territorial. Pedro S&aacute;nchez, </SPAN><SPAN CLASS="c4">Albert Rivera</SPAN><SPAN CLASS="c2"> y Pablo Iglesias estuvieron de acuerdo en culpar a Artur Mas y a Mariano Rajoy del problema en Catalu&ntilde;a. M&aacute;s all&aacute; del diagn&oacute;stico, no hubo consenso en la soluci&oacute;n: el l&iacute;der de Podemos defendi&oacute; un refer&eacute;ndum sobre la independencia; para el candidato del PSOE, una reforma constitucional lograr&aacute; acabar con el conflicto; y el presidente de </SPAN><SPAN CLASS="c4">Ciudadanos</SPAN><SPAN CLASS="c2"> defendi&oacute; el respeto a la ley como el mejor ant&iacute;doto para el secesionismo.</SPAN><SPAN CLASS="c2">&nbsp;</SPAN></P>
<P CLASS="c10"><SPAN CLASS="c2">Al l&iacute;der catal&aacute;n le reprochan su rupturismo; al del PP, el gran ausente en el debate, su inmovilismo. &quot;Con cuatro a&ntilde;os m&aacute;s de Rajoy va a querer irse de Espa&ntilde;a hasta Valladolid&quot;, proclam&oacute; Iglesias. S&aacute;nchez deplor&oacute; que Rajoy &quot;no haya hecho nada en Catalu&ntilde;a en estos cuatro a&ntilde;os, pese a que hace tiempo que suenan las alarmas&quot;. Para Rivera, el secesionismo empez&oacute; a crecer con el recurso del PP al Estatuto.</SPAN></P>
<P CLASS="c10"><SPAN CLASS="c2">La propuesta de un refer&eacute;ndum de independencia que lanz&oacute; Iglesias gener&oacute; un intenso debate. El l&iacute;der de Podemos lo plante&oacute;, defendiendo un voto contra la secesi&oacute;n para encajar a Catalu&ntilde;a en una &quot;Espa&ntilde;a plurinacional&quot;. S&aacute;nchez y Rivera coincidieron en que la votaci&oacute;n supondr&iacute;a &quot;tirar la toalla&quot;. &quot;Conozco bien a Artur Mas. No lo vamos a convencer, quiere romper Espa&ntilde;a&quot;, agreg&oacute; el candidato de </SPAN><SPAN CLASS="c4">Ciudadanos</SPAN><SPAN CLASS="c2">.</SPAN></P>
<P CLASS="c10"><SPAN CLASS="c2">Uno de los momentos m&aacute;s c&oacute;micos del debate lo protagonizaron el socialista y el l&iacute;der de Podemos, a cuenta del derecho a la autodeterminaci&oacute;n. &quot;Solo un pa&iacute;s lo reconoc&iacute;a en su Constituci&oacute;n, la Uni&oacute;n Sovi&eacute;tica&quot;, dispar&oacute; el socialista. Iglesias se burl&oacute;: &quot;&iexcl;Uuuh, qu&eacute; miedo!&quot;. &quot;Es vuestro modelo&quot;, contraatac&oacute; S&aacute;nchez, que insisti&oacute; en una reforma constitucional que reconociese la singularidad catalana. El socialista y el candidato de Podemos se enzarzaron tambi&eacute;n por los pactos municipales: el l&iacute;der del PSOE record&oacute; que en Navarra la formaci&oacute;n de Iglesias gobierna con Bildu.</SPAN></P>
<P CLASS="c10"><SPAN CLASS="c2">Rivera tambi&eacute;n afe&oacute; a Podemos acuerdos en Catalu&ntilde;a, pero prefiri&oacute; apuntar a S&aacute;nchez por mantener alianzas en municipios catalanes que apoyan la secesi&oacute;n. El socialista le record&oacute; que </SPAN><SPAN CLASS="c4">Ciudadanos</SPAN><SPAN CLASS="c2">, en 2009, pact&oacute; con una formaci&oacute;n de ultraderecha.</SPAN></P>
<P CLASS="c10"><SPAN CLASS="c2">Las posibles reformas centraron el tramo final del bloque. Los candidatos de PSOE y Podemos defendieron la descentralizaci&oacute;n de competencias, mientras que Rivera prometi&oacute; una simplificaci&oacute;n. Sobre el Senado, los bloques se repitieron: Iglesias y S&aacute;nchez optaron por reformarlo y trasladarlo a Barcelona; para Rivera, la soluci&oacute;n es cerrarlo.</SPAN></P>
</DIV>
<BR><DIV CLASS="c5"><P CLASS="c6"><SPAN CLASS="c9">LANGUAGE: </SPAN><SPAN CLASS="c2">SPANISH; ESPA&Ntilde;OL</SPAN></P>
</DIV>
<BR><DIV CLASS="c5"><P CLASS="c6"><SPAN CLASS="c9">PUBLICATION-TYPE: </SPAN><SPAN CLASS="c2">Peri&oacute;dico</SPAN></P>
</DIV>
<BR><DIV CLASS="c5"><P CLASS="c6"><SPAN CLASS="c9">SUBJECT: </SPAN><SPAN CLASS="c2">Pol&iacute;tica (94%)</SPAN></P>
</DIV>
<BR><DIV CLASS="c5"><P CLASS="c6"><SPAN CLASS="c9">IPTC SUBJECT: </SPAN><SPAN CLASS="c2">Politica</SPAN></P>
</DIV>
<BR><DIV CLASS="c5"><P CLASS="c6"><SPAN CLASS="c9">LOAD-DATE: </SPAN><SPAN CLASS="c2">November 30, 2015</SPAN></P>
</DIV>
<BR><DIV CLASS="c0"><BR><P CLASS="c1"><SPAN CLASS="c2">Copyright 2015 El Pais Internacional S.A.<BR>All Rights Reserved</SPAN></P>
</DIV>
</BODY>
</HTML>