<HTML>
<HEAD>
<STYLE TYPE="text/css">
.c0 { text-align: center; }
.c1 { text-align: center; margin-top: 0em; margin-bottom: 0em; }
.c2 { font-family: 'Courier New',Courier; font-size: 10pt; font-style: normal; font-weight: normal; color: #000000; text-decoration: none; }
.c3 { text-align: center; margin-left: 13%; margin-right: 13%; }
.c4 { font-family: 'Courier New',Courier; font-size: 10pt; font-style: normal; font-weight: bold; color: #CC0033; text-decoration: none; }
.c5 { text-align: left; }
.c6 { text-align: left; margin-top: 0em; margin-bottom: 0em; }
.c7 { font-family: 'Courier New',Courier; font-size: 14pt; font-style: normal; font-weight: bold; color: #000000; text-decoration: none; }
.c8 { font-family: 'Courier New',Courier; font-size: 14pt; font-style: normal; font-weight: bold; color: #CC0033; text-decoration: none; }
.c9 { font-family: 'Courier New',Courier; font-size: 10pt; font-style: normal; font-weight: bold; color: #000000; text-decoration: none; }
.c10 { text-align: left; margin-top: 1em; margin-bottom: 0em; }
.c11 { page-break-before: always; }
</STYLE>
</HEAD>
<BODY>
<BR><DIV CLASS="c0"><P CLASS="c1"><SPAN CLASS="c2">528 of 935 DOCUMENTS</SPAN></P>
</DIV>
<BR><DIV CLASS="c0"><BR><P CLASS="c1"><IMG SRC="http://www.lexisnexis.com/lnacui2api/results/docview/attachRetrieve.do?smi=LOGOS&key=38401&componentseq=1&type=logo&inline=y" ALT="http://www.lexisnexis.com/lnacui2api/results/docview/attachRetrieve.do?smi=LOGOS&key=38401&componentseq=1&type=logo&inline=y"><BR><SPAN CLASS="c2">El Pais</SPAN></P>
</DIV>
<BR><DIV CLASS="c3"><P CLASS="c1"><SPAN CLASS="c4">November</SPAN><SPAN CLASS="c2"> 28, 2015 Saturday</SPAN><SPAN CLASS="c2">&nbsp;</SPAN><SPAN CLASS="c2">&nbsp;<BR>Nacional Edici&oacute;n</SPAN></P>
</DIV>
<BR><DIV CLASS="c5"><P CLASS="c6"><SPAN CLASS="c7">Los electores j&oacute;venes piden encuentros entre todos los candidatos</SPAN></P>
</DIV>
<BR><DIV CLASS="c5"><P CLASS="c6"><SPAN CLASS="c9">BYLINE: </SPAN><SPAN CLASS="c2">J. J. MATEO / F. MANETTO</SPAN></P>
</DIV>
<BR><DIV CLASS="c5"><P CLASS="c6"><SPAN CLASS="c9">SECTION: </SPAN><SPAN CLASS="c2">ESPA&ntilde;A; Base; P&aacute;g. 18</SPAN></P>
</DIV>
<BR><DIV CLASS="c5"><P CLASS="c6"><SPAN CLASS="c9">LENGTH: </SPAN><SPAN CLASS="c2">308 words</SPAN></P>
</DIV>
<BR><DIV CLASS="c5"><P CLASS="c6"><SPAN CLASS="c9">DATELINE: </SPAN><SPAN CLASS="c2">Madri d </SPAN></P>
</DIV>
<BR><DIV CLASS="c5"><BR><P CLASS="c6"><SPAN CLASS="c9">HIGHLIGHT:</SPAN><SPAN CLASS="c2">&nbsp;Los universitarios critican las ausencias de los l&iacute;deres de los dos principales partidos<BR></SPAN></P>
</DIV>
<BR><DIV CLASS="c5"><P CLASS="c10"><SPAN CLASS="c2">En el campus de la Universidad Carlos III (Legan&eacute;s, Madrid), colas kilom&eacute;tricas. Cientos de j&oacute;venes se agolparon desde las ocho de la ma&ntilde;ana para ver debatir a </SPAN><SPAN CLASS="c4">Albert Rivera (Ciudadanos</SPAN><SPAN CLASS="c2">) y Pablo Iglesias (Podemos). Hab&iacute;a tensi&oacute;n porque las puertas del auditorio no acababan de abrirse. M&aacute;s de 1.000 espectadores y 80 periodistas abarrotaron finalmente la sala. &iquest;No se dec&iacute;a que a los j&oacute;venes no les interesa la pol&iacute;tica?</SPAN><SPAN CLASS="c2">&nbsp;</SPAN></P>
<P CLASS="c10"><SPAN CLASS="c2">&quot;Claro que nos interesa. &iexcl;M&aacute;s que a nadie!&quot;, aseguraba Lino, de 19 a&ntilde;os. &quot;Vienen los dos que van a decidir la pol&iacute;tica en los pr&oacute;ximos a&ntilde;os, los dos m&aacute;s importantes, los que est&aacute;n removiendo el panorama. Es importante ver qu&eacute; nos pueden decir&quot;, a&ntilde;ad&iacute;a su amigo &Aacute;lvaro, de igual edad. &quot;Claro, hay que ver las decisiones que pueden tomar&quot;, remataba Juan.</SPAN></P>
<P CLASS="c10"><SPAN CLASS="c2">Hay una raz&oacute;n por la que los asistentes ped&iacute;an la presencia de todos los candidatos. El 22,2% de los electores no ha decidido su voto, seg&uacute;n el &uacute;ltimo bar&oacute;metro del CIS. La aparici&oacute;n de </SPAN><SPAN CLASS="c4">Ciudadanos</SPAN><SPAN CLASS="c2"> y de Podemos ha aumentado esa cifra de electores indecisos, que supera la registrada en las generales de 2008 (16,9%) y en las de 2011 (15,4%). Los electores quieren debates para contrastar ideas y programas.</SPAN></P>
<P CLASS="c10"><SPAN CLASS="c2">Cuando Rivera e Iglesias pisan el escenario de la universidad, rompen las palmas. Entonces, se proyecta un v&iacute;deo de Rajoy y otro de S&aacute;nchez. El abucheo se extiende por el auditorio. Se les echa en cara que no hayan querido estar presentes. &quot;Quer&iacute;a venir para ver la impresi&oacute;n que me dan en primera persona, no me parece lo mismo verlos por la tele&quot;, explica Ana, de 23 a&ntilde;os. &quot;No tengo muy claro a qui&eacute;n voy a votar y quiero despejar alguna duda&quot;, a&ntilde;ade su amiga Paloma. Para eso est&aacute;n los debates. El lunes, EL PA&Iacute;S reunir&aacute; a S&aacute;nchez, Rivera e Iglesias en el primero que se retransmite por la web en Espa&ntilde;a, aut&eacute;ntico pistoletazo de salida de la campa&ntilde;a electoral del 20-D.</SPAN></P>
</DIV>
<BR><DIV CLASS="c5"><P CLASS="c6"><SPAN CLASS="c9">LANGUAGE: </SPAN><SPAN CLASS="c2">SPANISH; ESPA&Ntilde;OL</SPAN></P>
</DIV>
<BR><DIV CLASS="c5"><P CLASS="c6"><SPAN CLASS="c9">PUBLICATION-TYPE: </SPAN><SPAN CLASS="c2">Peri&oacute;dico</SPAN></P>
</DIV>
<BR><DIV CLASS="c5"><P CLASS="c6"><SPAN CLASS="c9">SUBJECT: </SPAN><SPAN CLASS="c2">Pol&iacute;tica (93%)</SPAN></P>
</DIV>
<BR><DIV CLASS="c5"><P CLASS="c6"><SPAN CLASS="c9">IPTC SUBJECT: </SPAN><SPAN CLASS="c2">Politica</SPAN></P>
</DIV>
<BR><DIV CLASS="c5"><P CLASS="c6"><SPAN CLASS="c9">LOAD-DATE: </SPAN><SPAN CLASS="c2">November 27, 2015</SPAN></P>
</DIV>
<BR><DIV CLASS="c0"><BR><P CLASS="c1"><SPAN CLASS="c2">Copyright 2015 El Pais Internacional S.A.<BR>All Rights Reserved</SPAN></P>
</DIV>
</BODY>
</HTML>