<HTML>
<HEAD>
<STYLE TYPE="text/css">
.c0 { text-align: center; }
.c1 { text-align: center; margin-top: 0em; margin-bottom: 0em; }
.c2 { font-family: 'Courier New',Courier; font-size: 10pt; font-style: normal; font-weight: normal; color: #000000; text-decoration: none; }
.c3 { text-align: center; margin-left: 13%; margin-right: 13%; }
.c4 { font-family: 'Courier New',Courier; font-size: 10pt; font-style: normal; font-weight: bold; color: #CC0033; text-decoration: none; }
.c5 { text-align: left; }
.c6 { text-align: left; margin-top: 0em; margin-bottom: 0em; }
.c7 { font-family: 'Courier New',Courier; font-size: 14pt; font-style: normal; font-weight: bold; color: #000000; text-decoration: none; }
.c8 { font-family: 'Courier New',Courier; font-size: 14pt; font-style: normal; font-weight: bold; color: #CC0033; text-decoration: none; }
.c9 { font-family: 'Courier New',Courier; font-size: 10pt; font-style: normal; font-weight: bold; color: #000000; text-decoration: none; }
.c10 { text-align: left; margin-top: 1em; margin-bottom: 0em; }
.c11 { page-break-before: always; }
</STYLE>
</HEAD>
<BODY>
<BR><DIV CLASS="c0"><P CLASS="c1"><SPAN CLASS="c2">207 of 935 DOCUMENTS</SPAN></P>
</DIV>
<BR><DIV CLASS="c0"><BR><P CLASS="c1"><IMG SRC="http://www.lexisnexis.com/lnacui2api/results/docview/attachRetrieve.do?smi=LOGOS&key=38401&componentseq=1&type=logo&inline=y" ALT="http://www.lexisnexis.com/lnacui2api/results/docview/attachRetrieve.do?smi=LOGOS&key=38401&componentseq=1&type=logo&inline=y"><BR><SPAN CLASS="c2">El Pais</SPAN></P>
</DIV>
<BR><DIV CLASS="c3"><P CLASS="c1"><SPAN CLASS="c4">December</SPAN><SPAN CLASS="c2"> 29, 2015 Tuesday</SPAN><SPAN CLASS="c2">&nbsp;</SPAN><SPAN CLASS="c2">&nbsp;<BR>Andaluc&iacute;a Edici&oacute;n</SPAN></P>
</DIV>
<BR><DIV CLASS="c5"><P CLASS="c6"><SPAN CLASS="c7">Rajoy multiplica la presi&oacute;n para que S&aacute;nchez le apoye</SPAN></P>
</DIV>
<BR><DIV CLASS="c5"><P CLASS="c6"><SPAN CLASS="c9">BYLINE: </SPAN><SPAN CLASS="c2">JAVIER CASQUEIRO</SPAN></P>
</DIV>
<BR><DIV CLASS="c5"><P CLASS="c6"><SPAN CLASS="c9">SECTION: </SPAN><SPAN CLASS="c2">ESPA&ntilde;A; Base; P&aacute;g. 16</SPAN></P>
</DIV>
<BR><DIV CLASS="c5"><P CLASS="c6"><SPAN CLASS="c9">LENGTH: </SPAN><SPAN CLASS="c2">717 words</SPAN></P>
</DIV>
<BR><DIV CLASS="c5"><P CLASS="c6"><SPAN CLASS="c9">DATELINE: </SPAN><SPAN CLASS="c2">Madrid </SPAN></P>
</DIV>
<BR><DIV CLASS="c5"><P CLASS="c10"><SPAN CLASS="c2">Mariano Rajoy &quot;mantiene y reafirma&quot; su candidatura a volver a presidir el Gobierno porque ve al aspirante socialista, Pedro S&aacute;nchez, cada vez m&aacute;s d&eacute;bil y susceptible de ser presionado, interna y externamente. El PP ha multiplicado esas presiones tras observar, con fruici&oacute;n, la rebeli&oacute;n de los barones del PSOE contra una posible alianza de S&aacute;nchez con Podemos. Adem&aacute;s, </SPAN><SPAN CLASS="c4">Albert</SPAN><SPAN CLASS="c2">&nbsp;</SPAN><SPAN CLASS="c4">Rivera</SPAN><SPAN CLASS="c2">, l&iacute;der de </SPAN><SPAN CLASS="c4">Ciudadanos</SPAN><SPAN CLASS="c2">, reiter&oacute; un futuro respaldo a la investidura de Rajoy con la abstenci&oacute;n de sus 40 diputados si los socialistas tambi&eacute;n se abstienen.</SPAN></P>
<P CLASS="c10"><SPAN CLASS="c2">El presidente en funciones Mariano Rajoy recibi&oacute; ayer en La Moncloa a los l&iacute;deres de Podemos y de </SPAN><SPAN CLASS="c4">Ciudadanos</SPAN><SPAN CLASS="c2">, en la segunda fase de la ronda de contactos para explorar qu&eacute; posibilidades tiene de intentar ser investido de nuevo. Pablo Iglesias y </SPAN><SPAN CLASS="c4">Albert</SPAN><SPAN CLASS="c2">&nbsp;</SPAN><SPAN CLASS="c4">Rivera</SPAN><SPAN CLASS="c2"> le aclararon r&aacute;pido que no le votar&iacute;an afirmativamente en esa hipot&eacute;tica votaci&oacute;n pero con dos objetivos completamente distintos. El l&iacute;der de Podemos le reiter&oacute; a Rajoy a la cara en menos de dos minutos que no cuente con &eacute;l para nada y que no le votar&aacute; ni a &eacute;l ni a ning&uacute;n dirigente del PP jam&aacute;s. Luego se dedicaron durante m&aacute;s de 100 minutos a una charla distendida sobre todo tipo de asuntos de pol&iacute;tica nacional e internacional, casi el triple de tiempo que estuvieron la semana pasada Rajoy y el socialista Pedro S&aacute;nchez.</SPAN><SPAN CLASS="c2">&nbsp;</SPAN></P>
<P CLASS="c10"><SPAN CLASS="c2">Charla con Iglesias</SPAN></P>
<P CLASS="c10"><SPAN CLASS="c2">Rajoy e Iglesias hablaron de China, de la Uni&oacute;n Europea, de Estados Unidos, de la transici&oacute;n espa&ntilde;ola, de las primeras elecciones de 1977, de las de 1979, del auge, ca&iacute;da y desaparici&oacute;n de UCD, de la historia de Alianza Popular y el candidato del PP le cont&oacute; c&oacute;mo en 1981 la Iglesia tuvo que ceder unas instalaciones para que pudiera arrancar la primera legislatura democr&aacute;tica en su Galicia natal. Buen ambiente. Era un encuentro de tr&aacute;mite. Ninguno de los dos esperaba ning&uacute;n regalo o apoyo del otro.</SPAN></P>
<P CLASS="c10"><SPAN CLASS="c2">Luego, en una comparecencia ante la prensa que dur&oacute; casi otra hora, Iglesias sigui&oacute; su gui&oacute;n de ataques sin cuartel contra S&aacute;nchez y su falta de liderazgo en el PSOE actual que congratul&oacute; sobremanera en La Moncloa y apuntal&oacute; la estrategia en estos momentos del PP. La preocupaci&oacute;n que m&aacute;s inquieta a los populares sobre los objetivos de Iglesias tiene que ver con su reconocimiento de que con el bloqueo actual lo que busca es que se repitan las elecciones para poder no solo superar al PSOE sino ganarlas. Ese s&iacute; que ser&iacute;a un futuro todav&iacute;a m&aacute;s incierto para Rajoy y el PP.</SPAN></P>
<P CLASS="c10"><SPAN CLASS="c2">El PP persigue con todos estos empujones pol&iacute;ticos sobre S&aacute;nchez que el secretario general del PSOE &quot;recapacite&quot; al final de este proceso y de manera &quot;sensata y razonable&quot; ceda a su negativa de entrada a siquiera hablar con Rajoy de nada que tenga que ver con su investidura. As&iacute; lo confes&oacute; en p&uacute;blico el actual n&uacute;mero tres del PP, Fernando Mart&iacute;nez Ma&iacute;llo, vicesecretario de Organizaci&oacute;n. En privado los dirigentes del PP van m&aacute;s lejos y confiesan que lo que aguardan y anhelan es que S&aacute;nchez se encuentre en alg&uacute;n momento de las pr&oacute;ximas semanas o meses ante la tesitura de ir a otras elecciones o escuchar a algunos de sus barones territoriales, a los expresidentes socialistas, a muchos de sus diputados y sus bases y permita que Rajoy sea investido con la abstenci&oacute;n del PSOE.</SPAN></P>
<P CLASS="c10"><SPAN CLASS="c2">En el PP avanzan que ante ese dilema S&aacute;nchez no tendr&aacute; m&aacute;s remedio que decantarse por &quot;el mal menor&quot; de Rajoy porque otras elecciones podr&iacute;an ser suicidas ante el empuje de Podemos. En los argumentarios del PP y en algunas declaraciones de sus dirigentes se avala la teor&iacute;a de que en ese escenario ser&iacute;a perfectamente discutible la hip&oacute;tesis de una &quot;gran coalici&oacute;n&quot; con el PSOE como sucede en Alemania y a abrir todas &quot;las v&iacute;as y mecanismos&quot; de cualquier cooperaci&oacute;n. En privado los colaboradores de Rajoy en estas negociaciones aceptan que para que se produjera esa alianza en Espa&ntilde;a hace falta &quot;un gran salto&quot; que no ven posible que S&aacute;nchez est&eacute; dispuesto a dar. Pero dejan correr esa especulaci&oacute;n para acrecentar la presi&oacute;n.</SPAN></P>
<P CLASS="c10"><SPAN CLASS="c2">Rajoy estuvo menos tiempo con Rivera pero cuenta con su ayuda directa o indirecta para transmitir tambi&eacute;n a S&aacute;nchez la idea de que un tripartito con los 253 esca&ntilde;os detr&aacute;s de los partidos constitucionalistas que creen en la unidad de Espa&ntilde;a (PP, PSOE y </SPAN><SPAN CLASS="c4">Ciudadanos</SPAN><SPAN CLASS="c2">) ser&iacute;a el mejor mensaje &quot;de certidumbre, estabilidad y seguridad&quot; para los </SPAN><SPAN CLASS="c4">ciudadanos</SPAN><SPAN CLASS="c2"> y nuestro entorno internacional.</SPAN></P>
</DIV>
<BR><DIV CLASS="c5"><P CLASS="c6"><SPAN CLASS="c9">LANGUAGE: </SPAN><SPAN CLASS="c2">SPANISH; ESPA&Ntilde;OL</SPAN></P>
</DIV>
<BR><DIV CLASS="c5"><P CLASS="c6"><SPAN CLASS="c9">PUBLICATION-TYPE: </SPAN><SPAN CLASS="c2">Peri&oacute;dico</SPAN></P>
</DIV>
<BR><DIV CLASS="c5"><P CLASS="c6"><SPAN CLASS="c9">SUBJECT: </SPAN><SPAN CLASS="c2">Pol&iacute;tica (93%)</SPAN></P>
</DIV>
<BR><DIV CLASS="c5"><P CLASS="c6"><SPAN CLASS="c9">IPTC SUBJECT: </SPAN><SPAN CLASS="c2">Politica</SPAN></P>
</DIV>
<BR><DIV CLASS="c5"><P CLASS="c6"><SPAN CLASS="c9">LOAD-DATE: </SPAN><SPAN CLASS="c2">December 28, 2015</SPAN></P>
</DIV>
<BR><DIV CLASS="c0"><BR><P CLASS="c1"><SPAN CLASS="c2">Copyright 2015 El Pais Internacional S.A.<BR>All Rights Reserved</SPAN></P>
</DIV>
</BODY>
</HTML>