<HTML>
<HEAD>
<STYLE TYPE="text/css">
.c0 { text-align: center; }
.c1 { text-align: center; margin-top: 0em; margin-bottom: 0em; }
.c2 { font-family: 'Courier New',Courier; font-size: 10pt; font-style: normal; font-weight: normal; color: #000000; text-decoration: none; }
.c3 { text-align: center; margin-left: 13%; margin-right: 13%; }
.c4 { font-family: 'Courier New',Courier; font-size: 10pt; font-style: normal; font-weight: bold; color: #CC0033; text-decoration: none; }
.c5 { text-align: left; }
.c6 { text-align: left; margin-top: 0em; margin-bottom: 0em; }
.c7 { font-family: 'Courier New',Courier; font-size: 14pt; font-style: normal; font-weight: bold; color: #000000; text-decoration: none; }
.c8 { font-family: 'Courier New',Courier; font-size: 14pt; font-style: normal; font-weight: bold; color: #CC0033; text-decoration: none; }
.c9 { font-family: 'Courier New',Courier; font-size: 10pt; font-style: normal; font-weight: bold; color: #000000; text-decoration: none; }
.c10 { text-align: left; margin-top: 1em; margin-bottom: 0em; }
.c11 { page-break-before: always; }
</STYLE>
</HEAD>
<BODY>
<BR><DIV CLASS="c0"><P CLASS="c1"><SPAN CLASS="c2">174 of 935 DOCUMENTS</SPAN></P>
</DIV>
<BR><DIV CLASS="c0"><BR><P CLASS="c1"><IMG SRC="http://www.lexisnexis.com/lnacui2api/results/docview/attachRetrieve.do?smi=LOGOS&key=38401&componentseq=1&type=logo&inline=y" ALT="http://www.lexisnexis.com/lnacui2api/results/docview/attachRetrieve.do?smi=LOGOS&key=38401&componentseq=1&type=logo&inline=y"><BR><SPAN CLASS="c2">El Pais</SPAN></P>
</DIV>
<BR><DIV CLASS="c3"><P CLASS="c1"><SPAN CLASS="c4">December</SPAN><SPAN CLASS="c2"> 4, 2015 Friday</SPAN><SPAN CLASS="c2">&nbsp;</SPAN><SPAN CLASS="c2">&nbsp;<BR>Nacional Edici&oacute;n</SPAN></P>
</DIV>
<BR><DIV CLASS="c5"><P CLASS="c6"><SPAN CLASS="c7">El PP ganar&aacute;, pero quedar&aacute; en manos de </SPAN><SPAN CLASS="c8">Ciudadanos,</SPAN><SPAN CLASS="c7"> seg&uacute;n el CIS</SPAN></P>
</DIV>
<BR><DIV CLASS="c5"><P CLASS="c6"><SPAN CLASS="c9">BYLINE: </SPAN><SPAN CLASS="c2">FERNANDO GAREA</SPAN></P>
</DIV>
<BR><DIV CLASS="c5"><P CLASS="c6"><SPAN CLASS="c9">SECTION: </SPAN><SPAN CLASS="c2">ESPA&ntilde;A; Base; P&aacute;g. 19</SPAN></P>
</DIV>
<BR><DIV CLASS="c5"><P CLASS="c6"><SPAN CLASS="c9">LENGTH: </SPAN><SPAN CLASS="c2">892 words</SPAN></P>
</DIV>
<BR><DIV CLASS="c5"><P CLASS="c6"><SPAN CLASS="c9">DATELINE: </SPAN><SPAN CLASS="c2">Madrid </SPAN></P>
</DIV>
<BR><DIV CLASS="c5"><P CLASS="c10"><SPAN CLASS="c2">La campa&ntilde;a electoral arranca con la expectativa de un Parlamento fragmentado, una ventaja amplia del PP y la &uacute;nica opci&oacute;n viable de un acuerdo entre los populares y </SPAN><SPAN CLASS="c4">Ciudadanos</SPAN><SPAN CLASS="c2"> para sacar adelante la investidura del pr&oacute;ximo presidente del Gobierno en la segunda quincena del mes de enero. Al menos, esos son los datos fundamentales del macrosondeo del CIS conocido ayer, que muestra una notable ca&iacute;da del PSOE que le hace casi imposible lograr una mayor&iacute;a alternativa a la del PP en el futuro Congreso de los Diputados.</SPAN></P>
<P CLASS="c10"><SPAN CLASS="c2">El PP est&aacute; en condiciones de ganar las elecciones generales del pr&oacute;ximo 20 de diciembre, seg&uacute;n el macrosondeo del CIS hecho p&uacute;blico ayer, en la v&iacute;spera de la campa&ntilde;a electoral. El estudio muestra un panorama pol&iacute;tico ins&oacute;lito en el que se confirma la ausencia de mayor&iacute;as absolutas y se obliga a pactos entre los principales partidos. De todas las combinaciones de acuerdos posibles, la m&aacute;s real y veros&iacute;mil ser&iacute;a la del PP con respaldo de </SPAN><SPAN CLASS="c4">Ciudadanos</SPAN><SPAN CLASS="c2">. Es la &uacute;nica opci&oacute;n que superar&iacute;a los 176 esca&ntilde;os que marcan la mayor&iacute;a absoluta.</SPAN><SPAN CLASS="c2">&nbsp;</SPAN></P>
<P CLASS="c10"><SPAN CLASS="c2">La encuesta oficial se hizo entre el 27 de octubre y el 16 de noviembre, con 17.452 entrevistas, n&uacute;mero muy elevado que permite territorializarla, con distribuci&oacute;n de esca&ntilde;os por circunscripciones. Como es habitual, casi todos los partidos pusieron en duda la llamada cocina, t&eacute;rmino con el que se designa la interpretaci&oacute;n posterior de los datos en bruto.</SPAN></P>
<P CLASS="c10"><SPAN CLASS="c2">Los populares obtendr&iacute;an entre 120 y 128 esca&ntilde;os y el 28,6% de los votos. Ser&iacute;a la primera vez en democracia que el primer partido, el que tiene que asumir la iniciativa para formar Gobierno, queda por debajo del 30% de los votos y con un n&uacute;mero tan escaso de esca&ntilde;os. El partido de Mariano Rajoy perder&iacute;a m&aacute;s de 80 diputados con respecto a las generales de 2011, cuando el PP logr&oacute; una mayor&iacute;a absoluta casi hegem&oacute;nica con la que gobern&oacute; en Espa&ntilde;a, en la mayor&iacute;a de las comunidades y los Ayuntamientos. Pero su diferencia sobre el segundo ser&iacute;a notable y estar&iacute;a en casi 8 puntos.</SPAN></P>
<P CLASS="c10"><SPAN CLASS="c2">El futuro del l&iacute;der del PP</SPAN></P>
<P CLASS="c10"><SPAN CLASS="c2">Si se cumpliera el panorama que describe la encuesta, quedar&iacute;a la inc&oacute;gnita para el mes de enero de si se produce ese acuerdo o si </SPAN><SPAN CLASS="c4">Albert Rivera,</SPAN><SPAN CLASS="c2"> l&iacute;der de </SPAN><SPAN CLASS="c4">Ciudadanos</SPAN><SPAN CLASS="c2">, tiene fuerza suficiente como para exigir que el presidente del PP no sea Mariano Rajoy, como ha insinuado. Podr&iacute;a no ser necesario el voto favorable de </SPAN><SPAN CLASS="c4">Ciudadanos</SPAN><SPAN CLASS="c2"> en la investidura porque cabr&iacute;a la opci&oacute;n de un presidente elegido en segunda vuelta con mayor&iacute;a simple.</SPAN></P>
<P CLASS="c10"><SPAN CLASS="c2">Del sondeo se deducen incertidumbres de futuro como que el partido que tendr&iacute;a que afrontar el problema de Catalu&ntilde;a, el PP, s&oacute;lo tendr&iacute;a cuatro de los 47 esca&ntilde;os en disputa en esa comunidad. Es decir, un nivel m&iacute;nimo de representaci&oacute;n.</SPAN></P>
<P CLASS="c10"><SPAN CLASS="c2">La ventaja para el PP es que no es f&aacute;cil ver una mayor&iacute;a alternativa que les excluya del Gobierno. El PSOE logra mantener el segundo puesto, pero solo obtendr&iacute;a entre 77 y 89 esca&ntilde;os, es decir, unos 20 menos que los actuales, en su m&iacute;nimo hist&oacute;rico y con muchas dificultades para Pedro S&aacute;nchez a la hora de buscar opciones alternativas.</SPAN></P>
<P CLASS="c10"><SPAN CLASS="c2">La &uacute;nica buena noticia para los socialistas es que, en v&iacute;speras de la campa&ntilde;a, mantiene el segundo lugar, lo que le favorece en la aplicaci&oacute;n de la Ley D'Hont que sirve para distribuir los esca&ntilde;os. Tambi&eacute;n le sirve para apelar en campa&ntilde;a al voto &uacute;til como &uacute;nico partido que puede arrebatar el Gobierno al PP. El PSOE tendr&iacute;a el 20,8% de los votos. Trae noticias tan malas para S&aacute;nchez como que el PSOE en Madrid ser&iacute;a la cuarta fuerza con solo cinco de 36 esca&ntilde;os. Un batacazo notable que podr&iacute;a ser a&uacute;n mayor si no fuera porque resiste en Andaluc&iacute;a.</SPAN></P>
<P CLASS="c10"><SPAN CLASS="c2">El tercer partido es </SPAN><SPAN CLASS="c4">Ciudadanos</SPAN><SPAN CLASS="c2">, que logra el 19% de los votos, entre 63 y 66 esca&ntilde;os. Con esos datos, Rivera puede condicionar la vida pol&iacute;tica, aunque al no haber alternativa de Gobierno al PP est&aacute; obligado a tomar partido, sin otras opciones. Nunca una tercera candidatura ha tenido un n&uacute;mero tan elevado de esca&ntilde;os en Espa&ntilde;a. Y est&aacute; a menos de dos puntos del segundo, el PSOE.</SPAN></P>
<P CLASS="c10"><SPAN CLASS="c2">El cuarto puesto es para Podemos. En este caso, habr&iacute;a que sumar a los datos del partido de Pablo Iglesias los resultados de candidaturas afines con las que se presenta en Galicia, Catalu&ntilde;a y Valencia. Podemos tendr&iacute;a 23 o 25 esca&ntilde;os y el 9,1% de los votos; Comprom&iacute;s-Podemos, en Valencia, el 2,1% y 7 esca&ntilde;os; En Marea (Galicia) entre 5 y 6 esca&ntilde;os y 1,3% y En Com&uacute; Podem, en Catalu&ntilde;a, entre 10 y 11 y 3,2%. Sumar&iacute;an entre 45 y 49 esca&ntilde;os, con datos tan llamativos como ser la primera fuerza en Catalu&ntilde;a, se supone que recogiendo votos de opciones como la CUP que no se presentan.</SPAN></P>
<P CLASS="c10"><SPAN CLASS="c2">Condicionar la pol&iacute;tica</SPAN></P>
<P CLASS="c10"><SPAN CLASS="c2">Los dos partidos emergentes desde sus respectivas posiciones pueden tener esca&ntilde;os suficientes para ser determinantes en cambios legales o institucionales. PP y PSOE no tienen aseguradas las mayor&iacute;as reforzadas requeridas para las grandes decisiones, por ejemplo, los 210 que exigen las reformas constitucionales.</SPAN></P>
<P CLASS="c10"><SPAN CLASS="c2">IU, con Alberto Garz&oacute;n, tendr&iacute;a un honroso resultado de tres o cuatro esca&ntilde;os. Ten&iacute;a 11, pero hay que tener en cuenta el contexto, su situaci&oacute;n y la fragmentaci&oacute;n que vive la izquierda.</SPAN></P>
<P CLASS="c10"><SPAN CLASS="c2">UPyD y Uni&oacute; se convertir&iacute;an en extraparlamentarias, y Democracia i Llibertat, nuevo nombre de Converg&egrave;ncia, lograr&iacute;a nueve.</SPAN></P>
<P CLASS="c10"><SPAN CLASS="c2">A la pregunta de si a&uacute;n puede haber cambios se responde con el dato de que el 75% tienen decidido ya que ir&aacute; a las urnas, pero de ellos hay un 41% que todav&iacute;a no sabe a qui&eacute;n votar&aacute;.</SPAN></P>
</DIV>
<BR><DIV CLASS="c5"><P CLASS="c6"><SPAN CLASS="c9">LANGUAGE: </SPAN><SPAN CLASS="c2">SPANISH; ESPA&Ntilde;OL</SPAN></P>
</DIV>
<BR><DIV CLASS="c5"><P CLASS="c6"><SPAN CLASS="c9">PUBLICATION-TYPE: </SPAN><SPAN CLASS="c2">Peri&oacute;dico</SPAN></P>
</DIV>
<BR><DIV CLASS="c5"><P CLASS="c6"><SPAN CLASS="c9">SUBJECT: </SPAN><SPAN CLASS="c2">Pol&iacute;tica (93%)</SPAN></P>
</DIV>
<BR><DIV CLASS="c5"><P CLASS="c6"><SPAN CLASS="c9">IPTC SUBJECT: </SPAN><SPAN CLASS="c2">Politica</SPAN></P>
</DIV>
<BR><DIV CLASS="c5"><P CLASS="c6"><SPAN CLASS="c9">LOAD-DATE: </SPAN><SPAN CLASS="c2">December 3, 2015</SPAN></P>
</DIV>
<BR><DIV CLASS="c0"><BR><P CLASS="c1"><SPAN CLASS="c2">Copyright 2015 El Pais Internacional S.A.<BR>All Rights Reserved</SPAN></P>
</DIV>
</BODY>
</HTML>