<HTML>
<HEAD>
<STYLE TYPE="text/css">
.c0 { text-align: center; }
.c1 { text-align: center; margin-top: 0em; margin-bottom: 0em; }
.c2 { font-family: 'Courier New',Courier; font-size: 10pt; font-style: normal; font-weight: normal; color: #000000; text-decoration: none; }
.c3 { text-align: center; margin-left: 13%; margin-right: 13%; }
.c4 { font-family: 'Courier New',Courier; font-size: 10pt; font-style: normal; font-weight: bold; color: #CC0033; text-decoration: none; }
.c5 { text-align: left; }
.c6 { text-align: left; margin-top: 0em; margin-bottom: 0em; }
.c7 { font-family: 'Courier New',Courier; font-size: 14pt; font-style: normal; font-weight: bold; color: #000000; text-decoration: none; }
.c8 { font-family: 'Courier New',Courier; font-size: 14pt; font-style: normal; font-weight: bold; color: #CC0033; text-decoration: none; }
.c9 { font-family: 'Courier New',Courier; font-size: 10pt; font-style: normal; font-weight: bold; color: #000000; text-decoration: none; }
.c10 { text-align: left; margin-top: 1em; margin-bottom: 0em; }
.c11 { page-break-before: always; }
</STYLE>
</HEAD>
<BODY>
<BR><DIV CLASS="c0"><P CLASS="c1"><SPAN CLASS="c2">255 of 935 DOCUMENTS</SPAN></P>
</DIV>
<BR><DIV CLASS="c0"><BR><P CLASS="c1"><IMG SRC="http://www.lexisnexis.com/lnacui2api/results/docview/attachRetrieve.do?smi=LOGOS&key=38401&componentseq=1&type=logo&inline=y" ALT="http://www.lexisnexis.com/lnacui2api/results/docview/attachRetrieve.do?smi=LOGOS&key=38401&componentseq=1&type=logo&inline=y"><BR><SPAN CLASS="c2">El Pais</SPAN></P>
</DIV>
<BR><DIV CLASS="c3"><P CLASS="c1"><SPAN CLASS="c4">December</SPAN><SPAN CLASS="c2"> 28, 2015 Monday</SPAN><SPAN CLASS="c2">&nbsp;</SPAN><SPAN CLASS="c2">&nbsp;<BR>2&ordf; Ed. Barna Edici&oacute;n</SPAN></P>
</DIV>
<BR><DIV CLASS="c5"><P CLASS="c6"><SPAN CLASS="c7">La oposici&oacute;n pide elecciones para salir de la crisis</SPAN></P>
</DIV>
<BR><DIV CLASS="c5"><P CLASS="c6"><SPAN CLASS="c9">BYLINE: </SPAN><SPAN CLASS="c2">&Agrave;NGELS PI&Ntilde;OL.</SPAN></P>
</DIV>
<BR><DIV CLASS="c5"><P CLASS="c6"><SPAN CLASS="c9">SECTION: </SPAN><SPAN CLASS="c2">ESPA&ntilde;A; Base; P&aacute;g. 14</SPAN></P>
</DIV>
<BR><DIV CLASS="c5"><P CLASS="c6"><SPAN CLASS="c9">LENGTH: </SPAN><SPAN CLASS="c2">603 words</SPAN></P>
</DIV>
<BR><DIV CLASS="c5"><P CLASS="c6"><SPAN CLASS="c9">DATELINE: </SPAN><SPAN CLASS="c2">Barcelona </SPAN></P>
</DIV>
<BR><DIV CLASS="c5"><P CLASS="c10"><SPAN CLASS="c2">El resultado de la asamblea de la CUP, de empate a 1.515 votos, dej&oacute; estupefacta a la oposici&oacute;n. La mayor&iacute;a de los partidos analizar&aacute;n hoy en el Parlament la estramb&oacute;tica decisi&oacute;n, que deja la investidura de Artur Mas en el aire. </SPAN><SPAN CLASS="c4">Ciudadanos</SPAN><SPAN CLASS="c2">, el primer grupo de la oposici&oacute;n, pidi&oacute; antes de conocer el desenlace del c&oacute;nclave elecciones anticipadas para superar la situaci&oacute;n de &quot;crisis institucional de Catalu&ntilde;a&quot;. &quot;Es indigno que el futuro de millones de catalanes est&eacute; en manos de un partido antisistema y asambleario&quot;, dijo el portavoz de </SPAN><SPAN CLASS="c4">Ciudadanos</SPAN><SPAN CLASS="c2">, Carlos Carrizosa.</SPAN><SPAN CLASS="c2">&nbsp;</SPAN></P>
<P CLASS="c10"><SPAN CLASS="c2">La direcci&oacute;n de </SPAN><SPAN CLASS="c4">Ciudadanos</SPAN><SPAN CLASS="c2"> ya da por finiquitado el proceso soberanista. &quot;Est&aacute; muerto porque nunca ha ganado unas elecciones. Ahora tendr&iacute;amos muchas opciones de gobernar la Generalitat&quot;, defendi&oacute; el diputado Carrizosa, que obvi&oacute; que su partido perdi&oacute; 245.000 votos en Catalu&ntilde;a en las elecciones del 20-D respecto a las auton&oacute;micas del 27-S. </SPAN><SPAN CLASS="c4">Albert Rivera,</SPAN><SPAN CLASS="c2"> presidente del partido, corrobor&oacute; la necesidad de pasar p&aacute;gina dos horas antes de trascender el resultado de la asamblea: &quot;La que ha liado Mas, ERC y CUP. La vida de Brian es m&aacute;s serio que esto. Catalu&ntilde;a merece Gobierno y Parlamento democr&aacute;tico y responsable&quot;. Fran Herv&iacute;as, otro miembro de la direcci&oacute;n de </SPAN><SPAN CLASS="c4">Ciudadanos</SPAN><SPAN CLASS="c2">, abund&oacute;: &quot;1.515 frente a 1.515. Esta es la realidad, as&iacute; se juega con el futuro de 7,5 millones de catalanas. Ni el mago Tamariz hace esa magia&quot;.</SPAN></P>
<P CLASS="c10"><SPAN CLASS="c2">Xavier Garc&iacute;a Albiol, l&iacute;der de los populares en Catalu&ntilde;a, afirm&oacute; la semana pasada en el Parlament que Mas estaba denigrando la instituci&oacute;n de la Generalitat hasta l&iacute;mites insospechados para seguir en el poder y ayer por la ma&ntilde;ana avis&oacute; de que es partidario de suspender competencias si las dos fuerzas independentistas contin&uacute;an con el plan secesionista. &quot;Si siguen salt&aacute;ndose la legalidad, el Estatuto y la Constituci&oacute;n y siguen sin entrar en raz&oacute;n, no tendr&eacute; ning&uacute;n problema en que se aplique el art&iacute;culo 155&quot;, afirm&oacute; el l&iacute;der del PP catal&aacute;n. La misma tesis defiende </SPAN><SPAN CLASS="c4">Ciudadanos</SPAN><SPAN CLASS="c2">.</SPAN></P>
<P CLASS="c10"><SPAN CLASS="c2">La direcci&oacute;n de Junts pel S&iacute;, la coalici&oacute;n formada por Converg&egrave;ncia y Esquerra, opt&oacute; por el silencio pero fuentes de la coalici&oacute;n aseguraron que no piensan trasladar esta semana una nueva oferta a la CUP como pidi&oacute; la diputada Anna Gabriel. Es la definitiva. Gabriel Rufi&aacute;n, diputado por ERC en el Congreso, mostr&oacute; su perplejidad a trav&eacute;s de las redes sociales con un dibujo de los miembros de la familia Simpson tirados en el suelo, no se sabe si riendo o llorando, delante de una pantalla de televisi&oacute;n. &quot;Y hasta aqu&iacute; mi valoraci&oacute;n&quot;, escribi&oacute; Rufi&aacute;n encima de la ilustraci&oacute;n. Horas antes, hab&iacute;a dicho: &quot;A ver como explicamos a nuestros hijos que frente al m&aacute;s ilusionante reto de nuestro tiempo nos enzarzamos en debates fratricidas. Otra vez&quot;.</SPAN></P>
<P CLASS="c10"><SPAN CLASS="c2">Joan Coscubiela, portavoz de Catalunya S&iacute; que es Pot, ya defendi&oacute; que la investidura de Mas era inviable tras la victoria en Catalu&ntilde;a de En Com&uacute; Podem en las elecciones del 20-D. &quot;&iquest;Est&aacute;is seguros de que Kafka est&aacute; muerto? O quiz&aacute;s se ha encontrado una obra in&eacute;dita&quot;, se pregunt&oacute;. El grupo de izquierdas, formado por Iniciativa, Podem y Esquerra Unida i Alternativa, sostiene que ni Junts pel S&iacute; ni la CUP pueden ignorar los resultados del 20-D y avisa de que la declaraci&oacute;n de independencia y de &quot;desconexi&oacute;n&quot; con el Estado no tiene recorrido.</SPAN></P>
<P CLASS="c10"><SPAN CLASS="c2">Los cuatro diputados de Podem, integrados en el grupo de Catalunya S&iacute; que es Pot, emitieron ya ayer un comunicado pidieron elecciones. &quot;Estamos en un callej&oacute;n sin salida y creemos que la soluci&oacute;n m&aacute;s democr&aacute;tica, m&aacute;s l&oacute;gica y m&aacute;s sana para Catalu&ntilde;a es aceptar la necesidad de unas nuevas elecciones y trabajar para la celebraci&oacute;n de un refer&eacute;ndum&quot;, dice el texto.</SPAN></P>
</DIV>
<BR><DIV CLASS="c5"><P CLASS="c6"><SPAN CLASS="c9">LANGUAGE: </SPAN><SPAN CLASS="c2">SPANISH; ESPA&Ntilde;OL</SPAN></P>
</DIV>
<BR><DIV CLASS="c5"><P CLASS="c6"><SPAN CLASS="c9">PUBLICATION-TYPE: </SPAN><SPAN CLASS="c2">Peri&oacute;dico</SPAN></P>
</DIV>
<BR><DIV CLASS="c5"><P CLASS="c6"><SPAN CLASS="c9">SUBJECT: </SPAN><SPAN CLASS="c2">Pol&iacute;tica (93%)</SPAN></P>
</DIV>
<BR><DIV CLASS="c5"><P CLASS="c6"><SPAN CLASS="c9">IPTC SUBJECT: </SPAN><SPAN CLASS="c2">Politica</SPAN></P>
</DIV>
<BR><DIV CLASS="c5"><P CLASS="c6"><SPAN CLASS="c9">LOAD-DATE: </SPAN><SPAN CLASS="c2">December 27, 2015</SPAN></P>
</DIV>
<BR><DIV CLASS="c0"><BR><P CLASS="c1"><SPAN CLASS="c2">Copyright 2015 El Pais Internacional S.A.<BR>All Rights Reserved</SPAN></P>
</DIV>
</BODY>
</HTML>