<HTML>
<HEAD>
<STYLE TYPE="text/css">
.c0 { text-align: center; }
.c1 { text-align: center; margin-top: 0em; margin-bottom: 0em; }
.c2 { font-family: 'Courier New',Courier; font-size: 10pt; font-style: normal; font-weight: normal; color: #000000; text-decoration: none; }
.c3 { text-align: center; margin-left: 13%; margin-right: 13%; }
.c4 { font-family: 'Courier New',Courier; font-size: 10pt; font-style: normal; font-weight: bold; color: #CC0033; text-decoration: none; }
.c5 { text-align: left; }
.c6 { text-align: left; margin-top: 0em; margin-bottom: 0em; }
.c7 { font-family: 'Courier New',Courier; font-size: 14pt; font-style: normal; font-weight: bold; color: #000000; text-decoration: none; }
.c8 { font-family: 'Courier New',Courier; font-size: 14pt; font-style: normal; font-weight: bold; color: #CC0033; text-decoration: none; }
.c9 { font-family: 'Courier New',Courier; font-size: 10pt; font-style: normal; font-weight: bold; color: #000000; text-decoration: none; }
.c10 { text-align: left; margin-top: 1em; margin-bottom: 0em; }
.c11 { page-break-before: always; }
</STYLE>
</HEAD>
<BODY>
<BR><DIV CLASS="c0"><P CLASS="c1"><SPAN CLASS="c2">404 of 935 DOCUMENTS</SPAN></P>
</DIV>
<BR><DIV CLASS="c0"><BR><P CLASS="c1"><IMG SRC="http://www.lexisnexis.com/lnacui2api/results/docview/attachRetrieve.do?smi=LOGOS&key=38401&componentseq=1&type=logo&inline=y" ALT="http://www.lexisnexis.com/lnacui2api/results/docview/attachRetrieve.do?smi=LOGOS&key=38401&componentseq=1&type=logo&inline=y"><BR><SPAN CLASS="c2">El Pais</SPAN></P>
</DIV>
<BR><DIV CLASS="c3"><P CLASS="c1"><SPAN CLASS="c4">December</SPAN><SPAN CLASS="c2"> 12, 2015 Saturday</SPAN><SPAN CLASS="c2">&nbsp;</SPAN><SPAN CLASS="c2">&nbsp;<BR>Nacional Edici&oacute;n</SPAN></P>
</DIV>
<BR><DIV CLASS="c5"><P CLASS="c6"><SPAN CLASS="c9">BYLINE: </SPAN><SPAN CLASS="c2">GUILLERMO ALTARES</SPAN></P>
</DIV>
<BR><DIV CLASS="c5"><P CLASS="c6"><SPAN CLASS="c9">SECTION: </SPAN><SPAN CLASS="c2">ESPA&ntilde;A; Base; P&aacute;g. 24 Una campa&ntilde;a sin libros</SPAN></P>
</DIV>
<BR><DIV CLASS="c5"><P CLASS="c6"><SPAN CLASS="c9">LENGTH: </SPAN><SPAN CLASS="c2">522 words</SPAN></P>
</DIV>
<BR><DIV CLASS="c5"><P CLASS="c10"><SPAN CLASS="c2">En las mesas de novedades de las librer&iacute;as espa&ntilde;olas es m&aacute;s f&aacute;cil encontrar obras sobre caballeros jedi que sobre la campa&ntilde;a. Si nos dej&aacute;semos llevar s&oacute;lo por los t&iacute;tulos disponibles, parecer&iacute;a que la s&eacute;ptima entrega de La guerra de las galaxias despierta mayores pasiones librescas que cualquiera de los candidatos. En algunas librer&iacute;as, como La Central de Callao en Madrid, existe un estante dedicado al 20-D, pero con mucho menos espacio que el que ocupan la filosof&iacute;a o la econom&iacute;a. Las obras sobre la desigualdad en la estela de Piketty est&aacute;n mucho m&aacute;s presentes que cualquier volumen sobre el momento pol&iacute;tico.</SPAN><SPAN CLASS="c2">&nbsp;</SPAN></P>
<P CLASS="c10"><SPAN CLASS="c2">Al entrar en la secci&oacute;n de libros de la Fnac, aparece un gran panel bajo el ep&iacute;grafe de actualidad, pero uno de los libros que ofrece es Momentos estelares de la humanidad, de Stefan Zweig, que es de actualidad, sin duda, pero lleva en esa categor&iacute;a 90 a&ntilde;os. Comparado con otros pa&iacute;ses europeos, es una ausencia que resulta todav&iacute;a m&aacute;s impresionante. En Par&iacute;s es posible encontrar en las mesas de exposici&oacute;n decenas de libros sobre la actualidad, el yihadismo o el islam, pero tambi&eacute;n sobre los &uacute;ltimos a&ntilde;os de Fran&ccedil;ois Mitterrand. Aunque Amazon asegura que la venta de libros pol&iacute;ticos ha aumentado un 78% en los &uacute;ltimos tres meses, dentro de esta categor&iacute;a incluyen desde Mortadelo y Filem&oacute;n &iexcl;Elecciones! hasta El Holocausto espa&ntilde;ol, de Paul Preston o incluso Orientalismo, de Edward Said.</SPAN></P>
<P CLASS="c10"><SPAN CLASS="c2">Este desencuentro es mutuo, porque tampoco los pol&iacute;ticos han dedicado mucho espacio a los libros. El candidato de </SPAN><SPAN CLASS="c4">Ciudadanos</SPAN><SPAN CLASS="c2">, </SPAN><SPAN CLASS="c4">Albert</SPAN><SPAN CLASS="c2">&nbsp;</SPAN><SPAN CLASS="c4">Rivera</SPAN><SPAN CLASS="c2">, cit&oacute; a Albert Camus en el debate de Atresmedia: &quot;Me gusta demasiado mi pa&iacute;s como para ser nacionalista&quot;, una frase de Cartas a un amigo alem&aacute;n, un canto a la tolerancia escrito al final de la II Guerra Mundial. El p&aacute;rrafo completo reza: &quot;Me avergonzar&iacute;a si alguien pensase que un escritor franc&eacute;s puede ser enemigo de otra naci&oacute;n. S&oacute;lo detesto a los verdugos&quot;. Esta reivindicaci&oacute;n entre las ruinas de Europa del di&aacute;logo es un mensaje que convendr&iacute;a recordar a menudo. Mariano Rajoy confes&oacute; que le&iacute;a a la autora policiaca Dolores Redondo -a la vez que ve&iacute;a el f&uacute;tbol- y Rivera y Pablo Iglesias hablaron de Kant en un debate universitario pero su dominio del fil&oacute;sofo qued&oacute; un poco difuso: el l&iacute;der de </SPAN><SPAN CLASS="c4">Ciudadanos</SPAN><SPAN CLASS="c2"> confes&oacute; que no lo hab&iacute;a le&iacute;do y el de Podemos cit&oacute; mal un t&iacute;tulo.</SPAN></P>
<P CLASS="c10"><SPAN CLASS="c2">En el Reino Unido, en las elecciones locales de 2012, se habl&oacute; mucho de un viejo manual electoral, escrito por Quinto Tulio Cicer&oacute;n en el a&ntilde;o 64 antes de nuestra era y reeditado en aquellas fechas, titulado C&oacute;mo ganar unas elecciones en su versi&oacute;n inglesa y Breviario de campa&ntilde;a electoral, en la edici&oacute;n espa&ntilde;ola de Acantilado. Se trata de una serie de consejos que el hermano de Cicer&oacute;n, uno de los oradores m&aacute;s importantes de la historia, le ofrece cuando se present&oacute; al consulado, el m&aacute;ximo cargo administrativo en Roma. Escrito hace 2.000 a&ntilde;os, la vigencia de aquellas ideas es extraordinaria: pide al candidato que se garantice el apoyo de familia y amigos, que se cobre favores, que se rodee de gente con talento o que prometa todo a todo el mundo. Los libros -casi mejor sin f&uacute;tbol- pueden ser muy &uacute;tiles.</SPAN></P>
</DIV>
<BR><DIV CLASS="c5"><P CLASS="c6"><SPAN CLASS="c9">LANGUAGE: </SPAN><SPAN CLASS="c2">SPANISH; ESPA&Ntilde;OL</SPAN></P>
</DIV>
<BR><DIV CLASS="c5"><P CLASS="c6"><SPAN CLASS="c9">PUBLICATION-TYPE: </SPAN><SPAN CLASS="c2">Peri&oacute;dico</SPAN></P>
</DIV>
<BR><DIV CLASS="c5"><P CLASS="c6"><SPAN CLASS="c9">SUBJECT: </SPAN><SPAN CLASS="c2">Pol&iacute;tica (93%)</SPAN></P>
</DIV>
<BR><DIV CLASS="c5"><P CLASS="c6"><SPAN CLASS="c9">IPTC SUBJECT: </SPAN><SPAN CLASS="c2">Politica</SPAN></P>
</DIV>
<BR><DIV CLASS="c5"><P CLASS="c6"><SPAN CLASS="c9">LOAD-DATE: </SPAN><SPAN CLASS="c2">December 11, 2015</SPAN></P>
</DIV>
<BR><DIV CLASS="c0"><BR><P CLASS="c1"><SPAN CLASS="c2">Copyright 2015 El Pais Internacional S.A.<BR>All Rights Reserved</SPAN></P>
</DIV>
</BODY>
</HTML>