<HTML>
<HEAD>
<STYLE TYPE="text/css">
.c0 { text-align: center; }
.c1 { text-align: center; margin-top: 0em; margin-bottom: 0em; }
.c2 { font-family: 'Courier New',Courier; font-size: 10pt; font-style: normal; font-weight: normal; color: #000000; text-decoration: none; }
.c3 { text-align: center; margin-left: 13%; margin-right: 13%; }
.c4 { font-family: 'Courier New',Courier; font-size: 10pt; font-style: normal; font-weight: bold; color: #CC0033; text-decoration: none; }
.c5 { text-align: left; }
.c6 { text-align: left; margin-top: 0em; margin-bottom: 0em; }
.c7 { font-family: 'Courier New',Courier; font-size: 14pt; font-style: normal; font-weight: bold; color: #000000; text-decoration: none; }
.c8 { font-family: 'Courier New',Courier; font-size: 14pt; font-style: normal; font-weight: bold; color: #CC0033; text-decoration: none; }
.c9 { font-family: 'Courier New',Courier; font-size: 10pt; font-style: normal; font-weight: bold; color: #000000; text-decoration: none; }
.c10 { text-align: left; margin-top: 1em; margin-bottom: 0em; }
.c11 { page-break-before: always; }
</STYLE>
</HEAD>
<BODY>
<BR><DIV CLASS="c0"><P CLASS="c1"><SPAN CLASS="c2">511 of 935 DOCUMENTS</SPAN></P>
</DIV>
<BR><DIV CLASS="c0"><BR><P CLASS="c1"><IMG SRC="http://www.lexisnexis.com/lnacui2api/results/docview/attachRetrieve.do?smi=LOGOS&key=38401&componentseq=1&type=logo&inline=y" ALT="http://www.lexisnexis.com/lnacui2api/results/docview/attachRetrieve.do?smi=LOGOS&key=38401&componentseq=1&type=logo&inline=y"><BR><SPAN CLASS="c2">El Pais</SPAN></P>
</DIV>
<BR><DIV CLASS="c3"><P CLASS="c1"><SPAN CLASS="c4">November</SPAN><SPAN CLASS="c2"> 20, 2015 Friday</SPAN><SPAN CLASS="c2">&nbsp;</SPAN><SPAN CLASS="c2">&nbsp;<BR>Nacional Edici&oacute;n</SPAN></P>
</DIV>
<BR><DIV CLASS="c5"><P CLASS="c6"><SPAN CLASS="c7">Los expertos coinciden en que es necesario reformar la Constituci&oacute;n</SPAN></P>
</DIV>
<BR><DIV CLASS="c5"><P CLASS="c6"><SPAN CLASS="c9">BYLINE: </SPAN><SPAN CLASS="c2">E. G. DE B.</SPAN></P>
</DIV>
<BR><DIV CLASS="c5"><P CLASS="c6"><SPAN CLASS="c9">SECTION: </SPAN><SPAN CLASS="c2">ESPA&ntilde;A; Base; P&aacute;g. 26</SPAN></P>
</DIV>
<BR><DIV CLASS="c5"><P CLASS="c6"><SPAN CLASS="c9">LENGTH: </SPAN><SPAN CLASS="c2">302 words</SPAN></P>
</DIV>
<BR><DIV CLASS="c5"><P CLASS="c6"><SPAN CLASS="c9">DATELINE: </SPAN><SPAN CLASS="c2">Madrid </SPAN></P>
</DIV>
<BR><DIV CLASS="c5"><P CLASS="c10"><SPAN CLASS="c2">La previsible cuesti&oacute;n central de la pr&oacute;xima legislatura tras las elecciones generales de diciembre, la primera reforma en profundidad de la Constituci&oacute;n espa&ntilde;ola de 1978, concit&oacute; ayer un primer consenso casi un&aacute;nime entre los cinco constitucionalistas reunidos por EL PA&Iacute;S y la Fundaci&oacute;n Alternativas: 37 a&ntilde;os despu&eacute;s de su aprobaci&oacute;n, la norma fundamental ha de ser reformada.</SPAN><SPAN CLASS="c2">&nbsp;</SPAN></P>
<P CLASS="c10"><SPAN CLASS="c2">&quot;En pocos momentos ha habido m&aacute;s consenso o acuerdo que ahora para reformar la Constituci&oacute;n&quot;, se&ntilde;al&oacute; Francesc de Carreras, catedr&aacute;tico de derecho constitucional por la Universidad Aut&oacute;noma de Barcelona y miembro de la comisi&oacute;n de reforma constitucional que convoc&oacute; </SPAN><SPAN CLASS="c4">Albert Rivera</SPAN><SPAN CLASS="c2"> para el programa electoral de </SPAN><SPAN CLASS="c4">Ciudadanos</SPAN><SPAN CLASS="c2"> (adem&aacute;s de colaborador de EL PA&Iacute;S).</SPAN></P>
<P CLASS="c10"><SPAN CLASS="c2">Aparte de De Carreras, otros cuatro expertos reflexionaron sobre esa reforma constitucional, su alcance y objetivos fundamentales: Gregorio C&aacute;mara, catedr&aacute;tico de la Universidad de Granada; Antonio L&oacute;pez Basaguren, catedr&aacute;tico de la Universidad del Pa&iacute;s Vasco; Paloma Biglino, catedr&aacute;tica de la Universidad de Valladolid, y Rafael Rubio, profesor de la Complutense.</SPAN></P>
<P CLASS="c10"><SPAN CLASS="c2">Demanda ciudadana</SPAN></P>
<P CLASS="c10"><SPAN CLASS="c2">Con la tesis expresada por De Carreras coincidi&oacute; tambi&eacute;n C&aacute;mara, catedr&aacute;tico y miembro del equipo de sabios de Pedro S&aacute;nchez, el candidato del PSOE a la presidencia del Gobierno.</SPAN></P>
<P CLASS="c10"><SPAN CLASS="c2">&quot;Lo est&aacute; pidiendo la ciudadan&iacute;a, que pide mejoras en el sistema social por la gesti&oacute;n ultraliberal que se ha hecho de la crisis&quot;.</SPAN></P>
<P CLASS="c10"><SPAN CLASS="c2">Tanto PSOE, como </SPAN><SPAN CLASS="c4">Ciudadanos</SPAN><SPAN CLASS="c2">, Podemos e Izquierda Unida recoger&aacute;n en sus programas propuestas de reforma para el texto fundamental. Solo el PP, que cierra una legislatura en la que ha disfrutado de mayor&iacute;a absoluta, ha decidido no dar el paso, al considerar que no se da el supuesto de &quot;lealtad&quot; entre todas las fuerzas pol&iacute;ticas que se requiere para lograr el consenso necesario para la reforma.</SPAN></P>
</DIV>
<BR><DIV CLASS="c5"><P CLASS="c6"><SPAN CLASS="c9">LANGUAGE: </SPAN><SPAN CLASS="c2">SPANISH; ESPA&Ntilde;OL</SPAN></P>
</DIV>
<BR><DIV CLASS="c5"><P CLASS="c6"><SPAN CLASS="c9">PUBLICATION-TYPE: </SPAN><SPAN CLASS="c2">Peri&oacute;dico</SPAN></P>
</DIV>
<BR><DIV CLASS="c5"><P CLASS="c6"><SPAN CLASS="c9">SUBJECT: </SPAN><SPAN CLASS="c2">Pol&iacute;tica (93%); LIBERALISM (66%)</SPAN></P>
</DIV>
<BR><DIV CLASS="c5"><P CLASS="c6"><SPAN CLASS="c9">IPTC SUBJECT: </SPAN><SPAN CLASS="c2">Politica</SPAN></P>
</DIV>
<BR><DIV CLASS="c5"><P CLASS="c6"><SPAN CLASS="c9">LOAD-DATE: </SPAN><SPAN CLASS="c2">November 19, 2015</SPAN></P>
</DIV>
<BR><DIV CLASS="c0"><BR><P CLASS="c1"><SPAN CLASS="c2">Copyright 2015 El Pais Internacional S.A.<BR>All Rights Reserved</SPAN></P>
</DIV>
</BODY>
</HTML>