<HTML>
<HEAD>
<STYLE TYPE="text/css">
.c0 { text-align: center; }
.c1 { text-align: center; margin-top: 0em; margin-bottom: 0em; }
.c2 { font-family: 'Courier New',Courier; font-size: 10pt; font-style: normal; font-weight: normal; color: #000000; text-decoration: none; }
.c3 { text-align: center; margin-left: 13%; margin-right: 13%; }
.c4 { font-family: 'Courier New',Courier; font-size: 10pt; font-style: normal; font-weight: bold; color: #CC0033; text-decoration: none; }
.c5 { text-align: left; }
.c6 { text-align: left; margin-top: 0em; margin-bottom: 0em; }
.c7 { font-family: 'Courier New',Courier; font-size: 14pt; font-style: normal; font-weight: bold; color: #000000; text-decoration: none; }
.c8 { font-family: 'Courier New',Courier; font-size: 14pt; font-style: normal; font-weight: bold; color: #CC0033; text-decoration: none; }
.c9 { font-family: 'Courier New',Courier; font-size: 10pt; font-style: normal; font-weight: bold; color: #000000; text-decoration: none; }
.c10 { text-align: left; margin-top: 1em; margin-bottom: 0em; }
.c11 { page-break-before: always; }
</STYLE>
</HEAD>
<BODY>
<BR><DIV CLASS="c0"><P CLASS="c1"><SPAN CLASS="c2">132 of 935 DOCUMENTS</SPAN></P>
</DIV>
<BR><DIV CLASS="c0"><BR><P CLASS="c1"><IMG SRC="http://www.lexisnexis.com/lnacui2api/results/docview/attachRetrieve.do?smi=LOGOS&key=38401&componentseq=1&type=logo&inline=y" ALT="http://www.lexisnexis.com/lnacui2api/results/docview/attachRetrieve.do?smi=LOGOS&key=38401&componentseq=1&type=logo&inline=y"><BR><SPAN CLASS="c2">El Pais</SPAN></P>
</DIV>
<BR><DIV CLASS="c3"><P CLASS="c1"><SPAN CLASS="c4">January</SPAN><SPAN CLASS="c2"> 7, 2016 Thursday</SPAN><SPAN CLASS="c2">&nbsp;</SPAN><SPAN CLASS="c2">&nbsp;<BR>Nacional Edici&oacute;n</SPAN></P>
</DIV>
<BR><DIV CLASS="c5"><P CLASS="c6"><SPAN CLASS="c7">Los debates electorales frenaron los resultados de </SPAN><SPAN CLASS="c8">Ciudadanos</SPAN></P>
</DIV>
<BR><DIV CLASS="c5"><P CLASS="c6"><SPAN CLASS="c9">BYLINE: </SPAN><SPAN CLASS="c2">JUAN JOS&Eacute; MATEO</SPAN></P>
</DIV>
<BR><DIV CLASS="c5"><P CLASS="c6"><SPAN CLASS="c9">SECTION: </SPAN><SPAN CLASS="c2">ESPA&ntilde;A; Base; P&aacute;g. 16</SPAN></P>
</DIV>
<BR><DIV CLASS="c5"><P CLASS="c6"><SPAN CLASS="c9">LENGTH: </SPAN><SPAN CLASS="c2">570 words</SPAN></P>
</DIV>
<BR><DIV CLASS="c5"><P CLASS="c6"><SPAN CLASS="c9">DATELINE: </SPAN><SPAN CLASS="c2">Madrid </SPAN></P>
</DIV>
<BR><DIV CLASS="c5"><BR><P CLASS="c6"><SPAN CLASS="c9">HIGHLIGHT:</SPAN><SPAN CLASS="c2">&nbsp;La formaci&oacute;n analiza un informe sobre su estrategia el 20-D<BR></SPAN></P>
</DIV>
<BR><DIV CLASS="c5"><P CLASS="c10"><SPAN CLASS="c2">El papel de </SPAN><SPAN CLASS="c4">Albert Rivera</SPAN><SPAN CLASS="c2"> en los debates, que no se alcanzara una participaci&oacute;n hist&oacute;rica en los comicios y la ley electoral propiciaron que </SPAN><SPAN CLASS="c4">Ciudadanos</SPAN><SPAN CLASS="c2"> lograra 40 diputados tras el 20-D, lejos de las expectativas alentadas por los sondeos y sus dirigentes. La ejecutiva de la formaci&oacute;n analiza hoy un informe sobre los aciertos y errores de su estrategia electoral.</SPAN><SPAN CLASS="c2">&nbsp;</SPAN></P>
<P CLASS="c10"><SPAN CLASS="c2">El 30 de noviembre, Rivera se present&oacute; al cara a cara organizado por EL PA&Iacute;S como representante de la primera fuerza en intenci&oacute;n directa de voto. Los analistas coinciden en que perdi&oacute; la iniciativa al insistir en su t&aacute;ctica de &quot;proponer y proponer&quot;, sin contestar a los ataques del socialista Pedro S&aacute;nchez, que en </SPAN><SPAN CLASS="c4">Ciudadanos</SPAN><SPAN CLASS="c2"> calificaron de &quot;guerra sucia&quot; (&quot;Rivera defiende la sociedad machista que nosotros queremos combatir&quot;. &quot;Vais a mantener los copagos del PP&quot;. &quot;Eres de derechas, tan solo de derechas&quot;). En el siguiente debate, el 7 de diciembre, Pablo Iglesias, candidato de Podemos, acapar&oacute; todos los focos con su discurso final. Una semana despu&eacute;s, el sondeo preelectoral de Metroscopia reflej&oacute; las consecuencias de las dos citas: Iglesias adelantaba a Rivera, al que tambi&eacute;n perjudic&oacute; el papel de otros portavoces en distintos debates (&quot;no estuvimos como esper&aacute;bamos en ninguno&quot;, dijo un miembro de la ejecutiva). Como consecuencia de esos debates y de una campa&ntilde;a marcada por las pol&eacute;micas, </SPAN><SPAN CLASS="c4">Ciudadanos</SPAN><SPAN CLASS="c2"> perdi&oacute; seis puntos de intenci&oacute;n directa de voto, seg&uacute;n Metroscopia (de 16.2% a 10,1%).</SPAN></P>
<P CLASS="c10"><SPAN CLASS="c2">Rivera lleg&oacute; a esos cara a cara con la meta de transmitir que ten&iacute;a la experiencia y los equipos necesarios para ser presidente. Los datos de Metroscopia avalan que no lo consigui&oacute;. Eso oblig&oacute; a un giro radical en su estrategia: de presentarse como gran rival de Mariano Rajoy a anunciar el &uacute;ltimo d&iacute;a que se abstendr&iacute;a si este o S&aacute;nchez consegu&iacute;an una mayor&iacute;a suficiente para gobernar.</SPAN></P>
<P CLASS="c10"><SPAN CLASS="c2">Derecha contra izquierda</SPAN></P>
<P CLASS="c10"><SPAN CLASS="c2">Para entonces, la campa&ntilde;a ya no estaba centrada en la regeneraci&oacute;n, la unidad de Espa&ntilde;a y la lucha contra la corrupci&oacute;n, los temas fuertes de </SPAN><SPAN CLASS="c4">Ciudadanos</SPAN><SPAN CLASS="c2">. Ya era una campa&ntilde;a de la derecha contra la izquierda, de las promesas de estabilidad del PP contra las sociales de Podemos: el peor escenario para </SPAN><SPAN CLASS="c4">Ciudadanos</SPAN><SPAN CLASS="c2">, que no moviliz&oacute; a su electorado. Rivera pidi&oacute; que la participaci&oacute;n llegara al 80%. Se qued&oacute; en el 73%.</SPAN></P>
<P CLASS="c10"><SPAN CLASS="c2">&quot;Tenemos que explicar mejor nuestras medidas&quot;, dice un integrante del equipo de campa&ntilde;a del partido sobre varias pol&eacute;micas que pudieron desmovilizar a los electores o permitir a PP y PSOE retener a sus votantes con m&aacute;s dudas. Por ejemplo, el contrato &uacute;nico; la propuesta de cerrar las Diputaciones y unificar servicios de peque&ntilde;os Ayuntamientos; y su voluntad de acabar con &quot;la asimetr&iacute;a&quot; en las penas por violencia de g&eacute;nero. Rivera no contraatac&oacute; con propuestas estrella. Seg&uacute;n fuentes de la ejecutiva, todas hab&iacute;an sido presentadas antes para llegar en la posici&oacute;n m&aacute;s alta posible a la campa&ntilde;a y reducir as&iacute; la previsible bajada durante esta.</SPAN></P>
<P CLASS="c10"><SPAN CLASS="c2">&quot;Podemos logr&oacute; enfrentarse a la ley electoral de una manera m&aacute;s eficaz&quot;, explican estas fuentes como otro de los problemas. Al firmar alianzas con otros partidos en Galicia, Catalu&ntilde;a y la Comunidad Valenciana, Iglesias evit&oacute; el desgaste al que se vio sometido Rivera: unos 500.000 votos de los 3,5 millones que logr&oacute; </SPAN><SPAN CLASS="c4">Ciudadanos</SPAN><SPAN CLASS="c2"> no se han traducido en esca&ntilde;os. Aunque en el partido defienden su decisi&oacute;n de presentarse con una &uacute;nica marca, los beneficios logrados por Podemos son evidentes.</SPAN></P>
</DIV>
<BR><DIV CLASS="c5"><P CLASS="c6"><SPAN CLASS="c9">LANGUAGE: </SPAN><SPAN CLASS="c2">SPANISH; ESPA&Ntilde;OL</SPAN></P>
</DIV>
<BR><DIV CLASS="c5"><P CLASS="c6"><SPAN CLASS="c9">PUBLICATION-TYPE: </SPAN><SPAN CLASS="c2">Peri&oacute;dico</SPAN></P>
</DIV>
<BR><DIV CLASS="c5"><P CLASS="c6"><SPAN CLASS="c9">SUBJECT: </SPAN><SPAN CLASS="c2">Pol&iacute;tica (94%)</SPAN></P>
</DIV>
<BR><DIV CLASS="c5"><P CLASS="c6"><SPAN CLASS="c9">IPTC SUBJECT: </SPAN><SPAN CLASS="c2">Politica</SPAN></P>
</DIV>
<BR><DIV CLASS="c5"><P CLASS="c6"><SPAN CLASS="c9">LOAD-DATE: </SPAN><SPAN CLASS="c2">January 6, 2016</SPAN></P>
</DIV>
<BR><DIV CLASS="c0"><BR><P CLASS="c1"><SPAN CLASS="c2">Copyright 2016 El Pais Internacional S.A.<BR>All Rights Reserved</SPAN></P>
</DIV>
</BODY>
</HTML>