<HTML>
<HEAD>
<STYLE TYPE="text/css">
.c0 { text-align: center; }
.c1 { text-align: center; margin-top: 0em; margin-bottom: 0em; }
.c2 { font-family: 'Courier New',Courier; font-size: 10pt; font-style: normal; font-weight: normal; color: #000000; text-decoration: none; }
.c3 { text-align: center; margin-left: 13%; margin-right: 13%; }
.c4 { font-family: 'Courier New',Courier; font-size: 10pt; font-style: normal; font-weight: bold; color: #CC0033; text-decoration: none; }
.c5 { text-align: left; }
.c6 { text-align: left; margin-top: 0em; margin-bottom: 0em; }
.c7 { font-family: 'Courier New',Courier; font-size: 14pt; font-style: normal; font-weight: bold; color: #000000; text-decoration: none; }
.c8 { font-family: 'Courier New',Courier; font-size: 14pt; font-style: normal; font-weight: bold; color: #CC0033; text-decoration: none; }
.c9 { font-family: 'Courier New',Courier; font-size: 10pt; font-style: normal; font-weight: bold; color: #000000; text-decoration: none; }
.c10 { text-align: left; margin-top: 1em; margin-bottom: 0em; }
.c11 { page-break-before: always; }
</STYLE>
</HEAD>
<BODY>
<BR><DIV CLASS="c0"><P CLASS="c1"><SPAN CLASS="c2">200 of 935 DOCUMENTS</SPAN></P>
</DIV>
<BR><DIV CLASS="c0"><BR><P CLASS="c1"><IMG SRC="http://www.lexisnexis.com/lnacui2api/results/docview/attachRetrieve.do?smi=LOGOS&key=38401&componentseq=1&type=logo&inline=y" ALT="http://www.lexisnexis.com/lnacui2api/results/docview/attachRetrieve.do?smi=LOGOS&key=38401&componentseq=1&type=logo&inline=y"><BR><SPAN CLASS="c2">El Pais</SPAN></P>
</DIV>
<BR><DIV CLASS="c3"><P CLASS="c1"><SPAN CLASS="c4">December</SPAN><SPAN CLASS="c2"> 16, 2015 Wednesday</SPAN><SPAN CLASS="c2">&nbsp;</SPAN><SPAN CLASS="c2">&nbsp;<BR>Comunidad Valenciana Edici&oacute;n</SPAN></P>
</DIV>
<BR><DIV CLASS="c5"><P CLASS="c6"><SPAN CLASS="c7">El impacto de Miguel &Aacute;ngel Blanco</SPAN></P>
</DIV>
<BR><DIV CLASS="c5"><P CLASS="c6"><SPAN CLASS="c9">BYLINE: </SPAN><SPAN CLASS="c2">MANUEL JABOIS</SPAN></P>
</DIV>
<BR><DIV CLASS="c5"><P CLASS="c6"><SPAN CLASS="c9">SECTION: </SPAN><SPAN CLASS="c2">ESPA&ntilde;A; Base; P&aacute;g. 19 [AN] DECONSTRUCCI&Oacute;N </SPAN><SPAN CLASS="c4">Albert Rivera</SPAN></P>
</DIV>
<BR><DIV CLASS="c5"><P CLASS="c6"><SPAN CLASS="c9">LENGTH: </SPAN><SPAN CLASS="c2">582 words</SPAN></P>
</DIV>
<BR><DIV CLASS="c5"><P CLASS="c10"><SPAN CLASS="c2">M&aacute;s all&aacute; de conceptos como izquierda y derecha, </SPAN><SPAN CLASS="c4">Albert</SPAN><SPAN CLASS="c2">&nbsp;</SPAN><SPAN CLASS="c4">Rivera</SPAN><SPAN CLASS="c2"> (Barcelona, 1979) dice que su bautismo en el terreno de la pol&iacute;tica tuvo que ver con la relaci&oacute;n entre la justicia y la injusticia. El candidato al que m&aacute;s se escruta ideol&oacute;gicamente para situarlo a un lado del eje (el PP lo arrima al PSOE y a Podemos para ubicarlo en un posible tripartito; la izquierda lo coloca en la derecha sin pesta&ntilde;ear) no cita ninguna circunstancia personal como el detonante de su compromiso social, sino algo que cualquier espa&ntilde;ol recuerda: las horas del secuestro y asesinato de Miguel &Aacute;ngel Blanco, el concejal del PP tiroteado por la banda terrorista ETA. &quot;Lo segu&iacute; casi al minuto. Fue una cuenta atr&aacute;s angustiosa, un chantaje a todo el pa&iacute;s. Y yo era de los que pensaba que no pod&iacute;a pasar, que finalmente ETA no matar&iacute;a a Miguel &Aacute;ngel Blanco&quot;, cuenta.</SPAN></P>
<P CLASS="c10"><SPAN CLASS="c2">Entonces Rivera ten&iacute;a 18 a&ntilde;os. &quot;Lo que ocurri&oacute; lo tengo marcado desde siempre. Me influy&oacute; el hecho de ser catal&aacute;n, de conocer el independentismo y querer defender los valores constitucionales&quot;, dice. Ya estudiaba Derecho, y cita otro de los hechos fundacionales de su porvenir pol&iacute;tico: la Constituci&oacute;n. El modelo de Estado, el engranaje jur&iacute;dico de la naci&oacute;n.</SPAN><SPAN CLASS="c2">&nbsp;</SPAN></P>
<P CLASS="c10"><SPAN CLASS="c2">-&iquest;M&aacute;s t&eacute;cnica que ideolog&iacute;a?</SPAN></P>
<P CLASS="c10"><SPAN CLASS="c2">-Yo lo he dicho muchas veces. En diferentes fases he votado a PSC, al PP, a CiU. Por eso para m&iacute; es fundamental la aparici&oacute;n de </SPAN><SPAN CLASS="c4">Ciudadanos</SPAN><SPAN CLASS="c2">, para aquellos que no nos sentimos c&oacute;modos ni con todo lo de la izquierda, ni con todo lo de la derecha. No hab&iacute;a un hueco para gente como nosotros en Espa&ntilde;a. Gente que defiende unos valores civiles y que busca un partido que no diga: todo esto es as&iacute; y punto.</SPAN></P>
<P CLASS="c10"><SPAN CLASS="c2">Rivera dice que creci&oacute; pol&iacute;ticamente buscando el partido en el que sentirse m&aacute;s c&oacute;modo y en el que encajase el modelo de Estado que defend&iacute;a. Cita dos profesores fundamentales en su formaci&oacute;n: Jos&eacute; Carlos Remotti y Laura Freixes. Y ve limpio su camino pol&iacute;tico con la aparici&oacute;n en 2005 del Manifiesto de intelectuales en junio de ese a&ntilde;o. Fueron F&eacute;lix de Az&uacute;a, Albert Boadella, Francesc de Carreras, Arcadi Espada, Teresa Gim&eacute;nez Barbat, Ana Nu&ntilde;o, F&eacute;lix Ovejero, F&eacute;lix P&eacute;rez Romera, Xavier Pericay, Pon&ccedil; Puigdevall, Jos&eacute; Vicente Rodr&iacute;guez Mora, Ferran Toutain, Carlos Tr&iacute;as, Ivan Tubau y Horacio V&aacute;zquez Rial. El boom </SPAN><SPAN CLASS="c4">Ciudadanos</SPAN><SPAN CLASS="c2"> y su traves&iacute;a auton&oacute;mica y estatal lo explican al detalle en Alternativa Naranja (Debate, 2015) dos periodistas que siguieron estrechamente la evoluci&oacute;n del partido: Jos&eacute; Mar&iacute;a Albert de Paco e I&ntilde;aki Ellakuria.</SPAN></P>
<P CLASS="c10"><SPAN CLASS="c2">&quot;Era el espacio que buscaba y que se demuestra ahora que buscaba mucha m&aacute;s gente&quot;, dice </SPAN><SPAN CLASS="c4">Albert</SPAN><SPAN CLASS="c2">&nbsp;</SPAN><SPAN CLASS="c4">Rivera</SPAN><SPAN CLASS="c2">. Hubo un segundo manifiesto que dej&oacute; a 1.000 personas fuera del Teatro T&iacute;voli, donde se present&oacute; en Barcelona, y dos meses despu&eacute;s lleg&oacute; a Madrid anunciando estos principios: ciudadan&iacute;a, libertad e igualdad, laicismo, biling&uuml;ismo y Constituci&oacute;n. La adolescencia pol&iacute;tica de Rivera encontr&oacute; la paz en un partido al que sus rivales siguen buscando el ADN ideol&oacute;gico mientras &eacute;l habla de modelo de Estado, Derecho constitucional y defiende, insiste, los valores de la Carta Magna. Uno de los autores de Alternativa Naranja, Jos&eacute; Mar&iacute;a Albert de Paco, dice en una entrevista en un diario digital a prop&oacute;sito de Rivera que es un hombre &quot;m&aacute;s dado a los esl&oacute;ganes, al marketing directo, a las citas de Wikiquote, que a las sutilezas&quot; para referirse a un t&eacute;rmino que tambi&eacute;n utiliza Arcadi Espada (la &quot;pasteurizaci&oacute;n&quot; de </SPAN><SPAN CLASS="c4">Ciudadanos</SPAN><SPAN CLASS="c2">) y dejar claro que el de Rivera es hoy un partido &quot;con bastantes menos aristas que hace diez a&ntilde;os&quot;.</SPAN></P>
</DIV>
<BR><DIV CLASS="c5"><P CLASS="c6"><SPAN CLASS="c9">LANGUAGE: </SPAN><SPAN CLASS="c2">SPANISH; ESPA&Ntilde;OL</SPAN></P>
</DIV>
<BR><DIV CLASS="c5"><P CLASS="c6"><SPAN CLASS="c9">PUBLICATION-TYPE: </SPAN><SPAN CLASS="c2">Peri&oacute;dico</SPAN></P>
</DIV>
<BR><DIV CLASS="c5"><P CLASS="c6"><SPAN CLASS="c9">SUBJECT: </SPAN><SPAN CLASS="c2">Pol&iacute;tica (94%)</SPAN></P>
</DIV>
<BR><DIV CLASS="c5"><P CLASS="c6"><SPAN CLASS="c9">IPTC SUBJECT: </SPAN><SPAN CLASS="c2">Politica</SPAN></P>
</DIV>
<BR><DIV CLASS="c5"><P CLASS="c6"><SPAN CLASS="c9">LOAD-DATE: </SPAN><SPAN CLASS="c2">December 15, 2015</SPAN></P>
</DIV>
<BR><DIV CLASS="c0"><BR><P CLASS="c1"><SPAN CLASS="c2">Copyright 2015 El Pais Internacional S.A.<BR>All Rights Reserved</SPAN></P>
</DIV>
</BODY>
</HTML>