<HTML>
<HEAD>
<STYLE TYPE="text/css">
.c0 { text-align: center; }
.c1 { text-align: center; margin-top: 0em; margin-bottom: 0em; }
.c2 { font-family: 'Courier New',Courier; font-size: 10pt; font-style: normal; font-weight: normal; color: #000000; text-decoration: none; }
.c3 { text-align: center; margin-left: 13%; margin-right: 13%; }
.c4 { font-family: 'Courier New',Courier; font-size: 10pt; font-style: normal; font-weight: bold; color: #CC0033; text-decoration: none; }
.c5 { text-align: left; }
.c6 { text-align: left; margin-top: 0em; margin-bottom: 0em; }
.c7 { font-family: 'Courier New',Courier; font-size: 14pt; font-style: normal; font-weight: bold; color: #000000; text-decoration: none; }
.c8 { font-family: 'Courier New',Courier; font-size: 14pt; font-style: normal; font-weight: bold; color: #CC0033; text-decoration: none; }
.c9 { font-family: 'Courier New',Courier; font-size: 10pt; font-style: normal; font-weight: bold; color: #000000; text-decoration: none; }
.c10 { text-align: left; margin-top: 1em; margin-bottom: 0em; }
.c11 { page-break-before: always; }
</STYLE>
</HEAD>
<BODY>
<BR><DIV CLASS="c0"><P CLASS="c1"><SPAN CLASS="c2">410 of 935 DOCUMENTS</SPAN></P>
</DIV>
<BR><DIV CLASS="c0"><BR><P CLASS="c1"><IMG SRC="http://www.lexisnexis.com/lnacui2api/results/docview/attachRetrieve.do?smi=LOGOS&key=38401&componentseq=1&type=logo&inline=y" ALT="http://www.lexisnexis.com/lnacui2api/results/docview/attachRetrieve.do?smi=LOGOS&key=38401&componentseq=1&type=logo&inline=y"><BR><SPAN CLASS="c2">El Pais</SPAN></P>
</DIV>
<BR><DIV CLASS="c3"><P CLASS="c1"><SPAN CLASS="c4">November</SPAN><SPAN CLASS="c2"> 25, 2015 Wednesday</SPAN><SPAN CLASS="c2">&nbsp;</SPAN><SPAN CLASS="c2">&nbsp;<BR>Comunidad Valenciana Edici&oacute;n</SPAN></P>
</DIV>
<BR><DIV CLASS="c5"><P CLASS="c6"><SPAN CLASS="c7">Al PSOE le hace falta una estrategia arriesgada; Podemos necesita propuestas m&aacute;s cre&iacute;bles [AN] La opini&oacute;n se ha fragmentado y las instituciones que articulaban ideolog&iacute;as se han debilitado sin que las sustituya una sociedad civil organizada. Las pr&oacute;ximas elecciones son decisivas y los partidos est&aacute;n luchando para evitar perder en el l&iacute;mite</SPAN></P>
</DIV>
<BR><DIV CLASS="c5"><P CLASS="c6"><SPAN CLASS="c9">SECTION: </SPAN><SPAN CLASS="c2">OPINI&Oacute;N; Base; P&aacute;g. 13</SPAN></P>
</DIV>
<BR><DIV CLASS="c5"><P CLASS="c6"><SPAN CLASS="c9">LENGTH: </SPAN><SPAN CLASS="c2">1153 words</SPAN></P>
</DIV>
<BR><DIV CLASS="c5"><P CLASS="c10"><SPAN CLASS="c2">JORGE GALINDO</SPAN></P>
<P CLASS="c10"><SPAN CLASS="c2">A menos de un mes de unas elecciones generales excepcionalmente agitadas, cuatro contrincantes toman posiciones. A nadie se le escapa que unos salen en mejor forma que otros. Pero no caben valoraciones apresuradas. Las mayor&iacute;as holgadas han terminado, la competencia es eminentemente mayor, cada voto es (a&uacute;n) m&aacute;s preciado. La actitud de los partidos va en consonancia: todos dicen salir a ganar, pero nadie se atreve a arriesgar. Se asegura al mil&iacute;metro en todos los frentes: pol&iacute;tica econ&oacute;mica, ordenaci&oacute;n territorial, regeneraci&oacute;n institucional y ahora tambi&eacute;n cuestiones de seguridad. Pero la falta de audacia tambi&eacute;n encierra riesgos.</SPAN><SPAN CLASS="c2">&nbsp;</SPAN></P>
<P CLASS="c10"><SPAN CLASS="c2">El PP conf&iacute;a en mantener su monopolio conservador. Seg&uacute;n los bar&oacute;metros del CIS, en torno a la mitad de sus simpatizantes son personas retiradas, casi siempre mayores de 65 a&ntilde;os, viejas clases medias. Se les unen peque&ntilde;os empresarios y aut&oacute;nomos de edad m&aacute;s bien avanzada, as&iacute; como un colectivo heterog&eacute;neo con posiciones ideol&oacute;gicas a la derecha del espectro, no cubiertas por ning&uacute;n otro partido. Hay una &uacute;ltima capa de individuos poco interesados en pol&iacute;tica, pero con inter&eacute;s en que las cosas vayan &quot;bien&quot; econ&oacute;micamente. Esta amalgama constituye una base s&oacute;lida y coherente que alcanza el 25%, pero sin apenas expectativas de crecimiento. La irrupci&oacute;n de la cuesti&oacute;n terrorista en campa&ntilde;a favorece la estrategia del PP: responder con firmeza al terrorismo, pero dejando que otros (Francia, EE UU) corran con los costes. Hay tambi&eacute;n un cierto efecto de reagrupamiento en torno al l&iacute;der en tiempos de inseguridad, pero es moment&aacute;neo, de dudoso alcance y duraci&oacute;n. En cualquier caso, apostar &uacute;nicamente por una plataforma conservadora es jugar en corto, negando la posibilidad de mantener entre sus filas a quienes le dieron la victoria en 2011: el voto moderado, ahora deseoso de cambio. El PP jam&aacute;s ha sido un partido liberal, pero hoy lo es menos que nunca. La coalici&oacute;n se ha resquebrajado por el centro. Y </SPAN><SPAN CLASS="c4">Ciudadanos</SPAN><SPAN CLASS="c2">, claro est&aacute;, tiene mucho que ver con ello.</SPAN></P>
<P CLASS="c10"><SPAN CLASS="c4">Albert Rivera</SPAN><SPAN CLASS="c2"> lleva meses creciendo gracias a esta brecha, y ahora que parece que el flujo se agota encuentra otro yacimiento en antiguos socialistas. Este voto centrista se compone de profesionales en activo, de clase media en adelante, entre 35-50 a&ntilde;os y con nivel educativo elevado. A ellos se unen las filas catalanas, de or&iacute;genes m&aacute;s variados salvo en la coincidencia ling&uuml;&iacute;stica y antinacionalista. La coalici&oacute;n que soporta a </SPAN><SPAN CLASS="c4">Ciudadanos</SPAN><SPAN CLASS="c2"> es menos coherente que la del PP, con el consiguiente riesgo de perder lo atesorado con un movimiento en falso. Por ejemplo, los ataques de Par&iacute;s han obligado a Rivera a enfrentarse al dilema entre libertad y seguridad de manera cauta y sin avanzar propuestas espec&iacute;ficas, dejando al pa&iacute;s a la espera de lo que otros decidan. No es casualidad. Cuando el CIS pregunt&oacute; a los espa&ntilde;oles qu&eacute; coalici&oacute;n prefer&iacute;an de no darse ninguna mayor&iacute;a absoluta el 20-D, un 37% de los simpatizantes de </SPAN><SPAN CLASS="c4">Ciudadanos</SPAN><SPAN CLASS="c2"> apostaban apoyar al PP, pero un id&eacute;ntico 35,1% se inclinaba por el PSOE. Rivera y los suyos tienen muy en cuenta esta divisi&oacute;n, que apunta a profundos desacuerdos latentes sobre pol&iacute;ticas espec&iacute;ficas.</SPAN></P>
<P CLASS="c10"><SPAN CLASS="c2">Esta es la fortaleza a&uacute;n por explotar del contendiente aparentemente m&aacute;s desequilibrado. Tras vaciarse de votantes de uno y otro lado, al PSOE le queda un matrimonio de conveniencia entre obreros cualificados y otros trabajadores con contrato fijo (20% activos, 40% inactivos o retirados, seg&uacute;n datos del CIS) y desempleados (20%), con un claro sesgo hacia los hogares de menor renta. Es &quot;de conveniencia&quot; porque comprende al mismo tiempo a lo m&aacute;s protegido y a lo m&aacute;s castigado durante la crisis, si se deja de lado a las clases altas. Esta desigual exposici&oacute;n proviene en parte de las medidas tomadas por los socialistas desde 2008, as&iacute; como de un sistema de bienestar desarrollado por ellos mismos que protege a algunos trabajadores y jubilados dejando a otros a merced del mercado y de la precariedad. Hoy, con una obvia restricci&oacute;n presupuestaria que fuerza cualquier debate a desembocar en un &quot;y esto c&oacute;mo se paga&quot;, Pedro S&aacute;nchez ofrece cierta impresi&oacute;n de indecisi&oacute;n porque no encuentra nada concreto y viable que ofrecer a todos ellos. Al estar sitiado por alternativas nuevas y apetecibles, cualquier paso en falso puede ganarle apoyos de un lado rest&aacute;ndoselos de otro. Tambi&eacute;n en el frente de la seguridad: todo lo que el PSOE ofrece ante la amenaza terrorista se resume en una indeterminaci&oacute;n cr&oacute;nica, sugiriendo t&iacute;midamente cierta intervenci&oacute;n militar sin atreverse a llevarla demasiado lejos. Pero lo conservador de su planteamiento impide a S&aacute;nchez aprovechar su mejor carta: hoy por hoy, parece el &uacute;nico candidato viable y seguro para sustituir a Rajoy. Pablo Iglesias queda demasiado lejos. Las intenciones de Rivera no son claras porque tampoco lo son las preferencias de sus votantes. Si el PSOE consiguiese acortar posiciones con el PP podr&iacute;a aprovecharse de esa ventaja y coordinar el voto antipopular en torno a &eacute;l. Pero para ello hace falta una estrategia ambiciosa, arriesgada.</SPAN></P>
<P CLASS="c10"><SPAN CLASS="c2">Precisamente esta oportunidad es la que se abri&oacute; ante Podemos hace un a&ntilde;o. Iglesias ha insistido siempre en apelar a Rajoy como su rival, una elecci&oacute;n t&aacute;ctica para aglutinar el voto que deseaba ante todo una alternativa viable. Pero la democracia liberal funciona como trituradora de posturas maximalistas: las uniones ambiguas basadas en demandas de cambio no llegan lejos si las propuestas no se concretan. Podemos hizo un viaje de ida y vuelta al centro para quedarse con un voto joven, educado y marcadamente de izquierdas, definido por el agujero de expectativas que ha cavado la crisis en la generaci&oacute;n de 20-34 a&ntilde;os. Iglesias parece haber asumido su nuevo papel. Su reacci&oacute;n ante los atentados en Francia no deja espacio para la duda: entonar no a la guerra, crear un Consejo para la Paz y dem&aacute;s alternativas que dif&iacute;cilmente sintonizan con una mayor&iacute;a envejecida, deseosa de estabilidad. La estructura demogr&aacute;fica e ideol&oacute;gica de la poblaci&oacute;n espa&ntilde;ola no le augura mucho m&aacute;s de su actual 15% si no aborda las propuestas cre&iacute;bles que de momento no ha sabido completar.</SPAN></P>
<P CLASS="c10"><SPAN CLASS="c2">Las razones de la prevalencia del regate en corto van m&aacute;s all&aacute; del vuelco en el sistema de partidos. La opini&oacute;n se ha fragmentado. Las ideas viajan m&aacute;s r&aacute;pido y lejos, pero tambi&eacute;n mueren antes. Las grandes instituciones que permit&iacute;an unir a clases enteras bajo un mismo objetivo (partido, iglesia, sindicato, peri&oacute;dico) se han debilitado sin que haya tomado el relevo una sociedad civil organizada. En alg&uacute;n momento deber&iacute;amos preguntarnos si esta es la clase de pol&iacute;tica que queremos. Pero de aqu&iacute; al 20-D no parece haber elecci&oacute;n, y no queda m&aacute;s remedio que echar cuentas con decimales en los m&aacute;rgenes de difusos programas electorales para evitar perder en el l&iacute;mite. [PG] Jorge Galindo es investigador del Departamento de Sociolog&iacute;a de la Universidad de Ginebra y editor de Politikon.</SPAN></P>
</DIV>
<BR><DIV CLASS="c5"><P CLASS="c6"><SPAN CLASS="c9">LANGUAGE: </SPAN><SPAN CLASS="c2">SPANISH; ESPA&Ntilde;OL</SPAN></P>
</DIV>
<BR><DIV CLASS="c5"><P CLASS="c6"><SPAN CLASS="c9">PUBLICATION-TYPE: </SPAN><SPAN CLASS="c2">Peri&oacute;dico</SPAN></P>
</DIV>
<BR><DIV CLASS="c5"><P CLASS="c6"><SPAN CLASS="c9">SUBJECT: </SPAN><SPAN CLASS="c2">Pol&iacute;tica (93%)</SPAN></P>
</DIV>
<BR><DIV CLASS="c5"><P CLASS="c6"><SPAN CLASS="c9">IPTC SUBJECT: </SPAN><SPAN CLASS="c2">Politica</SPAN></P>
</DIV>
<BR><DIV CLASS="c5"><P CLASS="c6"><SPAN CLASS="c9">LOAD-DATE: </SPAN><SPAN CLASS="c2">November 25, 2015</SPAN></P>
</DIV>
<BR><DIV CLASS="c0"><BR><P CLASS="c1"><SPAN CLASS="c2">Copyright 2015 El Pais Internacional S.A.<BR>All Rights Reserved</SPAN></P>
</DIV>
</BODY>
</HTML>