<HTML>
<HEAD>
<STYLE TYPE="text/css">
.c0 { text-align: center; }
.c1 { text-align: center; margin-top: 0em; margin-bottom: 0em; }
.c2 { font-family: 'Courier New',Courier; font-size: 10pt; font-style: normal; font-weight: normal; color: #000000; text-decoration: none; }
.c3 { text-align: center; margin-left: 13%; margin-right: 13%; }
.c4 { font-family: 'Courier New',Courier; font-size: 10pt; font-style: normal; font-weight: bold; color: #CC0033; text-decoration: none; }
.c5 { text-align: left; }
.c6 { text-align: left; margin-top: 0em; margin-bottom: 0em; }
.c7 { font-family: 'Courier New',Courier; font-size: 14pt; font-style: normal; font-weight: bold; color: #000000; text-decoration: none; }
.c8 { font-family: 'Courier New',Courier; font-size: 14pt; font-style: normal; font-weight: bold; color: #CC0033; text-decoration: none; }
.c9 { font-family: 'Courier New',Courier; font-size: 10pt; font-style: normal; font-weight: bold; color: #000000; text-decoration: none; }
.c10 { text-align: left; margin-top: 1em; margin-bottom: 0em; }
.c11 { page-break-before: always; }
</STYLE>
</HEAD>
<BODY>
<BR><DIV CLASS="c0"><P CLASS="c1"><SPAN CLASS="c2">389 of 935 DOCUMENTS</SPAN></P>
</DIV>
<BR><DIV CLASS="c0"><BR><P CLASS="c1"><IMG SRC="http://www.lexisnexis.com/lnacui2api/results/docview/attachRetrieve.do?smi=LOGOS&key=38401&componentseq=1&type=logo&inline=y" ALT="http://www.lexisnexis.com/lnacui2api/results/docview/attachRetrieve.do?smi=LOGOS&key=38401&componentseq=1&type=logo&inline=y"><BR><SPAN CLASS="c2">El Pais</SPAN></P>
</DIV>
<BR><DIV CLASS="c3"><P CLASS="c1"><SPAN CLASS="c4">November</SPAN><SPAN CLASS="c2"> 27, 2015 Friday</SPAN><SPAN CLASS="c2">&nbsp;</SPAN><SPAN CLASS="c2">&nbsp;<BR>Andaluc&iacute;a Edici&oacute;n</SPAN></P>
</DIV>
<BR><DIV CLASS="c5"><P CLASS="c6"><SPAN CLASS="c7">Debatir para regenerar la vida p&uacute;blica</SPAN></P>
</DIV>
<BR><DIV CLASS="c5"><P CLASS="c6"><SPAN CLASS="c9">BYLINE: </SPAN><SPAN CLASS="c2">ELSA G. DE BLAS</SPAN></P>
</DIV>
<BR><DIV CLASS="c5"><P CLASS="c6"><SPAN CLASS="c9">SECTION: </SPAN><SPAN CLASS="c2">ESPA&ntilde;A; Base; P&aacute;g. 26 [AN] Los candidatos reivindican los debates electorales como expresi&oacute;n de la &quot;buena pol&iacute;tica&quot; y del avance democr&aacute;tico</SPAN></P>
</DIV>
<BR><DIV CLASS="c5"><P CLASS="c6"><SPAN CLASS="c9">LENGTH: </SPAN><SPAN CLASS="c2">562 words</SPAN></P>
</DIV>
<BR><DIV CLASS="c5"><P CLASS="c6"><SPAN CLASS="c9">DATELINE: </SPAN><SPAN CLASS="c2">Madrid </SPAN></P>
</DIV>
<BR><DIV CLASS="c5"><P CLASS="c10"><SPAN CLASS="c2">Espa&ntilde;a ha celebrado cinco debates presidenciales en democracia. Una tradici&oacute;n con corto recorrido a diferencia de pa&iacute;ses como Estados Unidos, donde los candidatos a la presidencia del pa&iacute;s norteamericano en 2016 llegar&aacute;n a las elecciones habiendo celebrado cerca de una docena de debates -entre los que hacen dentro del partido y luego entre s&iacute;-. El cara a cara que celebra EL PA&Iacute;S este pr&oacute;ximo 30 de noviembre ser&aacute;, pues, el sexto de la historia espa&ntilde;ola, y contar&aacute; con una ausencia destacada: la del presidente del Gobierno, Mariano Rajoy, que solo ha admitido participar en uno en toda la campa&ntilde;a. El resto de candidatos a la presidencia reivindican, sin embargo, el debate como elemento revitalizador de la democracia. &quot;Para regenerar la vida democr&aacute;tica hay que debatir, hay que deliberar&quot;, subraya Pedro S&aacute;nchez, l&iacute;der del PSOE.</SPAN><SPAN CLASS="c2">&nbsp;</SPAN></P>
<P CLASS="c10"><SPAN CLASS="c2">&quot;Cuando se diferencia artificialmente entre la nueva y la vieja pol&iacute;tica lo que hay que reivindicar es la buena pol&iacute;tica, que es la del debate&quot;, incide el candidato socialista a La Moncloa, que va a participar en tres en el camino al 20 de diciembre, el primero el de EL PA&Iacute;S. Los candidatos de </SPAN><SPAN CLASS="c4">Ciudadanos, Albert Rivera</SPAN><SPAN CLASS="c2">, y Podemos, Pablo Iglesias, participar&aacute;n en otros tres, aunque uno de ellos, el que organiza la Universidad Carlos III de Madrid, ser&aacute; solo entre ellos dos.</SPAN></P>
<P CLASS="c10"><SPAN CLASS="c2">&quot;Un debate no lo es solo entre los rivales, es un debate con la naci&oacute;n, con los </SPAN><SPAN CLASS="c4">ciudadanos</SPAN><SPAN CLASS="c2">&quot;, opina, por su parte, </SPAN><SPAN CLASS="c4">Albert</SPAN><SPAN CLASS="c2">&nbsp;</SPAN><SPAN CLASS="c4">Rivera</SPAN><SPAN CLASS="c2">. Los representantes de los partidos emergentes est&aacute;n convencidos, como el l&iacute;der socialista, de la importancia de esta pr&aacute;ctica, lo que permite augurar un cambio de tendencia en la pol&iacute;tica espa&ntilde;ola. &quot;Sin debates no hay democracia&quot;, advierte Pablo Iglesias.</SPAN></P>
<P CLASS="c10"><SPAN CLASS="c2">El jefe del Ejecutivo es el &uacute;nico que se aparta de esta consideraci&oacute;n. Rajoy dio a entender anoche en la cadena Cope -donde acudi&oacute; a comentar un partido de Champions del Real Madrid- que un exceso de debates es una p&eacute;rdida de tiempo en sus labores presidenciales. &quot;Yo he debatido mucho a lo largo de mi vida, pero claro, no puedo estar todos los d&iacute;as debatiendo porque yo debo seguir trabajando de presidente del Gobierno y hago muchas cosas&quot;, se&ntilde;al&oacute; Rajoy. El presidente ser&aacute; entrevistado, no obstante, en Telecinco el mismo d&iacute;a y a la misma hora que se celebrar&aacute; en directo el primer gran debate entre los candidatos, el que organiza EL PA&Iacute;S.</SPAN></P>
<P CLASS="c10"><SPAN CLASS="c2">Ausencia de Rajoy</SPAN></P>
<P CLASS="c10"><SPAN CLASS="c2">La ausencia del presidente en los m&uacute;ltiples cara a cara esta campa&ntilde;a sigue siendo objeto de cr&iacute;ticas. La presidenta andaluza, la socialista Susana D&iacute;az, juzg&oacute; ayer de &quot;inaudito&quot; que Rajoy haya decidido no acudir a los debates &quot;y mande a la n&uacute;mero dos y, adem&aacute;s, se vaya a comentar los regates o desmarques de Griezmann y los goles de Ronaldo&quot;, critic&oacute;. La vicepresidenta, Soraya S&aacute;enz de Santamar&iacute;a, sustituir&aacute; a Rajoy en el debate de Atresmedia el 7 de diciembre. &quot;No s&eacute; si el presidente acertar&aacute; o no, a m&iacute; me gustan los debates, estoy en pol&iacute;tica para debatir&quot;, adujo por su parte la presidenta del Partido Popular de Madrid, Esperanza Aguirre. En el PP defendieron que &quot;lo importante&quot; es que el presidente &quot;est&aacute; dando la cara&quot;, en alusi&oacute;n a que s&iacute; participar&aacute; en diversos programas televisivos.</SPAN></P>
<P CLASS="c10"><SPAN CLASS="c2">El primer debate televisado de la democracia no lleg&oacute; hasta 1993, entre Felipe Gonz&aacute;lez y Jos&eacute; Mar&iacute;a Aznar. Para el siguiente hubo que esperar 15 a&ntilde;os. El cambio pol&iacute;tico parece haber revertido esta tradici&oacute;n espa&ntilde;ola.</SPAN></P>
</DIV>
<BR><DIV CLASS="c5"><P CLASS="c6"><SPAN CLASS="c9">LANGUAGE: </SPAN><SPAN CLASS="c2">SPANISH; ESPA&Ntilde;OL</SPAN></P>
</DIV>
<BR><DIV CLASS="c5"><P CLASS="c6"><SPAN CLASS="c9">PUBLICATION-TYPE: </SPAN><SPAN CLASS="c2">Peri&oacute;dico</SPAN></P>
</DIV>
<BR><DIV CLASS="c5"><P CLASS="c6"><SPAN CLASS="c9">SUBJECT: </SPAN><SPAN CLASS="c2">Pol&iacute;tica (94%)</SPAN></P>
</DIV>
<BR><DIV CLASS="c5"><P CLASS="c6"><SPAN CLASS="c9">IPTC SUBJECT: </SPAN><SPAN CLASS="c2">Politica</SPAN></P>
</DIV>
<BR><DIV CLASS="c5"><P CLASS="c6"><SPAN CLASS="c9">LOAD-DATE: </SPAN><SPAN CLASS="c2">November 26, 2015</SPAN></P>
</DIV>
<BR><DIV CLASS="c0"><BR><P CLASS="c1"><SPAN CLASS="c2">Copyright 2015 El Pais Internacional S.A.<BR>All Rights Reserved</SPAN></P>
</DIV>
</BODY>
</HTML>