<HTML>
<HEAD>
<STYLE TYPE="text/css">
.c0 { text-align: center; }
.c1 { text-align: center; margin-top: 0em; margin-bottom: 0em; }
.c2 { font-family: 'Courier New',Courier; font-size: 10pt; font-style: normal; font-weight: normal; color: #000000; text-decoration: none; }
.c3 { text-align: center; margin-left: 13%; margin-right: 13%; }
.c4 { font-family: 'Courier New',Courier; font-size: 10pt; font-style: normal; font-weight: bold; color: #CC0033; text-decoration: none; }
.c5 { text-align: left; }
.c6 { text-align: left; margin-top: 0em; margin-bottom: 0em; }
.c7 { font-family: 'Courier New',Courier; font-size: 14pt; font-style: normal; font-weight: bold; color: #000000; text-decoration: none; }
.c8 { font-family: 'Courier New',Courier; font-size: 14pt; font-style: normal; font-weight: bold; color: #CC0033; text-decoration: none; }
.c9 { font-family: 'Courier New',Courier; font-size: 10pt; font-style: normal; font-weight: bold; color: #000000; text-decoration: none; }
.c10 { text-align: left; margin-top: 1em; margin-bottom: 0em; }
.c11 { page-break-before: always; }
</STYLE>
</HEAD>
<BODY>
<BR><DIV CLASS="c0"><P CLASS="c1"><SPAN CLASS="c2">384 of 935 DOCUMENTS</SPAN></P>
</DIV>
<BR><DIV CLASS="c0"><BR><P CLASS="c1"><IMG SRC="http://www.lexisnexis.com/lnacui2api/results/docview/attachRetrieve.do?smi=LOGOS&key=38401&componentseq=1&type=logo&inline=y" ALT="http://www.lexisnexis.com/lnacui2api/results/docview/attachRetrieve.do?smi=LOGOS&key=38401&componentseq=1&type=logo&inline=y"><BR><SPAN CLASS="c2">El Pais</SPAN></P>
</DIV>
<BR><DIV CLASS="c3"><P CLASS="c1"><SPAN CLASS="c4">January</SPAN><SPAN CLASS="c2"> 17, 2016 Sunday</SPAN><SPAN CLASS="c2">&nbsp;</SPAN><SPAN CLASS="c2">&nbsp;<BR>Andaluc&iacute;a Edici&oacute;n</SPAN></P>
</DIV>
<BR><DIV CLASS="c5"><P CLASS="c6"><SPAN CLASS="c7">Ense&ntilde;en sus cartas</SPAN></P>
</DIV>
<BR><DIV CLASS="c5"><P CLASS="c6"><SPAN CLASS="c9">SECTION: </SPAN><SPAN CLASS="c2">OPINI&Oacute;N; Base; P&aacute;g. 12</SPAN></P>
</DIV>
<BR><DIV CLASS="c5"><P CLASS="c6"><SPAN CLASS="c9">LENGTH: </SPAN><SPAN CLASS="c2">761 words</SPAN></P>
</DIV>
<BR><DIV CLASS="c5"><BR><P CLASS="c6"><SPAN CLASS="c9">HIGHLIGHT:</SPAN><SPAN CLASS="c2">&nbsp;Arrancan las negociaciones decisivas sin conocer el proyecto de Rajoy ni del PP<BR></SPAN></P>
</DIV>
<BR><DIV CLASS="c5"><P CLASS="c10"><SPAN CLASS="c2">La semana pr&oacute;xima comienza el proceso decisivo para aclarar si se consigue un acuerdo de formaci&oacute;n de gobierno o si los procesos negociadores fracasan y no queda otra salida que repetir las elecciones. Esta &uacute;ltima opci&oacute;n, la menos deseable desde el punto de vista de los intereses generales, tampoco resolver&iacute;a los problemas a los que se enfrentan las fuerzas pol&iacute;ticas a la hora de conformar mayor&iacute;as de gobierno, seg&uacute;n se desprende del sondeo de Metroscopia publicado hoy en EL PA&Iacute;S. Porque el cuatripartidismo, lejos de debilitarse, se mantiene e incluso se refuerza casi un mes despu&eacute;s de los comicios del 20 de diciembre.</SPAN></P>
<P CLASS="c10"><SPAN CLASS="c2">Los </SPAN><SPAN CLASS="c4">ciudadanos</SPAN><SPAN CLASS="c2"> muestran un alto grado de confianza en las fuerzas a las que han apoyado y la gran mayor&iacute;a prefiere soluciones que eviten la repetici&oacute;n de elecciones. A estos efectos, el sondeo revela el da&ntilde;o que le ha hecho al PSOE la gesti&oacute;n poselectoral y la competencia que le supone Podemos, lo cual invita a no crear falsas expectativas en torno al margen con que cuenta el l&iacute;der de los socialistas, Pedro S&aacute;nchez, para el caso de que fracase la investidura de Mariano Rajoy. Tampoco se recupera el partido del presidente en funciones, mientras que </SPAN><SPAN CLASS="c4">Ciudadanos</SPAN><SPAN CLASS="c2"> y su dirigente, </SPAN><SPAN CLASS="c4">Albert Rivera,</SPAN><SPAN CLASS="c2"> sacan r&eacute;dito de la actitud dialogante mostrada tras los comicios.</SPAN><SPAN CLASS="c2">&nbsp;</SPAN></P>
<P CLASS="c10"><SPAN CLASS="c2">Estas oscilaciones, aunque significativas, no alteran las l&iacute;neas generales del sistema multipartidista. Los actores pol&iacute;ticos tienen que tener en mente que no se trata solo de prepararse ante la crisis constitucional amagada por las autoridades independentistas de Catalu&ntilde;a. En t&eacute;rminos econ&oacute;micos, la opci&oacute;n m&aacute;s costosa ser&iacute;a sin ninguna duda un fracaso negociador que condujera a nuevas elecciones. Porque en ese caso habr&iacute;a que esperar hasta el segundo semestre del a&ntilde;o para negociar con Bruselas sobre el pr&oacute;ximo plan de estabilidad.</SPAN></P>
<P CLASS="c10"><SPAN CLASS="c2">La Comisi&oacute;n Europea entiende que Espa&ntilde;a no ha cumplido los objetivos de d&eacute;ficit en 2015 y tampoco los cumplir&aacute; en 2016. Es imposible soslayar la negociaci&oacute;n de un ajuste presupuestario sobre la base de las cuentas p&uacute;blicas aprobadas bajo la anterior mayor&iacute;a absoluta del Partido Popular. Se explica as&iacute; la exhortaci&oacute;n del presidente de la Comisi&oacute;n, Jean-Claude Juncker, para conseguir un Gobierno estable en Espa&ntilde;a.</SPAN></P>
<P CLASS="c10"><SPAN CLASS="c2">Quien primero tiene la intenci&oacute;n de intentarlo -el partido que m&aacute;s votos obtuvo el 20 de diciembre, el PP- es el que menos protagonismo ha tenido desde aquella fecha. Llevamos semanas hablando m&aacute;s del PSOE o de Podemos que del propio PP, como si la responsabilidad de la gobernabilidad del pa&iacute;s descansara m&aacute;s en quienes han perdido las elecciones que en el partido que alcanz&oacute; la primera posici&oacute;n. Las escaramuzas de los &uacute;ltimos d&iacute;as han servido para observar que es casi imposible un acuerdo en la izquierda, sobre todo por la deriva de Podemos y de los nacionalistas, mientras que a&uacute;n no est&aacute; clara cu&aacute;l es la propuesta del PP, cu&aacute;l es su proyecto de Gobierno y qui&eacute;n es su candidato a presidirlo. Las referencias gen&eacute;ricas de Mariano Rajoy a que el PSOE y </SPAN><SPAN CLASS="c4">Ciudadanos</SPAN><SPAN CLASS="c2"> le den su apoyo por el bien de la estabilidad del pa&iacute;s no pueden considerarse una exploraci&oacute;n seria sobre las posibilidades que tiene el PP de reunir una mayor&iacute;a. Necesitamos saber mucho m&aacute;s y con m&aacute;s detalle.</SPAN></P>
<P CLASS="c10"><SPAN CLASS="c2">Dejar pasar el tiempo no resuelve nada. Repetir las elecciones alarga en exceso la fragilidad de un Gobierno en funciones frente a las acometidas del independentismo en Catalu&ntilde;a y crea un escenario pol&iacute;ticoecon&oacute;mico en el cual los eventuales ajustes exigidos por Bruselas deber&aacute;n concentrarse durante los &uacute;ltimos meses del a&ntilde;o. Y en el supuesto de que se lograra persuadir a las autoridades europeas de la imposibilidad de aplicar un ajuste dr&aacute;stico en pocos meses, la econom&iacute;a espa&ntilde;ola se encontrar&iacute;a con un a&ntilde;o perdido. La pol&iacute;tica monetaria del Banco Central Europeo nos protege contra una crisis de deuda, pero un clima de inestabilidad pol&iacute;tica puede incrementar la prima de riesgo espa&ntilde;ola, un efecto nada deseable cuando este pa&iacute;s tiene que refinanciar este a&ntilde;o unos 400.000 millones de euros.</SPAN></P>
<P CLASS="c10"><SPAN CLASS="c2">Es el momento de mostrar una actitud abierta y olvidarse de las l&iacute;neas rojas para sentarse a dialogar. Hay que conseguir un Gobierno que, a la vez, genere confianza en los </SPAN><SPAN CLASS="c4">ciudadanos</SPAN><SPAN CLASS="c2">, en las instituciones europeas y entre los inversores. Es un error pensar que la ambig&uuml;edad evita castigos electorales. Al contrario, los electores premian a los pol&iacute;ticos capaces de buscar cauces de entendimiento y agotar las alternativas. No ser&iacute;a serio devolver la pelota a los votantes sin haber apurado antes todas las opciones de construir un Gobierno estable.</SPAN></P>
</DIV>
<BR><DIV CLASS="c5"><P CLASS="c6"><SPAN CLASS="c9">LANGUAGE: </SPAN><SPAN CLASS="c2">SPANISH; ESPA&Ntilde;OL</SPAN></P>
</DIV>
<BR><DIV CLASS="c5"><P CLASS="c6"><SPAN CLASS="c9">PUBLICATION-TYPE: </SPAN><SPAN CLASS="c2">Peri&oacute;dico</SPAN></P>
</DIV>
<BR><DIV CLASS="c5"><P CLASS="c6"><SPAN CLASS="c9">SUBJECT: </SPAN><SPAN CLASS="c2">Pol&iacute;tica (94%)</SPAN></P>
</DIV>
<BR><DIV CLASS="c5"><P CLASS="c6"><SPAN CLASS="c9">IPTC SUBJECT: </SPAN><SPAN CLASS="c2">Politica</SPAN></P>
</DIV>
<BR><DIV CLASS="c5"><P CLASS="c6"><SPAN CLASS="c9">LOAD-DATE: </SPAN><SPAN CLASS="c2">January 16, 2016</SPAN></P>
</DIV>
<BR><DIV CLASS="c0"><BR><P CLASS="c1"><SPAN CLASS="c2">Copyright 2016 El Pais Internacional S.A.<BR>All Rights Reserved</SPAN></P>
</DIV>
</BODY>
</HTML>