<HTML>
<HEAD>
<STYLE TYPE="text/css">
.c0 { text-align: center; }
.c1 { text-align: center; margin-top: 0em; margin-bottom: 0em; }
.c2 { font-family: 'Courier New',Courier; font-size: 10pt; font-style: normal; font-weight: normal; color: #000000; text-decoration: none; }
.c3 { text-align: center; margin-left: 13%; margin-right: 13%; }
.c4 { font-family: 'Courier New',Courier; font-size: 10pt; font-style: normal; font-weight: bold; color: #CC0033; text-decoration: none; }
.c5 { text-align: left; }
.c6 { text-align: left; margin-top: 0em; margin-bottom: 0em; }
.c7 { font-family: 'Courier New',Courier; font-size: 14pt; font-style: normal; font-weight: bold; color: #000000; text-decoration: none; }
.c8 { font-family: 'Courier New',Courier; font-size: 14pt; font-style: normal; font-weight: bold; color: #CC0033; text-decoration: none; }
.c9 { font-family: 'Courier New',Courier; font-size: 10pt; font-style: normal; font-weight: bold; color: #000000; text-decoration: none; }
.c10 { text-align: left; margin-top: 1em; margin-bottom: 0em; }
.c11 { page-break-before: always; }
</STYLE>
</HEAD>
<BODY>
<BR><DIV CLASS="c0"><P CLASS="c1"><SPAN CLASS="c2">287 of 935 DOCUMENTS</SPAN></P>
</DIV>
<BR><DIV CLASS="c0"><BR><P CLASS="c1"><IMG SRC="http://www.lexisnexis.com/lnacui2api/results/docview/attachRetrieve.do?smi=LOGOS&key=38401&componentseq=1&type=logo&inline=y" ALT="http://www.lexisnexis.com/lnacui2api/results/docview/attachRetrieve.do?smi=LOGOS&key=38401&componentseq=1&type=logo&inline=y"><BR><SPAN CLASS="c2">El Pais</SPAN></P>
</DIV>
<BR><DIV CLASS="c3"><P CLASS="c1"><SPAN CLASS="c4">December</SPAN><SPAN CLASS="c2"> 13, 2015 Sunday</SPAN><SPAN CLASS="c2">&nbsp;</SPAN><SPAN CLASS="c2">&nbsp;<BR>Nacional Edici&oacute;n</SPAN></P>
</DIV>
<BR><DIV CLASS="c5"><P CLASS="c6"><SPAN CLASS="c7">&quot;El PP siempre ha logrado fracturar a la izquierda&quot;</SPAN></P>
</DIV>
<BR><DIV CLASS="c5"><P CLASS="c6"><SPAN CLASS="c9">BYLINE: </SPAN><SPAN CLASS="c2">RUB&Eacute;N AM&Oacute;N</SPAN></P>
</DIV>
<BR><DIV CLASS="c5"><P CLASS="c6"><SPAN CLASS="c9">SECTION: </SPAN><SPAN CLASS="c2">ESPA&ntilde;A; Base; P&aacute;g. 24 [AN] ALFREDO P&Eacute;REZ RUBALCABA Ex secretario general del PSOE</SPAN></P>
</DIV>
<BR><DIV CLASS="c5"><P CLASS="c6"><SPAN CLASS="c9">LENGTH: </SPAN><SPAN CLASS="c2">691 words</SPAN></P>
</DIV>
<BR><DIV CLASS="c5"><P CLASS="c6"><SPAN CLASS="c9">DATELINE: </SPAN><SPAN CLASS="c2">Madrid </SPAN></P>
</DIV>
<BR><DIV CLASS="c5"><P CLASS="c10"><SPAN CLASS="c2">El despacho de Alfredo P&eacute;rez Rubalcaba (Solares, Cantabria, 1951) en la Facultad de Qu&iacute;micas de la Universidad Complutense llama la atenci&oacute;n por una fotograf&iacute;a de gran tama&ntilde;o que escenifica su despedida del Parlamento. Est&aacute;n de pie sus compa&ntilde;eros de partido. Est&aacute;n sentados los de IU. Y parece ser que eludieron levantarse algunos colegas del PSOE, pero la imagen recorta el desplante y la bancada socialista tanto como las encuestas restringen ahora las expectativas de Pedro S&aacute;nchez. El sucesor de P&eacute;rez Rubalcaba tambi&eacute;n lo ser&aacute; en el debate televisivo frente a Mariano Rajoy.</SPAN></P>
<P CLASS="c10"><SPAN CLASS="c2">Pregunta. &iquest;Considera veros&iacute;mil que el CIS haya manipulado la &uacute;ltima encuesta, tal como denunciaba S&aacute;nchez?</SPAN><SPAN CLASS="c2">&nbsp;</SPAN></P>
<P CLASS="c10"><SPAN CLASS="c2">Respuesta. La singularidad de estas elecciones consiste en que hay muchos espa&ntilde;oles que dudan. Habiendo tanta incertidumbre, la cocina de una encuesta tambi&eacute;n tiene un peso superior. Y este CIS est&aacute; muy cocinado, con toda seguridad.</SPAN></P>
<P CLASS="c10"><SPAN CLASS="c2">P. &iquest;Y qu&eacute; sensaci&oacute;n le produce que un mal resultado como el que usted tuvo, 110 diputados, se observe ahora para el PSOE como un milagro?</SPAN></P>
<P CLASS="c10"><SPAN CLASS="c2">R. La realidad pol&iacute;tica es muy distinta de la de entonces. Hay dos partidos nuevos en liza, emergentes. Y, aunque parezca lo contrario, implican la consolidaci&oacute;n de la izquierda y la derecha. La aparici&oacute;n de Podemos ha sido contrarrestada con </SPAN><SPAN CLASS="c4">Ciudadanos</SPAN><SPAN CLASS="c2">. Izquierda y derecha. </SPAN><SPAN CLASS="c4">Albert Rivera</SPAN><SPAN CLASS="c2"> pretende hacernos creer que es un pol&iacute;tico de centro, como Iglesias pretende disimular que es un comunista. Han ca&iacute;do en la trampa del PP.</SPAN></P>
<P CLASS="c10"><SPAN CLASS="c2">P. &iquest;Cu&aacute;l es la trampa del PP?</SPAN></P>
<P CLASS="c10"><SPAN CLASS="c2">R. Hacerlos competir no por derrotar a Rajoy sino por derrotar a Pedro S&aacute;nchez. &iquest;Por qu&eacute; no va Rajoy a los debates? Porque no yendo, plantea un debate entre segundos. Y para confirmarlo, incluso, manda a Soraya. Su segunda. Nos demuestra que &eacute;l se ha escapado del pelot&oacute;n. Y que sus perseguidores se pelean entre s&iacute;, d&aacute;ndole a &eacute;l m&aacute;s ventaja, disput&aacute;ndose la segunda plaza. </SPAN><SPAN CLASS="c4">Ciudadanos</SPAN><SPAN CLASS="c2"> y Podemos han renunciado a ganar al PP. Y es el juego en que no puede entrar el PSOE.</SPAN></P>
<P CLASS="c10"><SPAN CLASS="c2">P. &iquest;Est&aacute; ganando Rajoy la campa&ntilde;a, entonces?</SPAN></P>
<P CLASS="c10"><SPAN CLASS="c2">R. La cuesti&oacute;n de fondo deber&iacute;a ser si gobierna o no Rajoy. El PP siempre ha conseguido fracturar a la izquierda. O la izquierda se ha fracturado sola. Y gobierna el PP sobre esa estrategia. &iquest;Pagar&aacute; caro Rajoy no haber ido a los debates? No pagar&aacute; nada. Seamos sinceros. Ha creado la imagen de tres tipos peg&aacute;ndose, trasladando la sensaci&oacute;n de que ya ha ganado.</SPAN></P>
<P CLASS="c10"><SPAN CLASS="c2">P. &iquest;Qu&eacute; se juega S&aacute;nchez en su cara a cara con Rajoy?</SPAN></P>
<P CLASS="c10"><SPAN CLASS="c2">R. Elegimos al presidente de Espa&ntilde;a. Y se trata de gobernar. Pienso c&oacute;mo ser&iacute;an de presidentes los candidatos. Y veo que </SPAN><SPAN CLASS="c4">Albert Rivera</SPAN><SPAN CLASS="c2"> no es posible. Todo lo que dice es bu&ntilde;uelo, todo es gas. Y cuando lo pinchas, aparece el contrato &uacute;nico. Que es lo m&aacute;s de derechas que se puede proponer. Pablo Iglesias no puede ser presidente de Espa&ntilde;a y defender a la vez la autodeterminaci&oacute;n. Es incompatible. Una parte de Espa&ntilde;a no se puede fracturar sin consultar a la otra. Y, en cambio, veo en Pedro S&aacute;nchez un proyecto, un equilibrio, un reformista.</SPAN></P>
<P CLASS="c10"><SPAN CLASS="c2">P. &iquest;Y ve un partido detr&aacute;s de &eacute;l? &iquest;Est&aacute; siendo leal el PSOE?</SPAN></P>
<P CLASS="c10"><SPAN CLASS="c2">R. En conjunto s&iacute;. Otra cuesti&oacute;n es que en la izquierda hay un sentido cr&iacute;tico. Y a veces se confunde la cr&iacute;tica con la falta de lealtad. El PSOE est&aacute; detr&aacute;s de S&aacute;nchez como un reloj.</SPAN></P>
<P CLASS="c10"><SPAN CLASS="c2">P. &iquest;No es una contradicci&oacute;n criticar a Podemos despu&eacute;s de haber pactado con ellos en Ayuntamientos y comunidades?</SPAN></P>
<P CLASS="c10"><SPAN CLASS="c2">R. Hablemos de Madrid. Hab&iacute;a que dejar gobernar a Manuela Carmena. Lo contrario, hubiera sido dejar gobernar a Esperanza Aguirre. En pol&iacute;tica no hay decisi&oacute;n que no tenga sus contraindicaciones. Como ha ocurrido con Podemos apoyando al PSOE en otros escenarios.</SPAN></P>
<P CLASS="c10"><SPAN CLASS="c2">P. &iquest;Comprende a los socialistas que dudan votar a Podemos?</SPAN></P>
<P CLASS="c10"><SPAN CLASS="c2">R. Entiendo que haya dudas entre votar al PSOE o Podemos. Pero hay que repensar la mutaci&oacute;n de Iglesias. Ha pasado del comunismo a la socialdemocracia danesa. Es un salto en el vac&iacute;o. A un presidente hay que pedirle solvencia.</SPAN></P>
<P CLASS="c10"><SPAN CLASS="c2">P. &iquest;Comprende a los socialistas que dudan votar a </SPAN><SPAN CLASS="c4">Ciudadanos</SPAN><SPAN CLASS="c2">?</SPAN></P>
<P CLASS="c10"><SPAN CLASS="c2">R. Se entiende mal. Rivera es muy conservador detr&aacute;s del maquillaje. De Rivera hay que leer su programa.</SPAN></P>
<P CLASS="c10"><SPAN CLASS="c2">P. &iquest;Puede ganar Pedro S&aacute;nchez las elecciones?</SPAN></P>
<P CLASS="c10"><SPAN CLASS="c2">R. &iquest;Qui&eacute;n est&aacute; mejor preparado? Yo digo que Pedro S&aacute;nchez.</SPAN></P>
</DIV>
<BR><DIV CLASS="c5"><P CLASS="c6"><SPAN CLASS="c9">LANGUAGE: </SPAN><SPAN CLASS="c2">SPANISH; ESPA&Ntilde;OL</SPAN></P>
</DIV>
<BR><DIV CLASS="c5"><P CLASS="c6"><SPAN CLASS="c9">PUBLICATION-TYPE: </SPAN><SPAN CLASS="c2">Peri&oacute;dico</SPAN></P>
</DIV>
<BR><DIV CLASS="c5"><P CLASS="c6"><SPAN CLASS="c9">SUBJECT: </SPAN><SPAN CLASS="c2">Pol&iacute;tica (93%)</SPAN></P>
</DIV>
<BR><DIV CLASS="c5"><P CLASS="c6"><SPAN CLASS="c9">IPTC SUBJECT: </SPAN><SPAN CLASS="c2">Politica</SPAN></P>
</DIV>
<BR><DIV CLASS="c5"><P CLASS="c6"><SPAN CLASS="c9">LOAD-DATE: </SPAN><SPAN CLASS="c2">December 12, 2015</SPAN></P>
</DIV>
<BR><DIV CLASS="c0"><BR><P CLASS="c1"><SPAN CLASS="c2">Copyright 2015 El Pais Internacional S.A.<BR>All Rights Reserved</SPAN></P>
</DIV>
</BODY>
</HTML>