<HTML>
<HEAD>
<STYLE TYPE="text/css">
.c0 { text-align: center; }
.c1 { text-align: center; margin-top: 0em; margin-bottom: 0em; }
.c2 { font-family: 'Courier New',Courier; font-size: 10pt; font-style: normal; font-weight: normal; color: #000000; text-decoration: none; }
.c3 { text-align: center; margin-left: 13%; margin-right: 13%; }
.c4 { font-family: 'Courier New',Courier; font-size: 10pt; font-style: normal; font-weight: bold; color: #CC0033; text-decoration: none; }
.c5 { text-align: left; }
.c6 { text-align: left; margin-top: 0em; margin-bottom: 0em; }
.c7 { font-family: 'Courier New',Courier; font-size: 14pt; font-style: normal; font-weight: bold; color: #000000; text-decoration: none; }
.c8 { font-family: 'Courier New',Courier; font-size: 14pt; font-style: normal; font-weight: bold; color: #CC0033; text-decoration: none; }
.c9 { font-family: 'Courier New',Courier; font-size: 10pt; font-style: normal; font-weight: bold; color: #000000; text-decoration: none; }
.c10 { text-align: left; margin-top: 1em; margin-bottom: 0em; }
.c11 { page-break-before: always; }
</STYLE>
</HEAD>
<BODY>
<BR><DIV CLASS="c0"><P CLASS="c1"><SPAN CLASS="c2">497 of 935 DOCUMENTS</SPAN></P>
</DIV>
<BR><DIV CLASS="c0"><BR><P CLASS="c1"><IMG SRC="http://www.lexisnexis.com/lnacui2api/results/docview/attachRetrieve.do?smi=LOGOS&key=38401&componentseq=1&type=logo&inline=y" ALT="http://www.lexisnexis.com/lnacui2api/results/docview/attachRetrieve.do?smi=LOGOS&key=38401&componentseq=1&type=logo&inline=y"><BR><SPAN CLASS="c2">El Pais</SPAN></P>
</DIV>
<BR><DIV CLASS="c3"><P CLASS="c1"><SPAN CLASS="c4">January</SPAN><SPAN CLASS="c2"> 13, 2016 Wednesday</SPAN><SPAN CLASS="c2">&nbsp;</SPAN><SPAN CLASS="c2">&nbsp;<BR>2&ordf; Ed. Madrid Edici&oacute;n</SPAN></P>
</DIV>
<BR><DIV CLASS="c5"><P CLASS="c6"><SPAN CLASS="c7">Podemos critica &quot;el inmovilismo del b&uacute;nker y la vieja pol&iacute;tica&quot;</SPAN></P>
</DIV>
<BR><DIV CLASS="c5"><P CLASS="c6"><SPAN CLASS="c9">BYLINE: </SPAN><SPAN CLASS="c2">EL PA&Iacute;S</SPAN></P>
</DIV>
<BR><DIV CLASS="c5"><P CLASS="c6"><SPAN CLASS="c9">SECTION: </SPAN><SPAN CLASS="c2">ESPA&ntilde;A; Base; P&aacute;g. 13</SPAN></P>
</DIV>
<BR><DIV CLASS="c5"><P CLASS="c6"><SPAN CLASS="c9">LENGTH: </SPAN><SPAN CLASS="c2">383 words</SPAN></P>
</DIV>
<BR><DIV CLASS="c5"><P CLASS="c6"><SPAN CLASS="c9">DATELINE: </SPAN><SPAN CLASS="c2">Madrid </SPAN></P>
</DIV>
<BR><DIV CLASS="c5"><P CLASS="c10"><SPAN CLASS="c2">&quot;Se dibuja una alianza a tres por el inmovilismo, un b&uacute;nker contra el cambio que contin&uacute;a con el enrocamiento de la vieja pol&iacute;tica en las instituciones&quot;, aseguraron ayer fuentes de la direcci&oacute;n de Podemos tras el acuerdo logrado entre los partidos para la constituci&oacute;n de la Mesa del Congreso.</SPAN><SPAN CLASS="c2">&nbsp;</SPAN></P>
<P CLASS="c10"><SPAN CLASS="c2">A&ntilde;aden que &quot;frente a ello, confiamos en que el PSOE apueste por la sensatez y acepte la propuesta de constituci&oacute;n de cuatro grupos parlamentarios que permitir&iacute;a seguir avanzando hacia un acuerdo que haga real la voluntad de cambio que los </SPAN><SPAN CLASS="c4">ciudadanos</SPAN><SPAN CLASS="c2"> han expresado en las urnas el pasado 20 de diciembre&quot;.</SPAN></P>
<P CLASS="c10"><SPAN CLASS="c2">La nueva Mesa tendr&aacute; que decidir en cinco d&iacute;as sobre la creaci&oacute;n de los grupos, aunque ya est&aacute; decidido que rechazar&aacute; la petici&oacute;n de Podemos de tener cuatro grupos diferentes.</SPAN></P>
<P CLASS="c10"><SPAN CLASS="c2">El l&iacute;der de </SPAN><SPAN CLASS="c4">Ciudadanos</SPAN><SPAN CLASS="c2">, </SPAN><SPAN CLASS="c4">Albert Rivera</SPAN><SPAN CLASS="c2">, defendi&oacute; el acuerdo y asegur&oacute; que abre una nueva etapa con separaci&oacute;n &quot;absoluta de poderes y en la que se invalida la tentaci&oacute;n que pueda tener cualquier grupo para hacer un uso partidista de la C&aacute;mara&quot;. En opini&oacute;n de Rivera, &quot;ser&iacute;a imprudente&quot; intentar vincular o extrapolar este &quot;gran acuerdo&quot; con el PP y el PSOE para futuras alianzas de Gobierno.</SPAN></P>
<P CLASS="c10"><SPAN CLASS="c2">Di&aacute;logo</SPAN></P>
<P CLASS="c10"><SPAN CLASS="c2">El secretario general del PSOE, Pedro S&aacute;nchez, asegur&oacute; que &quot;el PSOE apuesta por el di&aacute;logo, quer&iacute;amos que la Mesa fuera plural. Lo m&aacute;s f&aacute;cil hubiera sido atender al requerimiento inicial del PP, haber llegado a un acuerdo con el PP y no haber materializado esa pluralidad que ahora mismo hay en el Congreso de los Diputados, en la Mesa. Renunciamos a eso, abrimos el di&aacute;logo y la negociaci&oacute;n con Podemos y </SPAN><SPAN CLASS="c4">Ciudadanos</SPAN><SPAN CLASS="c2">&quot;.</SPAN></P>
<P CLASS="c10"><SPAN CLASS="c2">&quot;Lo importante es que hay un principio de acuerdo, que va a haber un nuevo presidente del Congreso y que ese presidente es una persona acreditada, que trasciende la figura de un partido pol&iacute;tico, con una gran experiencia institucional y que adem&aacute;s, ha hecho del di&aacute;logo su bandera a lo largo de toda su trayectoria pol&iacute;tica&quot;.</SPAN></P>
<P CLASS="c10"><SPAN CLASS="c2">Jes&uacute;s Posada, presidente del Congreso durante la &uacute;ltima legislatura y diputado del PP, celebr&oacute; que su &quot;sustituci&oacute;n&quot; como presidente de la C&aacute;mara baja haya sido consecuencia de un &quot;acuerdo amplio de los dos partidos y con un solo candidato&quot;.</SPAN></P>
<P CLASS="c10"><SPAN CLASS="c2">El PNV no apoyar&aacute; a ning&uacute;n candidato, es decir, votar&aacute; en blanco en las dos votaciones: la de presidente y la de la elecci&oacute;n de los miembros de la Mesa.</SPAN></P>
</DIV>
<BR><DIV CLASS="c5"><P CLASS="c6"><SPAN CLASS="c9">LANGUAGE: </SPAN><SPAN CLASS="c2">SPANISH; ESPA&Ntilde;OL</SPAN></P>
</DIV>
<BR><DIV CLASS="c5"><P CLASS="c6"><SPAN CLASS="c9">PUBLICATION-TYPE: </SPAN><SPAN CLASS="c2">Peri&oacute;dico</SPAN></P>
</DIV>
<BR><DIV CLASS="c5"><P CLASS="c6"><SPAN CLASS="c9">SUBJECT: </SPAN><SPAN CLASS="c2">Pol&iacute;tica (93%)</SPAN></P>
</DIV>
<BR><DIV CLASS="c5"><P CLASS="c6"><SPAN CLASS="c9">IPTC SUBJECT: </SPAN><SPAN CLASS="c2">Politica</SPAN></P>
</DIV>
<BR><DIV CLASS="c5"><P CLASS="c6"><SPAN CLASS="c9">LOAD-DATE: </SPAN><SPAN CLASS="c2">January 12, 2016</SPAN></P>
</DIV>
<BR><DIV CLASS="c0"><BR><P CLASS="c1"><SPAN CLASS="c2">Copyright 2016 El Pais Internacional S.A.<BR>All Rights Reserved</SPAN></P>
</DIV>
</BODY>
</HTML>