<HTML>
<HEAD>
<STYLE TYPE="text/css">
.c0 { text-align: center; }
.c1 { text-align: center; margin-top: 0em; margin-bottom: 0em; }
.c2 { font-family: 'Courier New',Courier; font-size: 10pt; font-style: normal; font-weight: normal; color: #000000; text-decoration: none; }
.c3 { text-align: center; margin-left: 13%; margin-right: 13%; }
.c4 { font-family: 'Courier New',Courier; font-size: 10pt; font-style: normal; font-weight: bold; color: #CC0033; text-decoration: none; }
.c5 { text-align: left; }
.c6 { text-align: left; margin-top: 0em; margin-bottom: 0em; }
.c7 { font-family: 'Courier New',Courier; font-size: 14pt; font-style: normal; font-weight: bold; color: #000000; text-decoration: none; }
.c8 { font-family: 'Courier New',Courier; font-size: 14pt; font-style: normal; font-weight: bold; color: #CC0033; text-decoration: none; }
.c9 { font-family: 'Courier New',Courier; font-size: 10pt; font-style: normal; font-weight: bold; color: #000000; text-decoration: none; }
.c10 { text-align: left; margin-top: 1em; margin-bottom: 0em; }
.c11 { page-break-before: always; }
</STYLE>
</HEAD>
<BODY>
<BR><DIV CLASS="c0"><P CLASS="c1"><SPAN CLASS="c2">472 of 935 DOCUMENTS</SPAN></P>
</DIV>
<BR><DIV CLASS="c0"><BR><P CLASS="c1"><IMG SRC="http://www.lexisnexis.com/lnacui2api/results/docview/attachRetrieve.do?smi=LOGOS&key=38401&componentseq=1&type=logo&inline=y" ALT="http://www.lexisnexis.com/lnacui2api/results/docview/attachRetrieve.do?smi=LOGOS&key=38401&componentseq=1&type=logo&inline=y"><BR><SPAN CLASS="c2">El Pais</SPAN></P>
</DIV>
<BR><DIV CLASS="c3"><P CLASS="c1"><SPAN CLASS="c4">December</SPAN><SPAN CLASS="c2"> 12, 2015 Saturday</SPAN><SPAN CLASS="c2">&nbsp;</SPAN><SPAN CLASS="c2">&nbsp;<BR>1&ordf; Ed. Madrid Edici&oacute;n</SPAN></P>
</DIV>
<BR><DIV CLASS="c5"><P CLASS="c6"><SPAN CLASS="c7">Hern&aacute;ndez cree &quot;imperdonable&quot; que Carmena no apoyase al PSOE en el cambio del callejero</SPAN></P>
</DIV>
<BR><DIV CLASS="c5"><P CLASS="c6"><SPAN CLASS="c9">BYLINE: </SPAN><SPAN CLASS="c2">F. S.</SPAN></P>
</DIV>
<BR><DIV CLASS="c5"><P CLASS="c6"><SPAN CLASS="c9">SECTION: </SPAN><SPAN CLASS="c2">MADRID; Madrid; P&aacute;g. 2</SPAN></P>
</DIV>
<BR><DIV CLASS="c5"><P CLASS="c6"><SPAN CLASS="c9">LENGTH: </SPAN><SPAN CLASS="c2">368 words</SPAN></P>
</DIV>
<BR><DIV CLASS="c5"><P CLASS="c6"><SPAN CLASS="c9">DATELINE: </SPAN><SPAN CLASS="c2">Madrid </SPAN></P>
</DIV>
<BR><DIV CLASS="c5"><BR><P CLASS="c6"><SPAN CLASS="c9">HIGHLIGHT:</SPAN><SPAN CLASS="c2">&nbsp;La dirigente socialista pide mayor presupuesto para luchar contra la violencia machista<BR></SPAN></P>
</DIV>
<BR><DIV CLASS="c5"><P CLASS="c10"><SPAN CLASS="c2">La secretaria general de los socialistas madrile&ntilde;os, Sara Hern&aacute;ndez, rechaz&oacute; ayer que exista un acuerdo para que el PSOE forme parte del gobierno del Ayuntamiento de la capital. Hern&aacute;ndez tambi&eacute;n se mostr&oacute; muy dura con </SPAN><SPAN CLASS="c4">Ciudadanos</SPAN><SPAN CLASS="c2">, partido al que acus&oacute; de parecerse cada vez m&aacute;s al PP. &quot;Estos d&iacute;as de campa&ntilde;a se est&aacute; viendo al verdadero </SPAN><SPAN CLASS="c4">Ciudadanos</SPAN><SPAN CLASS="c2">: al del contrato &uacute;nico, al que no sabe lo que es la lucha a favor de la igualdad de oportunidades y en contra de la violencia de g&eacute;nero&quot;, afirm&oacute;.</SPAN><SPAN CLASS="c2">&nbsp;</SPAN></P>
<P CLASS="c10"><SPAN CLASS="c2">Hern&aacute;ndez, en unas jornadas convocadas por el peri&oacute;dico Estrella Digital, sostuvo, adem&aacute;s, que es &quot;imperdonable lo que ha ocurrido con la memoria hist&oacute;rica&quot;, en referencia a la abstenci&oacute;n de Ahora Madrid en la moci&oacute;n que los socialistas presentaron en el pleno del 26 de noviembre para eliminar del callejero de la capital los nombres que hacen referencia al franquismo. Una moci&oacute;n que, previamente, hab&iacute;a sido acordada por ambas formaciones y que el equipo de Manuela Carmena rechaz&oacute; en el &uacute;ltimo momento.</SPAN></P>
<P CLASS="c10"><SPAN CLASS="c2">Hern&aacute;ndez neg&oacute; que exista alg&uacute;n acuerdo o que se vaya a abrir negociaciones para que su partido, el PSOE, forme parte delgGobierno municipal despu&eacute;s de las elecciones generales del d&iacute;a 20. &quot;Ahora&quot;, seg&uacute;n la l&iacute;der socialista, &quot;se est&aacute; trabajando de forma aut&oacute;noma, en igualdad y nunca subordinados a Ahora Madrid. Lo que tenga que ocurrir despu&eacute;s del 20 de diciembre, ya veremos&quot;.</SPAN></P>
<P CLASS="c10"><SPAN CLASS="c2">La secretaria general del PSM considera que su futuro est&aacute; ligado al de su l&iacute;der, Pedro S&aacute;nchez, en el sentido en que lo est&aacute; el de &quot;los otros 15.000 socialistas madrile&ntilde;os&quot;. Tambi&eacute;n certifica que se ha superado la inestabilidad org&aacute;nica producida a ra&iacute;z de la destituci&oacute;n de Tom&aacute;s G&oacute;mez [anterior secretario regional] en febrero y la posterior creaci&oacute;n de una gestora.</SPAN></P>
<P CLASS="c10"><SPAN CLASS="c2">Hern&aacute;ndez aprovech&oacute; la jornada para criticar, adem&aacute;s de a Ahora Madrid, a la formaci&oacute;n que lidera </SPAN><SPAN CLASS="c4">Albert Rivera.</SPAN><SPAN CLASS="c2"> Tild&oacute; de &quot;abominable&quot; la propuesta de &quot;eliminar las penas agravadas&quot; por signos de violencia machista, tal y como pidi&oacute; </SPAN><SPAN CLASS="c4">Ciudadanos</SPAN><SPAN CLASS="c2"> el pasado jueves. Cree que supone un retroceso de 10 a&ntilde;os en las pol&iacute;ticas de igualdad. Tambi&eacute;n pidi&oacute; un pacto de Estado por el que se aumente la dotaci&oacute;n econ&oacute;mica que garantice la protecci&oacute;n de las mujeres y sus hijos.</SPAN></P>
</DIV>
<BR><DIV CLASS="c5"><P CLASS="c6"><SPAN CLASS="c9">LANGUAGE: </SPAN><SPAN CLASS="c2">SPANISH; ESPA&Ntilde;OL</SPAN></P>
</DIV>
<BR><DIV CLASS="c5"><P CLASS="c6"><SPAN CLASS="c9">PUBLICATION-TYPE: </SPAN><SPAN CLASS="c2">Peri&oacute;dico</SPAN></P>
</DIV>
<BR><DIV CLASS="c5"><P CLASS="c6"><SPAN CLASS="c9">SUBJECT: </SPAN><SPAN CLASS="c2">Pol&iacute;tica (93%)</SPAN></P>
</DIV>
<BR><DIV CLASS="c5"><P CLASS="c6"><SPAN CLASS="c9">IPTC SUBJECT: </SPAN><SPAN CLASS="c2">Politica; deporte</SPAN></P>
</DIV>
<BR><DIV CLASS="c5"><P CLASS="c6"><SPAN CLASS="c9">LOAD-DATE: </SPAN><SPAN CLASS="c2">December 11, 2015</SPAN></P>
</DIV>
<BR><DIV CLASS="c0"><BR><P CLASS="c1"><SPAN CLASS="c2">Copyright 2015 El Pais Internacional S.A.<BR>All Rights Reserved</SPAN></P>
</DIV>
</BODY>
</HTML>