<HTML>
<HEAD>
<STYLE TYPE="text/css">
.c0 { text-align: center; }
.c1 { text-align: center; margin-top: 0em; margin-bottom: 0em; }
.c2 { font-family: 'Courier New',Courier; font-size: 10pt; font-style: normal; font-weight: normal; color: #000000; text-decoration: none; }
.c3 { text-align: center; margin-left: 13%; margin-right: 13%; }
.c4 { font-family: 'Courier New',Courier; font-size: 10pt; font-style: normal; font-weight: bold; color: #CC0033; text-decoration: none; }
.c5 { text-align: left; }
.c6 { text-align: left; margin-top: 0em; margin-bottom: 0em; }
.c7 { font-family: 'Courier New',Courier; font-size: 14pt; font-style: normal; font-weight: bold; color: #000000; text-decoration: none; }
.c8 { font-family: 'Courier New',Courier; font-size: 14pt; font-style: normal; font-weight: bold; color: #CC0033; text-decoration: none; }
.c9 { font-family: 'Courier New',Courier; font-size: 10pt; font-style: normal; font-weight: bold; color: #000000; text-decoration: none; }
.c10 { text-align: left; margin-top: 1em; margin-bottom: 0em; }
.c11 { page-break-before: always; }
</STYLE>
</HEAD>
<BODY>
<BR><DIV CLASS="c0"><P CLASS="c1"><SPAN CLASS="c2">324 of 935 DOCUMENTS</SPAN></P>
</DIV>
<BR><DIV CLASS="c0"><BR><P CLASS="c1"><IMG SRC="http://www.lexisnexis.com/lnacui2api/results/docview/attachRetrieve.do?smi=LOGOS&key=38401&componentseq=1&type=logo&inline=y" ALT="http://www.lexisnexis.com/lnacui2api/results/docview/attachRetrieve.do?smi=LOGOS&key=38401&componentseq=1&type=logo&inline=y"><BR><SPAN CLASS="c2">El Pais</SPAN></P>
</DIV>
<BR><DIV CLASS="c3"><P CLASS="c1"><SPAN CLASS="c4">December</SPAN><SPAN CLASS="c2"> 4, 2015 Friday</SPAN><SPAN CLASS="c2">&nbsp;</SPAN><SPAN CLASS="c2">&nbsp;<BR>Andaluc&iacute;a Edici&oacute;n</SPAN></P>
</DIV>
<BR><DIV CLASS="c5"><P CLASS="c6"><SPAN CLASS="c7">A </SPAN><SPAN CLASS="c8">Ciudadanos</SPAN><SPAN CLASS="c7"> y Podemos siempre les quedar&aacute; La 2</SPAN></P>
</DIV>
<BR><DIV CLASS="c5"><P CLASS="c6"><SPAN CLASS="c9">BYLINE: </SPAN><SPAN CLASS="c2">ROSARIO G. G&Oacute;MEZ</SPAN></P>
</DIV>
<BR><DIV CLASS="c5"><P CLASS="c6"><SPAN CLASS="c9">SECTION: </SPAN><SPAN CLASS="c2">OPINI&Oacute;N; Base; P&aacute;g. 14 [AN] EL ACENTO</SPAN></P>
</DIV>
<BR><DIV CLASS="c5"><P CLASS="c6"><SPAN CLASS="c9">LENGTH: </SPAN><SPAN CLASS="c2">485 words</SPAN></P>
</DIV>
<BR><DIV CLASS="c5"><P CLASS="c10"><SPAN CLASS="c2">Una catarata de v&iacute;deos cargados de promesas est&aacute; a punto de inundar la televisi&oacute;n. La ley establece que los partidos tienen derecho a bloques de propaganda electoral en los medios de comunicaci&oacute;n p&uacute;blicos. El reparto depende del n&uacute;mero de esca&ntilde;os obtenido en los comicios equivalentes anteriores. La proporcionalidad manda. A m&aacute;s diputados, m&aacute;s cu&ntilde;as gratis. Siguiendo esta ecuaci&oacute;n, en la campa&ntilde;a para las legislativas del 20 de diciembre, PP y PSOE disfrutar&aacute;n en el circuito nacional de TVE de 90 anuncios de 30 segundos, respectivamente. Coalici&oacute;n Unidad Popular tendr&aacute; 60, y UPyD 30. En total, los cuatro partidos aparecer&aacute;n durante 71 minutos en La 1 y 64 en La 2.</SPAN><SPAN CLASS="c2">&nbsp;</SPAN></P>
<P CLASS="c10"></P>
<P CLASS="c10"><SPAN CLASS="c2">Para evitar que estas emisiones sean un coto cerrado se abren espacios a los partidos extraparlamentarios que han presentado listas en m&aacute;s del 75% de las circunscripciones. En esta situaci&oacute;n est&aacute;n las dos fuerzas emergentes, </SPAN><SPAN CLASS="c4">Ciudadanos</SPAN><SPAN CLASS="c2"> y Podemos, que no concurrieron a las elecciones generales de 2011 pero a las que las encuestas sit&uacute;an entre las cuatro listas m&aacute;s votadas.</SPAN></P>
<P CLASS="c10"></P>
<P CLASS="c10"><SPAN CLASS="c2">Lo sorprendente no es que </SPAN><SPAN CLASS="c4">Albert Rivera</SPAN><SPAN CLASS="c2"> y Pablo Iglesias queden relegados a La 2 (la cadena con menos audiencia), sino que vayan a disfrutar del mismo tiempo que el Partido Animalista Contra el Maltrato Animal (PACMA) y Recortes Cero, que bien podr&iacute;an obtener cero esca&ntilde;os. Con el aval de la Junta Electoral Central, la corporaci&oacute;n estatal ha metido en el mismo saco a las cuatro candidaturas. Para cada una de ellas, TVE habilitar&aacute; 20 anuncios de medio minuto, aunque resulta evidente que mientras Podemos y </SPAN><SPAN CLASS="c4">Ciudadanos</SPAN><SPAN CLASS="c2"> est&aacute;n en disposici&oacute;n de gobernar, es dudoso que las otras dos listas consigan siquiera un esca&ntilde;o en el Congreso de los Diputados. Un desequilibrio de tal naturaleza pone de relieve lo obsoleto de un sistema que distribuye la propaganda pol&iacute;tica dando la espalda a la realidad social.</SPAN></P>
<P CLASS="c10"></P>
<P CLASS="c10"><SPAN CLASS="c2">Fuera de toda l&oacute;gica est&aacute; tambi&eacute;n la cobertura informativa de la campa&ntilde;a en la televisi&oacute;n p&uacute;blica, seg&uacute;n la cual cada partido tendr&aacute; en los telediarios un tiempo proporcional a los resultados obtenidos en los comicios de 2011. Los periodistas de TVE han expresado su desacuerdo con tan peculiar vara de medir las noticias. &quot;No es el mero reparto de tiempos lo que garantiza el pluralismo, la neutralidad y la igualdad, sino los criterios profesionales&quot;, dicen. Y plantean que con la exigencia de un orden y una duraci&oacute;n predeterminado se vulneran los principios democr&aacute;ticos y se vapulea el derecho a elaborar una informaci&oacute;n sin injerencias externas.</SPAN></P>
<P CLASS="c10"></P>
<P CLASS="c10"><SPAN CLASS="c2">Atendiendo a la instrucci&oacute;n que la Junta aprob&oacute; en primavera, TVE dar&aacute; tambi&eacute;n acceso a Podemos y </SPAN><SPAN CLASS="c4">Ciudadanos</SPAN><SPAN CLASS="c2">, pero en un segundo plano. Es obvio que al debutar en unos comicios legislativos tienen consideraci&oacute;n de extraparlamentarios. Sin embargo, como apuntan los periodistas de la televisi&oacute;n p&uacute;blica, poseen la condici&oacute;n de &quot;grupo pol&iacute;tico significativo&quot;. Los espectadores tienen derecho a conocer sus promesas.</SPAN></P>
</DIV>
<BR><DIV CLASS="c5"><P CLASS="c6"><SPAN CLASS="c9">LANGUAGE: </SPAN><SPAN CLASS="c2">SPANISH; ESPA&Ntilde;OL</SPAN></P>
</DIV>
<BR><DIV CLASS="c5"><P CLASS="c6"><SPAN CLASS="c9">PUBLICATION-TYPE: </SPAN><SPAN CLASS="c2">Peri&oacute;dico</SPAN></P>
</DIV>
<BR><DIV CLASS="c5"><P CLASS="c6"><SPAN CLASS="c9">SUBJECT: </SPAN><SPAN CLASS="c2">Pol&iacute;tica (93%)</SPAN></P>
</DIV>
<BR><DIV CLASS="c5"><P CLASS="c6"><SPAN CLASS="c9">IPTC SUBJECT: </SPAN><SPAN CLASS="c2">Politica</SPAN></P>
</DIV>
<BR><DIV CLASS="c5"><P CLASS="c6"><SPAN CLASS="c9">LOAD-DATE: </SPAN><SPAN CLASS="c2">December 3, 2015</SPAN></P>
</DIV>
<BR><DIV CLASS="c0"><BR><P CLASS="c1"><SPAN CLASS="c2">Copyright 2015 El Pais Internacional S.A.<BR>All Rights Reserved</SPAN></P>
</DIV>
</BODY>
</HTML>