<HTML>
<HEAD>
<STYLE TYPE="text/css">
.c0 { text-align: center; }
.c1 { text-align: center; margin-top: 0em; margin-bottom: 0em; }
.c2 { font-family: 'Courier New',Courier; font-size: 10pt; font-style: normal; font-weight: normal; color: #000000; text-decoration: none; }
.c3 { text-align: center; margin-left: 13%; margin-right: 13%; }
.c4 { font-family: 'Courier New',Courier; font-size: 10pt; font-style: normal; font-weight: bold; color: #CC0033; text-decoration: none; }
.c5 { text-align: left; }
.c6 { text-align: left; margin-top: 0em; margin-bottom: 0em; }
.c7 { font-family: 'Courier New',Courier; font-size: 14pt; font-style: normal; font-weight: bold; color: #000000; text-decoration: none; }
.c8 { font-family: 'Courier New',Courier; font-size: 14pt; font-style: normal; font-weight: bold; color: #CC0033; text-decoration: none; }
.c9 { font-family: 'Courier New',Courier; font-size: 10pt; font-style: normal; font-weight: bold; color: #000000; text-decoration: none; }
.c10 { text-align: left; margin-top: 1em; margin-bottom: 0em; }
.c11 { page-break-before: always; }
</STYLE>
</HEAD>
<BODY>
<BR><DIV CLASS="c0"><P CLASS="c1"><SPAN CLASS="c2">416 of 935 DOCUMENTS</SPAN></P>
</DIV>
<BR><DIV CLASS="c0"><BR><P CLASS="c1"><IMG SRC="http://www.lexisnexis.com/lnacui2api/results/docview/attachRetrieve.do?smi=LOGOS&key=38401&componentseq=1&type=logo&inline=y" ALT="http://www.lexisnexis.com/lnacui2api/results/docview/attachRetrieve.do?smi=LOGOS&key=38401&componentseq=1&type=logo&inline=y"><BR><SPAN CLASS="c2">El Pais</SPAN></P>
</DIV>
<BR><DIV CLASS="c3"><P CLASS="c1"><SPAN CLASS="c4">November</SPAN><SPAN CLASS="c2"> 25, 2015 Wednesday</SPAN><SPAN CLASS="c2">&nbsp;</SPAN><SPAN CLASS="c2">&nbsp;<BR>2&ordf; Ed. Barna Edici&oacute;n</SPAN></P>
</DIV>
<BR><DIV CLASS="c5"><P CLASS="c6"><SPAN CLASS="c7">No se puede esperar</SPAN></P>
</DIV>
<BR><DIV CLASS="c5"><P CLASS="c6"><SPAN CLASS="c9">SECTION: </SPAN><SPAN CLASS="c2">OPINI&Oacute;N; Base; P&aacute;g. 12</SPAN></P>
</DIV>
<BR><DIV CLASS="c5"><P CLASS="c6"><SPAN CLASS="c9">LENGTH: </SPAN><SPAN CLASS="c2">511 words</SPAN></P>
</DIV>
<BR><DIV CLASS="c5"><BR><P CLASS="c6"><SPAN CLASS="c9">HIGHLIGHT:</SPAN><SPAN CLASS="c2">&nbsp;El Gobierno debe explicar sus planes contra el terrorismo del ISIS<BR></SPAN></P>
</DIV>
<BR><DIV CLASS="c5"><P CLASS="c10"><SPAN CLASS="c2">L a marcha atr&aacute;s del Gobierno respecto al apoyo a Francia en su lucha contra el terrorismo del autodenominado Estado Isl&aacute;mico (ISIS) ha llevado a que algunos l&iacute;deres pol&iacute;ticos opten por el silencio o la ambig&uuml;edad sobre el asunto hasta que pasen las elecciones generales. Algo que no se merecen los </SPAN><SPAN CLASS="c4">ciudadanos</SPAN><SPAN CLASS="c2">, que tienen derecho a conocer las propuestas concretas de los partidos antes de votar.</SPAN><SPAN CLASS="c2">&nbsp;</SPAN></P>
<P CLASS="c10"><SPAN CLASS="c2">Los casos m&aacute;s flagrantes son los del presidente del Gobierno y varios de sus ministros, que no quieren darse por aludidos por los mensajes enviados por el embajador franc&eacute;s e incluso por su primer ministro, Manuel Valls, afirmando que est&aacute;n esperando el ofrecimiento de ayuda espa&ntilde;ola. La posici&oacute;n actual de Mariano Rajoy es que descarta ofrecer apoyo militar a Francia antes de las elecciones del 20 de diciembre y que si recibiera una petici&oacute;n concreta antes de esa fecha reunir&iacute;a a los partidos para consensuar la respuesta y luego votarla en el Congreso de los Diputados. El l&iacute;der de la oposici&oacute;n, Pedro S&aacute;nchez, ha aceptado en silencio la estrategia del Ejecutivo.</SPAN></P>
<P CLASS="c10"><SPAN CLASS="c2">Este peri&oacute;dico siempre ha defendido el di&aacute;logo y el consenso como f&oacute;rmula para afrontar los principales problemas de Espa&ntilde;a. Sin embargo, esa voluntad de acuerdo no debe servir de excusa para escatimar a los </SPAN><SPAN CLASS="c4">ciudadanos</SPAN><SPAN CLASS="c2"> la posici&oacute;n de los candidatos a la presidencia del Gobierno sobre un asunto de tanta gravedad e importancia; es ante estas situaciones cuando se sabe si un pol&iacute;tico tiene capacidad, visi&oacute;n estrat&eacute;gica y fuste para ocupar el puesto para el que pide el voto.</SPAN></P>
<P CLASS="c10"><SPAN CLASS="c2">Una cosa es utilizar de forma partidista el drama del terrorismo y otra, igualmente reprochable, acordar un pacto de silencio entre algunas fuerzas pol&iacute;ticas frente a las decisiones que deber&aacute; tomar, antes o despu&eacute;s, nuestro pa&iacute;s.</SPAN></P>
<P CLASS="c10"><SPAN CLASS="c2">El l&iacute;der de </SPAN><SPAN CLASS="c4">Ciudadanos</SPAN><SPAN CLASS="c2">, </SPAN><SPAN CLASS="c4">Albert Rivera,</SPAN><SPAN CLASS="c2"> firmar&aacute; el jueves el Pacto Antiterrorista rubricado en su d&iacute;a por el Partido Popular y el PSOE. Ser&iacute;a deseable que las tres fuerzas pol&iacute;ticas aprovecharan la ocasi&oacute;n para explicar a los espa&ntilde;oles si defienden o no sumarse -y de qu&eacute; forma- a la gran coalici&oacute;n internacional que est&aacute; conformando el presidente franc&eacute;s, Fran&ccedil;ois Hollande. Si hay una posici&oacute;n com&uacute;n, que la expliquen; si no, que cada uno exponga sus opiniones, como es habitual en cualquier Estado democr&aacute;tico, haya o no elecciones a la vista.</SPAN></P>
<P CLASS="c10"><SPAN CLASS="c2">Nadie duda a estas alturas de que Espa&ntilde;a tiene que desempe&ntilde;ar un papel destacado en la lucha contra el terrorismo del ISIS. No hay que olvidar que hemos sido la principal v&iacute;ctima europea del yihadismo y que ocupamos la frontera sur de Europa. Y, adem&aacute;s, somos uno de los socios importantes de la Uni&oacute;n Europea y miembro de la OTAN.</SPAN></P>
<P CLASS="c10"><SPAN CLASS="c2">Parece m&aacute;s razonable sumarse a estas acciones pol&iacute;ticas y de defensa desde el principio y participar en su elaboraci&oacute;n. Ser&iacute;a un error arrastrar los pies o mirar para otro lado hasta despu&eacute;s de las elecciones. Los espa&ntilde;oles quieren conocer las propuestas de los candidatos presidenciales sobre terrorismo, igual que las recetas para crear empleo, regenerar la vida pol&iacute;tica o reformar el marco de convivencia democr&aacute;tica.</SPAN></P>
</DIV>
<BR><DIV CLASS="c5"><P CLASS="c6"><SPAN CLASS="c9">LANGUAGE: </SPAN><SPAN CLASS="c2">SPANISH; ESPA&Ntilde;OL</SPAN></P>
</DIV>
<BR><DIV CLASS="c5"><P CLASS="c6"><SPAN CLASS="c9">PUBLICATION-TYPE: </SPAN><SPAN CLASS="c2">Peri&oacute;dico</SPAN></P>
</DIV>
<BR><DIV CLASS="c5"><P CLASS="c6"><SPAN CLASS="c9">SUBJECT: </SPAN><SPAN CLASS="c2">Pol&iacute;tica (94%); COUNTERTERRORISM (73%)</SPAN></P>
</DIV>
<BR><DIV CLASS="c5"><P CLASS="c6"><SPAN CLASS="c9">IPTC SUBJECT: </SPAN><SPAN CLASS="c2">Politica</SPAN></P>
</DIV>
<BR><DIV CLASS="c5"><P CLASS="c6"><SPAN CLASS="c9">LOAD-DATE: </SPAN><SPAN CLASS="c2">November 25, 2015</SPAN></P>
</DIV>
<BR><DIV CLASS="c0"><BR><P CLASS="c1"><SPAN CLASS="c2">Copyright 2015 El Pais Internacional S.A.<BR>All Rights Reserved</SPAN></P>
</DIV>
</BODY>
</HTML>