<HTML>
<HEAD>
<STYLE TYPE="text/css">
.c0 { text-align: center; }
.c1 { text-align: center; margin-top: 0em; margin-bottom: 0em; }
.c2 { font-family: 'Courier New',Courier; font-size: 10pt; font-style: normal; font-weight: normal; color: #000000; text-decoration: none; }
.c3 { text-align: center; margin-left: 13%; margin-right: 13%; }
.c4 { font-family: 'Courier New',Courier; font-size: 10pt; font-style: normal; font-weight: bold; color: #CC0033; text-decoration: none; }
.c5 { text-align: left; }
.c6 { text-align: left; margin-top: 0em; margin-bottom: 0em; }
.c7 { font-family: 'Courier New',Courier; font-size: 14pt; font-style: normal; font-weight: bold; color: #000000; text-decoration: none; }
.c8 { font-family: 'Courier New',Courier; font-size: 14pt; font-style: normal; font-weight: bold; color: #CC0033; text-decoration: none; }
.c9 { font-family: 'Courier New',Courier; font-size: 10pt; font-style: normal; font-weight: bold; color: #000000; text-decoration: none; }
.c10 { text-align: left; margin-top: 1em; margin-bottom: 0em; }
.c11 { page-break-before: always; }
</STYLE>
</HEAD>
<BODY>
<BR><DIV CLASS="c0"><P CLASS="c1"><SPAN CLASS="c2">133 of 935 DOCUMENTS</SPAN></P>
</DIV>
<BR><DIV CLASS="c0"><BR><P CLASS="c1"><IMG SRC="http://www.lexisnexis.com/lnacui2api/results/docview/attachRetrieve.do?smi=LOGOS&key=38401&componentseq=1&type=logo&inline=y" ALT="http://www.lexisnexis.com/lnacui2api/results/docview/attachRetrieve.do?smi=LOGOS&key=38401&componentseq=1&type=logo&inline=y"><BR><SPAN CLASS="c2">El Pais</SPAN></P>
</DIV>
<BR><DIV CLASS="c3"><P CLASS="c1"><SPAN CLASS="c4">January</SPAN><SPAN CLASS="c2"> 14, 2016 Thursday</SPAN><SPAN CLASS="c2">&nbsp;</SPAN><SPAN CLASS="c2">&nbsp;<BR>Comunidad Valenciana Edici&oacute;n</SPAN></P>
</DIV>
<BR><DIV CLASS="c5"><P CLASS="c6"><SPAN CLASS="c7">El enfrentamiento PSOE-Podemos marca el arranque de la legislatura</SPAN></P>
</DIV>
<BR><DIV CLASS="c5"><P CLASS="c6"><SPAN CLASS="c9">BYLINE: </SPAN><SPAN CLASS="c2">FERNANDO GAREA</SPAN></P>
</DIV>
<BR><DIV CLASS="c5"><P CLASS="c6"><SPAN CLASS="c9">SECTION: </SPAN><SPAN CLASS="c2">ESPA&ntilde;A; Base; P&aacute;g. 15</SPAN></P>
</DIV>
<BR><DIV CLASS="c5"><P CLASS="c6"><SPAN CLASS="c9">LENGTH: </SPAN><SPAN CLASS="c2">942 words</SPAN></P>
</DIV>
<BR><DIV CLASS="c5"><P CLASS="c6"><SPAN CLASS="c9">DATELINE: </SPAN><SPAN CLASS="c2">Madrid </SPAN></P>
</DIV>
<BR><DIV CLASS="c5"><P CLASS="c10"><SPAN CLASS="c2">El Congreso fue ayer el escenario del arranque de una nueva era pol&iacute;tica en la que habr&aacute; un presidente de las Cortes de un partido distinto al mayoritario, en la que irrumpen dos nuevos partidos (Podemos y </SPAN><SPAN CLASS="c4">Ciudadanos</SPAN><SPAN CLASS="c2">) y en la que las formas y actitudes de los diputados no tienen nada que ver con la fase anterior. El socialista Patxi L&oacute;pez fue elegido presidente de la C&aacute;mara con los votos del PSOE y </SPAN><SPAN CLASS="c4">Ciudadanos</SPAN><SPAN CLASS="c2"> y tras la renuncia del PP a presentar candidato propio. Ese acuerdo provoc&oacute; un enfrentamiento entre Podemos y el PSOE que marc&oacute; el clima de la jornada, siempre rutinaria y ayer cargada de simbolismo y gestos.</SPAN><SPAN CLASS="c2">&nbsp;</SPAN></P>
<P CLASS="c10"><SPAN CLASS="c2">La legislatura arranc&oacute; con un enconamiento entre el PSOE y Podemos, dos partidos que est&aacute;n llamados a participar en alguna de las posibles salidas a la incertidumbre pol&iacute;tica en Espa&ntilde;a. El pacto para elegir al nuevo presidente del Congreso y a los miembros de la Mesa de la C&aacute;mara, del que el partido de Pablo Iglesias ha quedado fuera, llev&oacute; la tensi&oacute;n m&aacute;xima a las relaciones entre ambos partidos, que te&oacute;ricamente van a tratar de negociar un pacto de Gobierno alternativo al que intenta el PP. Tan dura fue la respuesta de Iglesias al socialista Pedro S&aacute;nchez -tach&oacute; de &quot;verg&uuml;enza&quot; el acuerdo para la constituci&oacute;n de la Mesa- que la perspectiva de un pacto de PSOE y Podemos frente al PP se oscureci&oacute;. Los dos l&iacute;deres se reunieron el martes durante m&aacute;s de una hora y el resultado, seg&uacute;n fuentes de ambos partidos, fue muy negativo.</SPAN></P>
<P CLASS="c10"><SPAN CLASS="c2">Patxi L&oacute;pez fue elegido presidente del Congreso en el primer acto parlamentario de la legislatura m&aacute;s incierta, en un ambiente diferente al de las otras diez de la democracia. Fue diferente por la escenificaci&oacute;n de la irrupci&oacute;n de dos grupos nuevos; por las formas y actitudes de diputados primerizos -por ejemplo, en la f&oacute;rmula de acatamiento de la Constituci&oacute;n- y, sobre todo, por la fragmentaci&oacute;n de la C&aacute;mara, que hace sobrevolar la idea de la repetici&oacute;n de elecciones y, por tanto, de que esta sea la legislatura m&aacute;s breve de la democracia. Es ins&oacute;lito tambi&eacute;n que el presidente del Congreso (del PSOE) no pertenezca al partido mayoritario en la C&aacute;mara (el PP).</SPAN></P>
<P CLASS="c10"><SPAN CLASS="c2">El Congreso se constituy&oacute; en un ambiente de fin del ciclo del bipartidismo, porque, aunque PP y PSOE est&aacute;n en todas las combinaciones de Gobierno, en todas dependen de alguno de los nuevos partidos. L&oacute;pez fue elegido en segunda vuelta, por mayor&iacute;a simple, con 130 votos frente a los 71 de Carolina Bescansa, la diputada de Podemos presentada por este partido como reacci&oacute;n al acuerdo entre PSOE y </SPAN><SPAN CLASS="c4">Ciudadanos</SPAN><SPAN CLASS="c2"> sobre la Mesa del Congreso, el primer pacto de la legislatura. Ese acuerdo provoc&oacute; que el PP retirara a su candidato y dejara el camino libre a Patxi L&oacute;pez.</SPAN></P>
<P CLASS="c10"><SPAN CLASS="c2">Bescansa tuvo los votos de los 69 diputados de Podemos (y candidaturas vinculadas a este partido), m&aacute;s los de los dos diputados de IU-Unidad Popular. L&oacute;pez fue votado por los 90 del PSOE y los 40 de </SPAN><SPAN CLASS="c4">Ciudadanos</SPAN><SPAN CLASS="c2">. Todos los dem&aacute;s grupos votaron en blanco.</SPAN></P>
<P CLASS="c10"><SPAN CLASS="c2">El acuerdo supone que el PSOE tendr&aacute; dos puestos en la Mesa (incluido el presidente); el PP, tres; </SPAN><SPAN CLASS="c4">Ciudadanos</SPAN><SPAN CLASS="c2">, dos; y Podemos, otros dos. El pacto y sus consecuencias terminaron por ser el centro de las conversaciones en los pasillos de la C&aacute;mara, hasta el punto de marcar el tedioso pleno, cargado esta vez de gestos.</SPAN></P>
<P CLASS="c10"><SPAN CLASS="c2">El presidente del Gobierno en funciones, Mariano Rajoy, present&oacute; el acuerdo como una especie de ensayo general de lo que pretende para su investidura; </SPAN><SPAN CLASS="c4">Albert Rivera (Ciudadanos</SPAN><SPAN CLASS="c2">), como el puente entre populares y socialistas; Pedro S&aacute;nchez (PSOE), como fruto de su voluntad negociadora pero aislado de la formaci&oacute;n de Gobierno. El socialista lament&oacute; que Podemos no se sumara, mientras que Iglesias arremeti&oacute; contra el acuerdo, consider&aacute;ndolo una antesala de un hipot&eacute;tico pacto para dar La Moncloa al PP.</SPAN></P>
<P CLASS="c10"><SPAN CLASS="c2">Choque por los grupos</SPAN></P>
<P CLASS="c10"><SPAN CLASS="c2">El l&iacute;der de Podemos habl&oacute; de &quot;verg&uuml;enza&quot; y lament&oacute; que el PSOE, dijo, entregue la Mesa del Congreso a la derecha. Seg&uacute;n su an&aacute;lisis, ese es el preludio del acuerdo entre populares y socialistas para la investidura del presidente del Gobierno.</SPAN></P>
<P CLASS="c10"><SPAN CLASS="c2">PSOE y Podemos han chocado por la negativa de los socialistas a aceptar que la formaci&oacute;n de Iglesias pueda tener cuatro grupos diferenciados en funci&oacute;n de las candidaturas con las que se present&oacute; en Galicia, Valencia y Catalu&ntilde;a. Para Iglesias era condici&oacute;n indispensable, y para S&aacute;nchez es imposible reglamentariamente. El PSOE considera que el acuerdo de la Mesa es el imprescindible para poner en marcha las instituciones y que recoge la estricta proporcionalidad del hemiciclo.</SPAN></P>
<P CLASS="c10"><SPAN CLASS="c2">Junto a L&oacute;pez fueron elegidos los tres miembros del PP de la Mesa -Celia Villalobos, Rosa Romero y Alicia S&aacute;nchez-Camacho-; la del PSOE, Micaela Navarro; los dos de </SPAN><SPAN CLASS="c4">Ciudadanos</SPAN><SPAN CLASS="c2"> -Jos&eacute; Ignacio Prendes y Patricia Reyes- y los de Podemos -Gloria Elizo y Marcelo Exp&oacute;sito (de En Com&uacute;n Podem)-. El siguiente paso de la legislatura ser&aacute; el inicio de las consultas del Rey con los l&iacute;deres pol&iacute;ticos para poner en marcha el debate de investidura, y la constituci&oacute;n de los grupos parlamentarios. Se rechazar&aacute; la petici&oacute;n de Podemos de tener cuatro grupos distintos y se aplicar&aacute; flexibilidad a Democracia i Llibertad (antes Convergencia), permiti&eacute;ndole formar grupo a pesar de que no cumple uno de los requisitos.</SPAN></P>
<P CLASS="c10"><SPAN CLASS="c2">Del guion habitual se salieron las f&oacute;rmulas utilizadas por los diputados de Podemos y de las candidaturas confluyentes, que introdujeron referencias al acatamiento de la Constituci&oacute;n &quot;para cambiarla&quot; y afirmaciones como &quot;nunca m&aacute;s un pa&iacute;s sin su gente y sin sus pueblos&quot; o &quot;por un proceso que reconozca la soberan&iacute;a&quot;. Estos diputados incluyeron palabras en cada una de las lenguas cooficiales e hicieron gestos de pu&ntilde;os en alto o signos de victoria.</SPAN></P>
</DIV>
<BR><DIV CLASS="c5"><P CLASS="c6"><SPAN CLASS="c9">LANGUAGE: </SPAN><SPAN CLASS="c2">SPANISH; ESPA&Ntilde;OL</SPAN></P>
</DIV>
<BR><DIV CLASS="c5"><P CLASS="c6"><SPAN CLASS="c9">PUBLICATION-TYPE: </SPAN><SPAN CLASS="c2">Peri&oacute;dico</SPAN></P>
</DIV>
<BR><DIV CLASS="c5"><P CLASS="c6"><SPAN CLASS="c9">SUBJECT: </SPAN><SPAN CLASS="c2">Pol&iacute;tica (93%); Organizaciones Legislativas (67%)</SPAN></P>
</DIV>
<BR><DIV CLASS="c5"><P CLASS="c6"><SPAN CLASS="c9">IPTC SUBJECT: </SPAN><SPAN CLASS="c2">Politica; parlamento</SPAN></P>
</DIV>
<BR><DIV CLASS="c5"><P CLASS="c6"><SPAN CLASS="c9">LOAD-DATE: </SPAN><SPAN CLASS="c2">January 13, 2016</SPAN></P>
</DIV>
<BR><DIV CLASS="c0"><BR><P CLASS="c1"><SPAN CLASS="c2">Copyright 2016 El Pais Internacional S.A.<BR>All Rights Reserved</SPAN></P>
</DIV>
</BODY>
</HTML>