<HTML>
<HEAD>
<STYLE TYPE="text/css">
.c0 { text-align: center; }
.c1 { text-align: center; margin-top: 0em; margin-bottom: 0em; }
.c2 { font-family: 'Courier New',Courier; font-size: 10pt; font-style: normal; font-weight: normal; color: #000000; text-decoration: none; }
.c3 { text-align: center; margin-left: 13%; margin-right: 13%; }
.c4 { font-family: 'Courier New',Courier; font-size: 10pt; font-style: normal; font-weight: bold; color: #CC0033; text-decoration: none; }
.c5 { text-align: left; }
.c6 { text-align: left; margin-top: 0em; margin-bottom: 0em; }
.c7 { font-family: 'Courier New',Courier; font-size: 14pt; font-style: normal; font-weight: bold; color: #000000; text-decoration: none; }
.c8 { font-family: 'Courier New',Courier; font-size: 14pt; font-style: normal; font-weight: bold; color: #CC0033; text-decoration: none; }
.c9 { font-family: 'Courier New',Courier; font-size: 10pt; font-style: normal; font-weight: bold; color: #000000; text-decoration: none; }
.c10 { text-align: left; margin-top: 1em; margin-bottom: 0em; }
.c11 { page-break-before: always; }
</STYLE>
</HEAD>
<BODY>
<BR><DIV CLASS="c0"><P CLASS="c1"><SPAN CLASS="c2">531 of 935 DOCUMENTS</SPAN></P>
</DIV>
<BR><DIV CLASS="c0"><BR><P CLASS="c1"><IMG SRC="http://www.lexisnexis.com/lnacui2api/results/docview/attachRetrieve.do?smi=LOGOS&key=38401&componentseq=1&type=logo&inline=y" ALT="http://www.lexisnexis.com/lnacui2api/results/docview/attachRetrieve.do?smi=LOGOS&key=38401&componentseq=1&type=logo&inline=y"><BR><SPAN CLASS="c2">El Pais</SPAN></P>
</DIV>
<BR><DIV CLASS="c3"><P CLASS="c1"><SPAN CLASS="c4">November</SPAN><SPAN CLASS="c2"> 30, 2015 Monday</SPAN><SPAN CLASS="c2">&nbsp;</SPAN><SPAN CLASS="c2">&nbsp;<BR>Comunidad Valenciana Edici&oacute;n</SPAN></P>
</DIV>
<BR><DIV CLASS="c5"><P CLASS="c6"><SPAN CLASS="c7">Debate transformador Ausente Rajoy, tres renovadores de la pol&iacute;tica discuten hoy sus ideas en EL PA&Iacute;S</SPAN></P>
</DIV>
<BR><DIV CLASS="c5"><P CLASS="c6"><SPAN CLASS="c9">SECTION: </SPAN><SPAN CLASS="c2">OPINI&Oacute;N; Base; P&aacute;g. 10</SPAN></P>
</DIV>
<BR><DIV CLASS="c5"><P CLASS="c6"><SPAN CLASS="c9">LENGTH: </SPAN><SPAN CLASS="c2">481 words</SPAN></P>
</DIV>
<BR><DIV CLASS="c5"><P CLASS="c10"><SPAN CLASS="c2">Pedro S&aacute;nchez, </SPAN><SPAN CLASS="c4">Albert</SPAN><SPAN CLASS="c2">&nbsp;</SPAN><SPAN CLASS="c4">Rivera</SPAN><SPAN CLASS="c2"> y Pablo Iglesias se enfrentan esta noche en el debate entre candidatos a la presidencia del Gobierno organizado por EL PA&Iacute;S, el primero de los tres previstos de cara a las elecciones del 20 de diciembre. Los tres principales renovadores de la pol&iacute;tica espa&ntilde;ola contrastar&aacute;n sus ideas y proyectos en un periodo en el que la confrontaci&oacute;n resultar&aacute; particularmente &uacute;til para despejar las indecisiones que recorren buena parte del cuerpo electoral. M&aacute;s expectantes que nunca, los votantes -un amplio sector, sin duda- necesitan despejar las dudas que han conducido al cerrado empate con el que los partidos con opciones de gobierno empiezan la carrera hacia La Moncloa.</SPAN><SPAN CLASS="c2">&nbsp;</SPAN></P>
<P CLASS="c10"><SPAN CLASS="c2">La ausencia del presidente del Gobierno, Mariano Rajoy -que estaba invitado, pero ha declinado su asistencia-, convierte en protagonistas a figuras frescas de la pol&iacute;tica. Pedro S&aacute;nchez es el l&iacute;der nuevo de una fuerza con mucha tradici&oacute;n y experiencia, en este caso el PSOE, mientras que </SPAN><SPAN CLASS="c4">Albert</SPAN><SPAN CLASS="c2">&nbsp;</SPAN><SPAN CLASS="c4">Rivera</SPAN><SPAN CLASS="c2"> es el dirigente de un partido emergente a escala espa&ntilde;ola -aunque veterano en Catalu&ntilde;a- y Pablo Iglesias lo es de una formaci&oacute;n fundada tan solo a principios de 2014. Los tres, por cierto, de una misma generaci&oacute;n.</SPAN></P>
<P CLASS="c10"><SPAN CLASS="c2">La otra gran novedad es el formato elegido para la producci&oacute;n y difusi&oacute;n del evento. Por primera vez en la democracia espa&ntilde;ola se va a realizar un debate digital entre candidatos a la presidencia del Gobierno, asentando as&iacute; definitivamente la realidad de Internet en las campa&ntilde;as electorales de este pa&iacute;s.</SPAN></P>
<P CLASS="c10"><SPAN CLASS="c2">Ambas innovaciones se ponen al servicio de los </SPAN><SPAN CLASS="c4">ciudadanos,</SPAN><SPAN CLASS="c2"> necesitados de elementos de juicio para inclinarse por una u otra alternativa, como verdaderos titulares del derecho a escuchar a los partidos pol&iacute;ticos -en este caso, a sus dirigentes- antes de decidir cu&aacute;l ser&aacute; su voto en las urnas. Cada vez est&aacute; m&aacute;s claro que la campa&ntilde;a electoral debe ser una sucesi&oacute;n de debates, m&aacute;s que una cadena de m&iacute;tines destinados a los simpatizantes que ya se muestran convencidos de antemano. Porque el problema de la pol&iacute;tica moderna es convencer. Sin contradicci&oacute;n, sin intercambio ni impugnaci&oacute;n razonada de ideas, sin an&aacute;lisis confrontados, no hay debate; solo mon&oacute;logos y soliloquios.</SPAN></P>
<P CLASS="c10"><SPAN CLASS="c2">La enorme pluralidad de las intenciones de voto, mostrada ayer por el &uacute;ltimo sondeo de Metroscopia en este peri&oacute;dico, muestra a las claras que los aspirantes a la presidencia tienen que convencer a los indecisos con razones, y no con meras descalificaciones o di&aacute;logos de sordos. Solo as&iacute; los electores podr&aacute;n encontrar motivaciones para decidirse.</SPAN></P>
<P CLASS="c10"><SPAN CLASS="c2">La campa&ntilde;a electoral del futuro empieza en elpais.com a las nueve de esta noche, con la se&ntilde;al abierta a los dem&aacute;s medios informativos que deseen difundirla. Cabe esperar que su desarrollo refleje tanto las amplias corrientes de renovaci&oacute;n y pluralismo que atraviesan la sociedad como la necesidad de responder a los graves desaf&iacute;os del presente.</SPAN></P>
</DIV>
<BR><DIV CLASS="c5"><P CLASS="c6"><SPAN CLASS="c9">LANGUAGE: </SPAN><SPAN CLASS="c2">SPANISH; ESPA&Ntilde;OL</SPAN></P>
</DIV>
<BR><DIV CLASS="c5"><P CLASS="c6"><SPAN CLASS="c9">PUBLICATION-TYPE: </SPAN><SPAN CLASS="c2">Peri&oacute;dico</SPAN></P>
</DIV>
<BR><DIV CLASS="c5"><P CLASS="c6"><SPAN CLASS="c9">SUBJECT: </SPAN><SPAN CLASS="c2">Pol&iacute;tica (94%)</SPAN></P>
</DIV>
<BR><DIV CLASS="c5"><P CLASS="c6"><SPAN CLASS="c9">IPTC SUBJECT: </SPAN><SPAN CLASS="c2">Politica</SPAN></P>
</DIV>
<BR><DIV CLASS="c5"><P CLASS="c6"><SPAN CLASS="c9">LOAD-DATE: </SPAN><SPAN CLASS="c2">November 29, 2015</SPAN></P>
</DIV>
<BR><DIV CLASS="c0"><BR><P CLASS="c1"><SPAN CLASS="c2">Copyright 2015 El Pais Internacional S.A.<BR>All Rights Reserved</SPAN></P>
</DIV>
</BODY>
</HTML>