<HTML>
<HEAD>
<STYLE TYPE="text/css">
.c0 { text-align: center; }
.c1 { text-align: center; margin-top: 0em; margin-bottom: 0em; }
.c2 { font-family: 'Courier New',Courier; font-size: 10pt; font-style: normal; font-weight: normal; color: #000000; text-decoration: none; }
.c3 { text-align: center; margin-left: 13%; margin-right: 13%; }
.c4 { font-family: 'Courier New',Courier; font-size: 10pt; font-style: normal; font-weight: bold; color: #CC0033; text-decoration: none; }
.c5 { text-align: left; }
.c6 { text-align: left; margin-top: 0em; margin-bottom: 0em; }
.c7 { font-family: 'Courier New',Courier; font-size: 14pt; font-style: normal; font-weight: bold; color: #000000; text-decoration: none; }
.c8 { font-family: 'Courier New',Courier; font-size: 14pt; font-style: normal; font-weight: bold; color: #CC0033; text-decoration: none; }
.c9 { font-family: 'Courier New',Courier; font-size: 10pt; font-style: normal; font-weight: bold; color: #000000; text-decoration: none; }
.c10 { text-align: left; margin-top: 1em; margin-bottom: 0em; }
.c11 { page-break-before: always; }
</STYLE>
</HEAD>
<BODY>
<BR><DIV CLASS="c0"><P CLASS="c1"><SPAN CLASS="c2">424 of 935 DOCUMENTS</SPAN></P>
</DIV>
<BR><DIV CLASS="c0"><BR><P CLASS="c1"><IMG SRC="http://www.lexisnexis.com/lnacui2api/results/docview/attachRetrieve.do?smi=LOGOS&key=38401&componentseq=1&type=logo&inline=y" ALT="http://www.lexisnexis.com/lnacui2api/results/docview/attachRetrieve.do?smi=LOGOS&key=38401&componentseq=1&type=logo&inline=y"><BR><SPAN CLASS="c2">El Pais</SPAN></P>
</DIV>
<BR><DIV CLASS="c3"><P CLASS="c1"><SPAN CLASS="c4">December</SPAN><SPAN CLASS="c2"> 1, 2015 Tuesday</SPAN><SPAN CLASS="c2">&nbsp;</SPAN><SPAN CLASS="c2">&nbsp;<BR>Comunidad Valenciana Edici&oacute;n</SPAN></P>
</DIV>
<BR><DIV CLASS="c5"><P CLASS="c6"><SPAN CLASS="c7">Tres visiones sobre un mismo pacto educativo</SPAN></P>
</DIV>
<BR><DIV CLASS="c5"><P CLASS="c6"><SPAN CLASS="c9">SECTION: </SPAN><SPAN CLASS="c2">ESPA&ntilde;A; Base; P&aacute;g. 18 [AN] POL&Iacute;TICA SOCIAL. Proteger derechos en la Constituci&oacute;n</SPAN></P>
</DIV>
<BR><DIV CLASS="c5"><P CLASS="c6"><SPAN CLASS="c9">LENGTH: </SPAN><SPAN CLASS="c2">333 words</SPAN></P>
</DIV>
<BR><DIV CLASS="c5"><BR><P CLASS="c6"><SPAN CLASS="c9">HIGHLIGHT:</SPAN><SPAN CLASS="c2">&nbsp;PSOE y Podemos quieren una ley sobre las cenizas de la actual reforma; </SPAN><SPAN CLASS="c4">Ciudadanos</SPAN><SPAN CLASS="c2"> no<BR></SPAN></P>
</DIV>
<BR><DIV CLASS="c5"><P CLASS="c10"><SPAN CLASS="c2">Los tres candidatos defendieron anoche en el debate de EL PA&Iacute;S que Espa&ntilde;a necesita un pacto por la educaci&oacute;n. La diferencia es que Pedro S&aacute;nchez y Pablo Iglesias quieren construirlo sobre las cenizas de la reforma educativa del PP (como aprobaron la mayor&iacute;a de los partidos de la oposici&oacute;n) y </SPAN><SPAN CLASS="c4">Albert Rivera</SPAN><SPAN CLASS="c2">, no. &quot;Dejemos de derogar leyes en funci&oacute;n de quien las propone&quot;, defendi&oacute; el candidato de </SPAN><SPAN CLASS="c4">Ciudadanos</SPAN><SPAN CLASS="c2">. Propuso eliminar &quot;una parte&quot; sin aclarar cu&aacute;l. &quot;&iquest;Las rev&aacute;lidas las vas a mantener, s&iacute; o no?&quot;, le reclam&oacute; S&aacute;nchez, interrumpi&eacute;ndole sobre los ex&aacute;menes de secundaria y bachillerato.</SPAN><SPAN CLASS="c2">&nbsp;</SPAN></P>
<P CLASS="c10"><SPAN CLASS="c2">S&aacute;nchez defendi&oacute; universalizar la educaci&oacute;n &quot;p&uacute;blica y laica&quot; de cero a 18 a&ntilde;os con becas como un derecho. Rivera apost&oacute; por impulsar los idiomas para que &quot;los hijos de cualquier espa&ntilde;ol aprendan ingl&eacute;s como los hijos del presidente&quot;. Y se apropi&oacute; de una propuesta nacida en el PSOE: el MIR educativo, formar a los docentes de forma similar a como se prepara a los sanitarios. S&aacute;nchez no le record&oacute; que esa idea naci&oacute; en su formaci&oacute;n. Iglesias reclam&oacute; una ley de ense&ntilde;anza que &quot;vincule por una vez&quot; a la comunidad educativa y que &quot;estabilice&quot; la situaci&oacute;n de los docentes.</SPAN></P>
<P CLASS="c10"><SPAN CLASS="c2">Los tres candidatos quieren blindar los derechos sociales dentro de la Constituci&oacute;n, una medida que &quot;antes se dec&iacute;a que era populismo&quot;, presumi&oacute; Iglesias. Fue el &uacute;nico que habl&oacute; sobre otro derecho, el de la vivienda, y de forma muy breve. Record&oacute; que su grupo defiende la daci&oacute;n en pago retroactiva y que se eviten desahucios &quot;sin soluci&oacute;n habitacional&quot;, es decir, que dejen a personas en la calle.</SPAN></P>
<P CLASS="c10"><SPAN CLASS="c2">S&aacute;nchez sac&oacute; pecho por leyes del PSOE como la de Dependencia: &quot;Los socialistas somos los arquitectos del Estado de bienestar&quot;. La dependencia ha perdido 2.000 millones en esta legislatura. Su compromiso es &quot;revitalizarla&quot;. </SPAN><SPAN CLASS="c4">Ciudadanos</SPAN><SPAN CLASS="c2"> y PSOE defendieron volver a los pactos de Toledo sobre las pensiones y Podemos reclam&oacute; que parte de ellas se financien con impuestos o acabando con los beneficios fiscales de los planes de pensiones privados.</SPAN></P>
</DIV>
<BR><DIV CLASS="c5"><P CLASS="c6"><SPAN CLASS="c9">LANGUAGE: </SPAN><SPAN CLASS="c2">SPANISH; ESPA&Ntilde;OL</SPAN></P>
</DIV>
<BR><DIV CLASS="c5"><P CLASS="c6"><SPAN CLASS="c9">PUBLICATION-TYPE: </SPAN><SPAN CLASS="c2">Peri&oacute;dico</SPAN></P>
</DIV>
<BR><DIV CLASS="c5"><P CLASS="c6"><SPAN CLASS="c9">SUBJECT: </SPAN><SPAN CLASS="c2">Pol&iacute;tica (94%)</SPAN></P>
</DIV>
<BR><DIV CLASS="c5"><P CLASS="c6"><SPAN CLASS="c9">IPTC SUBJECT: </SPAN><SPAN CLASS="c2">Politica</SPAN></P>
</DIV>
<BR><DIV CLASS="c5"><P CLASS="c6"><SPAN CLASS="c9">LOAD-DATE: </SPAN><SPAN CLASS="c2">November 30, 2015</SPAN></P>
</DIV>
<BR><DIV CLASS="c0"><BR><P CLASS="c1"><SPAN CLASS="c2">Copyright 2015 El Pais Internacional S.A.<BR>All Rights Reserved</SPAN></P>
</DIV>
</BODY>
</HTML>