<HTML>
<HEAD>
<STYLE TYPE="text/css">
.c0 { text-align: center; }
.c1 { text-align: center; margin-top: 0em; margin-bottom: 0em; }
.c2 { font-family: 'Courier New',Courier; font-size: 10pt; font-style: normal; font-weight: normal; color: #000000; text-decoration: none; }
.c3 { text-align: center; margin-left: 13%; margin-right: 13%; }
.c4 { font-family: 'Courier New',Courier; font-size: 10pt; font-style: normal; font-weight: bold; color: #CC0033; text-decoration: none; }
.c5 { text-align: left; }
.c6 { text-align: left; margin-top: 0em; margin-bottom: 0em; }
.c7 { font-family: 'Courier New',Courier; font-size: 14pt; font-style: normal; font-weight: bold; color: #000000; text-decoration: none; }
.c8 { font-family: 'Courier New',Courier; font-size: 14pt; font-style: normal; font-weight: bold; color: #CC0033; text-decoration: none; }
.c9 { font-family: 'Courier New',Courier; font-size: 10pt; font-style: normal; font-weight: bold; color: #000000; text-decoration: none; }
.c10 { text-align: left; margin-top: 1em; margin-bottom: 0em; }
.c11 { page-break-before: always; }
</STYLE>
</HEAD>
<BODY>
<BR><DIV CLASS="c0"><P CLASS="c1"><SPAN CLASS="c2">48 of 935 DOCUMENTS</SPAN></P>
</DIV>
<BR><DIV CLASS="c0"><BR><P CLASS="c1"><IMG SRC="http://www.lexisnexis.com/lnacui2api/results/docview/attachRetrieve.do?smi=LOGOS&key=38401&componentseq=1&type=logo&inline=y" ALT="http://www.lexisnexis.com/lnacui2api/results/docview/attachRetrieve.do?smi=LOGOS&key=38401&componentseq=1&type=logo&inline=y"><BR><SPAN CLASS="c2">El Pais</SPAN></P>
</DIV>
<BR><DIV CLASS="c3"><P CLASS="c1"><SPAN CLASS="c4">December</SPAN><SPAN CLASS="c2"> 14, 2015 Monday</SPAN><SPAN CLASS="c2">&nbsp;</SPAN><SPAN CLASS="c2">&nbsp;<BR>Nacional Edici&oacute;n</SPAN></P>
</DIV>
<BR><DIV CLASS="c5"><P CLASS="c6"><SPAN CLASS="c7">El PP se consolida en el primer puesto y </SPAN><SPAN CLASS="c8">Ciudadanos</SPAN><SPAN CLASS="c7"> cae al cuarto</SPAN></P>
</DIV>
<BR><DIV CLASS="c5"><P CLASS="c6"><SPAN CLASS="c9">BYLINE: </SPAN><SPAN CLASS="c2">ANABEL D&Iacute;EZ</SPAN></P>
</DIV>
<BR><DIV CLASS="c5"><P CLASS="c6"><SPAN CLASS="c9">SECTION: </SPAN><SPAN CLASS="c2">ESPA&ntilde;A; Base; P&aacute;g. 13</SPAN></P>
</DIV>
<BR><DIV CLASS="c5"><P CLASS="c6"><SPAN CLASS="c9">LENGTH: </SPAN><SPAN CLASS="c2">760 words</SPAN></P>
</DIV>
<BR><DIV CLASS="c5"><P CLASS="c6"><SPAN CLASS="c9">DATELINE: </SPAN><SPAN CLASS="c2">Madrid </SPAN></P>
</DIV>
<BR><DIV CLASS="c5"><P CLASS="c10"><SPAN CLASS="c2">El predominio del PP y del PSOE despunta a una semana de las elecciones, en la que Podemos y </SPAN><SPAN CLASS="c4">Ciudadanos</SPAN><SPAN CLASS="c2"> entran en la disputa por la tercera posici&oacute;n. Entre estos cuatro partidos se repartir&aacute;n en torno a 319 esca&ntilde;os de los 350 en liza, aunque con ventaja notable de los dos primeros. Esta es la fotograf&iacute;a que ofrece el &uacute;ltimo sondeo preelectoral de Metroscopia, en el que el PP se consolida en primer lugar, el PSOE baja ligeramente, Podemos remonta dos puntos y </SPAN><SPAN CLASS="c4">Ciudadanos</SPAN><SPAN CLASS="c2"> retrocede de forma sustancial. Pero el movimiento sigue.</SPAN></P>
<P CLASS="c10"><SPAN CLASS="c2">Todo es posible a&uacute;n, pero la fotograf&iacute;a que ha hecho Metroscopia en su sondeo, cuya recogida de datos se realiz&oacute; del 7 al 10 de diciembre, coloca a PP y PSOE en la primera l&iacute;nea con el 25,3% y el 21% de los votos, respectivamente, alejados de sus competidores. El PP obtendr&iacute;a entre 105 y 112 esca&ntilde;os, con un resultado final de 109, en tanto que el PSOE se mueve entre los 85 y los 94, con una media de 90. La imagen actual iguala a Podemos y </SPAN><SPAN CLASS="c4">Ciudadanos</SPAN><SPAN CLASS="c2"> en 60 actas, aunque el partido de Pablo Iglesias sobrepasa en un punto al de </SPAN><SPAN CLASS="c4">Albert</SPAN><SPAN CLASS="c2">&nbsp;</SPAN><SPAN CLASS="c4">Rivera</SPAN><SPAN CLASS="c2">, con un 19,1%, frente al 18,2%. Podemos sube al tercer puesto despu&eacute;s de haber estado relegado a la cuarta posici&oacute;n desde octubre.</SPAN><SPAN CLASS="c2">&nbsp;</SPAN></P>
<P CLASS="c10"><SPAN CLASS="c2">Ese es el actual orden, aunque el baile de puestos sigue abierto. La lectura de que los debates celebrados en EL PA&Iacute;S y en Atresmedia no han favorecido a </SPAN><SPAN CLASS="c4">Albert</SPAN><SPAN CLASS="c2">&nbsp;</SPAN><SPAN CLASS="c4">Rivera</SPAN><SPAN CLASS="c2"> resulta inevitable. En diez d&iacute;as, </SPAN><SPAN CLASS="c4">Ciudadanos</SPAN><SPAN CLASS="c2"> ha retrocedido cuatro puntos mientras que el PP ha subido casi tres, a pesar de que el candidato Mariano Rajoy no ha participado en los emitidos hasta ahora. Solo intervendr&aacute; en el cara a cara de hoy, con Pedro S&aacute;nchez como oponente. &quot;Son otros&quot; los que deben pelear por el segundo puesto, se&ntilde;alan dirigentes populares. No arriesgar m&aacute;s que lo justo y que el tiempo pase sin sobresaltos es la m&aacute;xima en el PP que explica por qu&eacute; Mariano Rajoy trat&oacute; de minimizar y alejar de Espa&ntilde;a el objetivo del atentado talib&aacute;n en Kabul en el que han muerto dos polic&iacute;as espa&ntilde;oles. Todo el af&aacute;n popular es arrancar votantes de los brazos de </SPAN><SPAN CLASS="c4">Ciudadanos</SPAN><SPAN CLASS="c2">.</SPAN></P>
<P CLASS="c10"><SPAN CLASS="c2">El intento de la formaci&oacute;n de Rivera de acaparar el m&aacute;ximo voto posible del PP, pero tambi&eacute;n de seducir a potenciales apoyos socialistas ha funcionado durante un tiempo, pero en los &uacute;ltimos d&iacute;as flaquea por ambos lados. El PP se recupera y el punto y medio que cede el PSOE no va a la bolsa de </SPAN><SPAN CLASS="c4">Ciudadanos</SPAN><SPAN CLASS="c2">, sino a Podemos. La conclusi&oacute;n ser&iacute;a agridulce para los socialistas: bajan, pero han logrado su af&aacute;n de situar a </SPAN><SPAN CLASS="c4">Ciudadanos</SPAN><SPAN CLASS="c2"> en la derecha. Rivera, mientras, no se distraer&aacute; demasiado en atraer a eventuales votantes del PSOE, porque su abundante granero lo consigue en el PP.</SPAN></P>
<P CLASS="c10"><SPAN CLASS="c2">De su lado, Podemos tratar&aacute; de avanzar posiciones a costa de que las pierda el PSOE, una vez comprobado que el zarpazo a Unidad Popular-Izquierda Unida parece tocar en hueso. El candidato de la coalici&oacute;n, Alberto Garz&oacute;n, se mantiene contra viento y marea en torno al 5% de respaldo.</SPAN></P>
<P CLASS="c10"><SPAN CLASS="c2">El cerco sobre S&aacute;nchez</SPAN></P>
<P CLASS="c10"><SPAN CLASS="c2">El tono moderado que ha exhibido Pablo Iglesias en los debates y la cierta teatralidad con la que lamenta que los socialistas incumplan en el Gobierno lo que predican en la oposici&oacute;n ha conseguido cierto calado. El cerco sobre S&aacute;nchez se ha cerrado ostensiblemente en los &uacute;ltimos d&iacute;as, y este ha optado por darse por aludido. &quot;El frente antiPSOE del PP, </SPAN><SPAN CLASS="c4">Ciudadanos</SPAN><SPAN CLASS="c2"> y Podemos solo conduce a que gobierne Rajoy&quot;, ha clamado el aspirante socialista. No abandonar&aacute; esta proclama hasta el &uacute;ltimo minuto de la campa&ntilde;a.</SPAN></P>
<P CLASS="c10"><SPAN CLASS="c2">Hay razones para que S&aacute;nchez no se rinda, las mismas que llevan al PP a mantener su aspiraci&oacute;n de sacar a los socialistas un m&iacute;nimo de cinco puntos de ventaja (ahora est&aacute;n a algo m&aacute;s de cuatro, seg&uacute;n Metroscopia). Los populares ponen esa cifra como un talism&aacute;n que supuestamente les proteger&iacute;a de la intenci&oacute;n de que otro, en especial el PSOE, trate de sumar una mayor&iacute;a parlamentaria alternativa.</SPAN></P>
<P CLASS="c10"><SPAN CLASS="c2">Las fuerzas se igualan en todos los terrenos. El PP es el partido preferido para un 20% cuando se pregunta por la mejor opci&oacute;n de gobierno; el PSOE solo registra un punto menos. &quot;Un voto m&aacute;s&quot; es lo que pide S&aacute;nchez para tratar de obtener esa mayor&iacute;a.</SPAN></P>
<P CLASS="c10"><SPAN CLASS="c2">Todo es posible en unas elecciones en las que se prev&eacute; una participaci&oacute;n tan alta como la que hubo en 1982, cerca del 80%. El impedimento legal de publicar encuestas una semana antes de los comicios obliga a mantener una absoluta prudencia respecto al pron&oacute;stico del resultado. En estos d&iacute;as postreros de la campa&ntilde;a y la jornada de reflexi&oacute;n se pueden dar movimientos en la intenci&oacute;n de voto habida cuenta de la volatilidad del mismo, como advierten los soci&oacute;logos.</SPAN></P>
</DIV>
<BR><DIV CLASS="c5"><P CLASS="c6"><SPAN CLASS="c9">LANGUAGE: </SPAN><SPAN CLASS="c2">SPANISH; ESPA&Ntilde;OL</SPAN></P>
</DIV>
<BR><DIV CLASS="c5"><P CLASS="c6"><SPAN CLASS="c9">PUBLICATION-TYPE: </SPAN><SPAN CLASS="c2">Peri&oacute;dico</SPAN></P>
</DIV>
<BR><DIV CLASS="c5"><P CLASS="c6"><SPAN CLASS="c9">SUBJECT: </SPAN><SPAN CLASS="c2">Pol&iacute;tica (93%)</SPAN></P>
</DIV>
<BR><DIV CLASS="c5"><P CLASS="c6"><SPAN CLASS="c9">IPTC SUBJECT: </SPAN><SPAN CLASS="c2">Politica</SPAN></P>
</DIV>
<BR><DIV CLASS="c5"><P CLASS="c6"><SPAN CLASS="c9">LOAD-DATE: </SPAN><SPAN CLASS="c2">December 13, 2015</SPAN></P>
</DIV>
<BR><DIV CLASS="c0"><BR><P CLASS="c1"><SPAN CLASS="c2">Copyright 2015 El Pais Internacional S.A.<BR>All Rights Reserved</SPAN></P>
</DIV>
</BODY>
</HTML>