<HTML>
<HEAD>
<STYLE TYPE="text/css">
.c0 { text-align: center; }
.c1 { text-align: center; margin-top: 0em; margin-bottom: 0em; }
.c2 { font-family: 'Courier New',Courier; font-size: 10pt; font-style: normal; font-weight: normal; color: #000000; text-decoration: none; }
.c3 { text-align: center; margin-left: 13%; margin-right: 13%; }
.c4 { font-family: 'Courier New',Courier; font-size: 10pt; font-style: normal; font-weight: bold; color: #CC0033; text-decoration: none; }
.c5 { text-align: left; }
.c6 { text-align: left; margin-top: 0em; margin-bottom: 0em; }
.c7 { font-family: 'Courier New',Courier; font-size: 14pt; font-style: normal; font-weight: bold; color: #000000; text-decoration: none; }
.c8 { font-family: 'Courier New',Courier; font-size: 14pt; font-style: normal; font-weight: bold; color: #CC0033; text-decoration: none; }
.c9 { font-family: 'Courier New',Courier; font-size: 10pt; font-style: normal; font-weight: bold; color: #000000; text-decoration: none; }
.c10 { text-align: left; margin-top: 1em; margin-bottom: 0em; }
.c11 { page-break-before: always; }
</STYLE>
</HEAD>
<BODY>
<BR><DIV CLASS="c0"><P CLASS="c1"><SPAN CLASS="c2">107 of 935 DOCUMENTS</SPAN></P>
</DIV>
<BR><DIV CLASS="c0"><BR><P CLASS="c1"><IMG SRC="http://www.lexisnexis.com/lnacui2api/results/docview/attachRetrieve.do?smi=LOGOS&key=38401&componentseq=1&type=logo&inline=y" ALT="http://www.lexisnexis.com/lnacui2api/results/docview/attachRetrieve.do?smi=LOGOS&key=38401&componentseq=1&type=logo&inline=y"><BR><SPAN CLASS="c2">El Pais</SPAN></P>
</DIV>
<BR><DIV CLASS="c3"><P CLASS="c1"><SPAN CLASS="c4">December</SPAN><SPAN CLASS="c2"> 2, 2015 Wednesday</SPAN><SPAN CLASS="c2">&nbsp;</SPAN><SPAN CLASS="c2">&nbsp;<BR>Nacional Edici&oacute;n</SPAN></P>
</DIV>
<BR><DIV CLASS="c5"><P CLASS="c6"><SPAN CLASS="c7">Cr&iacute;ticas al l&iacute;der del PSOE por no hacer &quot;ni una propuesta&quot;</SPAN></P>
</DIV>
<BR><DIV CLASS="c5"><P CLASS="c6"><SPAN CLASS="c9">BYLINE: </SPAN><SPAN CLASS="c2">JUAN JOS&Eacute; MATEO</SPAN></P>
</DIV>
<BR><DIV CLASS="c5"><P CLASS="c6"><SPAN CLASS="c9">SECTION: </SPAN><SPAN CLASS="c2">ESPA&ntilde;A; Base; P&aacute;g. 19 [AN] </SPAN><SPAN CLASS="c4">CIUDADANOS.</SPAN><SPAN CLASS="c2"> Sorprendidos con S&aacute;nchez</SPAN></P>
</DIV>
<BR><DIV CLASS="c5"><P CLASS="c6"><SPAN CLASS="c9">LENGTH: </SPAN><SPAN CLASS="c2">404 words</SPAN></P>
</DIV>
<BR><DIV CLASS="c5"><P CLASS="c6"><SPAN CLASS="c9">DATELINE: </SPAN><SPAN CLASS="c2">Madrid </SPAN></P>
</DIV>
<BR><DIV CLASS="c5"><P CLASS="c10"><SPAN CLASS="c2">&quot;Gracias a los pol&iacute;ticos del PP que comentan el debate al que no ha querido asistir Rajoy. Hay que dar la cara ante los espa&ntilde;oles&quot;. Ese fue el tuit que dej&oacute; </SPAN><SPAN CLASS="c4">Albert Rivera</SPAN><SPAN CLASS="c2"> justo entre el final de su cara a cara en EL PA&Iacute;S con Pedro S&aacute;nchez y Pablo Iglesias y su viaje de ayer a Tenerife. All&iacute;, el candidato de </SPAN><SPAN CLASS="c4">Ciudadanos</SPAN><SPAN CLASS="c2"> volvi&oacute; a mostrarse cr&iacute;tico con el bipartidismo.</SPAN><SPAN CLASS="c2">&nbsp;</SPAN></P>
<P CLASS="c10"><SPAN CLASS="c2">&quot;Lo vimos en el debate. La vieja izquierda solo propone cambiar todo lo que ha hecho la vieja derecha. Y lo mismo la vieja derecha. &iexcl;As&iacute; no avanzamos!&quot;, dijo.</SPAN></P>
<P CLASS="c10"><SPAN CLASS="c2">Rivera, seg&uacute;n su equipo, afront&oacute; el debate con una idea muy clara: aprovechar la ventana que le ofrec&iacute;a EL PA&Iacute;S para explicar su programa y llegar al m&aacute;ximo n&uacute;mero de electores. Los estrategas de </SPAN><SPAN CLASS="c4">Ciudadanos</SPAN><SPAN CLASS="c2"> est&aacute;n convencidos de que la formaci&oacute;n emergente tiene que aprovechar cualquier oportunidad para explicar sus propuestas, porque su ideario no est&aacute; consolidado entre los votantes como el de los dos partidos tradicionales. El candidato, sin embargo, se encontr&oacute; con que el debate discurr&iacute;a por caminos a los que no est&aacute; acostumbrado.</SPAN></P>
<P CLASS="c10"><SPAN CLASS="c2">&quot;Fue el &uacute;nico que bas&oacute; el debate en proponer&quot;, opin&oacute; Fernando de P&aacute;ramo, secretario de comunicaci&oacute;n de </SPAN><SPAN CLASS="c4">Ciudadanos</SPAN><SPAN CLASS="c2">. &quot;Lo que vimos fue a Iglesias hablando a su p&uacute;blico, con propuestas dirigidas a ellos; y nos sorprendi&oacute; la postura de S&aacute;nchez, que no hizo ni una&quot;, sigui&oacute;. &quot;Se limit&oacute; a hablar de derogaciones [de leyes del PP] y a criticar lo que propone </SPAN><SPAN CLASS="c4">Ciudadanos</SPAN><SPAN CLASS="c2"> con herramientas y estrategias de la vieja pol&iacute;tica que nosotros no sabemos utilizar, ni queremos. Nos encontramos con un bajar al barro que no es propio de un aspirante a presidente&quot;, a&ntilde;adi&oacute;. &quot;S&aacute;nchez no respondi&oacute; a las preguntas, a si pactar&iacute;a con partidos nacionalistas, al impuesto para pagar pensiones... en los debates de fondo sali&oacute; con frases hechas o ataques de guerra sucia&quot;.</SPAN></P>
<P CLASS="c10"><SPAN CLASS="c2">Estos son algunos de los argumentos de S&aacute;nchez que en </SPAN><SPAN CLASS="c4">Ciudadanos</SPAN><SPAN CLASS="c2"> vieron como &quot;guerra sucia&quot; y que Rivera neg&oacute; vehementemente. &quot;Rivera defiende la sociedad machista que nosotros queremos combatir&quot;. &quot;Tendr&iacute;as que hablar con tu asesor econ&oacute;mico para que te lo explicara&quot;. &quot;Vais a mantener los copagos del PP&quot;. Tambi&eacute;n, que el PP quer&iacute;a privatizar la sanidad en Madrid con apoyo de </SPAN><SPAN CLASS="c4">Ciudadanos</SPAN><SPAN CLASS="c2">. Rivera acab&oacute; elevando el tono -&quot;lamentable&quot; o &quot;te lo inventas&quot;, lleg&oacute; a decir-. Sin embargo, se march&oacute; convencido de que los momentos tensos del debate no hab&iacute;an desdibujado su hoja de ruta: &quot;Propuesta, propuesta y propuesta&quot;.</SPAN></P>
</DIV>
<BR><DIV CLASS="c5"><P CLASS="c6"><SPAN CLASS="c9">LANGUAGE: </SPAN><SPAN CLASS="c2">SPANISH; ESPA&Ntilde;OL</SPAN></P>
</DIV>
<BR><DIV CLASS="c5"><P CLASS="c6"><SPAN CLASS="c9">PUBLICATION-TYPE: </SPAN><SPAN CLASS="c2">Peri&oacute;dico</SPAN></P>
</DIV>
<BR><DIV CLASS="c5"><P CLASS="c6"><SPAN CLASS="c9">SUBJECT: </SPAN><SPAN CLASS="c2">Pol&iacute;tica (93%)</SPAN></P>
</DIV>
<BR><DIV CLASS="c5"><P CLASS="c6"><SPAN CLASS="c9">IPTC SUBJECT: </SPAN><SPAN CLASS="c2">Politica</SPAN></P>
</DIV>
<BR><DIV CLASS="c5"><P CLASS="c6"><SPAN CLASS="c9">LOAD-DATE: </SPAN><SPAN CLASS="c2">December 1, 2015</SPAN></P>
</DIV>
<BR><DIV CLASS="c0"><BR><P CLASS="c1"><SPAN CLASS="c2">Copyright 2015 El Pais Internacional S.A.<BR>All Rights Reserved</SPAN></P>
</DIV>
</BODY>
</HTML>