<HTML>
<HEAD>
<STYLE TYPE="text/css">
.c0 { text-align: center; }
.c1 { text-align: center; margin-top: 0em; margin-bottom: 0em; }
.c2 { font-family: 'Courier New',Courier; font-size: 10pt; font-style: normal; font-weight: normal; color: #000000; text-decoration: none; }
.c3 { text-align: center; margin-left: 13%; margin-right: 13%; }
.c4 { font-family: 'Courier New',Courier; font-size: 10pt; font-style: normal; font-weight: bold; color: #CC0033; text-decoration: none; }
.c5 { text-align: left; }
.c6 { text-align: left; margin-top: 0em; margin-bottom: 0em; }
.c7 { font-family: 'Courier New',Courier; font-size: 14pt; font-style: normal; font-weight: bold; color: #000000; text-decoration: none; }
.c8 { font-family: 'Courier New',Courier; font-size: 14pt; font-style: normal; font-weight: bold; color: #CC0033; text-decoration: none; }
.c9 { font-family: 'Courier New',Courier; font-size: 10pt; font-style: normal; font-weight: bold; color: #000000; text-decoration: none; }
.c10 { text-align: left; margin-top: 1em; margin-bottom: 0em; }
.c11 { page-break-before: always; }
</STYLE>
</HEAD>
<BODY>
<BR><DIV CLASS="c0"><P CLASS="c1"><SPAN CLASS="c2">298 of 935 DOCUMENTS</SPAN></P>
</DIV>
<BR><DIV CLASS="c0"><BR><P CLASS="c1"><IMG SRC="http://www.lexisnexis.com/lnacui2api/results/docview/attachRetrieve.do?smi=LOGOS&key=38401&componentseq=1&type=logo&inline=y" ALT="http://www.lexisnexis.com/lnacui2api/results/docview/attachRetrieve.do?smi=LOGOS&key=38401&componentseq=1&type=logo&inline=y"><BR><SPAN CLASS="c2">El Pais</SPAN></P>
</DIV>
<BR><DIV CLASS="c3"><P CLASS="c1"><SPAN CLASS="c4">November</SPAN><SPAN CLASS="c2"> 22, 2015 Sunday</SPAN><SPAN CLASS="c2">&nbsp;</SPAN><SPAN CLASS="c2">&nbsp;<BR>Andaluc&iacute;a Edici&oacute;n</SPAN></P>
</DIV>
<BR><DIV CLASS="c5"><P CLASS="c6"><SPAN CLASS="c7">El atril vac&iacute;o</SPAN></P>
</DIV>
<BR><DIV CLASS="c5"><P CLASS="c6"><SPAN CLASS="c9">SECTION: </SPAN><SPAN CLASS="c2">OPINI&Oacute;N; Base; P&aacute;g. 16</SPAN></P>
</DIV>
<BR><DIV CLASS="c5"><P CLASS="c6"><SPAN CLASS="c9">LENGTH: </SPAN><SPAN CLASS="c2">516 words</SPAN></P>
</DIV>
<BR><DIV CLASS="c5"><BR><P CLASS="c6"><SPAN CLASS="c9">HIGHLIGHT:</SPAN><SPAN CLASS="c2">&nbsp;Mariano Rajoy no quiere debatir con los renovadores de la pol&iacute;tica<BR></SPAN></P>
</DIV>
<BR><DIV CLASS="c5"><P CLASS="c10"><SPAN CLASS="c2">E l presidente del Gobierno y del PP, Mariano Rajoy, se ha descolgado del debate con los principales candidatos a La Moncloa organizado por EL PA&Iacute;S para el pr&oacute;ximo d&iacute;a 30. Y no porque sus altas responsabilidades en la gobernaci&oacute;n del Reino le exijan ocuparse de otros asuntos, sino porque se est&aacute; preparando una entrevista en solitario del presidente en una cadena privada de televisi&oacute;n, el mismo d&iacute;a y a la misma hora del debate al que hab&iacute;a sido invitado junto con Pedro S&aacute;nchez, </SPAN><SPAN CLASS="c4">Albert Rivera</SPAN><SPAN CLASS="c2"> y Pablo Iglesias.</SPAN><SPAN CLASS="c2">&nbsp;</SPAN></P>
<P CLASS="c10"><SPAN CLASS="c2">Que el veterano dirigente del PP se niegue a debatir con tres renovadores de la pol&iacute;tica espa&ntilde;ola dice mucho del estrecho marco en que se ha encerrado. Nadie puede acusarle de incoherencia, vista su t&aacute;ctica habitual de dormir los debates pol&iacute;ticos de todo g&eacute;nero: baste recordar la alergia demostrada a discutir en el Parlamento durante la legislatura reci&eacute;n terminada. Sin embargo, tambi&eacute;n revela la fragilidad de fondo de un pol&iacute;tico que solo se permite comparecencias p&uacute;blicas en las que pueda sentirse muy c&oacute;modo, para lo cual, como en este caso, se hace entrevistar en solitario.</SPAN></P>
<P CLASS="c10"><SPAN CLASS="c2">De ah&iacute; que el l&iacute;der del principal partido de Espa&ntilde;a no quiera confrontar ideas ni proyectos, incluso en v&iacute;speras de que esos mismos </SPAN><SPAN CLASS="c4">ciudadanos</SPAN><SPAN CLASS="c2"> decidan en las urnas sobre la renovaci&oacute;n del contrato o su posible despido. Al hacerlo as&iacute; se separa de la normalidad instalada en otras democracias avanzadas, en las que hay debates entre los que aspiran a seguir en el poder y los que intentan relevarles. La cuesti&oacute;n es que estamos en pleno siglo XXI y La Moncloa se niega a satisfacer lo que, con toda evidencia, es un derecho de los electores.</SPAN></P>
<P CLASS="c10"><SPAN CLASS="c2">Hay que decidir qui&eacute;n merece m&aacute;s la confianza de los futuros votantes para asuntos tan importantes como la salida de la crisis econ&oacute;mica, el modelo social, la reforma de la Constituci&oacute;n o el papel de Espa&ntilde;a en el convulso escenario internacional. Son los </SPAN><SPAN CLASS="c4">ciudadanos</SPAN><SPAN CLASS="c2"> los que necesitan contar con elementos de juicio para inclinarse por una u otra alternativa, y los partidos tienen la obligaci&oacute;n de proporcion&aacute;rselos. La confrontaci&oacute;n p&uacute;blica aporta una informaci&oacute;n que no puede extraerse de los m&iacute;tines ni de los espacios publicitarios contratados -y, en el caso de la televisi&oacute;n p&uacute;blica, emitidos por imperativo legal-. Los debates son oportunidades para que las propuestas de los partidos no se diluyan y adquieran un mayor grado de compromiso ante los </SPAN><SPAN CLASS="c4">ciudadanos</SPAN><SPAN CLASS="c2">.</SPAN></P>
<P CLASS="c10"><SPAN CLASS="c2">Hay quien puede pensar que Rajoy no debate con S&aacute;nchez, Rivera e Iglesias para hurtar el fuerte contraste de imagen entre su prolongada trayectoria vital y pol&iacute;tica y el aspecto m&aacute;s fresco y renovador aportado por los dem&aacute;s. Otros creen, por el contrario, que la veteran&iacute;a y la experiencia del presidente pueden aportar puntos a su favor frente a pol&iacute;ticos que no han ejercido tareas de gobierno.</SPAN></P>
<P CLASS="c10"><SPAN CLASS="c2">Cualquiera de estas explicaciones son secundarias respecto al hecho central: por m&aacute;s vueltas y revueltas que se le d&eacute; al asunto, lo que ocurre es que el l&iacute;der de uno de los principales partidos de Espa&ntilde;a reh&uacute;sa a los </SPAN><SPAN CLASS="c4">ciudadanos</SPAN><SPAN CLASS="c2"> el derecho de verle debatir con sus principales oponentes electorales.</SPAN></P>
</DIV>
<BR><DIV CLASS="c5"><P CLASS="c6"><SPAN CLASS="c9">LANGUAGE: </SPAN><SPAN CLASS="c2">SPANISH; ESPA&Ntilde;OL</SPAN></P>
</DIV>
<BR><DIV CLASS="c5"><P CLASS="c6"><SPAN CLASS="c9">PUBLICATION-TYPE: </SPAN><SPAN CLASS="c2">Peri&oacute;dico</SPAN></P>
</DIV>
<BR><DIV CLASS="c5"><P CLASS="c6"><SPAN CLASS="c9">SUBJECT: </SPAN><SPAN CLASS="c2">Pol&iacute;tica (94%)</SPAN></P>
</DIV>
<BR><DIV CLASS="c5"><P CLASS="c6"><SPAN CLASS="c9">IPTC SUBJECT: </SPAN><SPAN CLASS="c2">Politica</SPAN></P>
</DIV>
<BR><DIV CLASS="c5"><P CLASS="c6"><SPAN CLASS="c9">LOAD-DATE: </SPAN><SPAN CLASS="c2">November 21, 2015</SPAN></P>
</DIV>
<BR><DIV CLASS="c0"><BR><P CLASS="c1"><SPAN CLASS="c2">Copyright 2015 El Pais Internacional S.A.<BR>All Rights Reserved</SPAN></P>
</DIV>
</BODY>
</HTML>