<HTML>
<HEAD>
<STYLE TYPE="text/css">
.c0 { text-align: center; }
.c1 { text-align: center; margin-top: 0em; margin-bottom: 0em; }
.c2 { font-family: 'Courier New',Courier; font-size: 10pt; font-style: normal; font-weight: normal; color: #000000; text-decoration: none; }
.c3 { text-align: center; margin-left: 13%; margin-right: 13%; }
.c4 { font-family: 'Courier New',Courier; font-size: 10pt; font-style: normal; font-weight: bold; color: #CC0033; text-decoration: none; }
.c5 { text-align: left; }
.c6 { text-align: left; margin-top: 0em; margin-bottom: 0em; }
.c7 { font-family: 'Courier New',Courier; font-size: 14pt; font-style: normal; font-weight: bold; color: #000000; text-decoration: none; }
.c8 { font-family: 'Courier New',Courier; font-size: 14pt; font-style: normal; font-weight: bold; color: #CC0033; text-decoration: none; }
.c9 { font-family: 'Courier New',Courier; font-size: 10pt; font-style: normal; font-weight: bold; color: #000000; text-decoration: none; }
.c10 { text-align: left; margin-top: 1em; margin-bottom: 0em; }
.c11 { page-break-before: always; }
</STYLE>
</HEAD>
<BODY>
<BR><DIV CLASS="c0"><P CLASS="c1"><SPAN CLASS="c2">237 of 935 DOCUMENTS</SPAN></P>
</DIV>
<BR><DIV CLASS="c0"><BR><P CLASS="c1"><IMG SRC="http://www.lexisnexis.com/lnacui2api/results/docview/attachRetrieve.do?smi=LOGOS&key=38401&componentseq=1&type=logo&inline=y" ALT="http://www.lexisnexis.com/lnacui2api/results/docview/attachRetrieve.do?smi=LOGOS&key=38401&componentseq=1&type=logo&inline=y"><BR><SPAN CLASS="c2">El Pais</SPAN></P>
</DIV>
<BR><DIV CLASS="c3"><P CLASS="c1"><SPAN CLASS="c4">December</SPAN><SPAN CLASS="c2"> 14, 2015 Monday</SPAN><SPAN CLASS="c2">&nbsp;</SPAN><SPAN CLASS="c2">&nbsp;<BR>Comunidad Valenciana Edici&oacute;n</SPAN></P>
</DIV>
<BR><DIV CLASS="c5"><P CLASS="c6"><SPAN CLASS="c7">El PNV ve un pacto PP-</SPAN><SPAN CLASS="c8">Ciudadanos</SPAN><SPAN CLASS="c7"> como &quot;el peligro&quot; para Euskadi</SPAN></P>
</DIV>
<BR><DIV CLASS="c5"><P CLASS="c6"><SPAN CLASS="c9">BYLINE: </SPAN><SPAN CLASS="c2">M. O.</SPAN></P>
</DIV>
<BR><DIV CLASS="c5"><P CLASS="c6"><SPAN CLASS="c9">SECTION: </SPAN><SPAN CLASS="c2">ESPA&ntilde;A; Base; P&aacute;g. 16</SPAN></P>
</DIV>
<BR><DIV CLASS="c5"><P CLASS="c6"><SPAN CLASS="c9">LENGTH: </SPAN><SPAN CLASS="c2">286 words</SPAN></P>
</DIV>
<BR><DIV CLASS="c5"><P CLASS="c6"><SPAN CLASS="c9">DATELINE: </SPAN><SPAN CLASS="c2">Madrid </SPAN></P>
</DIV>
<BR><DIV CLASS="c5"><P CLASS="c10"><SPAN CLASS="c2">El PNV lleva toda la campa&ntilde;a electoral alertando del riesgo de que Mariano Rajoy revalide su victoria, porque eso supondr&iacute;a dar continuidad a la &quot;pol&iacute;tica recentralizadora&quot; del actual Ejecutivo popular. El presidente de los nacionalistas, Andoni Ortuzar, asegur&oacute; ayer, en un mitin del PNV en Vitoria, que ser&iacute;a a&uacute;n m&aacute;s peligroso un pacto PP-</SPAN><SPAN CLASS="c4">Ciudadanos</SPAN><SPAN CLASS="c2"> tras el 20-D, porque los primeros son la &quot;par&aacute;lisis&quot; y el partido que lidera </SPAN><SPAN CLASS="c4">Albert Rivera</SPAN><SPAN CLASS="c2"> propone &quot;cargarse el Concierto Econ&oacute;mico vasco y quitar las haciendas forales&quot;. Y, adem&aacute;s, &quot;se meten con el euskera&quot;, dijo. Ser&iacute;a un &quot;retroceso seguro&quot;, afirm&oacute;.</SPAN><SPAN CLASS="c2">&nbsp;</SPAN></P>
<P CLASS="c10"><SPAN CLASS="c2">Ortuzar asegur&oacute; que &quot;el peligro real&quot; para el futuro de Euskadi es una coalici&oacute;n de gobierno entre el PP y </SPAN><SPAN CLASS="c4">Ciudadanos</SPAN><SPAN CLASS="c2">, &quot;entre la derecha vieja y la derecha nueva, igual de espa&ntilde;ol&iacute;simos ambos&quot;. El dirigente nacionalista opin&oacute; que los partidos de Rajoy y Rivera ser&aacute;n &quot;pareja de hecho&quot; tras los comicios, pese a que ahora parezca &quot;que andan a palo limpio&quot;. &quot;Pues nos tendr&aacute;n enfrente. Concierto, hacienda propia y euskera son intocables&quot;, sentenci&oacute; en un acto al que tambi&eacute;n asisti&oacute; el lehendakari I&ntilde;igo Urkullu.</SPAN></P>
<P CLASS="c10"><SPAN CLASS="c2">El mandatario vasco incidi&oacute; en la misma l&iacute;nea al criticar que el PP y </SPAN><SPAN CLASS="c4">Ciudadanos</SPAN><SPAN CLASS="c2"> &quot;niegan los derechos hist&oacute;ricos, reniegan de la realidad plurinacional del Estado y no reconocen a Euskadi como naci&oacute;n&quot;. &quot;El PP, mal; y el PP con </SPAN><SPAN CLASS="c4">Ciudadanos</SPAN><SPAN CLASS="c2">, peor&quot;, a&ntilde;adi&oacute;.</SPAN></P>
<P CLASS="c10"><SPAN CLASS="c2">Ortuzar present&oacute; al PNV ante sus fieles como &quot;el voto que no falla, el voto de la confianza, de la cercan&iacute;a&quot;. El dirigente vasco sostuvo que con EH Bildu se dar&iacute;a &quot;un viaje a ninguna parte&quot;. Tambi&eacute;n rechaz&oacute; dar la confianza a Podemos porque est&aacute; dirigido &quot;desde Madrid&quot; y su l&iacute;der, Pablo Iglesias, &quot;se ha borrado de Euskadi&quot;. &quot;Quedamos nosotros&quot;, remat&oacute;.</SPAN></P>
</DIV>
<BR><DIV CLASS="c5"><P CLASS="c6"><SPAN CLASS="c9">LANGUAGE: </SPAN><SPAN CLASS="c2">SPANISH; ESPA&Ntilde;OL</SPAN></P>
</DIV>
<BR><DIV CLASS="c5"><P CLASS="c6"><SPAN CLASS="c9">PUBLICATION-TYPE: </SPAN><SPAN CLASS="c2">Peri&oacute;dico</SPAN></P>
</DIV>
<BR><DIV CLASS="c5"><P CLASS="c6"><SPAN CLASS="c9">SUBJECT: </SPAN><SPAN CLASS="c2">Pol&iacute;tica (94%)</SPAN></P>
</DIV>
<BR><DIV CLASS="c5"><P CLASS="c6"><SPAN CLASS="c9">IPTC SUBJECT: </SPAN><SPAN CLASS="c2">Politica</SPAN></P>
</DIV>
<BR><DIV CLASS="c5"><P CLASS="c6"><SPAN CLASS="c9">LOAD-DATE: </SPAN><SPAN CLASS="c2">December 13, 2015</SPAN></P>
</DIV>
<BR><DIV CLASS="c0"><BR><P CLASS="c1"><SPAN CLASS="c2">Copyright 2015 El Pais Internacional S.A.<BR>All Rights Reserved</SPAN></P>
</DIV>
</BODY>
</HTML>