<HTML>
<HEAD>
<STYLE TYPE="text/css">
.c0 { text-align: center; }
.c1 { text-align: center; margin-top: 0em; margin-bottom: 0em; }
.c2 { font-family: 'Courier New',Courier; font-size: 10pt; font-style: normal; font-weight: normal; color: #000000; text-decoration: none; }
.c3 { text-align: center; margin-left: 13%; margin-right: 13%; }
.c4 { font-family: 'Courier New',Courier; font-size: 10pt; font-style: normal; font-weight: bold; color: #CC0033; text-decoration: none; }
.c5 { text-align: left; }
.c6 { text-align: left; margin-top: 0em; margin-bottom: 0em; }
.c7 { font-family: 'Courier New',Courier; font-size: 14pt; font-style: normal; font-weight: bold; color: #000000; text-decoration: none; }
.c8 { font-family: 'Courier New',Courier; font-size: 14pt; font-style: normal; font-weight: bold; color: #CC0033; text-decoration: none; }
.c9 { font-family: 'Courier New',Courier; font-size: 10pt; font-style: normal; font-weight: bold; color: #000000; text-decoration: none; }
.c10 { text-align: left; margin-top: 1em; margin-bottom: 0em; }
.c11 { page-break-before: always; }
</STYLE>
</HEAD>
<BODY>
<BR><DIV CLASS="c0"><P CLASS="c1"><SPAN CLASS="c2">26 of 935 DOCUMENTS</SPAN></P>
</DIV>
<BR><DIV CLASS="c0"><BR><P CLASS="c1"><IMG SRC="http://www.lexisnexis.com/lnacui2api/results/docview/attachRetrieve.do?smi=LOGOS&key=38401&componentseq=1&type=logo&inline=y" ALT="http://www.lexisnexis.com/lnacui2api/results/docview/attachRetrieve.do?smi=LOGOS&key=38401&componentseq=1&type=logo&inline=y"><BR><SPAN CLASS="c2">El Pais</SPAN></P>
</DIV>
<BR><DIV CLASS="c3"><P CLASS="c1"><SPAN CLASS="c4">December</SPAN><SPAN CLASS="c2"> 11, 2015 Friday</SPAN><SPAN CLASS="c2">&nbsp;</SPAN><SPAN CLASS="c2">&nbsp;<BR>Nacional Edici&oacute;n</SPAN></P>
</DIV>
<BR><DIV CLASS="c5"><P CLASS="c6"><SPAN CLASS="c7">Los votantes perciben que </SPAN><SPAN CLASS="c8">Ciudadanos</SPAN><SPAN CLASS="c7"> se inclina hacia posiciones de derecha</SPAN></P>
</DIV>
<BR><DIV CLASS="c5"><P CLASS="c6"><SPAN CLASS="c9">BYLINE: </SPAN><SPAN CLASS="c2">JUAN JOS&Eacute; MATEO</SPAN></P>
</DIV>
<BR><DIV CLASS="c5"><P CLASS="c6"><SPAN CLASS="c9">SECTION: </SPAN><SPAN CLASS="c2">ESPA&ntilde;A; Base; P&aacute;g. 16</SPAN></P>
</DIV>
<BR><DIV CLASS="c5"><P CLASS="c6"><SPAN CLASS="c9">LENGTH: </SPAN><SPAN CLASS="c2">733 words</SPAN></P>
</DIV>
<BR><DIV CLASS="c5"><P CLASS="c6"><SPAN CLASS="c9">DATELINE: </SPAN><SPAN CLASS="c2">Madrid </SPAN></P>
</DIV>
<BR><DIV CLASS="c5"><P CLASS="c10"><SPAN CLASS="c2">Los electores perciben cada vez m&aacute;s a </SPAN><SPAN CLASS="c4">Ciudadanos</SPAN><SPAN CLASS="c2"> como un partido de centro derecha. La formaci&oacute;n era considerada por los votantes como un partido estrictamente de centro en el bar&oacute;metro que el CIS public&oacute; en enero: los encuestados le daban un 5,14 de media, siendo 1 la izquierda y 10 la derecha. Sin embargo, en el &uacute;ltimo sondeo publicado justo antes de las generales del 20-D, el partido de </SPAN><SPAN CLASS="c4">Albert</SPAN><SPAN CLASS="c2">&nbsp;</SPAN><SPAN CLASS="c4">Rivera</SPAN><SPAN CLASS="c2"> se ha escorado hasta un 6,37. En consecuencia, creen que </SPAN><SPAN CLASS="c4">Ciudadanos</SPAN><SPAN CLASS="c2"> est&aacute; m&aacute;s cerca del PP (8,26) que del PSOE (4,40).</SPAN></P>
<P CLASS="c10"><SPAN CLASS="c2">El punto de inflexi&oacute;n en la valoraci&oacute;n de los votantes lleg&oacute; tras las elecciones auton&oacute;micas y municipales del 24-M, seg&uacute;n la serie del CIS. </SPAN><SPAN CLASS="c4">Ciudadanos</SPAN><SPAN CLASS="c2"> firm&oacute; entonces cuatro pactos de investidura para hacer presidentes auton&oacute;micos a candidatos del PP (Madrid, La Rioja, Castilla y Le&oacute;n y Murcia) y uno para hacer lo mismo con el PSOE (Andaluc&iacute;a). La situaci&oacute;n se reprodujo en algunas de las principales ciudades espa&ntilde;olas, en las que el voto afirmativo o la abstenci&oacute;n de los representantes de esta formaci&oacute;n permitieron al PP mantener m&aacute;s de una decena de capitales de provincia. Eso ha sentado las bases para que, justo antes del 20-D, los electores perciban a </SPAN><SPAN CLASS="c4">Ciudadanos</SPAN><SPAN CLASS="c2"> como un partido de centro derecha. Ning&uacute;n otro ha experimentado una variaci&oacute;n tan radical en los sondeos.</SPAN><SPAN CLASS="c2">&nbsp;</SPAN></P>
<P CLASS="c10"><SPAN CLASS="c2">&quot;Esto es parte de la batalla pol&iacute;tica&quot;, opina Jos&eacute; Manuel Villegas, vicesecretario general de </SPAN><SPAN CLASS="c4">Ciudadanos</SPAN><SPAN CLASS="c2"> y jefe de gabinete de </SPAN><SPAN CLASS="c4">Albert</SPAN><SPAN CLASS="c2">&nbsp;</SPAN><SPAN CLASS="c4">Rivera</SPAN><SPAN CLASS="c2">. &quot;A partir, sobre todo, de mayo, cuando tenemos un buen resultado a nivel nacional, nos convertimos en actores de cara a la contienda pol&iacute;tica y se empieza a decir, sobre todo por parte del PSOE, que somos de derechas&quot;, a&ntilde;ade. &quot;Posiblemente pueda haber hecho algo de mella en la opini&oacute;n p&uacute;blica&quot;, a&ntilde;ade. &quot;No creo que sea tanto por conocimiento de nuestras propuestas, que se conocieron casi todas antes de la fecha de esa inflexi&oacute;n, sino de batalla comunicativa. Otros tambi&eacute;n juegan y nos empujan hacia ah&iacute;&quot;, explica. &quot;No nos preocupa. Es mejor estar en el 5,5, en el centro puro, pero todo lo que sea estar entre el 4,5 y el 6,5 es estar en el espectro ancho del centro&quot;, a&ntilde;adi&oacute;. &quot;Estamos creando un nuevo espacio politico y no vamos a variar nuestra l&iacute;nea&quot;. En aquellos acuerdos de mayo, Rivera puso condiciones para dar su apoyo (expulsar a los imputados por corrupci&oacute;n pol&iacute;tica, por ejemplo) y mantuvo a todos sus representantes en la oposici&oacute;n, sin entrar en los Gobiernos. Ahora, en plena campa&ntilde;a electoral, el candidato se siente &quot;la diana&quot; del PP y el PSOE. Pedro S&aacute;nchez es quien m&aacute;s presente le tiene en sus discursos. El candidato socialista acus&oacute; a Rivera de ser &quot;la derecha&quot; en el debate organizado por EL PA&Iacute;S. All&iacute; arranc&oacute; una argumentaci&oacute;n que en </SPAN><SPAN CLASS="c4">Ciudadanos</SPAN><SPAN CLASS="c2"> calificaron de &quot;juego sucio&quot;, al considerar que no responde a la realidad de su programa. &quot;Rivera defiende la sociedad machista que nosotros queremos combatir&quot;, dijo S&aacute;nchez. &quot;Vais a mantener los copagos del PP&quot;, a&ntilde;adi&oacute;. &quot;Eres de derechas, tan solo de derechas&quot;.</SPAN></P>
<P CLASS="c10"><SPAN CLASS="c2">Ninguno de esos argumentos han influido en el bar&oacute;metro del CIS, que recoge datos de noviembre. Tampoco lo ha hecho la pol&eacute;mica propuesta de </SPAN><SPAN CLASS="c4">Ciudadanos</SPAN><SPAN CLASS="c2"> de eliminar el agravante penal cuando un hombre agrede a una mujer, igualando las penas de ambos; o su disposici&oacute;n a &quot;cuestionar la funcionarizaci&oacute;n&quot; de los profesores. Eso implica que &quot;lo probable&quot; es que los pr&oacute;ximos bar&oacute;metros sit&uacute;en a </SPAN><SPAN CLASS="c4">Ciudadanos</SPAN><SPAN CLASS="c2"> incluso m&aacute;s a la derecha que ahora, seg&uacute;n expertos consultados.</SPAN></P>
<P CLASS="c10"><SPAN CLASS="c2">Levantar barreras</SPAN></P>
<P CLASS="c10"><SPAN CLASS="c2">&quot;Los rivales intentan marcarle las aristas en t&eacute;rminos ideol&oacute;gicos, levantar barreras que hagan m&aacute;s dif&iacute;cil que contin&uacute;e teniendo trasvase de votos&quot;, explica Pablo Sim&oacute;n, doctor en Ciencias Pol&iacute;ticas, sobre la capacidad del partido para captar votos a izquierda y derecha. &quot;Pero una cosa es la percepci&oacute;n que tiene el electorado y otra d&oacute;nde ubican a cada partido sus propios votantes y los potenciales&quot;, argumenta. &quot;Seg&uacute;n el CIS, el PP ser&iacute;a de extrema derecha. Sin embargo, sus votantes le ven entre el 6 y el 7, centro derecha. Se da esa disonancia entre la posici&oacute;n a la que te empujan los votantes de tus rivales y donde te sit&uacute;a tu propio electorado&quot;.</SPAN></P>
<P CLASS="c10"><SPAN CLASS="c2">En </SPAN><SPAN CLASS="c4">Ciudadanos</SPAN><SPAN CLASS="c2"> recuerdan que otros estudios les siguen situando en el centro ideol&oacute;gico y aseguran que detectan &quot;un goteo de votos desde el PSOE&quot;. Como dijo uno de los m&aacute;ximos responsables del partido: &quot;Por la izquierda nos pegan, por la derecha tambi&eacute;n. El sorpasso [al PSOE] duele&quot;.</SPAN></P>
</DIV>
<BR><DIV CLASS="c5"><P CLASS="c6"><SPAN CLASS="c9">LANGUAGE: </SPAN><SPAN CLASS="c2">SPANISH; ESPA&Ntilde;OL</SPAN></P>
</DIV>
<BR><DIV CLASS="c5"><P CLASS="c6"><SPAN CLASS="c9">PUBLICATION-TYPE: </SPAN><SPAN CLASS="c2">Peri&oacute;dico</SPAN></P>
</DIV>
<BR><DIV CLASS="c5"><P CLASS="c6"><SPAN CLASS="c9">SUBJECT: </SPAN><SPAN CLASS="c2">Pol&iacute;tica (93%)</SPAN></P>
</DIV>
<BR><DIV CLASS="c5"><P CLASS="c6"><SPAN CLASS="c9">IPTC SUBJECT: </SPAN><SPAN CLASS="c2">Politica</SPAN></P>
</DIV>
<BR><DIV CLASS="c5"><P CLASS="c6"><SPAN CLASS="c9">LOAD-DATE: </SPAN><SPAN CLASS="c2">December 10, 2015</SPAN></P>
</DIV>
<BR><DIV CLASS="c0"><BR><P CLASS="c1"><SPAN CLASS="c2">Copyright 2015 El Pais Internacional S.A.<BR>All Rights Reserved</SPAN></P>
</DIV>
</BODY>
</HTML>