<HTML>
<HEAD>
<STYLE TYPE="text/css">
.c0 { text-align: center; }
.c1 { text-align: center; margin-top: 0em; margin-bottom: 0em; }
.c2 { font-family: 'Courier New',Courier; font-size: 10pt; font-style: normal; font-weight: normal; color: #000000; text-decoration: none; }
.c3 { text-align: center; margin-left: 13%; margin-right: 13%; }
.c4 { font-family: 'Courier New',Courier; font-size: 10pt; font-style: normal; font-weight: bold; color: #CC0033; text-decoration: none; }
.c5 { text-align: left; }
.c6 { text-align: left; margin-top: 0em; margin-bottom: 0em; }
.c7 { font-family: 'Courier New',Courier; font-size: 14pt; font-style: normal; font-weight: bold; color: #000000; text-decoration: none; }
.c8 { font-family: 'Courier New',Courier; font-size: 14pt; font-style: normal; font-weight: bold; color: #CC0033; text-decoration: none; }
.c9 { font-family: 'Courier New',Courier; font-size: 10pt; font-style: normal; font-weight: bold; color: #000000; text-decoration: none; }
.c10 { text-align: left; margin-top: 1em; margin-bottom: 0em; }
.c11 { page-break-before: always; }
</STYLE>
</HEAD>
<BODY>
<BR><DIV CLASS="c0"><P CLASS="c1"><SPAN CLASS="c2">330 of 935 DOCUMENTS</SPAN></P>
</DIV>
<BR><DIV CLASS="c0"><BR><P CLASS="c1"><IMG SRC="http://www.lexisnexis.com/lnacui2api/results/docview/attachRetrieve.do?smi=LOGOS&key=38401&componentseq=1&type=logo&inline=y" ALT="http://www.lexisnexis.com/lnacui2api/results/docview/attachRetrieve.do?smi=LOGOS&key=38401&componentseq=1&type=logo&inline=y"><BR><SPAN CLASS="c2">El Pais</SPAN></P>
</DIV>
<BR><DIV CLASS="c3"><P CLASS="c1"><SPAN CLASS="c4">December</SPAN><SPAN CLASS="c2"> 13, 2015 Sunday</SPAN><SPAN CLASS="c2">&nbsp;</SPAN><SPAN CLASS="c2">&nbsp;<BR>Comunidad Valenciana Edici&oacute;n</SPAN></P>
</DIV>
<BR><DIV CLASS="c5"><P CLASS="c6"><SPAN CLASS="c7">&quot;Un ataque terrorista contra Espa&ntilde;a&quot;</SPAN></P>
</DIV>
<BR><DIV CLASS="c5"><P CLASS="c6"><SPAN CLASS="c9">BYLINE: </SPAN><SPAN CLASS="c2">N. JUNQUERA / P. ORTEGA DOLZ</SPAN></P>
</DIV>
<BR><DIV CLASS="c5"><P CLASS="c6"><SPAN CLASS="c9">SECTION: </SPAN><SPAN CLASS="c2">ESPA&ntilde;A; Base; P&aacute;g. 21</SPAN></P>
</DIV>
<BR><DIV CLASS="c5"><P CLASS="c6"><SPAN CLASS="c9">LENGTH: </SPAN><SPAN CLASS="c2">974 words</SPAN></P>
</DIV>
<BR><DIV CLASS="c5"><P CLASS="c6"><SPAN CLASS="c9">DATELINE: </SPAN><SPAN CLASS="c2">Madrid </SPAN></P>
</DIV>
<BR><DIV CLASS="c5"><P CLASS="c10"><SPAN CLASS="c2">El Gobierno asumi&oacute; ayer que el atentado perpetrado por milicianos talibanes en las inmediaciones de la Embajada espa&ntilde;ola en Kabul (Afganist&aacute;n), en el que murieron dos agentes de la Polic&iacute;a Nacional que custodiaban la legaci&oacute;n, fue &quot;un ataque contra Espa&ntilde;a&quot;. El Ejecutivo insisti&oacute;, no obstante, como hizo la v&iacute;spera, en que el &quot;objetivo&quot; de la acci&oacute;n terrorista &quot;no era la Embajada&quot;, sino una casa de hu&eacute;spedes ubicada junto a la sede diplom&aacute;tica que suelen alojar a </SPAN><SPAN CLASS="c4">ciudadanos</SPAN><SPAN CLASS="c2"> estadounidenses. As&iacute; lo reivindicaron los talibanes en un comunicado despu&eacute;s del atentado. Fuentes del Gobierno creen que los terroristas confundieron la sede diplom&aacute;tica con su objetivo. El presidente Rajoy anunci&oacute; el viernes, cuando el ataque a&uacute;n prosegu&iacute;a, que no hab&iacute;a v&iacute;ctimas espa&ntilde;olas.</SPAN><SPAN CLASS="c2">&nbsp;</SPAN></P>
<P CLASS="c10"><SPAN CLASS="c2">El atentado de los talibanes cost&oacute; la vida a dos polic&iacute;as espa&ntilde;oles, as&iacute; como a otros cuatro agentes afganos y a dos empleados de la Embajada, de la misma nacionalidad. El agente antidisturbios Isidro Gabino Sanmart&iacute;n Hern&aacute;ndez, de 48 a&ntilde;os, casado y padre de tres hijos, falleci&oacute; como consecuencia de la explosi&oacute;n del coche bomba junto a la Embajada con el que los cuatro terroristas suicidas iniciaron su ataque, el viernes sobre las dos de la tarde, hora de Madrid, seg&uacute;n la versi&oacute;n oficial. Su muerte fue anunciada por Mariano Rajoy al final de su mitin de campa&ntilde;a del viernes en Orihuela (Alicante). Antes de iniciar ese acto electoral, el presidente del Gobierno hab&iacute;a informado de que en el atentado no hab&iacute;a v&iacute;ctimas espa&ntilde;olas.</SPAN></P>
<P CLASS="c10"><SPAN CLASS="c2">El segundo fallecido espa&ntilde;ol es el subinspector Jorge Garc&iacute;a Tudela, de 45 a&ntilde;os, tiroteado dentro de la sede diplom&aacute;tica horas despu&eacute;s de la explosi&oacute;n del coche bomba, y cuya muerte fue comunicada por el Ministerio del Interior a las seis de la ma&ntilde;ana de ayer.</SPAN></P>
<P CLASS="c10"><SPAN CLASS="c2">&quot;Estamos ante un ataque terrorista en el que han fallecido dos </SPAN><SPAN CLASS="c4">ciudadanos</SPAN><SPAN CLASS="c2"> espa&ntilde;oles y en el que nuestros intereses han sufrido graves da&ntilde;os. Es, por tanto, un ataque contra Espa&ntilde;a y contra su colaboraci&oacute;n en la consolidaci&oacute;n de la democracia en Afganist&aacute;n&quot;, indic&oacute; ayer el Ministerio de la Presidencia en un comunicado. En la misma nota, el Gobierno afirmaba que mantiene abierta la investigaci&oacute;n para esclarecer todos los detalles del atentado y no descarta ninguna hip&oacute;tesis. No obstante, recalcaba que &quot;el objetivo del atentado no era la Embajada de Espa&ntilde;a&quot;. Los talibanes hab&iacute;an reivindicado antes la autor&iacute;a del atentado a trav&eacute;s de un mensaje en Twitter. Su portavoz, Zahibul&aacute; Muyahid, indic&oacute; que el objetivo era una casa de hu&eacute;spedes junto a la Embajada espa&ntilde;ola. &quot;La guerra sigue a buen ritmo&quot;, a&ntilde;adi&oacute;.</SPAN></P>
<P CLASS="c10"><SPAN CLASS="c2">Fuentes del Gobierno creen que los terroristas confundieron la sede diplom&aacute;tica con su objetivo original, la casa de hu&eacute;spedes. Eso explicar&iacute;a el comunicado de los talibanes y la versi&oacute;n inicial facilitada por los servicios de inteligencia afganos y las autoridades policiales de Kabul, que indicaron a la cadena brit&aacute;nica BBC que el primer atacante deton&oacute; sus explosivos en la entrada de la casa de invitados.</SPAN></P>
<P CLASS="c10"><SPAN CLASS="c2">Antes de que el Gobierno emitiera su comunicado, varios agentes de la Polic&iacute;a Nacional destinados en Afganist&aacute;n enviaron mensajes de Whatsapp a sus compa&ntilde;eros en Espa&ntilde;a. En ellos aseguraban que el atentado talib&aacute;n era &quot;un ataque directo a la Embajada espa&ntilde;ola&quot; en Kabul. &quot;Est&aacute; todo arrasado. Fue todo calculado. Entr&oacute; el coche bomba y al minuto los terroristas asaltaron la Embajada&quot;. Es el mensaje enviado supuestamente desde el tel&eacute;fono de uno de los agentes que se encerr&oacute; en el b&uacute;nker. &quot;No s&eacute; qu&eacute; tipo de informaci&oacute;n o noticias han circulado, pero lo que ha pasado es que los talibanes han perpetrado un ataque directo contra la Embajada espa&ntilde;ola. Han explotado un coche bomba contra la puerta que ha arrasado media manzana y han entrado a continuaci&oacute;n disparando&quot;, sostiene otro mensaje. Y a&ntilde;ade: &quot;Conseguimos cerrar el b&uacute;nker; estamos bien f&iacute;sicamente, pero 12 horas de r&aacute;fagas, asaltos y granadas sobre nuestras cabezas&quot;.</SPAN></P>
<P CLASS="c10"><SPAN CLASS="c2">Versiones contradictorias</SPAN></P>
<P CLASS="c10"><SPAN CLASS="c2">La versi&oacute;n sobre que el agente Sanmart&iacute;n Hern&aacute;ndez muri&oacute; a causa de la explosi&oacute;n del coche bomba y de que el subinspector Garc&iacute;a Tudela falleci&oacute; tiroteado posteriormente la dio el ministro de Asuntos Exteriores, Jos&eacute; Manuel Garc&iacute;a-Margallo, a su llegada a Cartagena de Indias (Colombia) para participar en la cumbre iberoamericana.</SPAN></P>
<P CLASS="c10"><SPAN CLASS="c2">Los mensajes de Whatsapp enviados por varios de los siete agentes que siguen en Kabul difieren de esta versi&oacute;n. &quot;Mi subi</SPAN></P>
<P CLASS="c10"><SPAN CLASS="c2">[en referencia al subinspector Jorge Garc&iacute;a Tudela] lo asesinaron el primero cuando entraron en el edificio. Su habitaci&oacute;n est&aacute; en la planta cero. Al o&iacute;r las primeras r&aacute;fagas desde el b&uacute;nker donde est&aacute;n nuestras habitaciones, cogimos las armas y cerramos la puerta. (...) Gabi [en referencia al agente Isidro Gabino Sanmart&iacute;n] sali&oacute; con otro compa&ntilde;ero a ver si encontraba al subi porque no nos contestaba y le dieron creo que desde la azotea&quot;.</SPAN></P>
<P CLASS="c10"><SPAN CLASS="c2">El presidente de </SPAN><SPAN CLASS="c4">Ciudadanos</SPAN><SPAN CLASS="c2">, </SPAN><SPAN CLASS="c4">Albert Rivera,</SPAN><SPAN CLASS="c2"> reclam&oacute; al Ejecutivo de Mariano Rajoy &quot;informaci&oacute;n veraz&quot; de la acci&oacute;n terrorista de Kabul. &quot;Si para alguna cosa sirve el pacto [antiyihadista] es para tener informaci&oacute;n de primera mano&quot;, dijo Rivera en un acto en Murcia. El dirigente popular Javier Maroto acus&oacute; al l&iacute;der de </SPAN><SPAN CLASS="c4">Ciudadanos</SPAN><SPAN CLASS="c2"> de usar la tragedia &quot;como arma arrojadiza&quot;. El pacto antiyihadista se reuni&oacute; ayer por la tarde.</SPAN></P>
<P CLASS="c10"><SPAN CLASS="c2">Esta no es la primera vez que el Gobierno se equivoca al informar de una tragedia. El pasado octubre, el Ministerio de Defensa anunci&oacute; por Twitter que la Gendarmer&iacute;a marroqu&iacute; hab&iacute;a rescatado con vida a tres militares espa&ntilde;oles cuyo helic&oacute;ptero hab&iacute;a ca&iacute;do sobre el Atl&aacute;ntico a 43 kil&oacute;metros del S&aacute;hara occidental. La noche del d&iacute;a siguiente, el ministro Pedro Moren&eacute;s reconoci&oacute; que estaban desaparecidos y que podr&iacute;an haber sido secuestrados. El mi&eacute;rcoles 28 se localizaron los cad&aacute;veres de los militares en la cabina del helic&oacute;ptero. [PG] Con informaci&oacute;n de Miguel Gonz&aacute;lez y Juan Jos&eacute; Mateo.</SPAN></P>
</DIV>
<BR><DIV CLASS="c5"><P CLASS="c6"><SPAN CLASS="c9">LANGUAGE: </SPAN><SPAN CLASS="c2">SPANISH; ESPA&Ntilde;OL</SPAN></P>
</DIV>
<BR><DIV CLASS="c5"><P CLASS="c6"><SPAN CLASS="c9">PUBLICATION-TYPE: </SPAN><SPAN CLASS="c2">Peri&oacute;dico</SPAN></P>
</DIV>
<BR><DIV CLASS="c5"><P CLASS="c6"><SPAN CLASS="c9">SUBJECT: </SPAN><SPAN CLASS="c2">Pol&iacute;tica (93%); Terrorismo (78%)</SPAN></P>
</DIV>
<BR><DIV CLASS="c5"><P CLASS="c6"><SPAN CLASS="c9">IPTC SUBJECT: </SPAN><SPAN CLASS="c2">Politica; espionaje e inteligencia; terrorismo</SPAN></P>
</DIV>
<BR><DIV CLASS="c5"><P CLASS="c6"><SPAN CLASS="c9">LOAD-DATE: </SPAN><SPAN CLASS="c2">December 12, 2015</SPAN></P>
</DIV>
<BR><DIV CLASS="c0"><BR><P CLASS="c1"><SPAN CLASS="c2">Copyright 2015 El Pais Internacional S.A.<BR>All Rights Reserved</SPAN></P>
</DIV>
</BODY>
</HTML>