<HTML>
<HEAD>
<STYLE TYPE="text/css">
.c0 { text-align: center; }
.c1 { text-align: center; margin-top: 0em; margin-bottom: 0em; }
.c2 { font-family: 'Courier New',Courier; font-size: 10pt; font-style: normal; font-weight: normal; color: #000000; text-decoration: none; }
.c3 { text-align: center; margin-left: 13%; margin-right: 13%; }
.c4 { font-family: 'Courier New',Courier; font-size: 10pt; font-style: normal; font-weight: bold; color: #CC0033; text-decoration: none; }
.c5 { text-align: left; }
.c6 { text-align: left; margin-top: 0em; margin-bottom: 0em; }
.c7 { font-family: 'Courier New',Courier; font-size: 14pt; font-style: normal; font-weight: bold; color: #000000; text-decoration: none; }
.c8 { font-family: 'Courier New',Courier; font-size: 14pt; font-style: normal; font-weight: bold; color: #CC0033; text-decoration: none; }
.c9 { font-family: 'Courier New',Courier; font-size: 10pt; font-style: normal; font-weight: bold; color: #000000; text-decoration: none; }
.c10 { text-align: left; margin-top: 1em; margin-bottom: 0em; }
.c11 { page-break-before: always; }
</STYLE>
</HEAD>
<BODY>
<BR><DIV CLASS="c0"><P CLASS="c1"><SPAN CLASS="c2">14 of 935 DOCUMENTS</SPAN></P>
</DIV>
<BR><DIV CLASS="c0"><BR><P CLASS="c1"><IMG SRC="http://www.lexisnexis.com/lnacui2api/results/docview/attachRetrieve.do?smi=LOGOS&key=38401&componentseq=1&type=logo&inline=y" ALT="http://www.lexisnexis.com/lnacui2api/results/docview/attachRetrieve.do?smi=LOGOS&key=38401&componentseq=1&type=logo&inline=y"><BR><SPAN CLASS="c2">El Pais</SPAN></P>
</DIV>
<BR><DIV CLASS="c3"><P CLASS="c1"><SPAN CLASS="c4">January</SPAN><SPAN CLASS="c2"> 9, 2016 Saturday</SPAN><SPAN CLASS="c2">&nbsp;</SPAN><SPAN CLASS="c2">&nbsp;<BR>Nacional Edici&oacute;n</SPAN></P>
</DIV>
<BR><DIV CLASS="c5"><P CLASS="c6"><SPAN CLASS="c7">Rivera dir&aacute; 'no' al pacto de Podemos y PSOE aunque se retire el refer&eacute;ndum</SPAN></P>
</DIV>
<BR><DIV CLASS="c5"><P CLASS="c6"><SPAN CLASS="c9">BYLINE: </SPAN><SPAN CLASS="c2">JUAN JOS&Eacute; MATEO</SPAN></P>
</DIV>
<BR><DIV CLASS="c5"><P CLASS="c6"><SPAN CLASS="c9">SECTION: </SPAN><SPAN CLASS="c2">ESPA&ntilde;A; Base; P&aacute;g. 13</SPAN></P>
</DIV>
<BR><DIV CLASS="c5"><P CLASS="c6"><SPAN CLASS="c9">LENGTH: </SPAN><SPAN CLASS="c2">685 words</SPAN></P>
</DIV>
<BR><DIV CLASS="c5"><P CLASS="c6"><SPAN CLASS="c9">DATELINE: </SPAN><SPAN CLASS="c2">Madrid </SPAN></P>
</DIV>
<BR><DIV CLASS="c5"><P CLASS="c10"><SPAN CLASS="c2">Aunque Podemos renunciara al refer&eacute;ndum vinculante que propone para Catalu&ntilde;a, esto no ser&iacute;a &quot;condici&oacute;n suficiente&quot; para que </SPAN><SPAN CLASS="c4">Ciudadanos</SPAN><SPAN CLASS="c2"> estudiara su abstenci&oacute;n ante un hipot&eacute;tico acuerdo entre el partido de Pablo Iglesias y el PSOE para investir presidente a Pedro S&aacute;nchez. As&iacute; lo asegur&oacute; ayer </SPAN><SPAN CLASS="c4">Albert Rivera</SPAN><SPAN CLASS="c2">, que se refiri&oacute; a la econom&iacute;a de mercado, a la sociedad del bienestar o al pacto del euro como &quot;pilares de la democracia&quot; con los que &quot;tampoco se negocia&quot;. En </SPAN><SPAN CLASS="c4">Ciudadanos</SPAN><SPAN CLASS="c2"> se&ntilde;alan como puntos de conflicto las distintas propuestas econ&oacute;micas, o la necesidad de integrarse en el pacto antiyihadista, que Iglesias no firm&oacute;.</SPAN></P>
<P CLASS="c10"><SPAN CLASS="c2">Si no se une al PP, S&aacute;nchez necesitar&iacute;a el apoyo de Podemos y la abstenci&oacute;n de </SPAN><SPAN CLASS="c4">Ciudadanos</SPAN><SPAN CLASS="c2"> para ser presidente. Aunque esa lista de diferencias pol&iacute;ticas entre las dos formaciones emergentes podr&iacute;a interpretarse como una puerta abierta a una negociaci&oacute;n exitosa, los dirigentes de </SPAN><SPAN CLASS="c4">Ciudadanos</SPAN><SPAN CLASS="c2"> son categ&oacute;ricos. &quot;Podemos tendr&iacute;a que dejar de ser Podemos&quot; para que la formaci&oacute;n de Rivera aceptara cualquier acuerdo entre S&aacute;nchez e Iglesias, seg&uacute;n afirmaron en los dos &uacute;ltimos d&iacute;as distintas fuentes de la Ejecutiva. Un dirigente del c&iacute;rculo de Rivera fue m&aacute;s contundente a&uacute;n: &quot;Podemos tendr&iacute;a que convertirse en un partido socialdem&oacute;crata&quot;.</SPAN><SPAN CLASS="c2">&nbsp;</SPAN></P>
<P CLASS="c10"><SPAN CLASS="c2">El l&iacute;der de </SPAN><SPAN CLASS="c4">Ciudadanos</SPAN><SPAN CLASS="c2"> dijo ayer en el Congreso que la renuncia al refer&eacute;ndum no es la &uacute;nica condici&oacute;n de </SPAN><SPAN CLASS="c4">Ciudadanos</SPAN><SPAN CLASS="c2"> para &quot;sentarse con Podemos&quot;, y se refiri&oacute; a la econom&iacute;a de mercado, a la sociedad del bienestar o al pacto del euro como &quot;pilares de la democracia&quot; con los que &quot;tampoco se negocia&quot;.</SPAN></P>
<P CLASS="c10"><SPAN CLASS="c2">Pacto a la portuguesa</SPAN></P>
<P CLASS="c10"><SPAN CLASS="c2">&quot;Hay otras diferencias de car&aacute;cter social, econ&oacute;mico y constitucional&quot;, resumi&oacute; el propio Rivera la semana posterior a las elecciones. &quot;No es solo el refer&eacute;ndum&quot;, subray&oacute;. &quot;Es que hablamos de un Gobierno formado por ocho o nueve partidos pol&iacute;ticos y algunos sabemos lo que es eso&quot;, dijo sobre el pacto a la portuguesa que necesitar&iacute;a S&aacute;nchez. &quot;Venimos de un tripartito en Catalu&ntilde;a, y ya costaba bastante saber qui&eacute;n mandaba, como para tener ocho, nueve o diez partidos formando un Gobierno&quot;. &quot;Por si quedan despistados, blanco y en botella&quot;, tuite&oacute; ayer Mat&iacute;as Alonso, secretario general de </SPAN><SPAN CLASS="c4">Ciudadanos</SPAN><SPAN CLASS="c2">, como acompa&ntilde;amiento a la noticia de EL PA&Iacute;S que reflejaba la posici&oacute;n de su partido.</SPAN></P>
<P CLASS="c10"><SPAN CLASS="c2">Entre los dirigentes de </SPAN><SPAN CLASS="c4">Ciudadanos</SPAN><SPAN CLASS="c2">, adem&aacute;s, hay consenso en que es &quot;imposible&quot; e incluso &quot;de pol&iacute;tica ficci&oacute;n&quot; que Iglesias renuncie a lo que califican como su &quot;propuesta estrella&quot;. E inciden en que retirar ahora el refer&eacute;ndum no convalidar&iacute;a el haberlo defendido en su programa y durante la campa&ntilde;a del 20-D.</SPAN></P>
<P CLASS="c10"><SPAN CLASS="c2">&quot;Si est&aacute; en el programa electoral, se entiende que lo quieren llevar a cabo. La gravedad del refer&eacute;ndum es la misma estando en el programa y no; defendi&eacute;ndolo y no... es que lo ha dicho Pablo Iglesias. Pablo Iglesias ha dicho que quiere un refer&eacute;ndum&quot;, declar&oacute; a EL PA&Iacute;S Fernando de P&aacute;ramo, secretario de Comunicaci&oacute;n de </SPAN><SPAN CLASS="c4">Ciudadanos</SPAN><SPAN CLASS="c2"> y miembro de su Ejecutiva. &quot;Nosotros no vamos a apoyar nunca eso&quot;. &iquest;Variar&iacute;a en algo la posici&oacute;n de </SPAN><SPAN CLASS="c4">Ciudadanos</SPAN><SPAN CLASS="c2"> si Podemos retira el refer&eacute;ndum de la mesa de negociaciones tras haberlo llevado en el programa? &quot;La diferencia que se plantea para m&iacute; no existe&quot;, contest&oacute; este dirigente. &quot;Esa diferencia no existe y ese escenario no lo planteamos. Si mi abuela fuera un hombre ser&iacute;a mi abuelo&quot;, agreg&oacute;.</SPAN></P>
<P CLASS="c10"><SPAN CLASS="c2">La posible convocatoria de elecciones catalanas imposibilita que Podemos renuncie al refer&eacute;ndum en el marco de las negociaciones que hay en el Congreso, seg&uacute;n creen en </SPAN><SPAN CLASS="c4">Ciudadanos</SPAN><SPAN CLASS="c2">, porque eso hundir&iacute;a sus posibilidades electorales en Catalu&ntilde;a y romper&iacute;a sus lazos con En Com&uacute; Podem, que aporta 12 diputados a su grupo parlamentario. Incluso si eso se produjera, seg&uacute;n estas fuentes, las distancias entre </SPAN><SPAN CLASS="c4">Ciudadanos</SPAN><SPAN CLASS="c2"> y Podemos seguir&iacute;an existiendo, por mucho que los dirigentes de ambos partidos est&eacute;n dispuestos a pactar iniciativas parlamentarias puntuales si comienza la legislatura.</SPAN></P>
<P CLASS="c10"><SPAN CLASS="c2">Finalmente, y siempre seg&uacute;n el an&aacute;lisis de los estrategas de </SPAN><SPAN CLASS="c4">Ciudadanos</SPAN><SPAN CLASS="c2">, solo tras esas elecciones catalanas se empezar&aacute;n a desbloquear las negociaciones en Madrid, donde, seg&uacute;n opinan, es al PSOE al que &quot;le toca mover ficha&quot;.</SPAN></P>
</DIV>
<BR><DIV CLASS="c5"><P CLASS="c6"><SPAN CLASS="c9">LANGUAGE: </SPAN><SPAN CLASS="c2">SPANISH; ESPA&Ntilde;OL</SPAN></P>
</DIV>
<BR><DIV CLASS="c5"><P CLASS="c6"><SPAN CLASS="c9">PUBLICATION-TYPE: </SPAN><SPAN CLASS="c2">Peri&oacute;dico</SPAN></P>
</DIV>
<BR><DIV CLASS="c5"><P CLASS="c6"><SPAN CLASS="c9">SUBJECT: </SPAN><SPAN CLASS="c2">Pol&iacute;tica (94%)</SPAN></P>
</DIV>
<BR><DIV CLASS="c5"><P CLASS="c6"><SPAN CLASS="c9">IPTC SUBJECT: </SPAN><SPAN CLASS="c2">Politica</SPAN></P>
</DIV>
<BR><DIV CLASS="c5"><P CLASS="c6"><SPAN CLASS="c9">LOAD-DATE: </SPAN><SPAN CLASS="c2">January 8, 2016</SPAN></P>
</DIV>
<BR><DIV CLASS="c0"><BR><P CLASS="c1"><SPAN CLASS="c2">Copyright 2016 El Pais Internacional S.A.<BR>All Rights Reserved</SPAN></P>
</DIV>
</BODY>
</HTML>