<HTML>
<HEAD>
<STYLE TYPE="text/css">
.c0 { text-align: center; }
.c1 { text-align: center; margin-top: 0em; margin-bottom: 0em; }
.c2 { font-family: 'Courier New',Courier; font-size: 10pt; font-style: normal; font-weight: normal; color: #000000; text-decoration: none; }
.c3 { text-align: center; margin-left: 13%; margin-right: 13%; }
.c4 { font-family: 'Courier New',Courier; font-size: 10pt; font-style: normal; font-weight: bold; color: #CC0033; text-decoration: none; }
.c5 { text-align: left; }
.c6 { text-align: left; margin-top: 0em; margin-bottom: 0em; }
.c7 { font-family: 'Courier New',Courier; font-size: 14pt; font-style: normal; font-weight: bold; color: #000000; text-decoration: none; }
.c8 { font-family: 'Courier New',Courier; font-size: 14pt; font-style: normal; font-weight: bold; color: #CC0033; text-decoration: none; }
.c9 { font-family: 'Courier New',Courier; font-size: 10pt; font-style: normal; font-weight: bold; color: #000000; text-decoration: none; }
.c10 { text-align: left; margin-top: 1em; margin-bottom: 0em; }
.c11 { page-break-before: always; }
</STYLE>
</HEAD>
<BODY>
<BR><DIV CLASS="c0"><P CLASS="c1"><SPAN CLASS="c2">203 of 935 DOCUMENTS</SPAN></P>
</DIV>
<BR><DIV CLASS="c0"><BR><P CLASS="c1"><IMG SRC="http://www.lexisnexis.com/lnacui2api/results/docview/attachRetrieve.do?smi=LOGOS&key=38401&componentseq=1&type=logo&inline=y" ALT="http://www.lexisnexis.com/lnacui2api/results/docview/attachRetrieve.do?smi=LOGOS&key=38401&componentseq=1&type=logo&inline=y"><BR><SPAN CLASS="c2">El Pais</SPAN></P>
</DIV>
<BR><DIV CLASS="c3"><P CLASS="c1"><SPAN CLASS="c4">December</SPAN><SPAN CLASS="c2"> 8, 2015 Tuesday</SPAN><SPAN CLASS="c2">&nbsp;</SPAN><SPAN CLASS="c2">&nbsp;<BR>Comunidad Valenciana Edici&oacute;n</SPAN></P>
</DIV>
<BR><DIV CLASS="c5"><P CLASS="c6"><SPAN CLASS="c7">El PP teme las diversas variantes de un pacto entre S&aacute;nchez y Rivera</SPAN></P>
</DIV>
<BR><DIV CLASS="c5"><P CLASS="c6"><SPAN CLASS="c9">BYLINE: </SPAN><SPAN CLASS="c2">J. CASQUEIRO / N. JUNQUERA</SPAN></P>
</DIV>
<BR><DIV CLASS="c5"><P CLASS="c6"><SPAN CLASS="c9">SECTION: </SPAN><SPAN CLASS="c2">ESPA&ntilde;A; Base; P&aacute;g. 18</SPAN></P>
</DIV>
<BR><DIV CLASS="c5"><P CLASS="c6"><SPAN CLASS="c9">LENGTH: </SPAN><SPAN CLASS="c2">586 words</SPAN></P>
</DIV>
<BR><DIV CLASS="c5"><P CLASS="c6"><SPAN CLASS="c9">DATELINE: </SPAN><SPAN CLASS="c2">Madrid / Algeciras </SPAN></P>
</DIV>
<BR><DIV CLASS="c5"><P CLASS="c10"><SPAN CLASS="c2">El PP ha pasado en pocas horas de querer proteger las opciones del socialista Pedro S&aacute;nchez como segunda fuerza, para evitar que </SPAN><SPAN CLASS="c4">Ciudadanos</SPAN><SPAN CLASS="c2"> adelante a los populares, a temer un pacto de todos sus rivales contra Mariano Rajoy. El presidente sostiene que se est&aacute; forjando un acuerdo de perdedores para desalojarle de La Moncloa. Rajoy ha asegurado que solo gobernar&aacute; si gana el 20-D y exige claridad a PSOE y </SPAN><SPAN CLASS="c4">Ciudadanos</SPAN><SPAN CLASS="c2">, que ya han dicho que no renuncian a gobernar a trav&eacute;s de pactos parlamentarios. En el PP creen que S&aacute;nchez y </SPAN><SPAN CLASS="c4">Albert</SPAN><SPAN CLASS="c2">&nbsp;</SPAN><SPAN CLASS="c4">Rivera</SPAN><SPAN CLASS="c2"> podr&iacute;an sumar sus esca&ntilde;os para llegar al Ejecutivo.</SPAN></P>
<P CLASS="c10"><SPAN CLASS="c2">De la operaci&oacute;n cuidar al l&iacute;der de la oposici&oacute;n para que Pedro S&aacute;nchez no se hunda, el PP ha pasado, tras conocerse la encuesta del CIS, a la operaci&oacute;n alerta contra </SPAN><SPAN CLASS="c4">Albert</SPAN><SPAN CLASS="c2">&nbsp;</SPAN><SPAN CLASS="c4">Rivera</SPAN><SPAN CLASS="c2">. Algunos dirigentes de la c&uacute;pula nacional del PP pr&oacute;ximos a Mariano Rajoy hablan tambi&eacute;n, aunque a&uacute;n de forma discreta, de que puede estar en marcha un suced&aacute;neo de lo que denominan peligro de revillismo.</SPAN><SPAN CLASS="c2">&nbsp;</SPAN></P>
<P CLASS="c10"><SPAN CLASS="c2">En 2003, el PSOE obtuvo en Cantabria 13 diputados auton&oacute;micos frente a ocho del Partido Regionalista C&aacute;ntabro (PRC) que ya dirig&iacute;a Miguel &Aacute;ngel Revilla. Esos 21 esca&ntilde;os fueron tres m&aacute;s que los logrados por el PP, y Revilla -l&iacute;der de la tercera fuerza en esca&ntilde;os- fue investido presidente. Cuatro a&ntilde;os despu&eacute;s la situaci&oacute;n se volte&oacute;: el PRC acumul&oacute; 12 y el PSOE 10, y repitieron el pacto. En las auton&oacute;micas de mayo pasado esa alianza de intereses se qued&oacute; a un esca&ntilde;o de empatar con el PP y fue entonces Podemos, con su abstenci&oacute;n, quien facilit&oacute; la tercera investidura de Revilla.</SPAN></P>
<P CLASS="c10"><SPAN CLASS="c2">El PP cree que ahora puede estar fragu&aacute;ndose una Operaci&oacute;n Rivera en esa l&iacute;nea, y ha dirigido todas sus bater&iacute;as contra el l&iacute;der de </SPAN><SPAN CLASS="c4">Ciudadanos</SPAN><SPAN CLASS="c2"> para que despeje las incertidumbres y aclare su pol&iacute;tica de pactos antes de las elecciones del 20-D. Ese es el objetivo que persiguen Rajoy y otros dirigentes cuando emplazan continuamente a Rivera a que se comprometa a gobernar solo si gana y consigue m&aacute;s votos y esca&ntilde;os que los dem&aacute;s. Rajoy repite esa consigna a diario y la adereza ahora, tras publicarse los &uacute;ltimos datos del CIS que ponen a Rivera muy cerca ya de empatar con el PSOE en la segunda posici&oacute;n, con la advertencia de que algunos est&aacute;n ultimando maniobras oscuras.</SPAN></P>
<P CLASS="c10"><SPAN CLASS="c2">Ayer, durante un mitin matinal en Estepona y luego en una paella-mitin en Marbella, el l&iacute;der del PP lanz&oacute; la andanada: &quot;Que los espa&ntilde;oles sean conscientes de lo que algunos est&aacute;n preparando&quot;, dijo. Frente a esa conjura, Rajoy sit&uacute;a al PP como el &uacute;nico partido que confiesa abiertamente sus intereses: &quot;El PP quiere pactar con los espa&ntilde;oles. Ese es el &uacute;nico pacto que nos interesa. Y el que gane las elecciones, el que reciba el apoyo de m&aacute;s espa&ntilde;oles, es el que debe gobernar porque eso es democracia y es justicia&quot;.</SPAN></P>
<P CLASS="c10"><SPAN CLASS="c2">PSOE, Podemos y </SPAN><SPAN CLASS="c4">Ciudadanos</SPAN><SPAN CLASS="c2"> han aclarado ya que Espa&ntilde;a no es un r&eacute;gimen presidencialista, sino parlamentario, y que los pactos postelectorales son leg&iacute;timos.</SPAN></P>
<P CLASS="c10"><SPAN CLASS="c2">El primer adversario de Rajoy en estas elecciones sigue siendo S&aacute;nchez, pero en el PP no acaban de encontrar la f&oacute;rmula para combatir el impulso de Rivera, que est&aacute; en el mismo espectro ideol&oacute;gico pero es m&aacute;s joven y nuevo incluso para parte de los votantes populares. El l&iacute;der del PP andaluz, Juan Manuel Moreno, les etiquet&oacute; ayer en Estepona como &quot;el tr&iacute;o Lalal&aacute;&quot;, incluyendo en el mismo paquete a S&aacute;nchez, Rivera y Pablo Iglesias. El ministro de Exteriores, Jos&eacute; Manuel Garc&iacute;a-Margallo, insisti&oacute; en la idea del supuesto tripartito: &quot;Pedro S&aacute;nchez sue&ntilde;a con poder hacer una coalici&oacute;n con todo el que pase por ah&iacute;&quot;.</SPAN></P>
</DIV>
<BR><DIV CLASS="c5"><P CLASS="c6"><SPAN CLASS="c9">LANGUAGE: </SPAN><SPAN CLASS="c2">SPANISH; ESPA&Ntilde;OL</SPAN></P>
</DIV>
<BR><DIV CLASS="c5"><P CLASS="c6"><SPAN CLASS="c9">PUBLICATION-TYPE: </SPAN><SPAN CLASS="c2">Peri&oacute;dico</SPAN></P>
</DIV>
<BR><DIV CLASS="c5"><P CLASS="c6"><SPAN CLASS="c9">SUBJECT: </SPAN><SPAN CLASS="c2">Pol&iacute;tica (93%)</SPAN></P>
</DIV>
<BR><DIV CLASS="c5"><P CLASS="c6"><SPAN CLASS="c9">IPTC SUBJECT: </SPAN><SPAN CLASS="c2">Politica</SPAN></P>
</DIV>
<BR><DIV CLASS="c5"><P CLASS="c6"><SPAN CLASS="c9">LOAD-DATE: </SPAN><SPAN CLASS="c2">December 7, 2015</SPAN></P>
</DIV>
<BR><DIV CLASS="c0"><BR><P CLASS="c1"><SPAN CLASS="c2">Copyright 2015 El Pais Internacional S.A.<BR>All Rights Reserved</SPAN></P>
</DIV>
</BODY>
</HTML>