<HTML>
<HEAD>
<STYLE TYPE="text/css">
.c0 { text-align: center; }
.c1 { text-align: center; margin-top: 0em; margin-bottom: 0em; }
.c2 { font-family: 'Courier New',Courier; font-size: 10pt; font-style: normal; font-weight: normal; color: #000000; text-decoration: none; }
.c3 { text-align: center; margin-left: 13%; margin-right: 13%; }
.c4 { font-family: 'Courier New',Courier; font-size: 10pt; font-style: normal; font-weight: bold; color: #CC0033; text-decoration: none; }
.c5 { text-align: left; }
.c6 { text-align: left; margin-top: 0em; margin-bottom: 0em; }
.c7 { font-family: 'Courier New',Courier; font-size: 14pt; font-style: normal; font-weight: bold; color: #000000; text-decoration: none; }
.c8 { font-family: 'Courier New',Courier; font-size: 14pt; font-style: normal; font-weight: bold; color: #CC0033; text-decoration: none; }
.c9 { font-family: 'Courier New',Courier; font-size: 10pt; font-style: normal; font-weight: bold; color: #000000; text-decoration: none; }
.c10 { text-align: left; margin-top: 1em; margin-bottom: 0em; }
.c11 { page-break-before: always; }
</STYLE>
</HEAD>
<BODY>
<BR><DIV CLASS="c0"><P CLASS="c1"><SPAN CLASS="c2">454 of 935 DOCUMENTS</SPAN></P>
</DIV>
<BR><DIV CLASS="c0"><BR><P CLASS="c1"><IMG SRC="http://www.lexisnexis.com/lnacui2api/results/docview/attachRetrieve.do?smi=LOGOS&key=38401&componentseq=1&type=logo&inline=y" ALT="http://www.lexisnexis.com/lnacui2api/results/docview/attachRetrieve.do?smi=LOGOS&key=38401&componentseq=1&type=logo&inline=y"><BR><SPAN CLASS="c2">El Pais</SPAN></P>
</DIV>
<BR><DIV CLASS="c3"><P CLASS="c1"><SPAN CLASS="c4">December</SPAN><SPAN CLASS="c2"> 8, 2015 Tuesday</SPAN><SPAN CLASS="c2">&nbsp;</SPAN><SPAN CLASS="c2">&nbsp;<BR>Nacional Edici&oacute;n</SPAN></P>
</DIV>
<BR><DIV CLASS="c5"><P CLASS="c6"><SPAN CLASS="c7">El resultado de los comicios marca el debate pol&iacute;tico espa&ntilde;ol</SPAN></P>
</DIV>
<BR><DIV CLASS="c5"><P CLASS="c6"><SPAN CLASS="c9">BYLINE: </SPAN><SPAN CLASS="c2">EL PA&Iacute;S</SPAN></P>
</DIV>
<BR><DIV CLASS="c5"><P CLASS="c6"><SPAN CLASS="c9">SECTION: </SPAN><SPAN CLASS="c2">INTERNACIONAL; Base; P&aacute;g. 8</SPAN></P>
</DIV>
<BR><DIV CLASS="c5"><P CLASS="c6"><SPAN CLASS="c9">LENGTH: </SPAN><SPAN CLASS="c2">347 words</SPAN></P>
</DIV>
<BR><DIV CLASS="c5"><P CLASS="c6"><SPAN CLASS="c9">DATELINE: </SPAN><SPAN CLASS="c2">Madrid </SPAN></P>
</DIV>
<BR><DIV CLASS="c5"><BR><P CLASS="c6"><SPAN CLASS="c9">HIGHLIGHT:</SPAN><SPAN CLASS="c2">&nbsp;PP y </SPAN><SPAN CLASS="c4">Ciudadanos</SPAN><SPAN CLASS="c2"> alaban &quot;el triunfo de la libertad&quot; y el PSOE habla de &quot;esperanza&quot;<BR></SPAN></P>
</DIV>
<BR><DIV CLASS="c5"><P CLASS="c10"><SPAN CLASS="c2">Los comicios venezolanos entraron ayer en la campa&ntilde;a electoral espa&ntilde;ola. El PP y </SPAN><SPAN CLASS="c4">Ciudadanos</SPAN><SPAN CLASS="c2"> alabaron el triunfo de &quot;la libertad&quot;, mientras que el PSOE habl&oacute; de &quot;una nueva etapa de esperanza&quot;. El presidente del Gobierno, Mariano Rajoy, felicit&oacute; a los venezolanos y consider&oacute; en un mensaje en su cuenta de Twitter que &quot;gan&oacute; la libertad&quot;. El jefe del Ejecutivo reclam&oacute; la libertad de todos los presos pol&iacute;ticos, entre ellos el opositor Leopoldo L&oacute;pez. Durante un acto electoral en Marbella (M&aacute;laga) a&ntilde;adi&oacute; su deseo de que &quot;la normalidad vuelva pronto a Venezuela&quot;. &quot;Queremos para Venezuela lo mismo que en Espa&ntilde;a: libertad, derechos humanos, progreso...&quot;, concluy&oacute;.</SPAN><SPAN CLASS="c2">&nbsp;</SPAN></P>
<P CLASS="c10"><SPAN CLASS="c2">El l&iacute;der del PSOE y candidato socialista a la presidencia, Pedro S&aacute;nchez, tambi&eacute;n us&oacute; Twitter: &quot;Felicidades a todos los venezolanos y venezolanas. Se inicia una nueva etapa de futuro y esperanza&quot;.</SPAN></P>
<P CLASS="c10"><SPAN CLASS="c4">Albert Rivera,</SPAN><SPAN CLASS="c2"> candidato de </SPAN><SPAN CLASS="c4">Ciudadanos</SPAN><SPAN CLASS="c2">, incidi&oacute; en que &quot;comienza un nuevo tiempo para Venezuela&quot;. &quot;Felicidades a todos los dem&oacute;cratas venezolanos por esta gran victoria de la libertad&quot;, dijo en un tuit.</SPAN></P>
<P CLASS="c10"><SPAN CLASS="c2">&quot;Los resultados de Venezuela demuestran que han sido elecciones libres, que todo lo que se ha dicho por determinados elementos de oposici&oacute;n al sistema venezolano ha sido falso, porque estas elecciones han sido perfectamente libres, reconocidas as&iacute; internacionalmente. Hay que respetar el resultado&quot;, se&ntilde;al&oacute; el candidato de IU-Unidad Popular, Alberto Garz&oacute;n, en Alcoy (Alicante).</SPAN></P>
<P CLASS="c10"><SPAN CLASS="c2">Ning&uacute;n dirigente de Podemos quiso pronunciarse p&uacute;blicamente. Su exdirigente y cofundador Juan Carlos Monedero consider&oacute; el resultado un &quot;batacazo enorme para Maduro&quot;. &quot;Lo primero que quiero decir es que si Venezuela es una dictadura, &iquest;c&oacute;mo ha podido ganar la oposici&oacute;n?&quot;, se pregunt&oacute;. &quot;Igual que Maduro ha reconocido que la Asamblea la ha ganado la oposici&oacute;n, ser&iacute;a bueno que la oposici&oacute;n reconociera que el presidente leg&iacute;timo es Maduro&quot;, agreg&oacute;. &quot;Los dos deber&iacute;an sentarse a establecer cu&aacute;l es la respuesta conjunta&quot; para los problemas econ&oacute;micos del pa&iacute;s, remat&oacute;. [PG] Con informaci&oacute;n de Elsa Garc&iacute;a de Blas, Natalia Junquera y Francesco Manetto.</SPAN></P>
</DIV>
<BR><DIV CLASS="c5"><P CLASS="c6"><SPAN CLASS="c9">LANGUAGE: </SPAN><SPAN CLASS="c2">SPANISH; ESPA&Ntilde;OL</SPAN></P>
</DIV>
<BR><DIV CLASS="c5"><P CLASS="c6"><SPAN CLASS="c9">PUBLICATION-TYPE: </SPAN><SPAN CLASS="c2">Peri&oacute;dico</SPAN></P>
</DIV>
<BR><DIV CLASS="c5"><P CLASS="c6"><SPAN CLASS="c9">SUBJECT: </SPAN><SPAN CLASS="c2">Pol&iacute;tica (94%)</SPAN></P>
</DIV>
<BR><DIV CLASS="c5"><P CLASS="c6"><SPAN CLASS="c9">IPTC SUBJECT: </SPAN><SPAN CLASS="c2">Politica</SPAN></P>
</DIV>
<BR><DIV CLASS="c5"><P CLASS="c6"><SPAN CLASS="c9">LOAD-DATE: </SPAN><SPAN CLASS="c2">December 7, 2015</SPAN></P>
</DIV>
<BR><DIV CLASS="c0"><BR><P CLASS="c1"><SPAN CLASS="c2">Copyright 2015 El Pais Internacional S.A.<BR>All Rights Reserved</SPAN></P>
</DIV>
</BODY>
</HTML>