<HTML>
<HEAD>
<STYLE TYPE="text/css">
.c0 { text-align: center; }
.c1 { text-align: center; margin-top: 0em; margin-bottom: 0em; }
.c2 { font-family: 'Courier New',Courier; font-size: 10pt; font-style: normal; font-weight: normal; color: #000000; text-decoration: none; }
.c3 { text-align: center; margin-left: 13%; margin-right: 13%; }
.c4 { font-family: 'Courier New',Courier; font-size: 10pt; font-style: normal; font-weight: bold; color: #CC0033; text-decoration: none; }
.c5 { text-align: left; }
.c6 { text-align: left; margin-top: 0em; margin-bottom: 0em; }
.c7 { font-family: 'Courier New',Courier; font-size: 14pt; font-style: normal; font-weight: bold; color: #000000; text-decoration: none; }
.c8 { font-family: 'Courier New',Courier; font-size: 14pt; font-style: normal; font-weight: bold; color: #CC0033; text-decoration: none; }
.c9 { font-family: 'Courier New',Courier; font-size: 10pt; font-style: normal; font-weight: bold; color: #000000; text-decoration: none; }
.c10 { text-align: left; margin-top: 1em; margin-bottom: 0em; }
.c11 { page-break-before: always; }
</STYLE>
</HEAD>
<BODY>
<BR><DIV CLASS="c0"><P CLASS="c1"><SPAN CLASS="c2">296 of 935 DOCUMENTS</SPAN></P>
</DIV>
<BR><DIV CLASS="c0"><BR><P CLASS="c1"><IMG SRC="http://www.lexisnexis.com/lnacui2api/results/docview/attachRetrieve.do?smi=LOGOS&key=38401&componentseq=1&type=logo&inline=y" ALT="http://www.lexisnexis.com/lnacui2api/results/docview/attachRetrieve.do?smi=LOGOS&key=38401&componentseq=1&type=logo&inline=y"><BR><SPAN CLASS="c2">El Pais</SPAN></P>
</DIV>
<BR><DIV CLASS="c3"><P CLASS="c1"><SPAN CLASS="c4">November</SPAN><SPAN CLASS="c2"> 21, 2015 Saturday</SPAN><SPAN CLASS="c2">&nbsp;</SPAN><SPAN CLASS="c2">&nbsp;<BR>Comunidad Valenciana Edici&oacute;n</SPAN></P>
</DIV>
<BR><DIV CLASS="c5"><P CLASS="c6"><SPAN CLASS="c8">Ciudadanos</SPAN><SPAN CLASS="c7"> acusa al Ejecutivo de &quot;tacticismo electoral&quot;</SPAN></P>
</DIV>
<BR><DIV CLASS="c5"><P CLASS="c6"><SPAN CLASS="c9">BYLINE: </SPAN><SPAN CLASS="c2">JUAN JOSE MATEO</SPAN></P>
</DIV>
<BR><DIV CLASS="c5"><P CLASS="c6"><SPAN CLASS="c9">SECTION: </SPAN><SPAN CLASS="c2">ESPA&ntilde;A; Base; P&aacute;g. 18</SPAN></P>
</DIV>
<BR><DIV CLASS="c5"><P CLASS="c6"><SPAN CLASS="c9">LENGTH: </SPAN><SPAN CLASS="c2">299 words</SPAN></P>
</DIV>
<BR><DIV CLASS="c5"><P CLASS="c6"><SPAN CLASS="c9">DATELINE: </SPAN><SPAN CLASS="c2">Madrid </SPAN></P>
</DIV>
<BR><DIV CLASS="c5"><P CLASS="c10"><SPAN CLASS="c4">Ciudadanos</SPAN><SPAN CLASS="c2"> acus&oacute; ayer al Gobierno de operar con &quot;tacticismos locales electoralistas&quot; antes del 20-D al &quot;lanzar globos sonda&quot; sobre d&oacute;nde deber&iacute;an intervenir las tropas espa&ntilde;olas para ayudar a las francesas en su lucha contra el yihadismo. As&iacute; se expres&oacute; Juan Carlos Girauta, miembro de la Ejecutiva del partido, su portavoz en materia de defensa, y eurodiputado, que a&ntilde;adi&oacute; sobre Jos&eacute; Manuel Garc&iacute;a-Margallo, ministro de Exteriores: &quot;Que un miembro del Gobierno de Espa&ntilde;a haya sacado el nombre del Mal&iacute; es de una imprudencia temeraria&quot;.</SPAN><SPAN CLASS="c2">&nbsp;</SPAN></P>
<P CLASS="c10"><SPAN CLASS="c2">Desde los atentados de Par&iacute;s, </SPAN><SPAN CLASS="c4">Ciudadanos</SPAN><SPAN CLASS="c2"> se ha mostrado a favor de apoyar a Francia por todos los medios y en cualquier &aacute;mbito, siempre que la acci&oacute;n sea &quot;legal, coordinada y bajo el amparo de la Uni&oacute;n Europea, la OTAN y la Uni&oacute;n Europea&quot;.</SPAN></P>
<P CLASS="c10"><SPAN CLASS="c4">Albert Rivera</SPAN><SPAN CLASS="c2">, l&iacute;der de </SPAN><SPAN CLASS="c4">Ciudadanos</SPAN><SPAN CLASS="c2">, envi&oacute; ayer sendas cartas a Mariano Rajoy, presidente del Gobierno, y a Pedro S&aacute;nchez, secretario general del PSOE, insistiendo en su petici&oacute;n de incorporarse al pacto antiyihadista que firmaron los dos principales partidos espa&ntilde;oles el pasado febrero. Rivera, adem&aacute;s, convers&oacute; ayer con Rajoy por tel&eacute;fono. Al tiempo, Girauta mantuvo el tono cr&iacute;tico con las acciones del Ejecutivo que encabeza Rajoy, al que ya previno el pasado jueves de que era un error considerar &quot;m&aacute;s suave&quot; intervenir en Mal&iacute; que en Siria.</SPAN></P>
<P CLASS="c10"><SPAN CLASS="c2">&quot;Lo que hay aqu&iacute; es tacticismo localista y una toma en consideraci&oacute;n de que dentro de un mes hay unas elecciones&quot;, dijo el eurodiputado sobre la propuesta de enviar tropas espa&ntilde;olas a Mal&iacute; para relevar a las francesas y que estas se puedan concentrar en Siria. Girauta concluy&oacute;: &quot;Tal como lamentablemente se ha visto, la lucha en Mal&iacute; es feroz, encarnizada y dif&iacute;cil. Quien se planteara aquello como una alternativa m&aacute;s suave a otro tipo de intervenci&oacute;n, estaba improvisando&quot;.</SPAN></P>
</DIV>
<BR><DIV CLASS="c5"><P CLASS="c6"><SPAN CLASS="c9">LANGUAGE: </SPAN><SPAN CLASS="c2">SPANISH; ESPA&Ntilde;OL</SPAN></P>
</DIV>
<BR><DIV CLASS="c5"><P CLASS="c6"><SPAN CLASS="c9">PUBLICATION-TYPE: </SPAN><SPAN CLASS="c2">Peri&oacute;dico</SPAN></P>
</DIV>
<BR><DIV CLASS="c5"><P CLASS="c6"><SPAN CLASS="c9">SUBJECT: </SPAN><SPAN CLASS="c2">Pol&iacute;tica (94%)</SPAN></P>
</DIV>
<BR><DIV CLASS="c5"><P CLASS="c6"><SPAN CLASS="c9">IPTC SUBJECT: </SPAN><SPAN CLASS="c2">Politica</SPAN></P>
</DIV>
<BR><DIV CLASS="c5"><P CLASS="c6"><SPAN CLASS="c9">LOAD-DATE: </SPAN><SPAN CLASS="c2">November 20, 2015</SPAN></P>
</DIV>
<BR><DIV CLASS="c0"><BR><P CLASS="c1"><SPAN CLASS="c2">Copyright 2015 El Pais Internacional S.A.<BR>All Rights Reserved</SPAN></P>
</DIV>
</BODY>
</HTML>