<HTML>
<HEAD>
<STYLE TYPE="text/css">
.c0 { text-align: center; }
.c1 { text-align: center; margin-top: 0em; margin-bottom: 0em; }
.c2 { font-family: 'Courier New',Courier; font-size: 10pt; font-style: normal; font-weight: normal; color: #000000; text-decoration: none; }
.c3 { text-align: center; margin-left: 13%; margin-right: 13%; }
.c4 { font-family: 'Courier New',Courier; font-size: 10pt; font-style: normal; font-weight: bold; color: #CC0033; text-decoration: none; }
.c5 { text-align: left; }
.c6 { text-align: left; margin-top: 0em; margin-bottom: 0em; }
.c7 { font-family: 'Courier New',Courier; font-size: 14pt; font-style: normal; font-weight: bold; color: #000000; text-decoration: none; }
.c8 { font-family: 'Courier New',Courier; font-size: 14pt; font-style: normal; font-weight: bold; color: #CC0033; text-decoration: none; }
.c9 { font-family: 'Courier New',Courier; font-size: 10pt; font-style: normal; font-weight: bold; color: #000000; text-decoration: none; }
.c10 { text-align: left; margin-top: 1em; margin-bottom: 0em; }
.c11 { page-break-before: always; }
</STYLE>
</HEAD>
<BODY>
<BR><DIV CLASS="c0"><P CLASS="c1"><SPAN CLASS="c2">18 of 935 DOCUMENTS</SPAN></P>
</DIV>
<BR><DIV CLASS="c0"><BR><P CLASS="c1"><IMG SRC="http://www.lexisnexis.com/lnacui2api/results/docview/attachRetrieve.do?smi=LOGOS&key=38401&componentseq=1&type=logo&inline=y" ALT="http://www.lexisnexis.com/lnacui2api/results/docview/attachRetrieve.do?smi=LOGOS&key=38401&componentseq=1&type=logo&inline=y"><BR><SPAN CLASS="c2">El Pais</SPAN></P>
</DIV>
<BR><DIV CLASS="c3"><P CLASS="c1"><SPAN CLASS="c4">January</SPAN><SPAN CLASS="c2"> 3, 2016 Sunday</SPAN><SPAN CLASS="c2">&nbsp;</SPAN><SPAN CLASS="c2">&nbsp;<BR>Andaluc&iacute;a Edici&oacute;n</SPAN></P>
</DIV>
<BR><DIV CLASS="c5"><P CLASS="c6"><SPAN CLASS="c7">Arrimadas gana peso pol&iacute;tico en </SPAN><SPAN CLASS="c8">Ciudadanos</SPAN></P>
</DIV>
<BR><DIV CLASS="c5"><P CLASS="c6"><SPAN CLASS="c9">BYLINE: </SPAN><SPAN CLASS="c2">JUAN JOS&Eacute; MATEO</SPAN></P>
</DIV>
<BR><DIV CLASS="c5"><P CLASS="c6"><SPAN CLASS="c9">SECTION: </SPAN><SPAN CLASS="c2">ESPA&ntilde;A; Base; P&aacute;g. 16 [AN] Su papel frente al reto independentista refuerza su posici&oacute;n en una formaci&oacute;n marcada por el sello de </SPAN><SPAN CLASS="c4">Albert Rivera</SPAN></P>
</DIV>
<BR><DIV CLASS="c5"><P CLASS="c6"><SPAN CLASS="c9">LENGTH: </SPAN><SPAN CLASS="c2">813 words</SPAN></P>
</DIV>
<BR><DIV CLASS="c5"><P CLASS="c6"><SPAN CLASS="c9">DATELINE: </SPAN><SPAN CLASS="c2">Madrid </SPAN></P>
</DIV>
<BR><DIV CLASS="c5"><P CLASS="c10"><SPAN CLASS="c2">Mariano Rajoy anunci&oacute; el martes que esperaba convencer a </SPAN><SPAN CLASS="c4">Ciudadanos</SPAN><SPAN CLASS="c2"> para que formara parte de una mayor&iacute;a estable de Gobierno. De darle la r&eacute;plica se encarg&oacute; In&eacute;s Arrimadas, jefa de la oposici&oacute;n en Catalu&ntilde;a, que expres&oacute; la negativa de su formaci&oacute;n a entrar en el Ejecutivo. Que esta pol&iacute;tica de 34 a&ntilde;os ejerciera de portavoz frente al presidente en funciones refleja su imparable ascenso en el escalaf&oacute;n de un partido al que el PP y el PSOE han criticado por la supuesta falta de experiencia de sus dirigentes y la ausencia de mujeres en puestos de responsabilidad. Arrimadas es la primera representante de </SPAN><SPAN CLASS="c4">Ciudadanos</SPAN><SPAN CLASS="c2"> que logra tener un peso pol&iacute;tico espec&iacute;fico, un discurso propio y proyecci&oacute;n p&uacute;blica sin llamarse </SPAN><SPAN CLASS="c4">Albert Rivera</SPAN><SPAN CLASS="c2">.</SPAN><SPAN CLASS="c2">&nbsp;</SPAN></P>
<P CLASS="c10"><SPAN CLASS="c2">Los datos explican los galones internos de una pol&iacute;tica llamada a dar un paso adelante tras la campa&ntilde;a electoral de las generales, en la que </SPAN><SPAN CLASS="c4">Ciudadanos</SPAN><SPAN CLASS="c2"> sufri&oacute; para convencer a los votantes de que tiene equipos cualificados. Con ella de candidata, el partido sum&oacute; un 18% de los votos en las elecciones catalanas de septiembre y se dispar&oacute; hasta los 25 diputados, casi tantos como el PP y el PSOE juntos. Solo dos meses y medio despu&eacute;s, y sin ella al frente, </SPAN><SPAN CLASS="c4">Ciudadanos</SPAN><SPAN CLASS="c2"> se hundi&oacute; a un 13% en las elecciones generales -&quot;Esper&aacute;bamos un mejor resultado, al menos aguantar en el 15%&quot;, admiti&oacute; un miembro de la ejecutiva de la formaci&oacute;n la misma noche electoral-.</SPAN></P>
<P CLASS="c10"><SPAN CLASS="c2">Arrimadas, que defiende la fortaleza de los equipos del partido y argumenta que no se vota en la misma clave en las elecciones catalanas y en las generales, ha protagonizado un viaje vertiginoso. Hace cuatro a&ntilde;os no estaba en pol&iacute;tica y se dedicaba a la consultor&iacute;a. Hace ocho meses era diputada rasa en Catalu&ntilde;a. Cuando se convocaron las elecciones auton&oacute;micas catalanas, solo la conoc&iacute;an el 30% de los electores, seg&uacute;n una encuesta del CIS. Un mes despu&eacute;s de aquel sondeo, el 73% de los votantes ya declaraba saber qui&eacute;n era, seg&uacute;n los datos de este organismo. A eso ayuda, dicen en </SPAN><SPAN CLASS="c4">Ciudadanos</SPAN><SPAN CLASS="c2">, que hable con sello propio, sin caer en la tentaci&oacute;n de calcar el discurso de Rivera, como otros l&iacute;deres auton&oacute;micos de </SPAN><SPAN CLASS="c4">Ciudadanos</SPAN><SPAN CLASS="c2">. Ah&iacute; est&aacute;n, por ejemplo, los &quot;no cuela, se&ntilde;or Mas&quot; con los que atac&oacute; al candidato de Junts pel S&iacute; en su primera comparecencia en el Parlament tras la cita electoral.</SPAN></P>
<P CLASS="c10"><SPAN CLASS="c2">&quot;Soy consciente de la repercusi&oacute;n medi&aacute;tica que tengo&quot;, cuenta Arrimadas en conversaci&oacute;n con EL PA&Iacute;S. &quot;Se explica por dos motivos. Primero, aparte de tener una portavoc&iacute;a en Catalu&ntilde;a, formo parte del grupo de personas que dirige el partido a nivel nacional. En segundo lugar, el tema catal&aacute;n es muy importante en toda Espa&ntilde;a y hemos sacado un resultado muy bueno&quot;, prosigue sobre los 25 diputados auton&oacute;micos. &quot;Jam&aacute;s en mi vida hab&iacute;a pensado llegar tan lejos en pol&iacute;tica, en el sentido de tener tanta responsabilidad&quot;, a&ntilde;ade. &quot;La situaci&oacute;n pol&iacute;tica en toda Espa&ntilde;a, y en Catalu&ntilde;a, est&aacute; cambiando mucho, y eso ha requerido que los partidos tambi&eacute;n se adapten&quot;, razona. &quot;La situaci&oacute;n es tan grave que requiere que gente que a lo mejor nunca hab&iacute;amos pensado en dedicarnos a la pol&iacute;tica nos impliquemos. Como esperemos que los pol&iacute;ticos y los partidos de siempre solucionen lo que hay, vamos mal&quot;, opina. &quot;La situaci&oacute;n que estamos viviendo no se la hab&iacute;a imaginado nadie. La excepcionalidad del momento requiere tambi&eacute;n que personas de otros &aacute;mbitos adquieran responsabilidades excepcionales&quot;.</SPAN></P>
<P CLASS="c10"><SPAN CLASS="c2">La estructura organizativa de </SPAN><SPAN CLASS="c4">Ciudadanos</SPAN><SPAN CLASS="c2"> est&aacute; dise&ntilde;ada para evitar la aparici&oacute;n de barones territoriales. El partido articula sus delegaciones auton&oacute;micas a trav&eacute;s de direcciones colegiadas en las que la Ejecutiva nacional nombra a dos de los tres miembros. Si hay algo parecido a un bar&oacute;n auton&oacute;mico en </SPAN><SPAN CLASS="c4">Ciudadanos</SPAN><SPAN CLASS="c2">, esa es Arrimadas.</SPAN></P>
<P CLASS="c10"><SPAN CLASS="c2">Ning&uacute;n otro pol&iacute;tico del partido ha ejercido como ella de contrapeso, reemplazo y c&oacute;mplice de Rivera durante la campa&ntilde;a electoral del 20-D. Su agenda casi replic&oacute; a la del candidato durante la campa&ntilde;a, reforz&aacute;ndole en las citas clave. En un reflejo de su peso interno, dio m&iacute;tines por toda Espa&ntilde;a: en Andaluc&iacute;a, en Madrid, en Castilla y Le&oacute;n, en Catalu&ntilde;a... Cuando Rivera no pudo acudir a sus actos electorales en Galicia y Asturias, porque coincid&iacute;a con el funeral de Estado de los polic&iacute;as asesinados en un atentado en la embajada de Kabul (Afganist&aacute;n), quien le sustituy&oacute; fue Arrimadas.</SPAN></P>
<P CLASS="c10"><SPAN CLASS="c2">Los dos pol&iacute;ticos trabajaron esca&ntilde;o con esca&ntilde;o en la anterior legislatura, cuando ambos eran diputados en el Parlament. Que </SPAN><SPAN CLASS="c4">Ciudadanos</SPAN><SPAN CLASS="c2"> tuviera un grupo de solo nueve diputados permiti&oacute; que Arrimadas se bregara en la vida parlamentaria. Hoy es el ariete de </SPAN><SPAN CLASS="c4">Ciudadanos</SPAN><SPAN CLASS="c2"> contra el reto independentista, y uno de los portavoces del partido a nivel nacional. Como dijo un miembro de la Ejecutiva de la formaci&oacute;n: &quot;Tiene muy clara las ideas. No es una pol&iacute;tica de esl&oacute;ganes. Liderar la oposici&oacute;n, sabiendo que toda la pol&iacute;tica nacional gira alrededor de Catalu&ntilde;a, requiere ser un primer espada&quot;.</SPAN></P>
</DIV>
<BR><DIV CLASS="c5"><P CLASS="c6"><SPAN CLASS="c9">LANGUAGE: </SPAN><SPAN CLASS="c2">SPANISH; ESPA&Ntilde;OL</SPAN></P>
</DIV>
<BR><DIV CLASS="c5"><P CLASS="c6"><SPAN CLASS="c9">PUBLICATION-TYPE: </SPAN><SPAN CLASS="c2">Peri&oacute;dico</SPAN></P>
</DIV>
<BR><DIV CLASS="c5"><P CLASS="c6"><SPAN CLASS="c9">SUBJECT: </SPAN><SPAN CLASS="c2">Pol&iacute;tica (94%)</SPAN></P>
</DIV>
<BR><DIV CLASS="c5"><P CLASS="c6"><SPAN CLASS="c9">IPTC SUBJECT: </SPAN><SPAN CLASS="c2">Politica</SPAN></P>
</DIV>
<BR><DIV CLASS="c5"><P CLASS="c6"><SPAN CLASS="c9">LOAD-DATE: </SPAN><SPAN CLASS="c2">January 2, 2016</SPAN></P>
</DIV>
<BR><DIV CLASS="c0"><BR><P CLASS="c1"><SPAN CLASS="c2">Copyright 2016 El Pais Internacional S.A.<BR>All Rights Reserved</SPAN></P>
</DIV>
</BODY>
</HTML>