<HTML>
<HEAD>
<STYLE TYPE="text/css">
.c0 { text-align: center; }
.c1 { text-align: center; margin-top: 0em; margin-bottom: 0em; }
.c2 { font-family: 'Courier New',Courier; font-size: 10pt; font-style: normal; font-weight: normal; color: #000000; text-decoration: none; }
.c3 { text-align: center; margin-left: 13%; margin-right: 13%; }
.c4 { font-family: 'Courier New',Courier; font-size: 10pt; font-style: normal; font-weight: bold; color: #CC0033; text-decoration: none; }
.c5 { text-align: left; }
.c6 { text-align: left; margin-top: 0em; margin-bottom: 0em; }
.c7 { font-family: 'Courier New',Courier; font-size: 14pt; font-style: normal; font-weight: bold; color: #000000; text-decoration: none; }
.c8 { font-family: 'Courier New',Courier; font-size: 14pt; font-style: normal; font-weight: bold; color: #CC0033; text-decoration: none; }
.c9 { font-family: 'Courier New',Courier; font-size: 10pt; font-style: normal; font-weight: bold; color: #000000; text-decoration: none; }
.c10 { text-align: left; margin-top: 1em; margin-bottom: 0em; }
.c11 { page-break-before: always; }
</STYLE>
</HEAD>
<BODY>
<BR><DIV CLASS="c0"><P CLASS="c1"><SPAN CLASS="c2">515 of 935 DOCUMENTS</SPAN></P>
</DIV>
<BR><DIV CLASS="c0"><BR><P CLASS="c1"><IMG SRC="http://www.lexisnexis.com/lnacui2api/results/docview/attachRetrieve.do?smi=LOGOS&key=38401&componentseq=1&type=logo&inline=y" ALT="http://www.lexisnexis.com/lnacui2api/results/docview/attachRetrieve.do?smi=LOGOS&key=38401&componentseq=1&type=logo&inline=y"><BR><SPAN CLASS="c2">El Pais</SPAN></P>
</DIV>
<BR><DIV CLASS="c3"><P CLASS="c1"><SPAN CLASS="c4">November</SPAN><SPAN CLASS="c2"> 24, 2015 Tuesday</SPAN><SPAN CLASS="c2">&nbsp;</SPAN><SPAN CLASS="c2">&nbsp;<BR>Comunidad Valenciana Edici&oacute;n</SPAN></P>
</DIV>
<BR><DIV CLASS="c5"><P CLASS="c6"><SPAN CLASS="c7">Iglesias a Rivera: &quot;Los soldados pueden volver en cajas de madera&quot;</SPAN></P>
</DIV>
<BR><DIV CLASS="c5"><P CLASS="c6"><SPAN CLASS="c9">BYLINE: </SPAN><SPAN CLASS="c2">F. M. / J. J. M.</SPAN></P>
</DIV>
<BR><DIV CLASS="c5"><P CLASS="c6"><SPAN CLASS="c9">SECTION: </SPAN><SPAN CLASS="c2">ESPA&ntilde;A; Base; P&aacute;g. 16</SPAN></P>
</DIV>
<BR><DIV CLASS="c5"><P CLASS="c6"><SPAN CLASS="c9">LENGTH: </SPAN><SPAN CLASS="c2">264 words</SPAN></P>
</DIV>
<BR><DIV CLASS="c5"><P CLASS="c6"><SPAN CLASS="c9">DATELINE: </SPAN><SPAN CLASS="c2">Madrid </SPAN></P>
</DIV>
<BR><DIV CLASS="c5"><P CLASS="c10"><SPAN CLASS="c2">El candidato de Podemos a La Moncloa, Pablo Iglesias, critic&oacute; ayer al presidente de </SPAN><SPAN CLASS="c4">Ciudadanos</SPAN><SPAN CLASS="c2">, </SPAN><SPAN CLASS="c4">Albert Rivera</SPAN><SPAN CLASS="c2">, a cuenta de su propuesta antiyihadista. En una entrevista en TVE, el l&iacute;der de la formaci&oacute;n emergente pidi&oacute; a Rivera que no &quot;hable a la ligera&quot; de hip&oacute;tesis sobre intervenciones militares contra el Estado Isl&aacute;mico. &quot;Con la vida de los soldados espa&ntilde;oles no se juega&quot;, advirti&oacute; al recordar que puede darse la posibilidad de que &quot;vuelvan en cajas de madera soldados espa&ntilde;oles&quot;. Podemos, seg&uacute;n destac&oacute; Iglesias y record&oacute; en rueda de prensa &Iacute;&ntilde;igo Errej&oacute;n, la f&oacute;rmula para avalar cualquier decisi&oacute;n sobre una intervenci&oacute;n en Siria se deber&iacute;a tomar despu&eacute;s del 20-D para que pueda pronunciarse el nuevo Parlamento.</SPAN><SPAN CLASS="c2">&nbsp;</SPAN></P>
<P CLASS="c10"><SPAN CLASS="c2">&quot;Estoy totalmente de acuerdo con Pablo Iglesias&quot;, le contest&oacute; Rivera. &quot;No se puede tomar con ligereza una situaci&oacute;n tan importante como la lucha contra el terrorismo internacional. Esto no se solventa con un documento de siete puntos y media p&aacute;gina [en referencia a la propuesta de Podemos]. Se solventa con cooperaci&oacute;n internacional y con el pacto antiterrorista que no quiere firmar Pablo Iglesias&quot;, enfatiz&oacute;. El l&iacute;der de </SPAN><SPAN CLASS="c4">Ciudadanos</SPAN><SPAN CLASS="c2"> invit&oacute; a Iglesias a cambiar de opini&oacute;n &quot;en esto tambi&eacute;n&quot; y sumarse al pacto antiterrorista. &quot;Ser&iacute;a bienvenido que dentro de esos cambios de posici&oacute;n habituales de Podemos cambiara para esto. Cuando quiera Iglesias debatir sobre estrategia conjunta y de la mano, le invito a que firme el pacto antiterrorista y a sentarnos en la misma mesa para trabajar juntos y no estar con posiciones puramente tacticistas y electoralistas&quot;, zanj&oacute;.</SPAN></P>
</DIV>
<BR><DIV CLASS="c5"><P CLASS="c6"><SPAN CLASS="c9">LANGUAGE: </SPAN><SPAN CLASS="c2">SPANISH; ESPA&Ntilde;OL</SPAN></P>
</DIV>
<BR><DIV CLASS="c5"><P CLASS="c6"><SPAN CLASS="c9">PUBLICATION-TYPE: </SPAN><SPAN CLASS="c2">Peri&oacute;dico</SPAN></P>
</DIV>
<BR><DIV CLASS="c5"><P CLASS="c6"><SPAN CLASS="c9">SUBJECT: </SPAN><SPAN CLASS="c2">Pol&iacute;tica (93%); COUNTERTERRORISM (90%)</SPAN></P>
</DIV>
<BR><DIV CLASS="c5"><P CLASS="c6"><SPAN CLASS="c9">IPTC SUBJECT: </SPAN><SPAN CLASS="c2">Politica</SPAN></P>
</DIV>
<BR><DIV CLASS="c5"><P CLASS="c6"><SPAN CLASS="c9">LOAD-DATE: </SPAN><SPAN CLASS="c2">November 23, 2015</SPAN></P>
</DIV>
<BR><DIV CLASS="c0"><BR><P CLASS="c1"><SPAN CLASS="c2">Copyright 2015 El Pais Internacional S.A.<BR>All Rights Reserved</SPAN></P>
</DIV>
</BODY>
</HTML>