<HTML>
<HEAD>
<STYLE TYPE="text/css">
.c0 { text-align: center; }
.c1 { text-align: center; margin-top: 0em; margin-bottom: 0em; }
.c2 { font-family: 'Courier New',Courier; font-size: 10pt; font-style: normal; font-weight: normal; color: #000000; text-decoration: none; }
.c3 { text-align: center; margin-left: 13%; margin-right: 13%; }
.c4 { font-family: 'Courier New',Courier; font-size: 10pt; font-style: normal; font-weight: bold; color: #CC0033; text-decoration: none; }
.c5 { text-align: left; }
.c6 { text-align: left; margin-top: 0em; margin-bottom: 0em; }
.c7 { font-family: 'Courier New',Courier; font-size: 14pt; font-style: normal; font-weight: bold; color: #000000; text-decoration: none; }
.c8 { font-family: 'Courier New',Courier; font-size: 14pt; font-style: normal; font-weight: bold; color: #CC0033; text-decoration: none; }
.c9 { font-family: 'Courier New',Courier; font-size: 10pt; font-style: normal; font-weight: bold; color: #000000; text-decoration: none; }
.c10 { text-align: left; margin-top: 1em; margin-bottom: 0em; }
.c11 { page-break-before: always; }
</STYLE>
</HEAD>
<BODY>
<BR><DIV CLASS="c0"><P CLASS="c1"><SPAN CLASS="c2">172 of 935 DOCUMENTS</SPAN></P>
</DIV>
<BR><DIV CLASS="c0"><BR><P CLASS="c1"><IMG SRC="http://www.lexisnexis.com/lnacui2api/results/docview/attachRetrieve.do?smi=LOGOS&key=38401&componentseq=1&type=logo&inline=y" ALT="http://www.lexisnexis.com/lnacui2api/results/docview/attachRetrieve.do?smi=LOGOS&key=38401&componentseq=1&type=logo&inline=y"><BR><SPAN CLASS="c2">El Pais</SPAN></P>
</DIV>
<BR><DIV CLASS="c3"><P CLASS="c1"><SPAN CLASS="c4">December</SPAN><SPAN CLASS="c2"> 2, 2015 Wednesday</SPAN><SPAN CLASS="c2">&nbsp;</SPAN><SPAN CLASS="c2">&nbsp;<BR>Nacional Edici&oacute;n</SPAN></P>
</DIV>
<BR><DIV CLASS="c5"><P CLASS="c6"><SPAN CLASS="c7">Garz&oacute;n estima &quot;muy peligroso&quot; el proyecto de </SPAN><SPAN CLASS="c8">Ciudadanos</SPAN></P>
</DIV>
<BR><DIV CLASS="c5"><P CLASS="c6"><SPAN CLASS="c9">BYLINE: </SPAN><SPAN CLASS="c2">ELSA GARC&Iacute;A DE BLAS</SPAN></P>
</DIV>
<BR><DIV CLASS="c5"><P CLASS="c6"><SPAN CLASS="c9">SECTION: </SPAN><SPAN CLASS="c2">ESPA&ntilde;A; Base; P&aacute;g. 23</SPAN></P>
</DIV>
<BR><DIV CLASS="c5"><P CLASS="c6"><SPAN CLASS="c9">LENGTH: </SPAN><SPAN CLASS="c2">522 words</SPAN></P>
</DIV>
<BR><DIV CLASS="c5"><P CLASS="c6"><SPAN CLASS="c9">DATELINE: </SPAN><SPAN CLASS="c2">Madrid </SPAN></P>
</DIV>
<BR><DIV CLASS="c5"><BR><P CLASS="c6"><SPAN CLASS="c9">HIGHLIGHT:</SPAN><SPAN CLASS="c2">&nbsp;El candidato de IU sit&uacute;a a Podemos en la &quot;defensa del R&eacute;gimen&quot;<BR></SPAN></P>
</DIV>
<BR><DIV CLASS="c5"><P CLASS="c10"><SPAN CLASS="c2">Alberto Garz&oacute;n (Logro&ntilde;o, 1985) se ve solo en la izquierda. El candidato de Izquierda Unida-Unidad Popular considera que los tres partidos que se enfrentaron ayer en el debate presidencial de EL PA&Iacute;S (PSOE, Podemos y </SPAN><SPAN CLASS="c4">Ciudadanos</SPAN><SPAN CLASS="c2">) &quot;se parecen cada vez m&aacute;s entre s&iacute;&quot;, ya que han emprendido un giro a &quot;un centro superpoblado por rentabilidad electoral&quot; hasta el punto de que &quot;sus propuestas son casi indistinguibles&quot;. &quot;La &uacute;nica fuerza que defiende una ruptura democr&aacute;tica somos nosotros&quot;, defiende Garz&oacute;n, que dirige sus cr&iacute;ticas m&aacute;s encendidas al partido de </SPAN><SPAN CLASS="c4">Albert Rivera</SPAN><SPAN CLASS="c2">. &quot;El proyecto de </SPAN><SPAN CLASS="c4">Ciudadanos</SPAN><SPAN CLASS="c2"> es muy peligroso&quot;, alert&oacute; ayer en declaraciones a este peri&oacute;dico.</SPAN><SPAN CLASS="c2">&nbsp;</SPAN></P>
<P CLASS="c10"><SPAN CLASS="c2">El candidato de IU advierte contra las medidas &quot;liberales reformistas&quot; de </SPAN><SPAN CLASS="c4">Ciudadanos</SPAN><SPAN CLASS="c2">, al que llama &quot;populismo de derechas&quot;. Entre ellas, el complemento salarial para los sueldos m&aacute;s bajos que defiende el partido de Rivera. &quot;Ese complemento que defienden tanto </SPAN><SPAN CLASS="c4">Ciudadanos</SPAN><SPAN CLASS="c2"> como Podemos es un modelo neoliberal de subvenci&oacute;n a los empresarios absolutamente perverso para la econom&iacute;a y los trabajadores. El Estado, o sea t&uacute; y yo, y nosotros, estamos contratando para que el beneficio se lo quede la empresa. Es una estafa&quot;, se&ntilde;ala. En materia laboral, IU propone que el trabajo sea un derecho subjetivo reconocido en la Constituci&oacute;n que pueda ser reclamable ante los tribunales, y que el Estado sea el empleador subsidiario.</SPAN></P>
<P CLASS="c10"><SPAN CLASS="c2">&iquest;Puede proveer el Estado un trabajo a los cinco millones de parados? &quot;Puede y debe hacerlo&quot;, contesta Garz&oacute;n. El dirigente de la coalici&oacute;n de izquierdas reconoce, no obstante, que el coste de una medida como esa alcanzar&iacute;a una cifra muy elevada de gasto p&uacute;blico. &quot;Nuestro plan de trabajo garantizado logra un mill&oacute;n de empleos p&uacute;blicos el primer a&ntilde;o con una inversi&oacute;n de 15.000 millones de euros&quot;. &iquest;Pero han cuantificado el coste para los cinco millones de desempleados? &quot;Pues es multiplicar por cinco esos 15.000 millones&quot;, indica. Esto es, 75.000 millones de euros.</SPAN></P>
<P CLASS="c10"><SPAN CLASS="c2">En materia territorial, Garz&oacute;n se aparta tambi&eacute;n de las propuestas de </SPAN><SPAN CLASS="c4">Ciudadanos</SPAN><SPAN CLASS="c2"> y apuesta por un modelo h&iacute;brido entre lo que plantean el PSOE y Podemos. IU quiere un Estado federal &quot;republicano&quot;, pero defiende tambi&eacute;n el &quot;derecho a decidir de los catalanes desde el no a la independencia&quot;. &quot;En nuestro modelo federal las distintas unidades federales tienen que tener la capacidad aut&oacute;noma de decidir si quieren o no federarse&quot;, apunta.</SPAN></P>
<P CLASS="c10"><SPAN CLASS="c2">El candidato de UI a La Moncloa ha dado un paso m&aacute;s al excluir de la izquierda a quien estuvo a punto de ser su socio electoral, Podemos, al que ahora sit&uacute;a entre los partidos &quot;que comparten los elementos estructurales de defensa del r&eacute;gimen&quot;. &quot;Como la OTAN, el libre mercado en el sector el&eacute;ctrico (frente a su apuesta por las nacionalizaciones de empresas) y la alabanza a la cultura de la Transici&oacute;n&quot;, ejemplifica. &quot;Quieren hacer una reforma parcial de la Constituci&oacute;n sin tocar lo m&aacute;s importante, las estructuras de poder&quot;, critica. &Eacute;l se reivindica como el &uacute;nico a la izquierda y el &uacute;nico que no participa en los programas de entretenimiento. No le invitan, pero tampoco quiere: &quot;La pol&iacute;tica espect&aacute;culo puede provocar retrocesos espectaculares&quot;.</SPAN></P>
</DIV>
<BR><DIV CLASS="c5"><P CLASS="c6"><SPAN CLASS="c9">LANGUAGE: </SPAN><SPAN CLASS="c2">SPANISH; ESPA&Ntilde;OL</SPAN></P>
</DIV>
<BR><DIV CLASS="c5"><P CLASS="c6"><SPAN CLASS="c9">PUBLICATION-TYPE: </SPAN><SPAN CLASS="c2">Peri&oacute;dico</SPAN></P>
</DIV>
<BR><DIV CLASS="c5"><P CLASS="c6"><SPAN CLASS="c9">SUBJECT: </SPAN><SPAN CLASS="c2">Pol&iacute;tica (93%)</SPAN></P>
</DIV>
<BR><DIV CLASS="c5"><P CLASS="c6"><SPAN CLASS="c9">IPTC SUBJECT: </SPAN><SPAN CLASS="c2">Politica</SPAN></P>
</DIV>
<BR><DIV CLASS="c5"><P CLASS="c6"><SPAN CLASS="c9">LOAD-DATE: </SPAN><SPAN CLASS="c2">December 1, 2015</SPAN></P>
</DIV>
<BR><DIV CLASS="c0"><BR><P CLASS="c1"><SPAN CLASS="c2">Copyright 2015 El Pais Internacional S.A.<BR>All Rights Reserved</SPAN></P>
</DIV>
</BODY>
</HTML>