<HTML>
<HEAD>
<STYLE TYPE="text/css">
.c0 { text-align: center; }
.c1 { text-align: center; margin-top: 0em; margin-bottom: 0em; }
.c2 { font-family: 'Courier New',Courier; font-size: 10pt; font-style: normal; font-weight: normal; color: #000000; text-decoration: none; }
.c3 { text-align: center; margin-left: 13%; margin-right: 13%; }
.c4 { font-family: 'Courier New',Courier; font-size: 10pt; font-style: normal; font-weight: bold; color: #CC0033; text-decoration: none; }
.c5 { text-align: left; }
.c6 { text-align: left; margin-top: 0em; margin-bottom: 0em; }
.c7 { font-family: 'Courier New',Courier; font-size: 14pt; font-style: normal; font-weight: bold; color: #000000; text-decoration: none; }
.c8 { font-family: 'Courier New',Courier; font-size: 14pt; font-style: normal; font-weight: bold; color: #CC0033; text-decoration: none; }
.c9 { font-family: 'Courier New',Courier; font-size: 10pt; font-style: normal; font-weight: bold; color: #000000; text-decoration: none; }
.c10 { text-align: left; margin-top: 1em; margin-bottom: 0em; }
.c11 { page-break-before: always; }
</STYLE>
</HEAD>
<BODY>
<BR><DIV CLASS="c0"><P CLASS="c1"><SPAN CLASS="c2">153 of 935 DOCUMENTS</SPAN></P>
</DIV>
<BR><DIV CLASS="c0"><BR><P CLASS="c1"><IMG SRC="http://www.lexisnexis.com/lnacui2api/results/docview/attachRetrieve.do?smi=LOGOS&key=38401&componentseq=1&type=logo&inline=y" ALT="http://www.lexisnexis.com/lnacui2api/results/docview/attachRetrieve.do?smi=LOGOS&key=38401&componentseq=1&type=logo&inline=y"><BR><SPAN CLASS="c2">El Pais</SPAN></P>
</DIV>
<BR><DIV CLASS="c3"><P CLASS="c1"><SPAN CLASS="c4">December</SPAN><SPAN CLASS="c2"> 4, 2015 Friday</SPAN><SPAN CLASS="c2">&nbsp;</SPAN><SPAN CLASS="c2">&nbsp;<BR>Comunidad Valenciana Edici&oacute;n</SPAN></P>
</DIV>
<BR><DIV CLASS="c5"><P CLASS="c6"><SPAN CLASS="c7">Los partidos inician la carrera a La Moncloa en territorio amigo</SPAN></P>
</DIV>
<BR><DIV CLASS="c5"><P CLASS="c6"><SPAN CLASS="c9">BYLINE: </SPAN><SPAN CLASS="c2">EL PA&Iacute;S</SPAN></P>
</DIV>
<BR><DIV CLASS="c5"><P CLASS="c6"><SPAN CLASS="c9">SECTION: </SPAN><SPAN CLASS="c2">ESPA&ntilde;A; Base; P&aacute;g. 22</SPAN></P>
</DIV>
<BR><DIV CLASS="c5"><P CLASS="c6"><SPAN CLASS="c9">LENGTH: </SPAN><SPAN CLASS="c2">891 words</SPAN></P>
</DIV>
<BR><DIV CLASS="c5"><P CLASS="c6"><SPAN CLASS="c9">DATELINE: </SPAN><SPAN CLASS="c2">Madrid </SPAN></P>
</DIV>
<BR><DIV CLASS="c5"><P CLASS="c10"><SPAN CLASS="c2">Los partidos pol&iacute;ticos abrieron anoche en territorio amigo la campa&ntilde;a electoral m&aacute;s imprevisible en tres d&eacute;cadas. El presidente del Gobierno, Mariano Rajoy (PP), altern&oacute; la jornada entre Melilla y M&aacute;laga. El candidato del PSOE, Pedro S&aacute;nchez, opt&oacute; por Getafe, gobernada por los socialistas. </SPAN><SPAN CLASS="c4">Albert Rivera</SPAN><SPAN CLASS="c2">, de </SPAN><SPAN CLASS="c4">Ciudadanos</SPAN><SPAN CLASS="c2">, tambi&eacute;n arranc&oacute; la carrera a La Moncloa en Madrid, donde tiene grandes expectativas. El l&iacute;der de Podemos, Pablo Iglesias, fue el m&aacute;s original: empez&oacute; su andadura en un pueblo de Zamora de menos de 2.000 habitantes.</SPAN></P>
<P CLASS="c10"><SPAN CLASS="c2">Rajoy proseguir&aacute; hoy la campa&ntilde;a en &Aacute;vila, donde estar&aacute; acompa&ntilde;ado por el hijo del expresidente Adolfo Su&aacute;rez. &quot;Queremos representar que somos el partido del centro, del di&aacute;logo, que seguimos creyendo en las fortalezas de la Transici&oacute;n&quot;, explic&oacute; ayer el vicesecretario de Organizaci&oacute;n del PP, Fernando Mart&iacute;nez-Ma&iacute;llo. Rajoy visit&oacute; Melilla y M&aacute;laga. Entre la precampa&ntilde;a y la campa&ntilde;a, el candidato del PP viajar&aacute; a todas las comunidades, con especial inter&eacute;s en Andaluc&iacute;a, donde se reparten 60 esca&ntilde;os y donde el candidato popular quiere dejarse ver tres veces en seis d&iacute;as. El PP huir&aacute; de las grandes capitales y del mitin tradicional, para centrarse en actos peque&ntilde;os en los que pretende dar imagen de cercan&iacute;a y buscar fotos como la de su visita a Olmedo el martes, jugando al domin&oacute; con unos pensionistas. Los mayores de 55 a&ntilde;os representan un 40% del censo electoral.</SPAN><SPAN CLASS="c2">&nbsp;</SPAN></P>
<P CLASS="c10"><SPAN CLASS="c2">Los &aacute;nimos no estaban muy elevados anoche en las filas socialistas. El &uacute;ltimo bar&oacute;metro del CIS -seg&uacute;n el cual el PP se mantendr&iacute;a primero en Madrid y los dos partidos emergentes, </SPAN><SPAN CLASS="c4">Ciudadanos</SPAN><SPAN CLASS="c2"> y Podemos, desplazar&iacute;an al PSOE a la cuarta posici&oacute;n- chafaron el arranque de la campa&ntilde;a de Pedro S&aacute;nchez en el polideportivo municipal Juan de la Cierva de Getafe. &quot;Este Gobierno lo ha manipulado todo: Televisi&oacute;n Espa&ntilde;ola, la justicia, la Agencia Tributaria, y hoy tambi&eacute;n las encuestas del CIS... La mayor&iacute;a quiere cambio, pero si esa mayor&iacute;a se divide, el cambio se frenar&aacute;&quot;, afirm&oacute; en un mitin previo en Tomelloso (Ciudad Real), reclamando que el PSOE es el &quot;&uacute;nico&quot; partido capaz de liderar a la oposici&oacute;n al PP.</SPAN></P>
<P CLASS="c10"><SPAN CLASS="c2">La elecci&oacute;n de Getafe no fue al azar: la autodenominada &quot;capital del Sur&quot; de Madrid es, por su condici&oacute;n obrera y la pujanza del sector industrial, un icono para el PSOE. Desde la restauraci&oacute;n de la democracia, la ciudad de 175.000 habitantes ha tenido, con la excepci&oacute;n de 2011-2015, periodo en que gobern&oacute; el PP, un alcalde socialista. La regidora actual es Sara Hern&aacute;ndez, af&iacute;n a S&aacute;nchez y secretaria general del PSOE madrile&ntilde;o desde julio. El aspirante acudir&aacute; hoy a Barcelona y ma&ntilde;ana a Palma de Mallorca antes de parar dos d&iacute;as en Madrid, con motivo del d&iacute;a de la Constituci&oacute;n y el debate televisivo del lunes.</SPAN></P>
<P CLASS="c10"><SPAN CLASS="c2">El l&iacute;der de </SPAN><SPAN CLASS="c4">Ciudadanos</SPAN><SPAN CLASS="c2">, </SPAN><SPAN CLASS="c4">Albert Rivera</SPAN><SPAN CLASS="c2">, tambi&eacute;n arranc&oacute; la campa&ntilde;a electoral en Madrid impulsado por una estad&iacute;stica: el partido ha subido m&aacute;s de cuatro puntos en un mes, seg&uacute;n el CIS (del 14,7% de octubre al 19% de noviembre), lo que le mete de lleno en la lucha por La Moncloa. Eso, seg&uacute;n el candidato, refleja &quot;una tendencia imparable&quot;. Los 10 esca&ntilde;os que el &uacute;ltimo CIS le otorga en la Comunidad de Madrid, lo que convertir&iacute;a al partido naranja en el segundo, solo por detr&aacute;s del PP, reflejan esa trayectoria que manejan en la formaci&oacute;n que Rivera lidera. </SPAN><SPAN CLASS="c4">Ciudadanos</SPAN><SPAN CLASS="c2">, seg&uacute;n fuentes de su Ejecutiva, tiene sondeos que le dan representaci&oacute;n en todas las autonom&iacute;as; que advierten de que en Badajoz pueden o no lograr un diputado; y que se&ntilde;alan el peligro de que no obtenga representaci&oacute;n en siete provincias (Teruel, C&aacute;ceres, Lugo, Ourense, &Aacute;lava, Gipuzkoa y Lleida).</SPAN></P>
<P CLASS="c10"><SPAN CLASS="c2">Podemos, la formaci&oacute;n para la que quiz&aacute; el voto urbano ha sido m&aacute;s determinante, comenz&oacute; la campa&ntilde;a en un municipio de menos de 2.000 habitantes. Pablo Iglesias y su equipo viajaron a Villaralbo, en Zamora, donde tras una cena en el restaurante Casa Aurelia realizaron una pegada de carteles que pod&iacute;a suscitar paralelismos berlanguianos. Al margen de Bienvenido, Mister Marshall, la elecci&oacute;n de ese pueblo, gobernado por IU desde las municipales de mayo, tiene una explicaci&oacute;n m&aacute;s personal. El candidato de la formaci&oacute;n emergente aprovech&oacute; para reunirse con su padre, Javier Iglesias, que vive en esa provincia, antes de empezar un periplo de m&aacute;s de 12.000 kil&oacute;metros que terminar&aacute; en Valencia el 18 de diciembre.</SPAN></P>
<P CLASS="c10"><SPAN CLASS="c2">&quot;Ser&aacute; una traves&iacute;a agitada&quot;</SPAN></P>
<P CLASS="c10"><SPAN CLASS="c2">&quot;Se&ntilde;oras y se&ntilde;ores, les habla el capit&aacute;n y les agradecemos haber elegido nuevamente la ruta del cambio&quot;, lanz&oacute; Iglesias desde el autob&uacute;s en el que viaja con los periodistas. &quot;Nos espera una traves&iacute;a agitada en la que esperamos turbulencias pol&iacute;ticas&quot;, dijo en referencia a la disputa electoral, sobre todo con el PSOE, pero tambi&eacute;n con </SPAN><SPAN CLASS="c4">Ciudadanos</SPAN><SPAN CLASS="c2">, en la que pugna por el voto del cambio.</SPAN></P>
<P CLASS="c10"><SPAN CLASS="c2">El candidato de IU-Unidad Popular, Alberto Garz&oacute;n, arranc&oacute; la campa&ntilde;a en Madrid, con una pegada de carteles. Garz&oacute;n se desplazar&aacute; a una decena de circunscripciones, aquellas en las que IU espera lograr representaci&oacute;n: Valencia (all&iacute; se enfrenta a la coalici&oacute;n Podemos-Comprom&iacute;s), Alicante, Asturias (feudo cl&aacute;sico de IU), Zaragoza, Valladolid y cuatro provincias andaluzas: Sevilla, C&oacute;rdoba, M&aacute;laga y C&aacute;diz. El candidato no ir&aacute; ni a Galicia ni a Catalu&ntilde;a, donde IU concurre en coalici&oacute;n con Podemos y otras fuerzas. [PG] Con informaci&oacute;n de Natalia Junquera, Jos&eacute; Marcos, Juan Jos&eacute; Mateo, Francesco Manetto y Elsa Garc&iacute;a de Blas.</SPAN></P>
</DIV>
<BR><DIV CLASS="c5"><P CLASS="c6"><SPAN CLASS="c9">LANGUAGE: </SPAN><SPAN CLASS="c2">SPANISH; ESPA&Ntilde;OL</SPAN></P>
</DIV>
<BR><DIV CLASS="c5"><P CLASS="c6"><SPAN CLASS="c9">PUBLICATION-TYPE: </SPAN><SPAN CLASS="c2">Peri&oacute;dico</SPAN></P>
</DIV>
<BR><DIV CLASS="c5"><P CLASS="c6"><SPAN CLASS="c9">SUBJECT: </SPAN><SPAN CLASS="c2">Pol&iacute;tica (93%)</SPAN></P>
</DIV>
<BR><DIV CLASS="c5"><P CLASS="c6"><SPAN CLASS="c9">IPTC SUBJECT: </SPAN><SPAN CLASS="c2">Politica; deporte</SPAN></P>
</DIV>
<BR><DIV CLASS="c5"><P CLASS="c6"><SPAN CLASS="c9">LOAD-DATE: </SPAN><SPAN CLASS="c2">December 3, 2015</SPAN></P>
</DIV>
<BR><DIV CLASS="c0"><BR><P CLASS="c1"><SPAN CLASS="c2">Copyright 2015 El Pais Internacional S.A.<BR>All Rights Reserved</SPAN></P>
</DIV>
</BODY>
</HTML>