<HTML>
<HEAD>
<STYLE TYPE="text/css">
.c0 { text-align: center; }
.c1 { text-align: center; margin-top: 0em; margin-bottom: 0em; }
.c2 { font-family: 'Courier New',Courier; font-size: 10pt; font-style: normal; font-weight: normal; color: #000000; text-decoration: none; }
.c3 { text-align: center; margin-left: 13%; margin-right: 13%; }
.c4 { font-family: 'Courier New',Courier; font-size: 10pt; font-style: normal; font-weight: bold; color: #CC0033; text-decoration: none; }
.c5 { text-align: left; }
.c6 { text-align: left; margin-top: 0em; margin-bottom: 0em; }
.c7 { font-family: 'Courier New',Courier; font-size: 14pt; font-style: normal; font-weight: bold; color: #000000; text-decoration: none; }
.c8 { font-family: 'Courier New',Courier; font-size: 14pt; font-style: normal; font-weight: bold; color: #CC0033; text-decoration: none; }
.c9 { font-family: 'Courier New',Courier; font-size: 10pt; font-style: normal; font-weight: bold; color: #000000; text-decoration: none; }
.c10 { text-align: left; margin-top: 1em; margin-bottom: 0em; }
.c11 { page-break-before: always; }
</STYLE>
</HEAD>
<BODY>
<BR><DIV CLASS="c0"><P CLASS="c1"><SPAN CLASS="c2">40 of 935 DOCUMENTS</SPAN></P>
</DIV>
<BR><DIV CLASS="c0"><BR><P CLASS="c1"><IMG SRC="http://www.lexisnexis.com/lnacui2api/results/docview/attachRetrieve.do?smi=LOGOS&key=38401&componentseq=1&type=logo&inline=y" ALT="http://www.lexisnexis.com/lnacui2api/results/docview/attachRetrieve.do?smi=LOGOS&key=38401&componentseq=1&type=logo&inline=y"><BR><SPAN CLASS="c2">El Pais</SPAN></P>
</DIV>
<BR><DIV CLASS="c3"><P CLASS="c1"><SPAN CLASS="c4">January</SPAN><SPAN CLASS="c2"> 13, 2016 Wednesday</SPAN><SPAN CLASS="c2">&nbsp;</SPAN><SPAN CLASS="c2">&nbsp;<BR>Andaluc&iacute;a Edici&oacute;n</SPAN></P>
</DIV>
<BR><DIV CLASS="c5"><P CLASS="c6"><SPAN CLASS="c7">El pacto PSOE-</SPAN><SPAN CLASS="c8">Ciudadanos</SPAN><SPAN CLASS="c7"> obliga al PP a renunciar a presidir el Congreso</SPAN></P>
</DIV>
<BR><DIV CLASS="c5"><P CLASS="c6"><SPAN CLASS="c9">BYLINE: </SPAN><SPAN CLASS="c2">FERNANDO GAREA</SPAN></P>
</DIV>
<BR><DIV CLASS="c5"><P CLASS="c6"><SPAN CLASS="c9">SECTION: </SPAN><SPAN CLASS="c2">ESPA&ntilde;A; Base; P&aacute;g. 13</SPAN></P>
</DIV>
<BR><DIV CLASS="c5"><P CLASS="c6"><SPAN CLASS="c9">LENGTH: </SPAN><SPAN CLASS="c2">687 words</SPAN></P>
</DIV>
<BR><DIV CLASS="c5"><P CLASS="c6"><SPAN CLASS="c9">DATELINE: </SPAN><SPAN CLASS="c2">Madrid </SPAN></P>
</DIV>
<BR><DIV CLASS="c5"><P CLASS="c10"><SPAN CLASS="c2">La legislatura arrancar&aacute; hoy con la elecci&oacute;n del socialista Patxi L&oacute;pez como presidente del Congreso, tras el pacto cerrado ayer entre PSOE y </SPAN><SPAN CLASS="c4">Ciudadanos</SPAN><SPAN CLASS="c2">. Tras ese acuerdo, el PP acept&oacute; retirar su candidatura. Podemos no se sum&oacute; porque los otros tres partidos le niegan la posibilidad de crear cuatro grupos: el del partido de Pablo Iglesias y los de las candidaturas con las que concurri&oacute; en Galicia, Catalu&ntilde;a y Valencia. El acuerdo incluye la presencia de los cuatro partidos en la Mesa. El pacto no presupone nada respecto a las negociaciones para la investidura del pr&oacute;ximo presidente del Gobierno.</SPAN></P>
<P CLASS="c10"><SPAN CLASS="c2">Mariano Rajoy y el PP ser&aacute;n conscientes hoy a mediod&iacute;a de su nueva situaci&oacute;n parlamentaria: ver&aacute;n c&oacute;mo el socialista Patxi L&oacute;pez toma posesi&oacute;n como presidente del Congreso. Los populares se han visto obligados, por la aritm&eacute;tica, a renunciar a ese cargo y ni siquiera presentar&aacute;n candidato propio.</SPAN><SPAN CLASS="c2">&nbsp;</SPAN></P>
<P CLASS="c10"><SPAN CLASS="c2">Ser&aacute; la primera vez en democracia que el presidente del Congreso no pertenece al grupo mayoritario de la C&aacute;mara. El exlehendakari ser&aacute; elegido, al menos, con los votos del PSOE y de </SPAN><SPAN CLASS="c4">Ciudadanos</SPAN><SPAN CLASS="c2">, que sellaron el acuerdo en una conversaci&oacute;n entre Pedro S&aacute;nchez y </SPAN><SPAN CLASS="c4">Albert Rivera</SPAN><SPAN CLASS="c2">.</SPAN></P>
<P CLASS="c10"><SPAN CLASS="c2">Ya hab&iacute;a consenso casi cerrado para el reparto de la Mesa entre el PP, el PSOE y </SPAN><SPAN CLASS="c4">Ciudadanos</SPAN><SPAN CLASS="c2"> a primera hora. A mediod&iacute;a, S&aacute;nchez y Rivera cerraron el de la presidencia, y el l&iacute;der de </SPAN><SPAN CLASS="c4">Ciudadanos</SPAN><SPAN CLASS="c2"> confirm&oacute; despu&eacute;s con el PP que mantendr&iacute;a sus puestos en la Mesa asegur&aacute;ndose as&iacute; de que no habr&iacute;a candidato popular alternativo.</SPAN></P>
<P CLASS="c10"><SPAN CLASS="c2">Solo con Rivera</SPAN></P>
<P CLASS="c10"><SPAN CLASS="c2">Por eso, el PSOE se esforz&oacute; en presentar el acuerdo como resultado del pacto solo con el partido de Rivera; </SPAN><SPAN CLASS="c4">Ciudadanos</SPAN><SPAN CLASS="c2"> como un acuerdo con el PP y los socialistas con ellos como puente; y los populares como fruto del consenso de los tres, con trascendencia para las futuras conversaciones para formar Gobierno. Y Podemos explic&oacute; su exclusi&oacute;n como el resultado de acuerdos para repartirse cargos y evitar que tengan m&aacute;s voz en el Parlamento. En la manera de presentar el primer pacto de la legislatura qued&oacute; clara la estrategia y el inter&eacute;s de cada uno.</SPAN></P>
<P CLASS="c10"><SPAN CLASS="c2">El socialista intent&oacute; que tambi&eacute;n se sumara al pacto Podemos y, por eso, mantuvo una conversaci&oacute;n con Pablo Iglesias. El acuerdo no fue posible porque socialistas, populares y </SPAN><SPAN CLASS="c4">Ciudadanos</SPAN><SPAN CLASS="c2"> rechazan la petici&oacute;n de Podemos de tener cuatro grupos diferentes en la C&aacute;mara baja. Iglesias considera que esta petici&oacute;n es irrenunciable y, por eso, le explic&oacute; a S&aacute;nchez en la hora que dur&oacute; su reuni&oacute;n que no se suman. &quot;Es un acuerdo con </SPAN><SPAN CLASS="c4">Ciudadanos</SPAN><SPAN CLASS="c2">&quot;, explic&oacute; S&aacute;nchez, quien a&ntilde;adi&oacute; que &quot;desgraciadamente Podemos no ha querido&quot;, para dejar claro que no ha negociado con el PP. S&aacute;nchez lo desvincul&oacute; de futuros acuerdos de investidura de presidente del Gobierno.</SPAN></P>
<P CLASS="c10"><SPAN CLASS="c2">Rivera, por su parte, present&oacute; el pacto como fruto de una negociaci&oacute;n por separado de la que &eacute;l fue el pivote: &quot;No hemos podido sentar al PP y al PSOE en la misma mesa&quot;.</SPAN></P>
<P CLASS="c10"><SPAN CLASS="c2">Tras cerrarse el acuerdo entre el PSOE y </SPAN><SPAN CLASS="c4">Ciudadanos</SPAN><SPAN CLASS="c2">, el PP comunic&oacute; su decisi&oacute;n de renunciar al cargo. No hubieran tenido ninguna opci&oacute;n de ganar en la votaci&oacute;n con la que se abre hoy la legislatura y el propio Rajoy confirm&oacute; ante la directiva del PP que no presentar&aacute; batalla. &quot;Creo que es un acuerdo que responde al planteamiento pol&iacute;tico que he manifestado respecto a la conformaci&oacute;n del Gobierno&quot;, se limit&oacute; a decir ante los dirigentes del PP, intentando dar trascendencia al acuerdo y sin mencionar expresamente la renuncia a lo que hasta ayer hab&iacute;a sido una exigencia.</SPAN></P>
<P CLASS="c10"><SPAN CLASS="c2">Adem&aacute;s, hoy se eligen ocho miembros de la Mesa: cuatro vicepresidencias y cuatro secretar&iacute;as. Seg&uacute;n el reparto acordado por los grupos, del que tambi&eacute;n el partido de Iglesias es ajeno aunque participe en el resultado, el PP tendr&aacute; tres puestos, el PSOE uno, </SPAN><SPAN CLASS="c4">Ciudadanos</SPAN><SPAN CLASS="c2"> dos y Podemos dos.</SPAN></P>
<P CLASS="c10"><SPAN CLASS="c2">Los populares aceptan el pacto porque pueden sumar mayor&iacute;a con </SPAN><SPAN CLASS="c4">Ciudadanos</SPAN><SPAN CLASS="c2">, pero nunca solos, y el PSOE con el suyo m&aacute;s el presidente puede tener dos miembros que equilibren la Mesa. Los de Rivera se aseguran un papel clave y con el PP pueden frenar decisiones de PSOE y Podemos. Los socialistas intentaron que el PP cediera uno de sus tres miembros al PNV, pero los populares no aceptaron.</SPAN></P>
</DIV>
<BR><DIV CLASS="c5"><P CLASS="c6"><SPAN CLASS="c9">LANGUAGE: </SPAN><SPAN CLASS="c2">SPANISH; ESPA&Ntilde;OL</SPAN></P>
</DIV>
<BR><DIV CLASS="c5"><P CLASS="c6"><SPAN CLASS="c9">PUBLICATION-TYPE: </SPAN><SPAN CLASS="c2">Peri&oacute;dico</SPAN></P>
</DIV>
<BR><DIV CLASS="c5"><P CLASS="c6"><SPAN CLASS="c9">SUBJECT: </SPAN><SPAN CLASS="c2">Pol&iacute;tica (92%)</SPAN></P>
</DIV>
<BR><DIV CLASS="c5"><P CLASS="c6"><SPAN CLASS="c9">IPTC SUBJECT: </SPAN><SPAN CLASS="c2">Politica; parlamento</SPAN></P>
</DIV>
<BR><DIV CLASS="c5"><P CLASS="c6"><SPAN CLASS="c9">LOAD-DATE: </SPAN><SPAN CLASS="c2">January 12, 2016</SPAN></P>
</DIV>
<BR><DIV CLASS="c0"><BR><P CLASS="c1"><SPAN CLASS="c2">Copyright 2016 El Pais Internacional S.A.<BR>All Rights Reserved</SPAN></P>
</DIV>
</BODY>
</HTML>