<HTML>
<HEAD>
<STYLE TYPE="text/css">
.c0 { text-align: center; }
.c1 { text-align: center; margin-top: 0em; margin-bottom: 0em; }
.c2 { font-family: 'Courier New',Courier; font-size: 10pt; font-style: normal; font-weight: normal; color: #000000; text-decoration: none; }
.c3 { text-align: center; margin-left: 13%; margin-right: 13%; }
.c4 { font-family: 'Courier New',Courier; font-size: 10pt; font-style: normal; font-weight: bold; color: #CC0033; text-decoration: none; }
.c5 { text-align: left; }
.c6 { text-align: left; margin-top: 0em; margin-bottom: 0em; }
.c7 { font-family: 'Courier New',Courier; font-size: 14pt; font-style: normal; font-weight: bold; color: #000000; text-decoration: none; }
.c8 { font-family: 'Courier New',Courier; font-size: 14pt; font-style: normal; font-weight: bold; color: #CC0033; text-decoration: none; }
.c9 { font-family: 'Courier New',Courier; font-size: 10pt; font-style: normal; font-weight: bold; color: #000000; text-decoration: none; }
.c10 { text-align: left; margin-top: 1em; margin-bottom: 0em; }
.c11 { page-break-before: always; }
</STYLE>
</HEAD>
<BODY>
<BR><DIV CLASS="c0"><P CLASS="c1"><SPAN CLASS="c2">158 of 935 DOCUMENTS</SPAN></P>
</DIV>
<BR><DIV CLASS="c0"><BR><P CLASS="c1"><IMG SRC="http://www.lexisnexis.com/lnacui2api/results/docview/attachRetrieve.do?smi=LOGOS&key=38401&componentseq=1&type=logo&inline=y" ALT="http://www.lexisnexis.com/lnacui2api/results/docview/attachRetrieve.do?smi=LOGOS&key=38401&componentseq=1&type=logo&inline=y"><BR><SPAN CLASS="c2">El Pais</SPAN></P>
</DIV>
<BR><DIV CLASS="c3"><P CLASS="c1"><SPAN CLASS="c4">December</SPAN><SPAN CLASS="c2"> 13, 2015 Sunday</SPAN><SPAN CLASS="c2">&nbsp;</SPAN><SPAN CLASS="c2">&nbsp;<BR>1&ordf; Ed. Barna Edici&oacute;n</SPAN></P>
</DIV>
<BR><DIV CLASS="c5"><P CLASS="c6"><SPAN CLASS="c7">El independentismo azuza el miedo a </SPAN><SPAN CLASS="c8">Ciudadanos</SPAN><SPAN CLASS="c7"> para activar a sus bases</SPAN></P>
</DIV>
<BR><DIV CLASS="c5"><P CLASS="c6"><SPAN CLASS="c9">BYLINE: </SPAN><SPAN CLASS="c2">MAIOL ROGER</SPAN></P>
</DIV>
<BR><DIV CLASS="c5"><P CLASS="c6"><SPAN CLASS="c9">SECTION: </SPAN><SPAN CLASS="c2">CATALU&ntilde;A; Catalu&ntilde;a; P&aacute;g. 3</SPAN></P>
</DIV>
<BR><DIV CLASS="c5"><P CLASS="c6"><SPAN CLASS="c9">LENGTH: </SPAN><SPAN CLASS="c2">572 words</SPAN></P>
</DIV>
<BR><DIV CLASS="c5"><P CLASS="c6"><SPAN CLASS="c9">DATELINE: </SPAN><SPAN CLASS="c2">Vic </SPAN></P>
</DIV>
<BR><DIV CLASS="c5"><P CLASS="c10"><SPAN CLASS="c2">Los partidos independentistas iniciaron la campa&ntilde;a a contrapi&eacute;, m&aacute;s pendientes de poder cerrar un pacto que se encallaba en Catalu&ntilde;a que de jugar un buen papel en las generales. &quot;Empezamos con frialdad&quot;, reconoci&oacute; ayer Francesc Homs candidato de Democr&agrave;cia i Llibertat, la marca de Converg&egrave;ncia. El sentimiento es compartido por Esquerra Republicana y se traslada a las bases de los partidos, cansadas tras varias campa&ntilde;as en pocos a&ntilde;os y con el des&aacute;nimo por la falta de un pacto en Catalu&ntilde;a m&aacute;s de dos meses despu&eacute;s de los comicios. Aunque ayer llenaron, los m&iacute;tines suelen estar medio vac&iacute;os. Y eso que los escenarios elegidos suelen ser peque&ntilde;os. Entre los partidos independentistas hay miedo a que el poco entusiasmo les haga pinchar en las urnas.</SPAN><SPAN CLASS="c2">&nbsp;</SPAN></P>
<P CLASS="c10"><SPAN CLASS="c2">Para corregirlo, tanto Democr&agrave;cia i Llibertat como Esquerra Republicana intentan despertar a sus bases para esta &uacute;ltima semana de campa&ntilde;a haciendo hincapi&eacute; en un argumento: si los independentistas no van a votar el 20-D, la victoria en Catalu&ntilde;a puede ser para </SPAN><SPAN CLASS="c4">Ciudadanos</SPAN><SPAN CLASS="c2">. Lo avis&oacute; ayer el presidente de la Generalitat en funciones, Artur Mas, que en un mitin en Vic alert&oacute; de que un buen resultado para </SPAN><SPAN CLASS="c4">Albert</SPAN><SPAN CLASS="c2">&nbsp;</SPAN><SPAN CLASS="c4">Rivera</SPAN><SPAN CLASS="c2"> en la comunidad puede convertirlo en fuerza de gobierno. &quot;El 20 de diciembre se pueden producir cosas con las que no pens&aacute;is. Os advierto que puede haber una coalici&oacute;n en Madrid entre PP y Ciutadans&quot;, inici&oacute; Mas, que a&ntilde;adi&oacute; que los esca&ntilde;os decisivos &quot;pueden salir de Catalu&ntilde;a&quot;.</SPAN></P>
<P CLASS="c10"><SPAN CLASS="c2">No hay mejor anzuelo para animar a los secesionistas que estos dos partidos, como record&oacute; el l&iacute;der de Converg&egrave;ncia: &quot;Los conocemos a todos. Sabemos como act&uacute;an. La coalici&oacute;n ser&aacute; una competici&oacute;n entre ellos dos a ver qui&eacute;n la hace m&aacute;s gorda en Catalu&ntilde;a&quot;, complet&oacute;.</SPAN></P>
<P CLASS="c10"><SPAN CLASS="c2">Entre los perjuicios que, seg&uacute;n CDC, tendr&iacute;a un Gobierno de PP y </SPAN><SPAN CLASS="c4">Ciudadanos</SPAN><SPAN CLASS="c2"> para Catalu&ntilde;a Mas cit&oacute; la falta de infraestructuras, el impago del Fondo de Liquidez Auton&oacute;mica y el ataque a la inmersi&oacute;n ling&uuml;&iacute;stica en catal&aacute;n: &quot;Poca broma. No deis los votos que se volver&aacute;n contra toda Catalu&ntilde;a&quot;, apostill&oacute;.</SPAN></P>
<P CLASS="c10"><SPAN CLASS="c2">Tambi&eacute;n Esquerra Republicana usa </SPAN><SPAN CLASS="c4">Ciudadanos</SPAN><SPAN CLASS="c2"> para animar a sus bases. El candidato, Gabriel Rufi&aacute;n, asegur&oacute; ayer que Rivera &quot;pide perd&oacute;n&quot; por ser catal&aacute;n, y dispar&oacute; el dardo habitual que dedica a la formaci&oacute;n naranja: &quot;Si no vamos al Congreso le vamos a regalar el espacio a </SPAN><SPAN CLASS="c4">Albert</SPAN><SPAN CLASS="c2">&nbsp;</SPAN><SPAN CLASS="c4">Rivera</SPAN><SPAN CLASS="c2">, a quien solo le falta salir en [el programa] Bricoman&iacute;a. </SPAN><SPAN CLASS="c4">Ciudadanos</SPAN><SPAN CLASS="c2"> es la misma derecha reaccionaria de siempre, barnizada con trajes caros y corbatas finas&quot;. Los republicanos tambi&eacute;n dedicaron ataques a Podemos, el favorito en Catalu&ntilde;a seg&uacute;n el sondeo del CIS con una propuesta de refer&eacute;ndum sobre la independencia: &quot;No nos lo creemos&quot;, proclam&oacute; su l&iacute;der, Oriol Junqueras, para quien solo hay una salida: &quot;No expliquemos fantas&iacute;as, no nos lo tragamos. El rigor dice que la independencia ha llegado y lo que debemos hacer es rematarla, mientras que el refer&eacute;ndum no llegar&aacute; nunca&quot;.</SPAN></P>
<P CLASS="c10"><SPAN CLASS="c2">El aviso sobre los partidos emergentes viene acompa&ntilde;ado, en los m&iacute;tines de las formaciones independentistas, de una promesa: que el voto del 27-S no caer&aacute; en saco roto. Lo insisten sus dirigentes en cada acto, conscientes de que la falta de pacto entre Junts pel S&iacute; y la CUP para arrancar la legislatura en Catalu&ntilde;a provoca desaz&oacute;n: Joan Tard&agrave;, de ERC, asegur&oacute; que a final de a&ntilde;o los independentistas brindar&aacute;n por un nuevo Gobierno catal&aacute;n. Mas tambi&eacute;n se mostr&oacute; confiado en lograr finalmente los votos para su investidura: &quot;No lo dud&eacute;is. Lo lograremos&quot;.</SPAN></P>
</DIV>
<BR><DIV CLASS="c5"><P CLASS="c6"><SPAN CLASS="c9">LANGUAGE: </SPAN><SPAN CLASS="c2">SPANISH; ESPA&Ntilde;OL</SPAN></P>
</DIV>
<BR><DIV CLASS="c5"><P CLASS="c6"><SPAN CLASS="c9">PUBLICATION-TYPE: </SPAN><SPAN CLASS="c2">Peri&oacute;dico</SPAN></P>
</DIV>
<BR><DIV CLASS="c5"><P CLASS="c6"><SPAN CLASS="c9">SUBJECT: </SPAN><SPAN CLASS="c2">Pol&iacute;tica (94%)</SPAN></P>
</DIV>
<BR><DIV CLASS="c5"><P CLASS="c6"><SPAN CLASS="c9">IPTC SUBJECT: </SPAN><SPAN CLASS="c2">Politica</SPAN></P>
</DIV>
<BR><DIV CLASS="c5"><P CLASS="c6"><SPAN CLASS="c9">LOAD-DATE: </SPAN><SPAN CLASS="c2">December 12, 2015</SPAN></P>
</DIV>
<BR><DIV CLASS="c0"><BR><P CLASS="c1"><SPAN CLASS="c2">Copyright 2015 El Pais Internacional S.A.<BR>All Rights Reserved</SPAN></P>
</DIV>
</BODY>
</HTML>