<HTML>
<HEAD>
<STYLE TYPE="text/css">
.c0 { text-align: center; }
.c1 { text-align: center; margin-top: 0em; margin-bottom: 0em; }
.c2 { font-family: 'Courier New',Courier; font-size: 10pt; font-style: normal; font-weight: normal; color: #000000; text-decoration: none; }
.c3 { text-align: center; margin-left: 13%; margin-right: 13%; }
.c4 { font-family: 'Courier New',Courier; font-size: 10pt; font-style: normal; font-weight: bold; color: #CC0033; text-decoration: none; }
.c5 { text-align: left; }
.c6 { text-align: left; margin-top: 0em; margin-bottom: 0em; }
.c7 { font-family: 'Courier New',Courier; font-size: 14pt; font-style: normal; font-weight: bold; color: #000000; text-decoration: none; }
.c8 { font-family: 'Courier New',Courier; font-size: 14pt; font-style: normal; font-weight: bold; color: #CC0033; text-decoration: none; }
.c9 { font-family: 'Courier New',Courier; font-size: 10pt; font-style: normal; font-weight: bold; color: #000000; text-decoration: none; }
.c10 { text-align: left; margin-top: 1em; margin-bottom: 0em; }
.c11 { page-break-before: always; }
</STYLE>
</HEAD>
<BODY>
<BR><DIV CLASS="c0"><P CLASS="c1"><SPAN CLASS="c2">235 of 935 DOCUMENTS</SPAN></P>
</DIV>
<BR><DIV CLASS="c0"><BR><P CLASS="c1"><IMG SRC="http://www.lexisnexis.com/lnacui2api/results/docview/attachRetrieve.do?smi=LOGOS&key=38401&componentseq=1&type=logo&inline=y" ALT="http://www.lexisnexis.com/lnacui2api/results/docview/attachRetrieve.do?smi=LOGOS&key=38401&componentseq=1&type=logo&inline=y"><BR><SPAN CLASS="c2">El Pais</SPAN></P>
</DIV>
<BR><DIV CLASS="c3"><P CLASS="c1"><SPAN CLASS="c4">December</SPAN><SPAN CLASS="c2"> 12, 2015 Saturday</SPAN><SPAN CLASS="c2">&nbsp;</SPAN><SPAN CLASS="c2">&nbsp;<BR>Comunidad Valenciana Edici&oacute;n</SPAN></P>
</DIV>
<BR><DIV CLASS="c5"><P CLASS="c6"><SPAN CLASS="c7">Penas justas </SPAN><SPAN CLASS="c8">Ciudadanos</SPAN><SPAN CLASS="c7"> se equivoca al cuestionar el consenso sobre la violencia de g&eacute;nero</SPAN></P>
</DIV>
<BR><DIV CLASS="c5"><P CLASS="c6"><SPAN CLASS="c9">SECTION: </SPAN><SPAN CLASS="c2">OPINI&Oacute;N; Base; P&aacute;g. 12</SPAN></P>
</DIV>
<BR><DIV CLASS="c5"><P CLASS="c6"><SPAN CLASS="c9">LENGTH: </SPAN><SPAN CLASS="c2">532 words</SPAN></P>
</DIV>
<BR><DIV CLASS="c5"><P CLASS="c10"><SPAN CLASS="c2">En su intervenci&oacute;n en el debate de TVE del pasado martes, la candidata de </SPAN><SPAN CLASS="c4">Ciudadanos</SPAN><SPAN CLASS="c2"> por Madrid, Marta Rivera, defendi&oacute; la necesidad de revisar la ley integral contra la violencia de g&eacute;nero para eliminar el agravamiento de determinadas penas en casos de amenazas o agresiones de un hombre a su pareja. De esta intervenci&oacute;n hay que interpretar que el partido de </SPAN><SPAN CLASS="c4">Albert Rivera</SPAN><SPAN CLASS="c2"> se sit&uacute;a fuera del consenso en una cuesti&oacute;n tan sensible como la violencia machista. Aunque el l&iacute;der de </SPAN><SPAN CLASS="c4">Ciudadanos</SPAN><SPAN CLASS="c2"> matiz&oacute; despu&eacute;s las declaraciones de su candidata y abog&oacute; por tratar esa violencia &quot;como una cuesti&oacute;n de Estado&quot;, lo cierto es que su programa propone claramente &quot;igualar las penas con independencia del sexo del agresor&quot; y concreta de forma expl&iacute;cita que la ley &quot;debe ser modificada para acabar con la asimetr&iacute;a penal por cuesti&oacute;n de sexo&quot;.</SPAN><SPAN CLASS="c2">&nbsp;</SPAN></P>
<P CLASS="c10"><SPAN CLASS="c2">La citada asimetr&iacute;a fue introducida en la ley integral promovida por el Gobierno de Rodr&iacute;guez Zapatero, aprobada en diciembre de 2004 por unanimidad de todas las fuerzas pol&iacute;ticas. El legislador entendi&oacute; entonces que las mujeres v&iacute;ctimas de malos tratos continuados requer&iacute;an de una tutela penal reforzada. Hasta ese momento era frecuente que las denuncias por amenazas o agresiones leves acabaran en una simple multa, como cualquier otra amenaza o agresi&oacute;n fuera de la pareja. La raz&oacute;n de este trato diferenciado obedece a la idea de que la violencia machista se dirige contra las mujeres por el hecho de serlo y como consecuencia de unos patrones culturales que determinan relaciones de desigualdad dentro de la pareja. Se entiende que esa relaci&oacute;n no es por una mera discriminaci&oacute;n de tipo personal, sino estructural. De este modo, los casos de amenazas y lesiones leves, castigados en otros supuestos con penas de tres meses a un a&ntilde;o de prisi&oacute;n, pasaron a ser de seis meses a un a&ntilde;o en el caso de un hombre que &quot;maltrata, golpea o menoscaba psicol&oacute;gicamente a su pareja o expareja sin causarle lesi&oacute;n que requiera tratamiento&quot;. Igualmente se agrava la pena por lesiones que requieren asistencia m&eacute;dica.</SPAN></P>
<P CLASS="c10"><SPAN CLASS="c2">Esta agravante tiene su raz&oacute;n de ser; que </SPAN><SPAN CLASS="c4">Ciudadanos</SPAN><SPAN CLASS="c2"> la cuestione indica que no comparte las premisas del consenso sobre la lucha contra la violencia de g&eacute;nero o que ha elaborado este apartado de su programa sin la suficiente profundidad. Ambas posibilidades son igualmente negativas para un partido que en otros aspectos ha dado muestras de esp&iacute;ritu renovador. M&aacute;xime cuando esta es una cuesti&oacute;n que ha merecido incluso la aprobaci&oacute;n del Tribunal Constitucional.</SPAN></P>
<P CLASS="c10"><SPAN CLASS="c2">En una sentencia emitida en 2008 tras un recurso presentado por un juzgado de San Sebasti&aacute;n, el alto tribunal declar&oacute; que no existe discriminaci&oacute;n y aval&oacute; el plus de gravedad con el argumento de que la agresi&oacute;n supone un da&ntilde;o mayor a la v&iacute;ctima si esta se produce en un contexto de relaci&oacute;n machista, lo que adem&aacute;s le da un gran poder intimidatorio. Con estos antecedentes, de llevarse a cabo el giro que propone </SPAN><SPAN CLASS="c4">Ciudadanos</SPAN><SPAN CLASS="c2"> probablemente propiciar&iacute;a un retroceso en los resultados de la lucha contra esa violencia. Rivera ha incurrido adem&aacute;s en el recurso habitual de alegar &quot;malentendidos&quot; y en el error de querer superar el debate suscitado y escapar de la pol&eacute;mica con maniobras de distracci&oacute;n.</SPAN></P>
</DIV>
<BR><DIV CLASS="c5"><P CLASS="c6"><SPAN CLASS="c9">LANGUAGE: </SPAN><SPAN CLASS="c2">SPANISH; ESPA&Ntilde;OL</SPAN></P>
</DIV>
<BR><DIV CLASS="c5"><P CLASS="c6"><SPAN CLASS="c9">PUBLICATION-TYPE: </SPAN><SPAN CLASS="c2">Peri&oacute;dico</SPAN></P>
</DIV>
<BR><DIV CLASS="c5"><P CLASS="c6"><SPAN CLASS="c9">SUBJECT: </SPAN><SPAN CLASS="c2">Pol&iacute;tica (93%)</SPAN></P>
</DIV>
<BR><DIV CLASS="c5"><P CLASS="c6"><SPAN CLASS="c9">IPTC SUBJECT: </SPAN><SPAN CLASS="c2">Politica</SPAN></P>
</DIV>
<BR><DIV CLASS="c5"><P CLASS="c6"><SPAN CLASS="c9">LOAD-DATE: </SPAN><SPAN CLASS="c2">December 11, 2015</SPAN></P>
</DIV>
<BR><DIV CLASS="c0"><BR><P CLASS="c1"><SPAN CLASS="c2">Copyright 2015 El Pais Internacional S.A.<BR>All Rights Reserved</SPAN></P>
</DIV>
</BODY>
</HTML>