<HTML>
<HEAD>
<STYLE TYPE="text/css">
.c0 { text-align: center; }
.c1 { text-align: center; margin-top: 0em; margin-bottom: 0em; }
.c2 { font-family: 'Courier New',Courier; font-size: 10pt; font-style: normal; font-weight: normal; color: #000000; text-decoration: none; }
.c3 { text-align: center; margin-left: 13%; margin-right: 13%; }
.c4 { font-family: 'Courier New',Courier; font-size: 10pt; font-style: normal; font-weight: bold; color: #CC0033; text-decoration: none; }
.c5 { text-align: left; }
.c6 { text-align: left; margin-top: 0em; margin-bottom: 0em; }
.c7 { font-family: 'Courier New',Courier; font-size: 14pt; font-style: normal; font-weight: bold; color: #000000; text-decoration: none; }
.c8 { font-family: 'Courier New',Courier; font-size: 14pt; font-style: normal; font-weight: bold; color: #CC0033; text-decoration: none; }
.c9 { font-family: 'Courier New',Courier; font-size: 10pt; font-style: normal; font-weight: bold; color: #000000; text-decoration: none; }
.c10 { text-align: left; margin-top: 1em; margin-bottom: 0em; }
.c11 { page-break-before: always; }
</STYLE>
</HEAD>
<BODY>
<BR><DIV CLASS="c0"><P CLASS="c1"><SPAN CLASS="c2">19 of 935 DOCUMENTS</SPAN></P>
</DIV>
<BR><DIV CLASS="c0"><BR><P CLASS="c1"><IMG SRC="http://www.lexisnexis.com/lnacui2api/results/docview/attachRetrieve.do?smi=LOGOS&key=38401&componentseq=1&type=logo&inline=y" ALT="http://www.lexisnexis.com/lnacui2api/results/docview/attachRetrieve.do?smi=LOGOS&key=38401&componentseq=1&type=logo&inline=y"><BR><SPAN CLASS="c2">El Pais</SPAN></P>
</DIV>
<BR><DIV CLASS="c3"><P CLASS="c1"><SPAN CLASS="c4">November</SPAN><SPAN CLASS="c2"> 25, 2015 Wednesday</SPAN><SPAN CLASS="c2">&nbsp;</SPAN><SPAN CLASS="c2">&nbsp;<BR>2&ordf; Ed. Barna Edici&oacute;n</SPAN></P>
</DIV>
<BR><DIV CLASS="c5"><P CLASS="c6"><SPAN CLASS="c7">PP y PSOE ampl&iacute;an el pacto antiyihadista a otros partidos y escenificar&aacute;n ma&ntilde;ana la unidad</SPAN></P>
</DIV>
<BR><DIV CLASS="c5"><P CLASS="c6"><SPAN CLASS="c9">BYLINE: </SPAN><SPAN CLASS="c2">ANABEL D&Iacute;EZ / JUAN JOS&Eacute; MATEO</SPAN></P>
</DIV>
<BR><DIV CLASS="c5"><P CLASS="c6"><SPAN CLASS="c9">SECTION: </SPAN><SPAN CLASS="c2">ESPA&ntilde;A; Base; P&aacute;g. 16</SPAN></P>
</DIV>
<BR><DIV CLASS="c5"><P CLASS="c6"><SPAN CLASS="c9">LENGTH: </SPAN><SPAN CLASS="c2">819 words</SPAN></P>
</DIV>
<BR><DIV CLASS="c5"><P CLASS="c6"><SPAN CLASS="c9">DATELINE: </SPAN><SPAN CLASS="c2">Madrid </SPAN></P>
</DIV>
<BR><DIV CLASS="c5"><P CLASS="c10"><SPAN CLASS="c2">PP y PSOE ser&aacute;n ma&ntilde;ana los anfitriones del acto en el que otras fuerzas pol&iacute;ticas se adherir&aacute;n al pacto contra el yihadismo. El presidente de </SPAN><SPAN CLASS="c4">Ciudadanos</SPAN><SPAN CLASS="c2">, </SPAN><SPAN CLASS="c4">Albert</SPAN><SPAN CLASS="c2">&nbsp;</SPAN><SPAN CLASS="c4">Rivera</SPAN><SPAN CLASS="c2">, pidi&oacute; formar parte de ese acuerdo y as&iacute; ser&aacute;. Tambi&eacute;n se sumar&aacute;n otros partidos, como UPyD, PAR y Uni&oacute;. Izquierda Unida, por el contrario, ha rechazado estar en el pacto; y Podemos acudir&aacute; a las reuniones pero no firmar&aacute;. El Gobierno de Mariano Rajoy quiere mantener la unidad de los partidos en Espa&ntilde;a frente al terrorismo yihadista y que este asunto no entre en la campa&ntilde;a del 20-D.</SPAN></P>
<P CLASS="c10"><SPAN CLASS="c2">El pasado viernes, </SPAN><SPAN CLASS="c4">Albert</SPAN><SPAN CLASS="c2">&nbsp;</SPAN><SPAN CLASS="c4">Rivera</SPAN><SPAN CLASS="c2">, presidente de </SPAN><SPAN CLASS="c4">Ciudadanos</SPAN><SPAN CLASS="c2">, dirigi&oacute; sendas cartas a Mariano Rajoy, presidente del Gobierno, y a Pedro S&aacute;nchez, secretario general del PSOE, urgi&eacute;ndoles a incorporar a </SPAN><SPAN CLASS="c4">Ciudadanos</SPAN><SPAN CLASS="c2"> al pacto contra el yihadismo, que hab&iacute;an firmado el pasado febrero populares y socialistas. El presidente de la formaci&oacute;n emergente, que ha pedido a Podemos que reconsidere su postura y se sume a este frente, considera que el acuerdo es un instrumento legal que adem&aacute;s sirve para escenificar la &quot;cooperaci&oacute;n&quot; y &quot;unidad&quot; de los partidos. Eso convierte al pacto, seg&uacute;n Rivera, en una herramienta clave para que Espa&ntilde;a articule su respuesta a la amenaza terrorista, dentro y fuera de sus fronteras.</SPAN><SPAN CLASS="c2">&nbsp;</SPAN></P>
<P CLASS="c10"><SPAN CLASS="c2">&quot;Espa&ntilde;a debe tener un compromiso claro para asistir a nuestros vecinos y prestar la ayuda que nos soliciten tras los graves atentados de Par&iacute;s&quot;, dijo ayer Rivera, cuyo partido se ha mostrado a favor de que Espa&ntilde;a responda positivamente a cualquier ayuda que pida Francia, &quot;mientras sea legal, y con el amparo de la UE, la OTAN y la ONU&quot;. Bajo esas circunstancias, y si as&iacute; se solicitase, eso tambi&eacute;n incluir&iacute;a el env&iacute;o de tropas espa&ntilde;olas a &Aacute;frica dentro de una alianza internacional coordinada, seg&uacute;n especific&oacute; el eurodiputado Juan Carlos Girauta, portavoz de </SPAN><SPAN CLASS="c4">Ciudadanos</SPAN><SPAN CLASS="c2"> en Defensa.</SPAN></P>
<P CLASS="c10"><SPAN CLASS="c2">&quot;Tener claro al enemigo&quot;</SPAN></P>
<P CLASS="c10"><SPAN CLASS="c2">Ning&uacute;n impedimento sino todo lo contrario han puesto el Gobierno y el PSOE a que </SPAN><SPAN CLASS="c4">Ciudadanos</SPAN><SPAN CLASS="c2"> y otros partidos se incorporen al acuerdo, un texto que ellos suscribieron en febrero a iniciativa del dirigente socialista despu&eacute;s del atentado en Par&iacute;s contra la publicaci&oacute;n sat&iacute;rica Charlie Hebdo. Ese acuerdo se tradujo en normas penales contra v&iacute;as de captaci&oacute;n y actuaci&oacute;n que utiliza el terrorismo yihadista. &quot;Debe entrar [en el pacto] quien tenga la voluntad de cooperar y de comportarse normalmente y quien tenga claro que el enemigo son los b&aacute;rbaros y ninguno m&aacute;s&quot;, declar&oacute; el presidente del Gobierno, Mariano Rajoy. &quot;Todos los partidos pol&iacute;ticos que quieran pueden estar incluidos&quot;, indic&oacute; S&aacute;nchez, que desde el primer momento abog&oacute; por la entrada de todos los partidos.</SPAN></P>
<P CLASS="c10"><SPAN CLASS="c2">Al menos en los principios el acuerdo es muy mayoritario. Adem&aacute;s de </SPAN><SPAN CLASS="c4">Ciudadanos</SPAN><SPAN CLASS="c2">, se sumar&aacute; Uni&oacute;, UPyD y el Partido Aragon&eacute;s (PAR). Es muy posible que tambi&eacute;n se incorporen Coalici&oacute;n Canaria, Foro Asturias y UPN.</SPAN></P>
<P CLASS="c10"><SPAN CLASS="c2">Los matices vienen respecto a qu&eacute; hacer en estos momentos. El Gobierno mantiene que est&aacute; a la espera de la petici&oacute;n de Francia, pero es m&aacute;s que probable que cualquier concreci&oacute;n no se produzca en breve. En este asunto de m&aacute;xima gravedad el socialista Pedro S&aacute;nchez est&aacute; alineado con Rajoy. &quot;El Gobierno espa&ntilde;ol est&aacute; haciendo lo que los otros 27 pa&iacute;ses de la UE: ponerse a disposici&oacute;n de Francia&quot;, explic&oacute; ayer el portavoz parlamentario del Grupo Socialista, Antonio Hernando, mu&ntilde;idor del pacto antiyihadista.</SPAN></P>
<P CLASS="c10"><SPAN CLASS="c2">El reproche inicial de </SPAN><SPAN CLASS="c4">Ciudadanos</SPAN><SPAN CLASS="c2"> al Gobierno por no ser m&aacute;s claro en el apoyo a una hipot&eacute;tica intervenci&oacute;n militar con cobertura legal lo encuentra indirectamente el PSOE por parte de Podemos, pero en sentido contrario. Un grupo de alcaldes cercanos a esta formaci&oacute;n, junto a personas del mundo de la cultura, han elaborado un manifiesto en contra de una posible intervenci&oacute;n de Espa&ntilde;a contra los terroristas yihadistas. &quot;Resulta un poco precipitado; cada cosa a su tiempo. No est&aacute; en el horizonte enviar tropas sobre el terreno&quot;, replic&oacute; ayer Antonio Hernando en Televisi&oacute;n Espa&ntilde;ola. El PSOE es contrario a ese env&iacute;o e invoca otras medidas, como asfixiar financieramente al Daesh y la m&aacute;xima cooperaci&oacute;n entre pa&iacute;ses en materia de informaci&oacute;n.</SPAN></P>
<P CLASS="c10"><SPAN CLASS="c2">Tambi&eacute;n UPyD est&aacute; de acuerdo en combatir al yihadismo en diferentes frentes. El candidato de ese partido, Andr&eacute;s Herzog, recibi&oacute; ayer la llamada de la vicepresidenta del Gobierno, Soraya S&aacute;enz de Santamar&iacute;a, para convocarle a la reuni&oacute;n de ma&ntilde;ana.</SPAN></P>
<P CLASS="c10"><SPAN CLASS="c2">Reuni&oacute;n en Interior</SPAN></P>
<P CLASS="c10"><SPAN CLASS="c2">La representaci&oacute;n de </SPAN><SPAN CLASS="c4">Ciudadanos</SPAN><SPAN CLASS="c2"> ser&aacute; al m&aacute;s alto nivel. &quot;Cada uno que le d&eacute; la relevancia que quiera. Nosotros la m&aacute;xima, y actuaremos en consecuencia&quot;. Estas palabras del vicesecretario general de </SPAN><SPAN CLASS="c4">Ciudadanos</SPAN><SPAN CLASS="c2">, Jos&eacute; Manuel Villegas, apuntan a que </SPAN><SPAN CLASS="c4">Albert</SPAN><SPAN CLASS="c2">&nbsp;</SPAN><SPAN CLASS="c4">Rivera</SPAN><SPAN CLASS="c2">, su l&iacute;der, ser&aacute; quien acuda ma&ntilde;ana a firmar el pacto.</SPAN></P>
<P CLASS="c10"><SPAN CLASS="c2">La reuni&oacute;n se celebrar&aacute; en el Ministerio del Interior y estar&aacute; presidida por su titular, Jorge Fern&aacute;ndez D&iacute;az. Los dos grandes partidos enviar&aacute;n a sus portavoces parlamentarios: el popular Rafael Hernando y el socialista Antonio Hernando.</SPAN></P>
</DIV>
<BR><DIV CLASS="c5"><P CLASS="c6"><SPAN CLASS="c9">LANGUAGE: </SPAN><SPAN CLASS="c2">SPANISH; ESPA&Ntilde;OL</SPAN></P>
</DIV>
<BR><DIV CLASS="c5"><P CLASS="c6"><SPAN CLASS="c9">PUBLICATION-TYPE: </SPAN><SPAN CLASS="c2">Peri&oacute;dico</SPAN></P>
</DIV>
<BR><DIV CLASS="c5"><P CLASS="c6"><SPAN CLASS="c9">SUBJECT: </SPAN><SPAN CLASS="c2">Pol&iacute;tica (93%)</SPAN></P>
</DIV>
<BR><DIV CLASS="c5"><P CLASS="c6"><SPAN CLASS="c9">IPTC SUBJECT: </SPAN><SPAN CLASS="c2">Politica</SPAN></P>
</DIV>
<BR><DIV CLASS="c5"><P CLASS="c6"><SPAN CLASS="c9">LOAD-DATE: </SPAN><SPAN CLASS="c2">November 25, 2015</SPAN></P>
</DIV>
<BR><DIV CLASS="c0"><BR><P CLASS="c1"><SPAN CLASS="c2">Copyright 2015 El Pais Internacional S.A.<BR>All Rights Reserved</SPAN></P>
</DIV>
</BODY>
</HTML>