<HTML>
<HEAD>
<STYLE TYPE="text/css">
.c0 { text-align: center; }
.c1 { text-align: center; margin-top: 0em; margin-bottom: 0em; }
.c2 { font-family: 'Courier New',Courier; font-size: 10pt; font-style: normal; font-weight: normal; color: #000000; text-decoration: none; }
.c3 { text-align: center; margin-left: 13%; margin-right: 13%; }
.c4 { font-family: 'Courier New',Courier; font-size: 10pt; font-style: normal; font-weight: bold; color: #CC0033; text-decoration: none; }
.c5 { text-align: left; }
.c6 { text-align: left; margin-top: 0em; margin-bottom: 0em; }
.c7 { font-family: 'Courier New',Courier; font-size: 14pt; font-style: normal; font-weight: bold; color: #000000; text-decoration: none; }
.c8 { font-family: 'Courier New',Courier; font-size: 14pt; font-style: normal; font-weight: bold; color: #CC0033; text-decoration: none; }
.c9 { font-family: 'Courier New',Courier; font-size: 10pt; font-style: normal; font-weight: bold; color: #000000; text-decoration: none; }
.c10 { text-align: left; margin-top: 1em; margin-bottom: 0em; }
.c11 { page-break-before: always; }
</STYLE>
</HEAD>
<BODY>
<BR><DIV CLASS="c0"><P CLASS="c1"><SPAN CLASS="c2">37 of 935 DOCUMENTS</SPAN></P>
</DIV>
<BR><DIV CLASS="c0"><BR><P CLASS="c1"><IMG SRC="http://www.lexisnexis.com/lnacui2api/results/docview/attachRetrieve.do?smi=LOGOS&key=38401&componentseq=1&type=logo&inline=y" ALT="http://www.lexisnexis.com/lnacui2api/results/docview/attachRetrieve.do?smi=LOGOS&key=38401&componentseq=1&type=logo&inline=y"><BR><SPAN CLASS="c2">El Pais</SPAN></P>
</DIV>
<BR><DIV CLASS="c3"><P CLASS="c1"><SPAN CLASS="c4">December</SPAN><SPAN CLASS="c2"> 28, 2015 Monday</SPAN><SPAN CLASS="c2">&nbsp;</SPAN><SPAN CLASS="c2">&nbsp;<BR>Comunidad Valenciana Edici&oacute;n</SPAN></P>
</DIV>
<BR><DIV CLASS="c5"><P CLASS="c6"><SPAN CLASS="c7">Rajoy recibe a Iglesias y Rivera para intentar atraer a un sector del PSOE</SPAN></P>
</DIV>
<BR><DIV CLASS="c5"><P CLASS="c6"><SPAN CLASS="c9">BYLINE: </SPAN><SPAN CLASS="c2">J. CASQUEIRO / F. MANETTO / J. J. MATEO</SPAN></P>
</DIV>
<BR><DIV CLASS="c5"><P CLASS="c6"><SPAN CLASS="c9">SECTION: </SPAN><SPAN CLASS="c2">ESPA&ntilde;A; Base; P&aacute;g. 18</SPAN></P>
</DIV>
<BR><DIV CLASS="c5"><P CLASS="c6"><SPAN CLASS="c9">LENGTH: </SPAN><SPAN CLASS="c2">929 words</SPAN></P>
</DIV>
<BR><DIV CLASS="c5"><P CLASS="c6"><SPAN CLASS="c9">DATELINE: </SPAN><SPAN CLASS="c2">Madrid </SPAN></P>
</DIV>
<BR><DIV CLASS="c5"><P CLASS="c10"><SPAN CLASS="c2">Mariano Rajoy empezar&aacute; hoy la segunda fase de negociaciones para lograr un acuerdo sobre su investidura y un Gobierno de estabilidad. El presidente en funciones y l&iacute;der del PP, la fuerza m&aacute;s votada el 20-D, recibir&aacute; primero al l&iacute;der de Podemos, aunque sin ninguna opci&oacute;n de pacto. Luego ver&aacute; al presidente de </SPAN><SPAN CLASS="c4">Ciudadanos</SPAN><SPAN CLASS="c2">, </SPAN><SPAN CLASS="c4">Albert Rivera</SPAN><SPAN CLASS="c2">, y ambos se trasladar&aacute;n sendas ofertas. Rajoy pretende que la alianza con Rivera le sirva para convencer a un sector del PSOE de que el PP debe gobernar porque Espa&ntilde;a no puede permitirse m&aacute;s inestabilidad ni otras elecciones.</SPAN></P>
<P CLASS="c10"><SPAN CLASS="c2">Pablo Iglesias ir&aacute; esta ma&ntilde;ana a La Moncloa con un mensaje centrado en el rechazo de cualquier hip&oacute;tesis de Gobierno del PP. El l&iacute;der de Podemos explicar&aacute; al jefe del Ejecutivo en funciones, Mariano Rajoy, por qu&eacute; cree que no debe seguir gobernando. En su opini&oacute;n, la pasada legislatura ha estado marcada por la desigualdad y la corrupci&oacute;n, y el &uacute;nico cambio posible pasa por la formaci&oacute;n de un Gobierno alternativo.</SPAN><SPAN CLASS="c2">&nbsp;</SPAN></P>
<P CLASS="c10"><SPAN CLASS="c2">&quot;Le explicar&eacute; nuestra propuesta de pa&iacute;s&quot;, se&ntilde;ala Iglesias. Ese proyecto, recalca, &quot;no es compatible con que el PP siga gobernando&quot;. Iglesias es el &uacute;nico candidato de los cuatro principales partidos que ni siquiera contempla un escenario de continuidad de Rajoy en La Moncloa pese a que este fue el m&aacute;s votado el 20 de diciembre.</SPAN></P>
<P CLASS="c10"><SPAN CLASS="c2">No obstante, Iglesias no ha aclarado c&oacute;mo piensa dar salida a una mayor&iacute;a alternativa, puesto que su apoyo al secretario general del PSOE, Pedro S&aacute;nchez, est&aacute; supeditado a la celebraci&oacute;n de un refer&eacute;ndum de independencia en Catalu&ntilde;a -condici&oacute;n inasumible para los socialistas, PP y </SPAN><SPAN CLASS="c4">Ciudadanos</SPAN><SPAN CLASS="c2">-, a una bater&iacute;a de medidas sociales y al fin de las llamadas puertas giratorias en pol&iacute;tica.</SPAN></P>
<P CLASS="c10"><SPAN CLASS="c2">El l&iacute;der de la formaci&oacute;n emergente se reunir&aacute; con Rajoy con la vista puesta en la calle de Ferraz, la sede del PSOE, donde hoy se celebra el comit&eacute; federal de los socialistas que decidir&aacute; las l&iacute;neas maestras de la pol&iacute;tica de pactos. Las declaraciones realizadas por Iglesias en los &uacute;ltimos d&iacute;as han dejado claro su intento de debilitar a S&aacute;nchez, aunque esta estrategia choca con la voluntad de buscar alternativas a un Gobierno del PP. El dirigente del PSOE llam&oacute; a Iglesias en Nochebuena, y los dos se emplazaron a nuevos contactos esta semana.</SPAN></P>
<P CLASS="c10"><SPAN CLASS="c2">Inestabilidad en Catalu&ntilde;a</SPAN></P>
<P CLASS="c10"><SPAN CLASS="c2">&quot;Vamos a escuchar&quot;, explican, por su parte, fuentes de la Ejecutiva de </SPAN><SPAN CLASS="c4">Ciudadanos</SPAN><SPAN CLASS="c2"> sobre el tercer encuentro que protagonizar&aacute;n en 2015 Rajoy y Rivera. Rivera espera que el l&iacute;der del PP le explique su plan para lograr que no haya elecciones anticipadas. Tambi&eacute;n, que analicen juntos la situaci&oacute;n de inestabilidad pol&iacute;tica en Catalu&ntilde;a, donde los 25 diputados de </SPAN><SPAN CLASS="c4">Ciudadanos</SPAN><SPAN CLASS="c2"> en las auton&oacute;micas encabezan la oposici&oacute;n a Junts pel S&iacute;. Rivera acude hoy a La Moncloa como representante de la cuarta fuerza en el nuevo Congreso y con </SPAN><SPAN CLASS="c4">Ciudadanos</SPAN><SPAN CLASS="c2"> como primera opci&oacute;n constitucionalista en Catalu&ntilde;a, sumando casi tantos diputados como PP y PSOE juntos. El futuro pol&iacute;tico de Artur Mas planear&aacute; sobre el encuentro.</SPAN></P>
<P CLASS="c10"><SPAN CLASS="c2">Rivera va a la cita con sensaciones encontradas. Fernando Mart&iacute;nez Ma&iacute;llo, vicesecretario general de Organizaci&oacute;n del PP, apoy&oacute; el pasado fin de semana el plan de Rivera de un &quot;acuerdo por Espa&ntilde;a&quot; para que PP, PSOE y </SPAN><SPAN CLASS="c4">Ciudadanos</SPAN><SPAN CLASS="c2"> formen una mayor&iacute;a constitucionalista estable que permita el inicio de la legislatura y garantice la defensa de la unidad del pa&iacute;s frente al reto independentista. &quot;La m&uacute;sica suena bien, luego habr&aacute; que ver el contenido&quot;, dijo Ma&iacute;llo. Sin embargo, Rivera sabe que el socialista S&aacute;nchez ya anticip&oacute; a Rajoy en su encuentro el pasado mi&eacute;rcoles que se niega a participar de esa estrategia. Y los 40 diputados de </SPAN><SPAN CLASS="c4">Ciudadanos</SPAN><SPAN CLASS="c2"> son insuficientes por s&iacute; mismos para decidir cualquier investidura.</SPAN></P>
<P CLASS="c10"><SPAN CLASS="c2">&quot;No vamos a presentar ninguna propuesta porque no vamos a entrar en ning&uacute;n Gobierno&quot;, argumentan desde </SPAN><SPAN CLASS="c4">Ciudadanos</SPAN><SPAN CLASS="c2"> sobre la reuni&oacute;n entre Rajoy y Rivera, que espera desde octubre a que el presidente del Gobierno se pronuncie sobre su oferta de firmar un pacto por Espa&ntilde;a basado en la defensa de la Constituci&oacute;n como &uacute;nico instrumento para canalizar posibles reformas. &quot;Lo &uacute;nico que pedimos es responsabilidad a ambos (PP y PSOE) para que se inicie la legislatura cuanto antes y as&iacute; poder comenzar a presentar nuestras propuestas de reformas y regeneraci&oacute;n&quot;, dicen estas fuentes.</SPAN></P>
<P CLASS="c10"><SPAN CLASS="c4">Ciudadanos</SPAN><SPAN CLASS="c2">, insuficiente</SPAN></P>
<P CLASS="c10"><SPAN CLASS="c2">Este tercer encuentro entre Rajoy y Rivera se produce en circunstancias muy distintas a los anteriores. En el primero, en junio, el presidente recibi&oacute; al l&iacute;der de un partido que ten&iacute;a la llave de cinco Gobiernos auton&oacute;micos. Al segundo, en octubre, Rivera lleg&oacute; como cara visible de la formaci&oacute;n que lideraba la oposici&oacute;n en Catalu&ntilde;a, como uno de los garantes de la unidad de Espa&ntilde;a y como rival para ganar las elecciones generales. Hoy </SPAN><SPAN CLASS="c4">Ciudadanos</SPAN><SPAN CLASS="c2"> no tiene los votos necesarios para ser decisivo en el arranque de la legislatura, y, sin embargo, sus 40 diputados podr&iacute;an convertirle en una fuerza pol&iacute;tica clave, porque ning&uacute;n otro partido tiene, en principio, su capacidad para pactar a ambos lados del arco ideol&oacute;gico.</SPAN></P>
<P CLASS="c10"><SPAN CLASS="c2">Rajoy intentar&aacute; convencer a Rivera sobre un diagn&oacute;stico com&uacute;n de lo que ocurre en Catalu&ntilde;a y con la idea de afrontar algunas reformas en la Constituci&oacute;n y en el funcionamiento del Congreso pero sin aceptar imposiciones sobre el perfil de los candidatos o f&oacute;rmulas de primarias. El PP considera que la adhesi&oacute;n de </SPAN><SPAN CLASS="c4">Ciudadanos</SPAN><SPAN CLASS="c2"> le ayudar&iacute;a a que un sector importante del PSOE presionara y convenciera a Pedro S&aacute;nchez de que investir a Rajoy (en tercera o cuarta votaci&oacute;n) es mejor que una alianza m&uacute;ltiple y confusa de izquierdas y nacionalistas o que repetir elecciones en tres meses.</SPAN></P>
</DIV>
<BR><DIV CLASS="c5"><P CLASS="c6"><SPAN CLASS="c9">LANGUAGE: </SPAN><SPAN CLASS="c2">SPANISH; ESPA&Ntilde;OL</SPAN></P>
</DIV>
<BR><DIV CLASS="c5"><P CLASS="c6"><SPAN CLASS="c9">PUBLICATION-TYPE: </SPAN><SPAN CLASS="c2">Peri&oacute;dico</SPAN></P>
</DIV>
<BR><DIV CLASS="c5"><P CLASS="c6"><SPAN CLASS="c9">SUBJECT: </SPAN><SPAN CLASS="c2">Pol&iacute;tica (93%)</SPAN></P>
</DIV>
<BR><DIV CLASS="c5"><P CLASS="c6"><SPAN CLASS="c9">IPTC SUBJECT: </SPAN><SPAN CLASS="c2">Politica</SPAN></P>
</DIV>
<BR><DIV CLASS="c5"><P CLASS="c6"><SPAN CLASS="c9">LOAD-DATE: </SPAN><SPAN CLASS="c2">December 27, 2015</SPAN></P>
</DIV>
<BR><DIV CLASS="c0"><BR><P CLASS="c1"><SPAN CLASS="c2">Copyright 2015 El Pais Internacional S.A.<BR>All Rights Reserved</SPAN></P>
</DIV>
</BODY>
</HTML>