<HTML>
<HEAD>
<STYLE TYPE="text/css">
.c0 { text-align: center; }
.c1 { text-align: center; margin-top: 0em; margin-bottom: 0em; }
.c2 { font-family: 'Courier New',Courier; font-size: 10pt; font-style: normal; font-weight: normal; color: #000000; text-decoration: none; }
.c3 { text-align: center; margin-left: 13%; margin-right: 13%; }
.c4 { font-family: 'Courier New',Courier; font-size: 10pt; font-style: normal; font-weight: bold; color: #CC0033; text-decoration: none; }
.c5 { text-align: left; }
.c6 { text-align: left; margin-top: 0em; margin-bottom: 0em; }
.c7 { font-family: 'Courier New',Courier; font-size: 14pt; font-style: normal; font-weight: bold; color: #000000; text-decoration: none; }
.c8 { font-family: 'Courier New',Courier; font-size: 14pt; font-style: normal; font-weight: bold; color: #CC0033; text-decoration: none; }
.c9 { font-family: 'Courier New',Courier; font-size: 10pt; font-style: normal; font-weight: bold; color: #000000; text-decoration: none; }
.c10 { text-align: left; margin-top: 1em; margin-bottom: 0em; }
.c11 { page-break-before: always; }
</STYLE>
</HEAD>
<BODY>
<BR><DIV CLASS="c0"><P CLASS="c1"><SPAN CLASS="c2">440 of 935 DOCUMENTS</SPAN></P>
</DIV>
<BR><DIV CLASS="c0"><BR><P CLASS="c1"><IMG SRC="http://www.lexisnexis.com/lnacui2api/results/docview/attachRetrieve.do?smi=LOGOS&key=38401&componentseq=1&type=logo&inline=y" ALT="http://www.lexisnexis.com/lnacui2api/results/docview/attachRetrieve.do?smi=LOGOS&key=38401&componentseq=1&type=logo&inline=y"><BR><SPAN CLASS="c2">El Pais</SPAN></P>
</DIV>
<BR><DIV CLASS="c3"><P CLASS="c1"><SPAN CLASS="c4">December</SPAN><SPAN CLASS="c2"> 2, 2015 Wednesday</SPAN><SPAN CLASS="c2">&nbsp;</SPAN><SPAN CLASS="c2">&nbsp;<BR>Nacional Edici&oacute;n</SPAN></P>
</DIV>
<BR><DIV CLASS="c5"><P CLASS="c6"><SPAN CLASS="c7">Ech&aacute;ndole coraje, partidita de domin&oacute; y banco en el parque</SPAN></P>
</DIV>
<BR><DIV CLASS="c5"><P CLASS="c6"><SPAN CLASS="c9">BYLINE: </SPAN><SPAN CLASS="c2">J. CASQUEIRO</SPAN></P>
</DIV>
<BR><DIV CLASS="c5"><P CLASS="c6"><SPAN CLASS="c9">SECTION: </SPAN><SPAN CLASS="c2">ESPA&ntilde;A; Base; P&aacute;g. 18 [AN] Los populares dise&ntilde;an una campa&ntilde;a para su l&iacute;der con gran presencia en el mundo rural olvidado por </SPAN><SPAN CLASS="c4">Ciudadanos</SPAN></P>
</DIV>
<BR><DIV CLASS="c5"><P CLASS="c6"><SPAN CLASS="c9">LENGTH: </SPAN><SPAN CLASS="c2">558 words</SPAN></P>
</DIV>
<BR><DIV CLASS="c5"><P CLASS="c6"><SPAN CLASS="c9">DATELINE: </SPAN><SPAN CLASS="c2">Benavente </SPAN></P>
</DIV>
<BR><DIV CLASS="c5"><P CLASS="c10"><SPAN CLASS="c2">Mariano Rajoy se concedi&oacute; ayer una jornada climatol&oacute;gicamente fr&iacute;a pero pol&iacute;ticamente emocionante, llena de autoconcesiones. Un par&eacute;ntesis en el estr&eacute;s de todo candidato. El l&iacute;der del PP y presidente del Gobierno se permiti&oacute; uno de esos d&iacute;as con c&oacute;modos actos pol&iacute;ticos de partido, en el territorio amigo de la Espa&ntilde;a rural que tanto quiere cuidar ahora para contraponer las modernidades de </SPAN><SPAN CLASS="c4">Ciudadanos</SPAN><SPAN CLASS="c2">, con compa&ntilde;eros de toda la vida, y rememorando episodios que le gusta recordar. Empez&oacute; la jornada en la vallisoletana Olmedo (3.800 habitantes) cuando el term&oacute;metro marcaba tres grados bajo cero. El mitin a mediod&iacute;a estaba programado en la plaza, al exterior, con sillas de pl&aacute;stico que se hab&iacute;an escarchado. Baj&oacute; del coche en traje y le conminaron a que se pertrechara el abrigo. Aguant&oacute; el acto y solt&oacute; el discurso.</SPAN><SPAN CLASS="c2">&nbsp;</SPAN></P>
<P CLASS="c10"><SPAN CLASS="c2">Luego entr&oacute; a saludar a los ancianos del Hogar del Jubilado. All&iacute; se sent&oacute; en una partida nada improvisada de domin&oacute; contra la pareja formada por Gregorio Santiago, comerciante, de 70 a&ntilde;os, y Jacinto Arranz, de 71, ex jefe de Recursos Humanos durante 42 a&ntilde;os de la azucarera local. Dos simpatizantes del PP muy antag&oacute;nicos. Jacinto reconoc&iacute;a tras batir 2-0 y &quot;sin bajarse del autob&uacute;s&quot; a Rajoy que el l&iacute;der del PP deb&iacute;a haberse marchado y dejar paso a otros dirigentes m&aacute;s j&oacute;venes y menos marcados por los esc&aacute;ndalos de corrupci&oacute;n que han manchado al partido estos a&ntilde;os. No es que no le guste Rajoy: es que cree que deber&iacute;a haber renovado m&aacute;s la lista, ya que le motiva m&aacute;s ahora </SPAN><SPAN CLASS="c4">Albert Rivera</SPAN><SPAN CLASS="c2"> y </SPAN><SPAN CLASS="c4">Ciudadanos</SPAN><SPAN CLASS="c2">, el partido al que piensa votar tras apoyar tantos a&ntilde;os a los populares. Gregorio entiende las quejas de su amigo y compa&ntilde;ero de fichas, pero tiene recelos: &quot;Si ganan cualquiera de los otros, nos pueden mandar todos al jard&iacute;n de Fausto&quot;, en alusi&oacute;n al cementerio pol&iacute;tico de todo el pa&iacute;s.</SPAN></P>
<P CLASS="c10"><SPAN CLASS="c2">Tras una comida campechana en Tordesillas, la comitiva de Rajoy se dirigi&oacute; a Benavente (Zamora). Lleg&oacute; al Parador y se encamin&oacute; en sus aleda&ntilde;os al parque de la Mota. Rajoy quer&iacute;a refrescar su pasado y conjurar el futuro.</SPAN></P>
<P CLASS="c10"><SPAN CLASS="c2">Hace nueve a&ntilde;os, en 2006 y en v&iacute;speras de unas elecciones locales, el entonces l&iacute;der del PP en la oposici&oacute;n se present&oacute; en Benavente para arropar a la lista municipal que encabezaba Juan D&uacute;o y que luego gan&oacute;. Dio una vuelta por el centro de la ciudad, de 19.000 habitantes, y se cruz&oacute; en su camino una marcha de UGT a favor de un hospital comarcal. Le dieron toda una serenata de protestas. Intentaron boicotear su visita a la iglesia de Santa Mar&iacute;a. Rajoy se acerc&oacute; entonces a los jardines de la Mota y ante la aglomeraci&oacute;n de transe&uacute;ntes se subi&oacute; a un banco de madera e improvis&oacute; un mitin sin megafon&iacute;a.</SPAN></P>
<P CLASS="c10"><SPAN CLASS="c2">Ayer reedit&oacute; ese momento. Lleg&oacute; al mismo parque, se hizo hueco entre los cientos de partidarios, se encaram&oacute; al banco y al mitin, esta vez ya con buen despliegue de sonido. Pese al fr&iacute;o, dijo sentir mucho calor y emoci&oacute;n. Luego se dio un paseo por el centro y se par&oacute; en una jugueter&iacute;a para recoger unos regalos para sus chavales.</SPAN></P>
<P CLASS="c10"><SPAN CLASS="c2">El discurso del mitin fue muy parecido al matinal en Olmedo, con un fr&iacute;o intenso y sin demasiadas entonaciones. Un simpatizante se sinti&oacute; impelido a reclamar m&aacute;s &aacute;nimo y le espet&oacute; a voz en grito: &quot;&iexcl;Ech&aacute;ndole huevos!&quot;. El presidente acert&oacute; a replicar: &quot;Esa es la clave de la jugada, poniendo determinaci&oacute;n y coraje, porque la &uacute;nica batalla perdida es la que no se da: Vamos a ganar&quot;.</SPAN></P>
</DIV>
<BR><DIV CLASS="c5"><P CLASS="c6"><SPAN CLASS="c9">LANGUAGE: </SPAN><SPAN CLASS="c2">SPANISH; ESPA&Ntilde;OL</SPAN></P>
</DIV>
<BR><DIV CLASS="c5"><P CLASS="c6"><SPAN CLASS="c9">PUBLICATION-TYPE: </SPAN><SPAN CLASS="c2">Peri&oacute;dico</SPAN></P>
</DIV>
<BR><DIV CLASS="c5"><P CLASS="c6"><SPAN CLASS="c9">SUBJECT: </SPAN><SPAN CLASS="c2">Pol&iacute;tica (94%)</SPAN></P>
</DIV>
<BR><DIV CLASS="c5"><P CLASS="c6"><SPAN CLASS="c9">IPTC SUBJECT: </SPAN><SPAN CLASS="c2">Politica</SPAN></P>
</DIV>
<BR><DIV CLASS="c5"><P CLASS="c6"><SPAN CLASS="c9">LOAD-DATE: </SPAN><SPAN CLASS="c2">December 1, 2015</SPAN></P>
</DIV>
<BR><DIV CLASS="c0"><BR><P CLASS="c1"><SPAN CLASS="c2">Copyright 2015 El Pais Internacional S.A.<BR>All Rights Reserved</SPAN></P>
</DIV>
</BODY>
</HTML>