<HTML>
<HEAD>
<STYLE TYPE="text/css">
.c0 { text-align: center; }
.c1 { text-align: center; margin-top: 0em; margin-bottom: 0em; }
.c2 { font-family: 'Courier New',Courier; font-size: 10pt; font-style: normal; font-weight: normal; color: #000000; text-decoration: none; }
.c3 { text-align: center; margin-left: 13%; margin-right: 13%; }
.c4 { font-family: 'Courier New',Courier; font-size: 10pt; font-style: normal; font-weight: bold; color: #CC0033; text-decoration: none; }
.c5 { text-align: left; }
.c6 { text-align: left; margin-top: 0em; margin-bottom: 0em; }
.c7 { font-family: 'Courier New',Courier; font-size: 14pt; font-style: normal; font-weight: bold; color: #000000; text-decoration: none; }
.c8 { font-family: 'Courier New',Courier; font-size: 14pt; font-style: normal; font-weight: bold; color: #CC0033; text-decoration: none; }
.c9 { font-family: 'Courier New',Courier; font-size: 10pt; font-style: normal; font-weight: bold; color: #000000; text-decoration: none; }
.c10 { text-align: left; margin-top: 1em; margin-bottom: 0em; }
.c11 { page-break-before: always; }
</STYLE>
</HEAD>
<BODY>
<BR><DIV CLASS="c0"><P CLASS="c1"><SPAN CLASS="c2">439 of 935 DOCUMENTS</SPAN></P>
</DIV>
<BR><DIV CLASS="c0"><BR><P CLASS="c1"><IMG SRC="http://www.lexisnexis.com/lnacui2api/results/docview/attachRetrieve.do?smi=LOGOS&key=38401&componentseq=1&type=logo&inline=y" ALT="http://www.lexisnexis.com/lnacui2api/results/docview/attachRetrieve.do?smi=LOGOS&key=38401&componentseq=1&type=logo&inline=y"><BR><SPAN CLASS="c2">El Pais</SPAN></P>
</DIV>
<BR><DIV CLASS="c3"><P CLASS="c1"><SPAN CLASS="c4">December</SPAN><SPAN CLASS="c2"> 2, 2015 Wednesday</SPAN><SPAN CLASS="c2">&nbsp;</SPAN><SPAN CLASS="c2">&nbsp;<BR>Andaluc&iacute;a Edici&oacute;n</SPAN></P>
</DIV>
<BR><DIV CLASS="c5"><P CLASS="c6"><SPAN CLASS="c7">S&aacute;nchez quiere desactivar el voto a Iglesias y Rivera ante la dificultad de desbancar al PP</SPAN></P>
</DIV>
<BR><DIV CLASS="c5"><P CLASS="c6"><SPAN CLASS="c9">BYLINE: </SPAN><SPAN CLASS="c2">ANABEL D&Iacute;EZ /JOS&Eacute; MARCOS</SPAN></P>
</DIV>
<BR><DIV CLASS="c5"><P CLASS="c6"><SPAN CLASS="c9">SECTION: </SPAN><SPAN CLASS="c2">ESPA&ntilde;A; Base; P&aacute;g. 21</SPAN></P>
</DIV>
<BR><DIV CLASS="c5"><P CLASS="c6"><SPAN CLASS="c9">LENGTH: </SPAN><SPAN CLASS="c2">765 words</SPAN></P>
</DIV>
<BR><DIV CLASS="c5"><P CLASS="c6"><SPAN CLASS="c9">DATELINE: </SPAN><SPAN CLASS="c2">Madrid </SPAN></P>
</DIV>
<BR><DIV CLASS="c5"><P CLASS="c10"><SPAN CLASS="c2">El lema de campa&ntilde;a del PSOE, &quot;Un futuro para la mayor&iacute;a&quot;, marca el objetivo de su candidato, Pedro S&aacute;nchez, de fijar su partido como &uacute;nica fuerza capaz de sustituir en el Gobierno al PP. El adversario central ser&aacute; Mariano Rajoy, aunque para conseguir &quot;desbancar a la derecha&quot; es imprescindible que el PSOE sea primera fuerza o, al menos, que quede muy cerca del PP y deje atr&aacute;s a </SPAN><SPAN CLASS="c4">Ciudadanos</SPAN><SPAN CLASS="c2"> y Podemos. S&aacute;nchez contar&aacute; con Felipe Gonz&aacute;lez, Jos&eacute; Luis Rodr&iacute;guez Zapatero y Alfredo P&eacute;rez Rubalcaba. Con Susana D&iacute;az coincidir&aacute; en dos actos.</SPAN></P>
<P CLASS="c10"><SPAN CLASS="c2">Son varias las vueltas que el l&iacute;der del PSOE ha dado por la mayor&iacute;a de las comunidades aut&oacute;nomas desde que fue elegido secretario general del partido hace quince meses. Ahora volver&aacute; a hacerlo, aunque la mitad del recorrido ya lo ha hecho en su intensa precampa&ntilde;a. Todo est&aacute; preparado para que en las pr&oacute;ximas dos semanas, ya en campa&ntilde;a oficial, el l&iacute;der socialista recorra una docena de regiones donde dejar&aacute; el mensaje de que el PSOE, &quot;de nuevo&quot;, vuelve a ser el partido que pondr&aacute; en marcha las transformaciones que necesita Espa&ntilde;a. &quot;Un futuro para la mayor&iacute;a&quot;, es el lema escogido para esta campa&ntilde;a que ayer present&oacute; el secretario de Organizaci&oacute;n y coordinador de la misma, C&eacute;sar Luena.</SPAN><SPAN CLASS="c2">&nbsp;</SPAN></P>
<P CLASS="c10"><SPAN CLASS="c2">&quot;Termina una legislatura de mentiras y de desigualdad y tiene que empezar un tiempo de justicia. Estos cuatro a&ntilde;os de Rajoy tienen que ser un tiempo del que aprender para no repetir. Los socialistas queremos asumir la responsabilidad, somos el &uacute;nico partido que tiene un proyecto alternativo capaz de ser mayoritario&quot;, expuso Luena. El PP, y su presidente Mariano Rajoy, son el adversario central.</SPAN></P>
<P CLASS="c10"><SPAN CLASS="c2">Entre los estrategas de la campa&ntilde;a socialista no ha cambiado la l&iacute;nea central de ataque al partido del Gobierno a pesar del avance de </SPAN><SPAN CLASS="c4">Ciudadanos</SPAN><SPAN CLASS="c2"> y la nutrida representaci&oacute;n que, a pesar de la tendencia descendente, tiene Podemos. Solo hay dos opciones de Gobierno, PP o PSOE, sostendr&aacute; S&aacute;nchez, aunque las encuestas colocan a </SPAN><SPAN CLASS="c4">Ciudadanos</SPAN><SPAN CLASS="c2"> con opciones de gobernar. Los socialistas estiman que la intenci&oacute;n de voto hacia el partido de </SPAN><SPAN CLASS="c4">Albert Rivera</SPAN><SPAN CLASS="c2"> est&aacute; sobrevalorada y que, al final, en las urnas no ser&aacute; as&iacute; y quedar&aacute;n a una distancia considerable de ellos. Podemos, quedar&aacute; en cuarto lugar, coinciden los socialistas con la mayor&iacute;a de las encuestas.</SPAN></P>
<P CLASS="c10"><SPAN CLASS="c2">Gobiernos &quot;justos&quot;</SPAN></P>
<P CLASS="c10"><SPAN CLASS="c2">Esa ordenaci&oacute;n, sin embargo, no impedir&aacute; que esos dos partidos obtengan millones de votos, admite el PSOE de forma realista. La campa&ntilde;a se centrar&aacute; en tratar de convencer a todos los que no quieran que el PP vuelva a gobernar que no apoyen a ninguno de los dos partidos emergentes. En esta tarea el PSOE va a estar unido hasta el pr&oacute;ximo 20 de diciembre. En la organizaci&oacute;n de campa&ntilde;a figuran todos los l&iacute;deres territoriales, los alcaldes, los cargos p&uacute;blicos, los aspirantes a diputados y senadores y los expresidentes del Gobierno. Felipe Gonz&aacute;lez har&aacute; al menos cuatro actos y coincidir&aacute; en uno con el candidato S&aacute;nchez y con el presidente extreme&ntilde;o, Guillermo Fern&aacute;ndez Vara, el 15 de diciembre en Badajoz.</SPAN></P>
<P CLASS="c10"><SPAN CLASS="c2">La presidenta andaluza, Susana D&iacute;az, y el expresidente cerrar&aacute;n la campa&ntilde;a en Sevilla. Tambi&eacute;n en Andaluc&iacute;a Susana D&iacute;az compartir&aacute; escenario con el exjefe del Ejecutivo Jos&eacute; Luis Rodr&iacute;guez Zapatero que, al menos, tiene cuatro actos y alguno m&aacute;s si su agenda se lo permite ya que estar&aacute; en Venezuela invitado por la Organizaci&oacute;n de Estados Americanos (OEA) como observador en las elecciones de legislativas de ese pa&iacute;s.</SPAN></P>
<P CLASS="c10"><SPAN CLASS="c2">El candidato socialista y sus estrategas han decidido incorporar a la campa&ntilde;a la reivindicaci&oacute;n de todo el legado de los gobiernos socialistas. Seg&uacute;n su percepci&oacute;n, la baza de la experiencia del PSOE en tareas de gobierno y su gesti&oacute;n global supera las zonas oscuras de los gobiernos socialistas. Si Felipe Gonz&aacute;lez fue el hacedor de las grandes reformas y la implantaci&oacute;n del Estado de bienestar, Zapatero es el impulsor de nuevos derechos sociales y civiles. Esa reivindicaci&oacute;n del legado socialista estar&aacute; en boca de los presidentes auton&oacute;micos aunque S&aacute;nchez les pondr&aacute; a ellos como ejemplo de gobiernos &quot;justos&quot;.</SPAN></P>
<P CLASS="c10"><SPAN CLASS="c2">La campa&ntilde;a, arrancar&aacute; y terminar&aacute; en la Comunidad de Madrid y en Catalu&ntilde;a, porque S&aacute;nchez har&aacute; doblete, lo que indica la relevancia de esas comunidades, junto a Valencia y Andaluc&iacute;a, por el alto n&uacute;mero de esca&ntilde;os que entran en el reparto. El candidato socialista celebrar&aacute; dos actos con la presidenta andaluza pero ella en solitario har&aacute; una campa&ntilde;a muy intensa. Tanto como el anterior candidato Alfredo P&eacute;rez Rubalcaba que participar&aacute; en una decena de actos. El presupuesto de la campa&ntilde;a ser&aacute; de 9 millones de euros, un 30% menos que las anteriores generales.</SPAN></P>
</DIV>
<BR><DIV CLASS="c5"><P CLASS="c6"><SPAN CLASS="c9">LANGUAGE: </SPAN><SPAN CLASS="c2">SPANISH; ESPA&Ntilde;OL</SPAN></P>
</DIV>
<BR><DIV CLASS="c5"><P CLASS="c6"><SPAN CLASS="c9">PUBLICATION-TYPE: </SPAN><SPAN CLASS="c2">Peri&oacute;dico</SPAN></P>
</DIV>
<BR><DIV CLASS="c5"><P CLASS="c6"><SPAN CLASS="c9">SUBJECT: </SPAN><SPAN CLASS="c2">Pol&iacute;tica (93%)</SPAN></P>
</DIV>
<BR><DIV CLASS="c5"><P CLASS="c6"><SPAN CLASS="c9">IPTC SUBJECT: </SPAN><SPAN CLASS="c2">Politica</SPAN></P>
</DIV>
<BR><DIV CLASS="c5"><P CLASS="c6"><SPAN CLASS="c9">LOAD-DATE: </SPAN><SPAN CLASS="c2">December 1, 2015</SPAN></P>
</DIV>
<BR><DIV CLASS="c0"><BR><P CLASS="c1"><SPAN CLASS="c2">Copyright 2015 El Pais Internacional S.A.<BR>All Rights Reserved</SPAN></P>
</DIV>
</BODY>
</HTML>