<HTML>
<HEAD>
<STYLE TYPE="text/css">
.c0 { text-align: center; }
.c1 { text-align: center; margin-top: 0em; margin-bottom: 0em; }
.c2 { font-family: 'Courier New',Courier; font-size: 10pt; font-style: normal; font-weight: normal; color: #000000; text-decoration: none; }
.c3 { text-align: center; margin-left: 13%; margin-right: 13%; }
.c4 { font-family: 'Courier New',Courier; font-size: 10pt; font-style: normal; font-weight: bold; color: #CC0033; text-decoration: none; }
.c5 { text-align: left; }
.c6 { text-align: left; margin-top: 0em; margin-bottom: 0em; }
.c7 { font-family: 'Courier New',Courier; font-size: 14pt; font-style: normal; font-weight: bold; color: #000000; text-decoration: none; }
.c8 { font-family: 'Courier New',Courier; font-size: 14pt; font-style: normal; font-weight: bold; color: #CC0033; text-decoration: none; }
.c9 { font-family: 'Courier New',Courier; font-size: 10pt; font-style: normal; font-weight: bold; color: #000000; text-decoration: none; }
.c10 { text-align: left; margin-top: 1em; margin-bottom: 0em; }
.c11 { page-break-before: always; }
</STYLE>
</HEAD>
<BODY>
<BR><DIV CLASS="c0"><P CLASS="c1"><SPAN CLASS="c2">521 of 935 DOCUMENTS</SPAN></P>
</DIV>
<BR><DIV CLASS="c0"><BR><P CLASS="c1"><IMG SRC="http://www.lexisnexis.com/lnacui2api/results/docview/attachRetrieve.do?smi=LOGOS&key=38401&componentseq=1&type=logo&inline=y" ALT="http://www.lexisnexis.com/lnacui2api/results/docview/attachRetrieve.do?smi=LOGOS&key=38401&componentseq=1&type=logo&inline=y"><BR><SPAN CLASS="c2">El Pais</SPAN></P>
</DIV>
<BR><DIV CLASS="c3"><P CLASS="c1"><SPAN CLASS="c4">November</SPAN><SPAN CLASS="c2"> 26, 2015 Thursday</SPAN><SPAN CLASS="c2">&nbsp;</SPAN><SPAN CLASS="c2">&nbsp;<BR>Andaluc&iacute;a Edici&oacute;n</SPAN></P>
</DIV>
<BR><DIV CLASS="c5"><P CLASS="c6"><SPAN CLASS="c7">La oposici&oacute;n acusa a Rajoy de &quot;huir de los debates&quot;</SPAN></P>
</DIV>
<BR><DIV CLASS="c5"><P CLASS="c6"><SPAN CLASS="c9">BYLINE: </SPAN><SPAN CLASS="c2">ANABEL D&Iacute;EZ/ JAVIER CASQUEIRO</SPAN></P>
</DIV>
<BR><DIV CLASS="c5"><P CLASS="c6"><SPAN CLASS="c9">SECTION: </SPAN><SPAN CLASS="c2">ESPA&ntilde;A; Base; P&aacute;g. 21</SPAN></P>
</DIV>
<BR><DIV CLASS="c5"><P CLASS="c6"><SPAN CLASS="c9">LENGTH: </SPAN><SPAN CLASS="c2">568 words</SPAN></P>
</DIV>
<BR><DIV CLASS="c5"><P CLASS="c6"><SPAN CLASS="c9">DATELINE: </SPAN><SPAN CLASS="c2">Madrid </SPAN></P>
</DIV>
<BR><DIV CLASS="c5"><P CLASS="c10"><SPAN CLASS="c2">El l&iacute;der del PSOE, Pedro S&aacute;nchez, mantendr&aacute; tres debates electorales en tanto que el candidato del PP, Mariano Rajoy, solo se ha avenido a celebrar uno, con el rival socialista. El presidente solo intervendr&aacute; en el acto organizado por la Academia de la Televisi&oacute;n (ATV) con el argumento de que todas las televisiones puedan conectarse. Rajoy estar&aacute; en programas con &eacute;l como &uacute;nico protagonista. S&aacute;nchez, que participar&aacute; en el encuentro digital organizado por EL PA&Iacute;S el d&iacute;a 30, le acusa de &quot;huir de los debates&quot;. Tambi&eacute;n </SPAN><SPAN CLASS="c4">Ciudadanos</SPAN><SPAN CLASS="c2"> y Podemos.</SPAN><SPAN CLASS="c2">&nbsp;</SPAN></P>
<P CLASS="c10"><SPAN CLASS="c2">Las negociaciones de los partidos pol&iacute;ticos en torno a los debates comenzaron hace casi un mes, aunque el guion establecido por el comit&eacute; de campa&ntilde;a del PP no ha variado un &aacute;pice. Desde el primer momento, el equipo electoral de los populares decidi&oacute; que Rajoy solo celebrase un debate y con Pedro S&aacute;nchez, candidato del PSOE. Las numerosas variables presentadas por el responsable de las negociaciones del PSOE, &Oacute;scar L&oacute;pez, para que Rajoy flexibilizara tan exigua disponibilidad fueron sistem&aacute;ticamente rechazadas. Al PP solo le interesa marcar el perfil &quot;presidencial&quot; y nada tiene que ganar con enfrentarse a otros pol&iacute;ticos m&aacute;s j&oacute;venes y con gran dominio del medio televisivo, seg&uacute;n fuentes del PP. Rajoy ha optado por una estrategia televisiva y medi&aacute;tica m&aacute;s c&oacute;moda. Anoche acudi&oacute; a la cadena Cope para comentar un partido de Champions del Real Madrid, su equipo. Semanas atr&aacute;s, fue entrevistado por Jos&eacute; Ram&oacute;n de la Morena en El Larguero de la cadena SER.</SPAN></P>
<P CLASS="c10"><SPAN CLASS="c2">El presidente ser&aacute; entrevistado el lunes 30 de noviembre, a las 21.00, en Telecinco, a la misma hora que se celebrar&aacute; en directo el primer gran debate digital entre los candidatos en la web de EL PA&Iacute;S, que se distribuir&aacute; a todos los medios que quieran conectarse.La Moncloa justific&oacute; su ausencia por tener la agenda repleta. Fuentes del comit&eacute; de campa&ntilde;a del PP improvisaron ayer otro argumento, al mantener que la entrevista en esa cadena se cerr&oacute; antes de conocerse el debate que EL PA&Iacute;S, lleva semanas organizando.</SPAN></P>
<P CLASS="c10"><SPAN CLASS="c2">Con Bert&iacute;n Osborne</SPAN></P>
<P CLASS="c10"><SPAN CLASS="c2">El candidato del PP, adem&aacute;s, acudir&aacute; la pr&oacute;xima semana a TVE al programa de Bert&iacute;n Osborne y estar&aacute; en Telecinco con Mar&iacute;a Teresa Campos. Los otros candidatos acudir&aacute;n a estos o similares programas pero sin dejar los debates.</SPAN></P>
<P CLASS="c10"><SPAN CLASS="c2">S&aacute;nchez, celebrar&aacute; tres y dos Pablo Iglesias y </SPAN><SPAN CLASS="c4">Albert Rivera.</SPAN><SPAN CLASS="c2"> Los tres han criticado que Rajoy no participe en el debate que celebrar&aacute; EL PA&Iacute;S. &quot;Desgraciadamente, tenemos un presidente que huye de los debates, que se esconde, y con ello desprecia a la democracia, a los espa&ntilde;oles y no merece seguir siendo presidente del Gobierno&quot;, le recrimin&oacute; S&aacute;nchez.</SPAN></P>
<P CLASS="c10"><SPAN CLASS="c2">Los socialistas no ocultan su incomodidad porque no sea Rajoy quien acuda a otro debate, el 7 de diciembre, sino la vicepresidenta, Soraya S&aacute;enz de Santamar&iacute;a, pero, finalmente, ha pesado m&aacute;s la tesis de no dejar la silla vac&iacute;a. &quot;No somos como Rajoy, y Pedro S&aacute;nchez no reh&uacute;ye ning&uacute;n debate&quot;, explic&oacute; &Oacute;scar L&oacute;pez. Algunos dirigentes territoriales socialistas tienen dudas sobre la conveniencia de aceptar un debate con Santamar&iacute;a, que no es candidata a la presidencia. En </SPAN><SPAN CLASS="c4">Ciudadanos</SPAN><SPAN CLASS="c2"> ha habido un debate similar pero, al final, ven m&aacute;s ventajas que inconvenientes. EL PA&Iacute;S no acept&oacute; a la vicepresidenta en su debate de los candidatos a La Moncloa porque para este se ha dise&ntilde;ado un programa que no preve&iacute;a la posibilidad de que los segundos ocupen el sitio cedido a los l&iacute;deres si estos declinaban.</SPAN></P>
</DIV>
<BR><DIV CLASS="c5"><P CLASS="c6"><SPAN CLASS="c9">LANGUAGE: </SPAN><SPAN CLASS="c2">SPANISH; ESPA&Ntilde;OL</SPAN></P>
</DIV>
<BR><DIV CLASS="c5"><P CLASS="c6"><SPAN CLASS="c9">PUBLICATION-TYPE: </SPAN><SPAN CLASS="c2">Peri&oacute;dico</SPAN></P>
</DIV>
<BR><DIV CLASS="c5"><P CLASS="c6"><SPAN CLASS="c9">SUBJECT: </SPAN><SPAN CLASS="c2">Pol&iacute;tica (93%)</SPAN></P>
</DIV>
<BR><DIV CLASS="c5"><P CLASS="c6"><SPAN CLASS="c9">IPTC SUBJECT: </SPAN><SPAN CLASS="c2">Politica</SPAN></P>
</DIV>
<BR><DIV CLASS="c5"><P CLASS="c6"><SPAN CLASS="c9">LOAD-DATE: </SPAN><SPAN CLASS="c2">November 25, 2015</SPAN></P>
</DIV>
<BR><DIV CLASS="c0"><BR><P CLASS="c1"><SPAN CLASS="c2">Copyright 2015 El Pais Internacional S.A.<BR>All Rights Reserved</SPAN></P>
</DIV>
</BODY>
</HTML>