<HTML>
<HEAD>
<STYLE TYPE="text/css">
.c0 { text-align: center; }
.c1 { text-align: center; margin-top: 0em; margin-bottom: 0em; }
.c2 { font-family: 'Courier New',Courier; font-size: 10pt; font-style: normal; font-weight: normal; color: #000000; text-decoration: none; }
.c3 { text-align: center; margin-left: 13%; margin-right: 13%; }
.c4 { font-family: 'Courier New',Courier; font-size: 10pt; font-style: normal; font-weight: bold; color: #CC0033; text-decoration: none; }
.c5 { text-align: left; }
.c6 { text-align: left; margin-top: 0em; margin-bottom: 0em; }
.c7 { font-family: 'Courier New',Courier; font-size: 14pt; font-style: normal; font-weight: bold; color: #000000; text-decoration: none; }
.c8 { font-family: 'Courier New',Courier; font-size: 14pt; font-style: normal; font-weight: bold; color: #CC0033; text-decoration: none; }
.c9 { font-family: 'Courier New',Courier; font-size: 10pt; font-style: normal; font-weight: bold; color: #000000; text-decoration: none; }
.c10 { text-align: left; margin-top: 1em; margin-bottom: 0em; }
.c11 { page-break-before: always; }
</STYLE>
</HEAD>
<BODY>
<BR><DIV CLASS="c0"><P CLASS="c1"><SPAN CLASS="c2">194 of 935 DOCUMENTS</SPAN></P>
</DIV>
<BR><DIV CLASS="c0"><BR><P CLASS="c1"><IMG SRC="http://www.lexisnexis.com/lnacui2api/results/docview/attachRetrieve.do?smi=LOGOS&key=38401&componentseq=1&type=logo&inline=y" ALT="http://www.lexisnexis.com/lnacui2api/results/docview/attachRetrieve.do?smi=LOGOS&key=38401&componentseq=1&type=logo&inline=y"><BR><SPAN CLASS="c2">El Pais</SPAN></P>
</DIV>
<BR><DIV CLASS="c3"><P CLASS="c1"><SPAN CLASS="c4">January</SPAN><SPAN CLASS="c2"> 18, 2016 Monday</SPAN><SPAN CLASS="c2">&nbsp;</SPAN><SPAN CLASS="c2">&nbsp;<BR>Andaluc&iacute;a Edici&oacute;n</SPAN></P>
</DIV>
<BR><DIV CLASS="c5"><P CLASS="c6"><SPAN CLASS="c8">Ciudadanos</SPAN><SPAN CLASS="c7"> reivindica su capacidad para pactar con PP y PSOE</SPAN></P>
</DIV>
<BR><DIV CLASS="c5"><P CLASS="c6"><SPAN CLASS="c9">BYLINE: </SPAN><SPAN CLASS="c2">JUAN JOS&Eacute; MATEO</SPAN></P>
</DIV>
<BR><DIV CLASS="c5"><P CLASS="c6"><SPAN CLASS="c9">SECTION: </SPAN><SPAN CLASS="c2">ESPA&ntilde;A; Base; P&aacute;g. 24</SPAN></P>
</DIV>
<BR><DIV CLASS="c5"><P CLASS="c6"><SPAN CLASS="c9">LENGTH: </SPAN><SPAN CLASS="c2">382 words</SPAN></P>
</DIV>
<BR><DIV CLASS="c5"><P CLASS="c6"><SPAN CLASS="c9">DATELINE: </SPAN><SPAN CLASS="c2">Madrid </SPAN></P>
</DIV>
<BR><DIV CLASS="c5"><P CLASS="c10"><SPAN CLASS="c2">Los votantes espa&ntilde;oles valoran la capacidad de </SPAN><SPAN CLASS="c4">Ciudadanos</SPAN><SPAN CLASS="c2"> para pactar a derecha e izquierda, y su voluntad de actuar como mediador entre PP y PSOE para lograr grandes acuerdos de Estado. Esa es la explicaci&oacute;n que le dan los dirigentes del partido de </SPAN><SPAN CLASS="c4">Albert Rivera</SPAN><SPAN CLASS="c2"> al &uacute;ltimo sondeo de Metroscopia para EL PA&Iacute;S, en el que </SPAN><SPAN CLASS="c4">Ciudadanos</SPAN><SPAN CLASS="c2"> sube casi un 3% en estimaci&oacute;n de voto sobre el resultado que consigui&oacute; en las elecciones generales del 20-D. Entonces, logr&oacute; 40 diputados y entr&oacute; con fuerza en el Congreso, pero se qued&oacute; muy por detr&aacute;s de las expectativas alimentadas por las encuestas.</SPAN><SPAN CLASS="c2">&nbsp;</SPAN></P>
<P CLASS="c10"><SPAN CLASS="c2">&quot;Los espa&ntilde;oles han votado cambio, pero tambi&eacute;n han votado di&aacute;logo&quot;, opin&oacute; Fernando de P&aacute;ramo, secretario de Comunicaci&oacute;n del partido de Rivera. &quot;Un ejemplo de la pol&iacute;tica de di&aacute;logo que est&aacute; liderando </SPAN><SPAN CLASS="c4">Ciudadanos</SPAN><SPAN CLASS="c2"> es el primer gran consenso [de la legis-latura], que ha permitido tener una Mesa del Congreso m&aacute;s plural poniendo de acuerdo a PP y PSOE&quot;, a&ntilde;adi&oacute;.</SPAN></P>
<P CLASS="c10"><SPAN CLASS="c2">Aunque los 40 diputados de </SPAN><SPAN CLASS="c4">Ciudadanos</SPAN><SPAN CLASS="c2"> son intrascendentes por s&iacute; mismos para decidir el Gobierno, la hoja de ruta dise&ntilde;ada por los estrategas del partido no descarta volver a mediar entre PP y PSOE para impulsar la formaci&oacute;n de una mayor&iacute;a estable que permita formar el Ejecutivo.</SPAN></P>
<P CLASS="c10"><SPAN CLASS="c2">Elecciones auton&oacute;micas</SPAN></P>
<P CLASS="c10"><SPAN CLASS="c2">El 23 de diciembre, Rivera ya propuso que los tres partidos formaran una mesa de negociaciones para pactar una hoja de ruta reformista que fuera la base de un acuerdo para la legislatura. </SPAN><SPAN CLASS="c4">Ciudadanos</SPAN><SPAN CLASS="c2">, sin embargo, cree que ahora es el momento de que Mariano Rajoy encabece las negociaciones, seg&uacute;n fuentes consultadas. El partido de Rivera solo se plantear&aacute; actuar como mediador si los intentos del candidato del PP no fructifican.</SPAN></P>
<P CLASS="c10"><SPAN CLASS="c2">&quot;Los espa&ntilde;oles premian a los que son capaces de dialogar con los dem&aacute;s aunque piensen distinto&quot;, opin&oacute; De P&aacute;ramo, que record&oacute; que tras las elecciones auton&oacute;micas de 2015 las encuestas evolucionaron de similar manera a como lo est&aacute;n haciendo ahora.</SPAN></P>
<P CLASS="c10"><SPAN CLASS="c2">Entonces, seg&uacute;n analizan en el partido, primero les penaliz&oacute; el desgaste de las negociaciones con otras formaciones. Despu&eacute;s, seg&uacute;n opinan desde la Ejecutiva, les impuls&oacute; el llegar a acuerdos para investir como presidentes auton&oacute;micos tanto a candidatos del PSOE (Andaluc&iacute;a) como del PP (Madrid, La Rioja, Castilla y Le&oacute;n y Murcia), sin entrar en ninguno de sus Gobiernos.</SPAN></P>
</DIV>
<BR><DIV CLASS="c5"><P CLASS="c6"><SPAN CLASS="c9">LANGUAGE: </SPAN><SPAN CLASS="c2">SPANISH; ESPA&Ntilde;OL</SPAN></P>
</DIV>
<BR><DIV CLASS="c5"><P CLASS="c6"><SPAN CLASS="c9">PUBLICATION-TYPE: </SPAN><SPAN CLASS="c2">Peri&oacute;dico</SPAN></P>
</DIV>
<BR><DIV CLASS="c5"><P CLASS="c6"><SPAN CLASS="c9">SUBJECT: </SPAN><SPAN CLASS="c2">Pol&iacute;tica (93%)</SPAN></P>
</DIV>
<BR><DIV CLASS="c5"><P CLASS="c6"><SPAN CLASS="c9">IPTC SUBJECT: </SPAN><SPAN CLASS="c2">Politica</SPAN></P>
</DIV>
<BR><DIV CLASS="c5"><P CLASS="c6"><SPAN CLASS="c9">LOAD-DATE: </SPAN><SPAN CLASS="c2">January 17, 2016</SPAN></P>
</DIV>
<BR><DIV CLASS="c0"><BR><P CLASS="c1"><SPAN CLASS="c2">Copyright 2016 El Pais Internacional S.A.<BR>All Rights Reserved</SPAN></P>
</DIV>
</BODY>
</HTML>