<HTML>
<HEAD>
<STYLE TYPE="text/css">
.c0 { text-align: center; }
.c1 { text-align: center; margin-top: 0em; margin-bottom: 0em; }
.c2 { font-family: 'Courier New',Courier; font-size: 10pt; font-style: normal; font-weight: normal; color: #000000; text-decoration: none; }
.c3 { text-align: center; margin-left: 13%; margin-right: 13%; }
.c4 { font-family: 'Courier New',Courier; font-size: 10pt; font-style: normal; font-weight: bold; color: #CC0033; text-decoration: none; }
.c5 { text-align: left; }
.c6 { text-align: left; margin-top: 0em; margin-bottom: 0em; }
.c7 { font-family: 'Courier New',Courier; font-size: 14pt; font-style: normal; font-weight: bold; color: #000000; text-decoration: none; }
.c8 { font-family: 'Courier New',Courier; font-size: 14pt; font-style: normal; font-weight: bold; color: #CC0033; text-decoration: none; }
.c9 { font-family: 'Courier New',Courier; font-size: 10pt; font-style: normal; font-weight: bold; color: #000000; text-decoration: none; }
.c10 { text-align: left; margin-top: 1em; margin-bottom: 0em; }
.c11 { page-break-before: always; }
</STYLE>
</HEAD>
<BODY>
<BR><DIV CLASS="c0"><P CLASS="c1"><SPAN CLASS="c2">241 of 935 DOCUMENTS</SPAN></P>
</DIV>
<BR><DIV CLASS="c0"><BR><P CLASS="c1"><IMG SRC="http://www.lexisnexis.com/lnacui2api/results/docview/attachRetrieve.do?smi=LOGOS&key=38401&componentseq=1&type=logo&inline=y" ALT="http://www.lexisnexis.com/lnacui2api/results/docview/attachRetrieve.do?smi=LOGOS&key=38401&componentseq=1&type=logo&inline=y"><BR><SPAN CLASS="c2">El Pais</SPAN></P>
</DIV>
<BR><DIV CLASS="c3"><P CLASS="c1"><SPAN CLASS="c4">December</SPAN><SPAN CLASS="c2"> 16, 2015 Wednesday</SPAN><SPAN CLASS="c2">&nbsp;</SPAN><SPAN CLASS="c2">&nbsp;<BR>2&ordf; Ed. Madrid Edici&oacute;n</SPAN></P>
</DIV>
<BR><DIV CLASS="c5"><P CLASS="c6"><SPAN CLASS="c7">Rivera defender&aacute; hoy en Euskadi la supresi&oacute;n del Concierto El candidato no visita Navarra, donde </SPAN><SPAN CLASS="c8">Ciudadanos</SPAN><SPAN CLASS="c7"> carece de representaci&oacute;n</SPAN></P>
</DIV>
<BR><DIV CLASS="c5"><P CLASS="c6"><SPAN CLASS="c9">BYLINE: </SPAN><SPAN CLASS="c2">JUAN JOS&Eacute; MATEO</SPAN></P>
</DIV>
<BR><DIV CLASS="c5"><P CLASS="c6"><SPAN CLASS="c9">SECTION: </SPAN><SPAN CLASS="c2">ESPA&ntilde;A; Base; P&aacute;g. 24</SPAN></P>
</DIV>
<BR><DIV CLASS="c5"><P CLASS="c6"><SPAN CLASS="c9">LENGTH: </SPAN><SPAN CLASS="c2">425 words</SPAN></P>
</DIV>
<BR><DIV CLASS="c5"><P CLASS="c6"><SPAN CLASS="c9">DATELINE: </SPAN><SPAN CLASS="c2">Guadalajara </SPAN></P>
</DIV>
<BR><DIV CLASS="c5"><P CLASS="c10"><SPAN CLASS="c4">Albert Rivera</SPAN><SPAN CLASS="c2"> defender&aacute; hoy en el Pa&iacute;s Vasco su propuesta electoral de recalcular los cupos vasco y navarro como paso previo a eliminar los conciertos econ&oacute;micos de ambas comunidades en un plazo de tiempo indeterminado. Navarra -donde </SPAN><SPAN CLASS="c4">Ciudadanos</SPAN><SPAN CLASS="c2"> no obtuvo representaci&oacute;n en las elecciones del 24-M- se ha convertido en la &uacute;nica autonom&iacute;a que se ha quedado fuera de la campa&ntilde;a electoral del candidato. Aunque no hay elecciones vascas hasta 2016, los estrategas de la formaci&oacute;n admiten que su propuesta les penaliza y que las perspectivas ante las generales no son halag&uuml;e&ntilde;as para sus intereses.</SPAN><SPAN CLASS="c2">&nbsp;</SPAN></P>
<P CLASS="c10"><SPAN CLASS="c2">&quot;El proceso de armonizaci&oacute;n fiscal a nivel europeo (...) tendr&aacute; como punto final la sustituci&oacute;n del sistema de concierto vasco y navarro por el r&eacute;gimen general&quot;, reza el documento de reforma de la formaci&oacute;n. &quot;Mientras, es necesario revisar el actual sistema de cupo (...) para garantizar ciertas peculiaridades institucionales, pero no unos resultados financieros favorables (...) El r&eacute;gimen de concierto no deber&iacute;a dar lugar a ning&uacute;n tipo de desigualdad&quot;.</SPAN></P>
<P CLASS="c10"><SPAN CLASS="c2">&quot;Planteamos una reforma de los conciertos, que se incorporen a la caja com&uacute;n. Tenemos que garantizar los Estatutos de autonom&iacute;a, competencias y suficiencia financiera, pero no hacerlos incompatibles con una caja com&uacute;n federal&quot;, argument&oacute; Rivera en conversaci&oacute;n con EL PA&Iacute;S. &quot;Nuestro modelo de caja com&uacute;n y autonom&iacute;a financiera es compatible con ese concierto que tiene que ir en un futuro hacia una caja com&uacute;n espa&ntilde;ola&quot;, a&ntilde;adi&oacute; el l&iacute;der de </SPAN><SPAN CLASS="c4">Ciudadanos</SPAN><SPAN CLASS="c2">, que entre la precampa&ntilde;a y la campa&ntilde;a ha recorrido toda la geograf&iacute;a espa&ntilde;ola, con las &uacute;nicas excepciones de Ceuta y Navarra. &quot;Europa nos est&aacute; diciendo que tendremos que acabar con una caja com&uacute;n espa&ntilde;ola y una caja com&uacute;n europea. Algunos, especialmente los nacionalistas, han confundido autonom&iacute;a con no compartir una caja com&uacute;n. Creo en un modelo como el de Alemania&quot;.</SPAN></P>
<P CLASS="c10"><SPAN CLASS="c2">Cita en Bruselas</SPAN></P>
<P CLASS="c10"><SPAN CLASS="c2">Adem&aacute;s, Rivera vivir&aacute; ma&ntilde;ana el episodio que culmina su proyecto de mostrarse como un l&iacute;der capacitado para gestionar los retos de Espa&ntilde;a: viajar&aacute; a Bruselas para reunirse con siete primeros ministros europeos -B&eacute;lgica, Holanda, Dinamarca, Finlandia, Estonia, Eslovenia y Luxemburgo- y cuatro comisarios de la UE de partidos de centro.</SPAN></P>
<P CLASS="c10"><SPAN CLASS="c2">Esa ser&aacute; la foto con la que Rivera intente transmitir que el centro no es una rareza, sino una opci&oacute;n de Gobierno. Que su candidatura cuenta con apoyos internacionales. Y que la apuesta de </SPAN><SPAN CLASS="c4">Ciudadanos</SPAN><SPAN CLASS="c2"> tiene eco en Bruselas: frente al bipartidismo del PP y el PSOE, el l&iacute;der de </SPAN><SPAN CLASS="c4">Ciudadanos</SPAN><SPAN CLASS="c2"> ofrecer&aacute; a siete primeros ministros europeos.</SPAN></P>
</DIV>
<BR><DIV CLASS="c5"><P CLASS="c6"><SPAN CLASS="c9">LANGUAGE: </SPAN><SPAN CLASS="c2">SPANISH; ESPA&Ntilde;OL</SPAN></P>
</DIV>
<BR><DIV CLASS="c5"><P CLASS="c6"><SPAN CLASS="c9">PUBLICATION-TYPE: </SPAN><SPAN CLASS="c2">Peri&oacute;dico</SPAN></P>
</DIV>
<BR><DIV CLASS="c5"><P CLASS="c6"><SPAN CLASS="c9">SUBJECT: </SPAN><SPAN CLASS="c2">Pol&iacute;tica (94%)</SPAN></P>
</DIV>
<BR><DIV CLASS="c5"><P CLASS="c6"><SPAN CLASS="c9">IPTC SUBJECT: </SPAN><SPAN CLASS="c2">Politica</SPAN></P>
</DIV>
<BR><DIV CLASS="c5"><P CLASS="c6"><SPAN CLASS="c9">LOAD-DATE: </SPAN><SPAN CLASS="c2">December 15, 2015</SPAN></P>
</DIV>
<BR><DIV CLASS="c0"><BR><P CLASS="c1"><SPAN CLASS="c2">Copyright 2015 El Pais Internacional S.A.<BR>All Rights Reserved</SPAN></P>
</DIV>
</BODY>
</HTML>