<HTML>
<HEAD>
<STYLE TYPE="text/css">
.c0 { text-align: center; }
.c1 { text-align: center; margin-top: 0em; margin-bottom: 0em; }
.c2 { font-family: 'Courier New',Courier; font-size: 10pt; font-style: normal; font-weight: normal; color: #000000; text-decoration: none; }
.c3 { text-align: center; margin-left: 13%; margin-right: 13%; }
.c4 { font-family: 'Courier New',Courier; font-size: 10pt; font-style: normal; font-weight: bold; color: #CC0033; text-decoration: none; }
.c5 { text-align: left; }
.c6 { text-align: left; margin-top: 0em; margin-bottom: 0em; }
.c7 { font-family: 'Courier New',Courier; font-size: 14pt; font-style: normal; font-weight: bold; color: #000000; text-decoration: none; }
.c8 { font-family: 'Courier New',Courier; font-size: 14pt; font-style: normal; font-weight: bold; color: #CC0033; text-decoration: none; }
.c9 { font-family: 'Courier New',Courier; font-size: 10pt; font-style: normal; font-weight: bold; color: #000000; text-decoration: none; }
.c10 { text-align: left; margin-top: 1em; margin-bottom: 0em; }
.c11 { page-break-before: always; }
</STYLE>
</HEAD>
<BODY>
<BR><DIV CLASS="c0"><P CLASS="c1"><SPAN CLASS="c2">35 of 935 DOCUMENTS</SPAN></P>
</DIV>
<BR><DIV CLASS="c0"><BR><P CLASS="c1"><IMG SRC="http://www.lexisnexis.com/lnacui2api/results/docview/attachRetrieve.do?smi=LOGOS&key=38401&componentseq=1&type=logo&inline=y" ALT="http://www.lexisnexis.com/lnacui2api/results/docview/attachRetrieve.do?smi=LOGOS&key=38401&componentseq=1&type=logo&inline=y"><BR><SPAN CLASS="c2">El Pais</SPAN></P>
</DIV>
<BR><DIV CLASS="c3"><P CLASS="c1"><SPAN CLASS="c4">December</SPAN><SPAN CLASS="c2"> 21, 2015 Monday</SPAN><SPAN CLASS="c2">&nbsp;</SPAN><SPAN CLASS="c2">&nbsp;<BR>Nacional Edici&oacute;n</SPAN></P>
</DIV>
<BR><DIV CLASS="c5"><P CLASS="c6"><SPAN CLASS="c7">Gana el PP sin votos para gobernar</SPAN></P>
</DIV>
<BR><DIV CLASS="c5"><P CLASS="c6"><SPAN CLASS="c9">BYLINE: </SPAN><SPAN CLASS="c2">FERNANDO GAREA</SPAN></P>
</DIV>
<BR><DIV CLASS="c5"><P CLASS="c6"><SPAN CLASS="c9">SECTION: </SPAN><SPAN CLASS="c2">ESPA&ntilde;A; Base; P&aacute;g. 23 [AN] UN PARLAMENTO FRAGMENTADO</SPAN></P>
</DIV>
<BR><DIV CLASS="c5"><P CLASS="c6"><SPAN CLASS="c9">LENGTH: </SPAN><SPAN CLASS="c2">1137 words</SPAN></P>
</DIV>
<BR><DIV CLASS="c5"><P CLASS="c6"><SPAN CLASS="c9">DATELINE: </SPAN><SPAN CLASS="c2">Madrid </SPAN></P>
</DIV>
<BR><DIV CLASS="c5"><P CLASS="c10"><SPAN CLASS="c2">Una nueva etapa pol&iacute;tica empieza desde hoy con la necesidad de acuerdos y una ins&oacute;lita incertidumbre. La irrupci&oacute;n con fuerza en el Parlamento de </SPAN><SPAN CLASS="c4">Ciudadanos</SPAN><SPAN CLASS="c2"> y, especialmente, de Podemos dibuja un nuevo tablero en el que el PP es el m&aacute;s votado, pero con menos del 30% de las papeletas y con muchas dificultades para formar Gobierno. El nuevo Parlamento ser&aacute; un puzle con m&aacute;s piezas de las que ten&iacute;a el anterior y, adem&aacute;s, dif&iacute;ciles de encajar por incompatibilidades entre s&iacute;. La sombra de la ingobernabilidad marcar&aacute; el d&iacute;a siguiente al 20-D, porque har&aacute; falta el acuerdo de al menos tres partidos para llegar a los 176 esca&ntilde;os de la mayor&iacute;a absoluta. El PSOE es segundo con 90 esca&ntilde;os y opciones para formar una complicada mayor&iacute;a alternativa.</SPAN></P>
<P CLASS="c10"><SPAN CLASS="c2">El PP pierde 63 diputados con respecto a 2011 y queda, con 123, muy lejos de la mayor&iacute;a absoluta, incluso aunque obtuviera el apoyo de </SPAN><SPAN CLASS="c4">Ciudadanos</SPAN><SPAN CLASS="c2">. El segundo es el PSOE, que pierde 20 parlamentarios, pero mantiene el liderazgo en la oposici&oacute;n y podr&iacute;a buscar una mayor&iacute;a alternativa. El tercero es Podemos con 69 diputados, sumando las diversas marcas con las que comparec&iacute;a. </SPAN><SPAN CLASS="c4">Ciudadanos</SPAN><SPAN CLASS="c2"> queda muy por debajo de sus expectativas: 40 esca&ntilde;os.</SPAN><SPAN CLASS="c2">&nbsp;</SPAN></P>
<P CLASS="c10"><SPAN CLASS="c2">El PP es el partido m&aacute;s votado en las elecciones m&aacute;s disputadas de la democracia, pero Mariano Rajoy lo tendr&aacute; sumamente dif&iacute;cil para formar una mayor&iacute;a que le permita gobernar. Tampoco resulta f&aacute;cil que se pueda configurar una mayor&iacute;a alternativa y, en todo caso, ser&iacute;a preciso el acuerdo de m&aacute;s de tres partidos. El PSOE y podr&iacute;a intentar una alianza de partidos de izquierda y nacionalistas, pero necesitar&iacute;a m&aacute;s de tres partidos, con complicaciones en acuerdos program&aacute;ticos.</SPAN></P>
<P CLASS="c10"><SPAN CLASS="c2">El PSOE y Podemos suman algo menos que PP y </SPAN><SPAN CLASS="c4">Ciudadanos</SPAN><SPAN CLASS="c2">. El partido de Pablo Iglesias debe decidir si gobiernan los socialistas con otros partidos m&aacute;s. Uno de los escollos para ese acuerdo es el refer&eacute;ndum que Podemos defiende realizar en Catalu&ntilde;a.</SPAN></P>
<P CLASS="c10"><SPAN CLASS="c2">Otra posibilidad es la gran coalici&oacute;n entre PP y PSOE, que los socialistas no contemplan.</SPAN></P>
<P CLASS="c10"><SPAN CLASS="c2">El PP no puede alcanzar con </SPAN><SPAN CLASS="c4">Ciudadanos</SPAN><SPAN CLASS="c2"> la mayor&iacute;a absoluta de 176 esca&ntilde;os necesaria para que Rajoy repita como presidente. </SPAN><SPAN CLASS="c4">Albert Rivera</SPAN><SPAN CLASS="c2">, cabeza de lista de </SPAN><SPAN CLASS="c4">Ciudadanos</SPAN><SPAN CLASS="c2">, repiti&oacute; durante la campa&ntilde;a que no votar&iacute;a s&iacute; en ning&uacute;n caso en esa investidura, pero aunque apoyara a Rajoy har&iacute;a falta un tercer partido para completar el puzle. Y no existen m&aacute;s opciones porque Rivera, adem&aacute;s, se mostr&oacute; incompatible con partidos nacionalistas, que son los &uacute;nicos que podr&iacute;an completar esa mayor&iacute;a con los populares.</SPAN></P>
<P CLASS="c10"><SPAN CLASS="c2">Nunca antes un partido hab&iacute;a ganado las elecciones con tan escaso porcentaje de voto y nunca antes la noche electoral hab&iacute;a dejado tan incierto el futuro. Tampoco es posible num&eacute;ricamente la opci&oacute;n admitida por </SPAN><SPAN CLASS="c4">Ciudadanos</SPAN><SPAN CLASS="c2"> en el &uacute;ltimo d&iacute;a de campa&ntilde;a, es decir, abstenci&oacute;n para facilitar la reelecci&oacute;n por mayor&iacute;a simple.</SPAN></P>
<P CLASS="c10"><SPAN CLASS="c2">El resultado est&aacute; marcado por la irrupci&oacute;n con fuerza de dos partidos nuevos: Podemos y </SPAN><SPAN CLASS="c4">Ciudadanos</SPAN><SPAN CLASS="c2">. Especialmente bueno es el resultado de la candidatura de Pablo Iglesias, aunque no llegue a la altura del PSOE en su primera comparecencia en unas elecciones generales: es tercero con 69 diputados. En ese resultado debe sumarse el de las otras tres candidaturas que concurren con nombre propio en Galicia, Catalu&ntilde;a y Valencia: En Marea Podemos, En Com&uacute; Podem y Comprom&iacute;s/Podemos/&Eacute;s El Moment, respectivamente. Aspiran a formar grupos parlamentarios distintos, pero la base es Podemos y, por tanto, en el global del resultado se le suman los votos y los esca&ntilde;os. El partido de Pablo Iglesias logra datos espectaculares en Catalu&ntilde;a y el Pa&iacute;s Vasco, donde su irrupci&oacute;n cambia por completo el escenario pol&iacute;tico.</SPAN></P>
<P CLASS="c10"><SPAN CLASS="c2">Papel de </SPAN><SPAN CLASS="c4">Ciudadanos</SPAN></P>
<P CLASS="c10"><SPAN CLASS="c4">Ciudadanos</SPAN><SPAN CLASS="c2"> queda finalmente como cuarto partido, con 40 actas. Rivera aspiraba a ser el m&aacute;s votado, pero no cumple las expectativas creadas por ellos mismos, y no es seguro que pueda convertirse en &aacute;rbitro para encajar las piezas incompatibles del nuevo Parlamento. S&iacute; puede jugar un papel destacado en el Congreso.</SPAN></P>
<P CLASS="c10"><SPAN CLASS="c2">La inestabilidad pol&iacute;tica que se dibuja es aun mayor porque es dif&iacute;cil configurar una mayor&iacute;a alternativa al PP. Nunca antes en Espa&ntilde;a ha gobernado un partido que no sea el que ha ganado las elecciones, pero nunca antes se hab&iacute;an dado unos resultados tan ajustados y un Congreso de los Diputados tan fragmentado.</SPAN></P>
<P CLASS="c10"><SPAN CLASS="c2">En esa supuesta mayor&iacute;a alternativa una de las dificultades es que </SPAN><SPAN CLASS="c4">Ciudadanos</SPAN><SPAN CLASS="c2"> tambi&eacute;n dijo en la recta final de la campa&ntilde;a que no apoyar&iacute;a un Gobierno con Podemos ni con partidos nacionalistas e independentistas. Y para sumar 176 es necesario que entre alguno de ellos junto al PSOE en una coalici&oacute;n para desalojar al PP de La Moncloa.</SPAN></P>
<P CLASS="c10"><SPAN CLASS="c2">Esa posici&oacute;n de Rivera, motivada por las radicales diferencias sobre c&oacute;mo abordar el asunto de Catalu&ntilde;a, hace imposible un buen n&uacute;mero de combinaciones que s&iacute; permitir&iacute;a la aritm&eacute;tica. Ser&iacute;a posible entre PSOE, Podemos, PNV, IU y ERC, por ejemplo.</SPAN></P>
<P CLASS="c10"><SPAN CLASS="c2">El PSOE de Pedro S&aacute;nchez cae su suelo hist&oacute;rico con 90 diputados, por debajo de su peor resultado en democracia, los 110 esca&ntilde;os que obtuvo Alfredo P&eacute;rez Rubalcaba hace cuatro a&ntilde;os. Pero aguanta, porque teniendo partidos nuevos que le acechaban a izquierda y derecha su p&eacute;rdida es menor a la esperada. Mitiga la ca&iacute;da el hecho de que la fragmentaci&oacute;n del Parlamento y, especialmente, de la izquierda obliga a que todos los grupos vean necesariamente reducido el n&uacute;mero de esca&ntilde;os en el nuevo Congreso.</SPAN></P>
<P CLASS="c10"><SPAN CLASS="c2">Y, sobre todo, logra ser segundo para en el peor de los casos liderar la oposici&oacute;n y con la paradoja es que, con ese notable descenso y siendo casi igualado por Podemos, S&aacute;nchez podr&iacute;a intentar una complicada mayor&iacute;a alternativa al PP. El PSOE, no obstante, se estrella en lugares importantes como Madrid.</SPAN></P>
<P CLASS="c10"><SPAN CLASS="c2">El PP y el PSOE sufren un notable y previsto retroceso y pasan de sumar m&aacute;s del 80% de los votos a un escaso 50%. El bipartidismo, entendido como la suma hegem&oacute;nica de ambos y la alternancia en el poder sin dificultades, cae, como estaba anunciado.</SPAN></P>
<P CLASS="c10"><SPAN CLASS="c2">La lista de Unidad Popular-IU, que encabeza Alberto Garz&oacute;n, queda con dos diputados, lejos de los cinco esca&ntilde;os que permiten formar grupo parlamentario propio. No estar&aacute; en el Congreso Josep Antoni Duran Lleida, cabeza de lista de Uni&oacute; y en ese Parlamento fragmentado no solo hay incertidumbre sobre el futuro Gobierno, sino que la habr&aacute; en las c&aacute;balas para reformas legales esenciales. Por ejemplo, la ley electoral, cuyo cambio reivindican los nuevos partidos, requiere 176 diputados. Y el PP tiene esca&ntilde;os suficientes para bloquear una reforma constitucional como la que plantean los otros tres principales partidos.</SPAN></P>
<P CLASS="c10"><SPAN CLASS="c2">Para complicar la situaci&oacute;n, el PP tendr&aacute; mayor&iacute;a absoluta en el Senado. La &uacute;ltima palabra sobre las leyes la tiene el Congreso, pero los populares podr&iacute;an poner en dificultades un Gobierno de otro signa. En la C&aacute;mara alta, por ejemplo, se vota la aplicaci&oacute;n del art&iacute;culo 155 de la Constituci&oacute;n.</SPAN></P>
</DIV>
<BR><DIV CLASS="c5"><P CLASS="c6"><SPAN CLASS="c9">LANGUAGE: </SPAN><SPAN CLASS="c2">SPANISH; ESPA&Ntilde;OL</SPAN></P>
</DIV>
<BR><DIV CLASS="c5"><P CLASS="c6"><SPAN CLASS="c9">PUBLICATION-TYPE: </SPAN><SPAN CLASS="c2">Peri&oacute;dico</SPAN></P>
</DIV>
<BR><DIV CLASS="c5"><P CLASS="c6"><SPAN CLASS="c9">SUBJECT: </SPAN><SPAN CLASS="c2">Pol&iacute;tica (93%)</SPAN></P>
</DIV>
<BR><DIV CLASS="c5"><P CLASS="c6"><SPAN CLASS="c9">IPTC SUBJECT: </SPAN><SPAN CLASS="c2">Politica</SPAN></P>
</DIV>
<BR><DIV CLASS="c5"><P CLASS="c6"><SPAN CLASS="c9">LOAD-DATE: </SPAN><SPAN CLASS="c2">December 20, 2015</SPAN></P>
</DIV>
<BR><DIV CLASS="c0"><BR><P CLASS="c1"><SPAN CLASS="c2">Copyright 2015 El Pais Internacional S.A.<BR>All Rights Reserved</SPAN></P>
</DIV>
</BODY>
</HTML>