<HTML>
<HEAD>
<STYLE TYPE="text/css">
.c0 { text-align: center; }
.c1 { text-align: center; margin-top: 0em; margin-bottom: 0em; }
.c2 { font-family: 'Courier New',Courier; font-size: 10pt; font-style: normal; font-weight: normal; color: #000000; text-decoration: none; }
.c3 { text-align: center; margin-left: 13%; margin-right: 13%; }
.c4 { font-family: 'Courier New',Courier; font-size: 10pt; font-style: normal; font-weight: bold; color: #CC0033; text-decoration: none; }
.c5 { text-align: left; }
.c6 { text-align: left; margin-top: 0em; margin-bottom: 0em; }
.c7 { font-family: 'Courier New',Courier; font-size: 14pt; font-style: normal; font-weight: bold; color: #000000; text-decoration: none; }
.c8 { font-family: 'Courier New',Courier; font-size: 14pt; font-style: normal; font-weight: bold; color: #CC0033; text-decoration: none; }
.c9 { font-family: 'Courier New',Courier; font-size: 10pt; font-style: normal; font-weight: bold; color: #000000; text-decoration: none; }
.c10 { text-align: left; margin-top: 1em; margin-bottom: 0em; }
.c11 { page-break-before: always; }
</STYLE>
</HEAD>
<BODY>
<BR><DIV CLASS="c0"><P CLASS="c1"><SPAN CLASS="c2">119 of 935 DOCUMENTS</SPAN></P>
</DIV>
<BR><DIV CLASS="c0"><BR><P CLASS="c1"><IMG SRC="http://www.lexisnexis.com/lnacui2api/results/docview/attachRetrieve.do?smi=LOGOS&key=38401&componentseq=1&type=logo&inline=y" ALT="http://www.lexisnexis.com/lnacui2api/results/docview/attachRetrieve.do?smi=LOGOS&key=38401&componentseq=1&type=logo&inline=y"><BR><SPAN CLASS="c2">El Pais</SPAN></P>
</DIV>
<BR><DIV CLASS="c3"><P CLASS="c1"><SPAN CLASS="c4">December</SPAN><SPAN CLASS="c2"> 22, 2015 Tuesday</SPAN><SPAN CLASS="c2">&nbsp;</SPAN><SPAN CLASS="c2">&nbsp;<BR>2&ordf; Ed. Barna Edici&oacute;n</SPAN></P>
</DIV>
<BR><DIV CLASS="c5"><P CLASS="c6"><SPAN CLASS="c7">Rivera pide al PSOE que deje gobernar al PP</SPAN></P>
</DIV>
<BR><DIV CLASS="c5"><P CLASS="c6"><SPAN CLASS="c9">BYLINE: </SPAN><SPAN CLASS="c2">JUAN JOS&Eacute; MATEO</SPAN></P>
</DIV>
<BR><DIV CLASS="c5"><P CLASS="c6"><SPAN CLASS="c9">SECTION: </SPAN><SPAN CLASS="c2">ESPA&ntilde;A; Base; P&aacute;g. 16</SPAN></P>
</DIV>
<BR><DIV CLASS="c5"><P CLASS="c6"><SPAN CLASS="c9">LENGTH: </SPAN><SPAN CLASS="c2">636 words</SPAN></P>
</DIV>
<BR><DIV CLASS="c5"><P CLASS="c6"><SPAN CLASS="c9">DATELINE: </SPAN><SPAN CLASS="c2">Madrid </SPAN></P>
</DIV>
<BR><DIV CLASS="c5"><P CLASS="c10"><SPAN CLASS="c4">Albert Rivera</SPAN><SPAN CLASS="c2"> alert&oacute; ayer sobre el peligro de que Espa&ntilde;a &quot;se convierta en Grecia, que convoca elecciones cada tres meses&quot;, y pidi&oacute; a Pedro S&aacute;nchez que el PSOE se abstenga para permitir que Mariano Rajoy gobierne. &quot;Apelo a la responsabilidad y al sentido de Estado&quot;, dijo el presidente de </SPAN><SPAN CLASS="c4">Ciudadanos</SPAN><SPAN CLASS="c2">, que cree que un Ejecutivo del PP en minor&iacute;a tendr&iacute;a dificultades para frenar algunas de las propuestas de reforma que plantea su formaci&oacute;n, como la de la ley electoral.</SPAN></P>
<P CLASS="c10"><SPAN CLASS="c2">&quot;Le toca al PSOE mover ficha. Tiene que decidir que Espa&ntilde;a sea un pa&iacute;s gobernable, si quiere que podamos hacer reformas, y que empecemos a trabajar&quot;, afirm&oacute; Rivera, que sabe que sus asesores consideran que una repetici&oacute;n de las elecciones ser&iacute;a perjudicial para sus intereses. &quot;La &uacute;nica posibilidad que veo es que gobierne en minor&iacute;a quien ha ganado las elecciones [el PP]&quot;.</SPAN><SPAN CLASS="c2">&nbsp;</SPAN></P>
<P CLASS="c10"><SPAN CLASS="c2">Los dirigentes de </SPAN><SPAN CLASS="c4">Ciudadanos</SPAN><SPAN CLASS="c2"> creen que la &uacute;nica opci&oacute;n que conjuga estabilidad y defensa de la unidad de Espa&ntilde;a con la aritm&eacute;tica parlamentaria nacida de las urnas es la de que el PP gobierne gracias a su abstenci&oacute;n y la de los diputados socialistas. Rivera, que se mantendr&aacute; en la oposici&oacute;n gobierne quien gobierne, lleg&oacute; a calificar ayer de &quot;inviable&quot; que el PSOE forme Ejecutivo con Podemos, y censur&oacute; la propuesta de Pablo Iglesias de celebrar un refer&eacute;ndum vinculante sobre la independencia en Catalu&ntilde;a. El l&iacute;der de </SPAN><SPAN CLASS="c4">Ciudadanos</SPAN><SPAN CLASS="c2"> envi&oacute; sendos mensajes a Rajoy e Iglesias para felicitarles por sus resultados. Con S&aacute;nchez, sin embargo, no se puso en contacto.</SPAN></P>
<P CLASS="c10"><SPAN CLASS="c2">&quot;Espa&ntilde;a no puede estar paralizada pendiente de las trifulcas internas de algunos partidos que solo piensan en sus siglas&quot;, argument&oacute; Rivera, muy duro en el tono que emple&oacute; con el secretario general de los socialistas. &quot;Los espa&ntilde;oles necesitamos saber si el PSOE est&aacute; por bloquear la legislatura y conducirnos a elecciones anticipadas&quot;, sigui&oacute;. &quot;Esa no es nuestra salida. Necesitamos un Parlamento que funcione para reformar Espa&ntilde;a, pero tambi&eacute;n necesitamos instituciones estables, para que Espa&ntilde;a no se convierta en un pa&iacute;s como Grecia, que convoca elecciones cada tres meses&quot;, continu&oacute;. &quot;Todos somos conscientes de que la situaci&oacute;n pol&iacute;tica y econ&oacute;mica que vive Espa&ntilde;a no es tampoco para tirar cohetes. Es bueno para Espa&ntilde;a que esto se resuelva cuanto antes&quot;.</SPAN></P>
<P CLASS="c10"><SPAN CLASS="c4">Ciudadanos</SPAN><SPAN CLASS="c2"> cerr&oacute; el 20-D con 40 esca&ntilde;os, que le hacen intrascendente por s&iacute; mismo para la formaci&oacute;n de Gobierno, ya que Rivera se reafirm&oacute; ayer en su promesa de no apoyar un Ejecutivo que &eacute;l no presida. El l&iacute;der de la formaci&oacute;n emergente, que prometi&oacute; un ejercicio de autocr&iacute;tica por un resultado alejado de las expectativas alentadas por los sondeos, no reconoci&oacute; ning&uacute;n error. &quot;Estoy convencido de que se habr&aacute;n producido errores, y de que para pasar de 1,4 millones de votos en mayo a 3,5 en diciembre alg&uacute;n acierto tambi&eacute;n se habr&aacute; producido&quot;, dijo. Al tiempo, Rivera no se resign&oacute; a tener un papel secundario en la pr&oacute;xima legislatura y present&oacute; un cat&aacute;logo de las propuestas que llevar&aacute; hasta la C&aacute;mara.</SPAN></P>
<P CLASS="c10"><SPAN CLASS="c2">Ley electoral</SPAN></P>
<P CLASS="c10"><SPAN CLASS="c2">As&iacute;, Rivera anunci&oacute; que </SPAN><SPAN CLASS="c4">Ciudadanos</SPAN><SPAN CLASS="c2"> propondr&aacute; una ponencia para estudiar la reforma de la ley electoral -&quot;Esta vez va a cambiar&quot;, dijo-, en la que espera contar con el apoyo de Podemos.</SPAN></P>
<P CLASS="c10"><SPAN CLASS="c2">Aunque las propuestas de ambos partidos son distintas (</SPAN><SPAN CLASS="c4">Ciudadanos</SPAN><SPAN CLASS="c2"> opta por un sistema de doble urna y Podemos por pasar de la circunscripci&oacute;n provincial a la auton&oacute;mica), fuentes de la Ejecutiva de Rivera confirmaron a EL PA&Iacute;S que el modelo propuesto por Iglesias supondr&iacute;a &quot;una mejora&quot; con respecto al actual. Ese ser&iacute;a el primer intento por parte de </SPAN><SPAN CLASS="c4">Ciudadanos</SPAN><SPAN CLASS="c2"> de poner a prueba los equilibrios de un Congreso hiperfragmentado en el que habr&aacute; que tejer alianzas ley a ley.</SPAN></P>
<P CLASS="c10"><SPAN CLASS="c2">Adem&aacute;s, Rivera intentar&iacute;a impulsar un pacto nacional por la educaci&oacute;n y otro para luchar contra la corrupci&oacute;n. &quot;Son temas candentes, simb&oacute;licos&quot;, afirm&oacute; el l&iacute;der de la formaci&oacute;n.</SPAN></P>
</DIV>
<BR><DIV CLASS="c5"><P CLASS="c6"><SPAN CLASS="c9">LANGUAGE: </SPAN><SPAN CLASS="c2">SPANISH; ESPA&Ntilde;OL</SPAN></P>
</DIV>
<BR><DIV CLASS="c5"><P CLASS="c6"><SPAN CLASS="c9">PUBLICATION-TYPE: </SPAN><SPAN CLASS="c2">Peri&oacute;dico</SPAN></P>
</DIV>
<BR><DIV CLASS="c5"><P CLASS="c6"><SPAN CLASS="c9">SUBJECT: </SPAN><SPAN CLASS="c2">Pol&iacute;tica (94%)</SPAN></P>
</DIV>
<BR><DIV CLASS="c5"><P CLASS="c6"><SPAN CLASS="c9">IPTC SUBJECT: </SPAN><SPAN CLASS="c2">Politica</SPAN></P>
</DIV>
<BR><DIV CLASS="c5"><P CLASS="c6"><SPAN CLASS="c9">LOAD-DATE: </SPAN><SPAN CLASS="c2">December 21, 2015</SPAN></P>
</DIV>
<BR><DIV CLASS="c0"><BR><P CLASS="c1"><SPAN CLASS="c2">Copyright 2015 El Pais Internacional S.A.<BR>All Rights Reserved</SPAN></P>
</DIV>
</BODY>
</HTML>