<HTML>
<HEAD>
<STYLE TYPE="text/css">
.c0 { text-align: center; }
.c1 { text-align: center; margin-top: 0em; margin-bottom: 0em; }
.c2 { font-family: 'Courier New',Courier; font-size: 10pt; font-style: normal; font-weight: normal; color: #000000; text-decoration: none; }
.c3 { text-align: center; margin-left: 13%; margin-right: 13%; }
.c4 { font-family: 'Courier New',Courier; font-size: 10pt; font-style: normal; font-weight: bold; color: #CC0033; text-decoration: none; }
.c5 { text-align: left; }
.c6 { text-align: left; margin-top: 0em; margin-bottom: 0em; }
.c7 { font-family: 'Courier New',Courier; font-size: 14pt; font-style: normal; font-weight: bold; color: #000000; text-decoration: none; }
.c8 { font-family: 'Courier New',Courier; font-size: 14pt; font-style: normal; font-weight: bold; color: #CC0033; text-decoration: none; }
.c9 { font-family: 'Courier New',Courier; font-size: 10pt; font-style: normal; font-weight: bold; color: #000000; text-decoration: none; }
.c10 { text-align: left; margin-top: 1em; margin-bottom: 0em; }
.c11 { page-break-before: always; }
</STYLE>
</HEAD>
<BODY>
<BR><DIV CLASS="c0"><P CLASS="c1"><SPAN CLASS="c2">520 of 935 DOCUMENTS</SPAN></P>
</DIV>
<BR><DIV CLASS="c0"><BR><P CLASS="c1"><IMG SRC="http://www.lexisnexis.com/lnacui2api/results/docview/attachRetrieve.do?smi=LOGOS&key=38401&componentseq=1&type=logo&inline=y" ALT="http://www.lexisnexis.com/lnacui2api/results/docview/attachRetrieve.do?smi=LOGOS&key=38401&componentseq=1&type=logo&inline=y"><BR><SPAN CLASS="c2">El Pais</SPAN></P>
</DIV>
<BR><DIV CLASS="c3"><P CLASS="c1"><SPAN CLASS="c4">November</SPAN><SPAN CLASS="c2"> 26, 2015 Thursday</SPAN><SPAN CLASS="c2">&nbsp;</SPAN><SPAN CLASS="c2">&nbsp;<BR>Andaluc&iacute;a Edici&oacute;n</SPAN></P>
</DIV>
<BR><DIV CLASS="c5"><P CLASS="c6"><SPAN CLASS="c7">Falta de seriedad</SPAN></P>
</DIV>
<BR><DIV CLASS="c5"><P CLASS="c6"><SPAN CLASS="c9">SECTION: </SPAN><SPAN CLASS="c2">OPINI&Oacute;N; Base; P&aacute;g. 16</SPAN></P>
</DIV>
<BR><DIV CLASS="c5"><P CLASS="c6"><SPAN CLASS="c9">LENGTH: </SPAN><SPAN CLASS="c2">519 words</SPAN></P>
</DIV>
<BR><DIV CLASS="c5"><BR><P CLASS="c6"><SPAN CLASS="c9">HIGHLIGHT:</SPAN><SPAN CLASS="c2">&nbsp;Rajoy y S&aacute;nchez soslayan sus responsabilidades frente al yihadismo<BR></SPAN></P>
</DIV>
<BR><DIV CLASS="c5"><P CLASS="c10"><SPAN CLASS="c2">M ientras Fran&ccedil;ois Hollande, Barack Obama, Vlad&iacute;mir Putin y Angela Merkel se mueven en el tablero de la crisis desatada por el terrorismo, Mariano Rajoy se ocupaba ayer de comentar los partidos de la Champions League para la cadena Cope. No hay mucho m&aacute;s que decir sobre la falta de seriedad mostrada por el presidente candidato, que ofrece la imagen de aislarse de sus aliados internacionales y poner sordina a la inquietud causada por la amenaza yihadista.</SPAN><SPAN CLASS="c2">&nbsp;</SPAN></P>
<P CLASS="c10"><SPAN CLASS="c2">Su ministro de Exteriores, Jos&eacute; Manuel Garc&iacute;a-Margallo, se permite decir que EL PA&Iacute;S no va a fijar la estrategia del Gobierno espa&ntilde;ol. Nada m&aacute;s lejos de nuestra intenci&oacute;n: lo que hace falta saber es si existe tal estrategia. Por el momento, Espa&ntilde;a se encuentra al margen de los numerosos contactos que est&aacute;n produci&eacute;ndose entre los principales socios y aliados de nuestro pa&iacute;s.</SPAN></P>
<P CLASS="c10"><SPAN CLASS="c2">El anuncio del env&iacute;o de 650 militares alemanes a Mal&iacute;, para aliviar las tareas de las fuerzas francesas, deja a&uacute;n m&aacute;s en evidencia la ambigua actitud del Gobierno de Rajoy. &iquest;A qu&eacute; espera, exactamente? Seg&uacute;n las declaraciones del ministro de Defensa, se trata de aguardar a que Fran&ccedil;ois Hollande pida algo. Los gobernantes espa&ntilde;oles deber&iacute;an tomar nota de que el primer ministro franc&eacute;s, Manuel Valls, recalca en voz alta que su pa&iacute;s est&aacute; abierto &quot;a cualquier ayuda que alivie nuestras operaciones en el exterior&quot;; una postura bastante l&oacute;gica por parte de un Estado que mantiene movilizados a 20.000 militares en misiones fuera de su territorio, y a otros 10.000 en el refuerzo de la seguridad interior.</SPAN></P>
<P CLASS="c10"><SPAN CLASS="c2">Y lo que resulta de todo punto incre&iacute;ble es que ni el jefe del Gobierno ni el dirigente del PSOE, Pedro S&aacute;nchez, asistan hoy a la reuni&oacute;n del pacto antiterrorista en la que se va a formalizar la incorporaci&oacute;n de </SPAN><SPAN CLASS="c4">Ciudadanos</SPAN><SPAN CLASS="c2"> y de otros partidos. Cuando llega la oportunidad de mostrar un amplio consenso, los l&iacute;deres de las dos fuerzas creadoras del pacto transforman lo que podr&iacute;a ser un &eacute;xito en sendas ausencias. M&aacute;s coherente es la actitud de </SPAN><SPAN CLASS="c4">Albert Rivera,</SPAN><SPAN CLASS="c2"> que ha decidido acudir aunque no lo hagan Rajoy ni S&aacute;nchez; como tambi&eacute;n lo es la de Podemos, que, pese al desacuerdo sobre el pacto en s&iacute;, enviar&aacute; un representante para dejar clara su voluntad de participar en todo lo relacionado con la lucha antiterrorista.</SPAN></P>
<P CLASS="c10"><SPAN CLASS="c2">Comportarse como don Tancredo es una mala se&ntilde;al para los </SPAN><SPAN CLASS="c4">ciudadanos</SPAN><SPAN CLASS="c2">. No estamos hablando aqu&iacute; de empe&ntilde;arse en aventuras militares, sino de responder al compromiso activado por la UE de prestar &quot;ayuda y asistencia, con todos los medios a su alcance&quot;, al pa&iacute;s &quot;objeto de una agresi&oacute;n armada en su territorio&quot; -en este caso, Francia- como reza el art&iacute;culo 42.7 del Tratado de la Uni&oacute;n Europea. Tampoco se trata de repetir los errores cometidos por el Gobierno de Aznar con el 11-M, para lo cual es positivo el contraste de los planes del Ejecutivo de Rajoy con los de otros partidos. A condici&oacute;n, claro est&aacute;, de que los planes existan.</SPAN></P>
<P CLASS="c10"><SPAN CLASS="c2">Lo que no tiene un pase es aplazar la respuesta a un problema de seguridad por causa de elecciones. Lo mismo que pretender que la ciudadan&iacute;a vote sin saber cu&aacute;l es la posici&oacute;n de los candidatos respecto a un asunto tan sensible.</SPAN></P>
</DIV>
<BR><DIV CLASS="c5"><P CLASS="c6"><SPAN CLASS="c9">LANGUAGE: </SPAN><SPAN CLASS="c2">SPANISH; ESPA&Ntilde;OL</SPAN></P>
</DIV>
<BR><DIV CLASS="c5"><P CLASS="c6"><SPAN CLASS="c9">PUBLICATION-TYPE: </SPAN><SPAN CLASS="c2">Peri&oacute;dico</SPAN></P>
</DIV>
<BR><DIV CLASS="c5"><P CLASS="c6"><SPAN CLASS="c9">SUBJECT: </SPAN><SPAN CLASS="c2">Pol&iacute;tica (94%); COUNTERTERRORISM (78%)</SPAN></P>
</DIV>
<BR><DIV CLASS="c5"><P CLASS="c6"><SPAN CLASS="c9">IPTC SUBJECT: </SPAN><SPAN CLASS="c2">Politica</SPAN></P>
</DIV>
<BR><DIV CLASS="c5"><P CLASS="c6"><SPAN CLASS="c9">LOAD-DATE: </SPAN><SPAN CLASS="c2">November 25, 2015</SPAN></P>
</DIV>
<BR><DIV CLASS="c0"><BR><P CLASS="c1"><SPAN CLASS="c2">Copyright 2015 El Pais Internacional S.A.<BR>All Rights Reserved</SPAN></P>
</DIV>
</BODY>
</HTML>