<HTML>
<HEAD>
<STYLE TYPE="text/css">
.c0 { text-align: center; }
.c1 { text-align: center; margin-top: 0em; margin-bottom: 0em; }
.c2 { font-family: 'Courier New',Courier; font-size: 10pt; font-style: normal; font-weight: normal; color: #000000; text-decoration: none; }
.c3 { text-align: center; margin-left: 13%; margin-right: 13%; }
.c4 { font-family: 'Courier New',Courier; font-size: 10pt; font-style: normal; font-weight: bold; color: #CC0033; text-decoration: none; }
.c5 { text-align: left; }
.c6 { text-align: left; margin-top: 0em; margin-bottom: 0em; }
.c7 { font-family: 'Courier New',Courier; font-size: 14pt; font-style: normal; font-weight: bold; color: #000000; text-decoration: none; }
.c8 { font-family: 'Courier New',Courier; font-size: 14pt; font-style: normal; font-weight: bold; color: #CC0033; text-decoration: none; }
.c9 { font-family: 'Courier New',Courier; font-size: 10pt; font-style: normal; font-weight: bold; color: #000000; text-decoration: none; }
.c10 { text-align: left; margin-top: 1em; margin-bottom: 0em; }
.c11 { page-break-before: always; }
</STYLE>
</HEAD>
<BODY>
<BR><DIV CLASS="c0"><P CLASS="c1"><SPAN CLASS="c2">277 of 935 DOCUMENTS</SPAN></P>
</DIV>
<BR><DIV CLASS="c0"><BR><P CLASS="c1"><IMG SRC="http://www.lexisnexis.com/lnacui2api/results/docview/attachRetrieve.do?smi=LOGOS&key=38401&componentseq=1&type=logo&inline=y" ALT="http://www.lexisnexis.com/lnacui2api/results/docview/attachRetrieve.do?smi=LOGOS&key=38401&componentseq=1&type=logo&inline=y"><BR><SPAN CLASS="c2">El Pais</SPAN></P>
</DIV>
<BR><DIV CLASS="c3"><P CLASS="c1"><SPAN CLASS="c4">December</SPAN><SPAN CLASS="c2"> 1, 2015 Tuesday</SPAN><SPAN CLASS="c2">&nbsp;</SPAN><SPAN CLASS="c2">&nbsp;<BR>2&ordf; Ed. Madrid Edici&oacute;n</SPAN></P>
</DIV>
<BR><DIV CLASS="c5"><P CLASS="c6"><SPAN CLASS="c7">Iglesias reivindica la nueva Transici&oacute;n</SPAN></P>
</DIV>
<BR><DIV CLASS="c5"><P CLASS="c6"><SPAN CLASS="c9">BYLINE: </SPAN><SPAN CLASS="c2">FRANCESCO MANETTO</SPAN></P>
</DIV>
<BR><DIV CLASS="c5"><P CLASS="c6"><SPAN CLASS="c9">SECTION: </SPAN><SPAN CLASS="c2">ESPA&ntilde;A; Base; P&aacute;g. 17 [AN] PODEMOS. Con la imagen de los socialistas de los a&ntilde;os ochenta</SPAN></P>
</DIV>
<BR><DIV CLASS="c5"><P CLASS="c6"><SPAN CLASS="c9">LENGTH: </SPAN><SPAN CLASS="c2">663 words</SPAN></P>
</DIV>
<BR><DIV CLASS="c5"><P CLASS="c6"><SPAN CLASS="c9">DATELINE: </SPAN><SPAN CLASS="c2">Madrid </SPAN></P>
</DIV>
<BR><DIV CLASS="c5"><BR><P CLASS="c6"><SPAN CLASS="c9">HIGHLIGHT:</SPAN><SPAN CLASS="c2">&nbsp;Acusa al l&iacute;der del PSOE de recurrir a los argumentos de la &quot;caverna medi&aacute;tica&quot;<BR></SPAN></P>
</DIV>
<BR><DIV CLASS="c5"><P CLASS="c10"><SPAN CLASS="c2">El candidato de Podemos a La Moncloa, Pablo Iglesias, se reivindic&oacute; anoche a s&iacute; mismo como representante de la nueva Transici&oacute;n ante el l&iacute;der socialista, Pedro S&aacute;nchez, y el presidente de </SPAN><SPAN CLASS="c4">Ciudadanos</SPAN><SPAN CLASS="c2">, </SPAN><SPAN CLASS="c4">Albert</SPAN><SPAN CLASS="c2">&nbsp;</SPAN><SPAN CLASS="c4">Rivera</SPAN><SPAN CLASS="c2">. La idea de renovaci&oacute;n pol&iacute;tica era una de las claves del debate de anoche, y el secretario general de la formaci&oacute;n emergente se atribuy&oacute; en todo momento el discurso m&aacute;s rompedor pese a admitir los logros de la Constituci&oacute;n de 1978.</SPAN></P>
<P CLASS="c10"><SPAN CLASS="c2">Una frase, pronunciada en el mensaje de despedida, resume la filosof&iacute;a pol&iacute;tica de Iglesias en este momento. &quot;Hemos vivido muchos avances durante los &uacute;ltimos 40 a&ntilde;os, pero quiz&aacute; sea hora de decir: 'Muchas gracias, 1978. Hola, 2016&quot;, enfatiz&oacute; el polit&oacute;logo, que busca convertir el pr&oacute;ximo 6 de diciembre, D&iacute;a de la Constituci&oacute;n, en una de las fechas simb&oacute;licas de esa &quot;segunda Transici&oacute;n&quot;.</SPAN><SPAN CLASS="c2">&nbsp;</SPAN></P>
<P CLASS="c10"><SPAN CLASS="c2">Podemos quiere ser ahora lo que fue el PSOE en los a&ntilde;os ochenta -en ello se emplean sus m&aacute;ximos dirigentes desde hace un a&ntilde;o- y, aunque las encuestas sit&uacute;an al nuevo partido algunos puntos por debajo de los socialistas, el exeurodiputado centr&oacute; anoche la estrategia en tratar de demostrar que su proyecto pol&iacute;tico es el &uacute;nico que defiende los intereses de los votantes socialistas. En este contexto, apel&oacute; a los &quot;socialistas de coraz&oacute;n&quot;, reconoci&oacute; los logros del primer Gobierno de Felipe Gonz&aacute;lez, y busc&oacute; corregir en todo momento el discurso de S&aacute;nchez, principal blanco de sus cr&iacute;ticas. &quot;Hay una diferencia entre lo que dec&iacute;s en campa&ntilde;a y despu&eacute;s hac&eacute;is&quot;, le reproch&oacute;.</SPAN></P>
<P CLASS="c10"><SPAN CLASS="c2">Con el secretario general del PSOE tuvo Iglesias tres momentos de tensi&oacute;n. El primero, a cuenta de las puertas giratorias. Acus&oacute; a la exministra socialista Trinidad Jim&eacute;nez de sentarse en el consejo de administraci&oacute;n de Telef&oacute;nica, cuando la todav&iacute;a diputada lo desmiente y se niega a hablar de especulaciones acerca de su futuro. El segundo mayor choque dial&eacute;ctico entre ambos se vivi&oacute; durante la exposici&oacute;n de propuestas sobre el modelo territorial. Tanto Podemos como el PSOE defienden un Estado federal, pero S&aacute;nchez aprovech&oacute; la presentaci&oacute;n por parte de Iglesias de su reforma de la Constituci&oacute;n para comparar el proyecto de Iglesias con el de la Uni&oacute;n Sovi&eacute;tica. &quot;&iquest;Sabes cu&aacute;l era el &uacute;nico pa&iacute;s que permit&iacute;a el derecho a la autodeterminaci&oacute;n?&quot;, pregunt&oacute; el l&iacute;der socialista. Fue entonces, tras contestar &quot;la Uni&oacute;n Sovi&eacute;tica&quot;, cuando el secretario general de la formaci&oacute;n emergente afirm&oacute; que esos argumentos coincid&iacute;an con los de la &quot;caverna medi&aacute;tica&quot;. En cualquier caso, ambos chocaron en todos los bloques del debate, sobre pol&iacute;tica econ&oacute;mica, lucha antiyihadista, derechos sociales o regeneraci&oacute;n. Tambi&eacute;n sobre el n&uacute;mero uno de la lista de Podemos por Ja&eacute;n, Andr&eacute;s B&oacute;dalo, condenado a tres a&ntilde;os por agredir a un exedil socialista.</SPAN></P>
<P CLASS="c10"><SPAN CLASS="c2">La confrontaci&oacute;n con el l&iacute;der de </SPAN><SPAN CLASS="c4">Ciudadanos</SPAN><SPAN CLASS="c2">, con quien Iglesias pugna por el voto del cambio, fue menos intensa, aunque esa estrategia pretend&iacute;a situar a Riveran en un terreno pol&iacute;tico ajeno a la centralidad -&quot;</SPAN><SPAN CLASS="c4">Albert</SPAN><SPAN CLASS="c2">&nbsp;</SPAN><SPAN CLASS="c4">Rivera</SPAN><SPAN CLASS="c2"> es de lo que haga falta&quot;, opin&oacute;-. En tres ocasiones, Iglesias pidi&oacute; a Rivera y a S&aacute;nchez que mantuvieran las formas. La &uacute;ltima llamada de atenci&oacute;n le molest&oacute; al secretario general de los socialistas. &quot;Podr&iacute;as decir que, en nombre de Podemos, pides perd&oacute;n a Rivera por lo que dijo Monedero&quot;, enfatiz&oacute; en referencia a la demanda anunciada por </SPAN><SPAN CLASS="c4">Ciudadanos</SPAN><SPAN CLASS="c2"> contra el profesor de Pol&iacute;ticas por insinuar que se droga.</SPAN></P>
<P CLASS="c10"><SPAN CLASS="c2">El l&iacute;der de Podemos aprovech&oacute; el debate para mostrar un perfil de candidato alternativo y a la vez institucional. Habl&oacute; de su plan de revisi&oacute;n de la Constituci&oacute;n, se mostr&oacute; convencido de que en la pr&oacute;xima legislatura podr&aacute; llegar a acuerdos con las principales formaciones y lleg&oacute; a ofrecer un pacto en directo. &quot;Asumamos que las pr&oacute;ximas circunscripciones electorales [en las pr&oacute;ximas elecciones generales] sean las comunidades aut&oacute;nomas&quot;, exhort&oacute;. Aunque, en lugar de hablar de acuerdo, anoche los tres aspirantes se cruzaron acusaciones y reproches en busca del voto. Comienza la campa&ntilde;a electoral.</SPAN></P>
</DIV>
<BR><DIV CLASS="c5"><P CLASS="c6"><SPAN CLASS="c9">LANGUAGE: </SPAN><SPAN CLASS="c2">SPANISH; ESPA&Ntilde;OL</SPAN></P>
</DIV>
<BR><DIV CLASS="c5"><P CLASS="c6"><SPAN CLASS="c9">PUBLICATION-TYPE: </SPAN><SPAN CLASS="c2">Peri&oacute;dico</SPAN></P>
</DIV>
<BR><DIV CLASS="c5"><P CLASS="c6"><SPAN CLASS="c9">SUBJECT: </SPAN><SPAN CLASS="c2">Pol&iacute;tica (93%)</SPAN></P>
</DIV>
<BR><DIV CLASS="c5"><P CLASS="c6"><SPAN CLASS="c9">IPTC SUBJECT: </SPAN><SPAN CLASS="c2">Politica</SPAN></P>
</DIV>
<BR><DIV CLASS="c5"><P CLASS="c6"><SPAN CLASS="c9">LOAD-DATE: </SPAN><SPAN CLASS="c2">November 30, 2015</SPAN></P>
</DIV>
<BR><DIV CLASS="c0"><BR><P CLASS="c1"><SPAN CLASS="c2">Copyright 2015 El Pais Internacional S.A.<BR>All Rights Reserved</SPAN></P>
</DIV>
</BODY>
</HTML>