<HTML>
<HEAD>
<STYLE TYPE="text/css">
.c0 { text-align: center; }
.c1 { text-align: center; margin-top: 0em; margin-bottom: 0em; }
.c2 { font-family: 'Courier New',Courier; font-size: 10pt; font-style: normal; font-weight: normal; color: #000000; text-decoration: none; }
.c3 { text-align: center; margin-left: 13%; margin-right: 13%; }
.c4 { font-family: 'Courier New',Courier; font-size: 10pt; font-style: normal; font-weight: bold; color: #CC0033; text-decoration: none; }
.c5 { text-align: left; }
.c6 { text-align: left; margin-top: 0em; margin-bottom: 0em; }
.c7 { font-family: 'Courier New',Courier; font-size: 14pt; font-style: normal; font-weight: bold; color: #000000; text-decoration: none; }
.c8 { font-family: 'Courier New',Courier; font-size: 14pt; font-style: normal; font-weight: bold; color: #CC0033; text-decoration: none; }
.c9 { font-family: 'Courier New',Courier; font-size: 10pt; font-style: normal; font-weight: bold; color: #000000; text-decoration: none; }
.c10 { text-align: left; margin-top: 1em; margin-bottom: 0em; }
.c11 { page-break-before: always; }
</STYLE>
</HEAD>
<BODY>
<BR><DIV CLASS="c0"><P CLASS="c1"><SPAN CLASS="c2">502 of 935 DOCUMENTS</SPAN></P>
</DIV>
<BR><DIV CLASS="c0"><BR><P CLASS="c1"><IMG SRC="http://www.lexisnexis.com/lnacui2api/results/docview/attachRetrieve.do?smi=LOGOS&key=38401&componentseq=1&type=logo&inline=y" ALT="http://www.lexisnexis.com/lnacui2api/results/docview/attachRetrieve.do?smi=LOGOS&key=38401&componentseq=1&type=logo&inline=y"><BR><SPAN CLASS="c2">El Pais</SPAN></P>
</DIV>
<BR><DIV CLASS="c3"><P CLASS="c1"><SPAN CLASS="c4">January</SPAN><SPAN CLASS="c2"> 14, 2016 Thursday</SPAN><SPAN CLASS="c2">&nbsp;</SPAN><SPAN CLASS="c2">&nbsp;<BR>Andaluc&iacute;a Edici&oacute;n</SPAN></P>
</DIV>
<BR><DIV CLASS="c5"><P CLASS="c6"><SPAN CLASS="c7">&quot;Espa&ntilde;a no es un mapa; es el pacto por la libertad&quot;, dice el nuevo presidente</SPAN></P>
</DIV>
<BR><DIV CLASS="c5"><P CLASS="c6"><SPAN CLASS="c9">BYLINE: </SPAN><SPAN CLASS="c2">F. G.</SPAN></P>
</DIV>
<BR><DIV CLASS="c5"><P CLASS="c6"><SPAN CLASS="c9">SECTION: </SPAN><SPAN CLASS="c2">ESPA&ntilde;A; Base; P&aacute;g. 16</SPAN></P>
</DIV>
<BR><DIV CLASS="c5"><P CLASS="c6"><SPAN CLASS="c9">LENGTH: </SPAN><SPAN CLASS="c2">600 words</SPAN></P>
</DIV>
<BR><DIV CLASS="c5"><P CLASS="c6"><SPAN CLASS="c9">DATELINE: </SPAN><SPAN CLASS="c2">Madrid </SPAN></P>
</DIV>
<BR><DIV CLASS="c5"><P CLASS="c10"><SPAN CLASS="c2">Patxi L&oacute;pez, nuevo presidente del Congreso con los votos de PSOE y </SPAN><SPAN CLASS="c4">Ciudadanos</SPAN><SPAN CLASS="c2">, cumpli&oacute; ayer el papel para la legislatura m&aacute;s incierta y llam&oacute; al di&aacute;logo y el entendimiento. Quien fue lehendakari socialista pidi&oacute; en su primer discurso un pacto de Estado contra la violencia de g&eacute;nero y us&oacute; palabras en gallego, catal&aacute;n y euskera para reconocer el respeto a las diferentes identidades: &quot;Espa&ntilde;a no es un mapa ni una identidad; es el pacto </SPAN><SPAN CLASS="c4">ciudadano</SPAN><SPAN CLASS="c2"> por la libertad&quot;.</SPAN></P>
<P CLASS="c10"><SPAN CLASS="c2">El PSOE ha intentado buscar el perfil m&aacute;s dialogante y conciliador posible y, por eso, propuso a Patxi L&oacute;pez para presidir el Congreso. Y, por eso, al asumir el cargo el exlehendakari hizo ayer un llamamiento al di&aacute;logo, a la cesi&oacute;n y a la negociaci&oacute;n de los diferentes grupos pol&iacute;ticos. Hasta incluy&oacute; una petici&oacute;n de pacto de Estado frente a la violencia machista.</SPAN><SPAN CLASS="c2">&nbsp;</SPAN></P>
<P CLASS="c10"><SPAN CLASS="c2">El nuevo presidente del Congreso pidi&oacute; &quot;ayuda, colaboraci&oacute;n y compromiso&quot; y asegur&oacute; que espera &quot;no defraudar la confianza estando a la altura del reto colectivo&quot;.</SPAN></P>
<P CLASS="c10"><SPAN CLASS="c2">En su discurso ante la C&aacute;mara baja incluy&oacute; gestos como el reconocimiento de la pluralidad ideol&oacute;gica y de las identidades de cada comunidad aut&oacute;noma y tambi&eacute;n expresiones en cada una de las lenguas cooficiales, catal&aacute;n, euskera y gallego.</SPAN></P>
<P CLASS="c10"><SPAN CLASS="c2">Pluralidad y diversidad</SPAN></P>
<P CLASS="c10"><SPAN CLASS="c2">Patxi L&oacute;pez habl&oacute; de superar las discrepancias pol&iacute;ticas e incidi&oacute;: &quot;Es m&aacute;s lo que nos une que lo que nos separa&quot;, dijo. Tambi&eacute;n se refiri&oacute; al Parlamento como reflejo de diversidad y pluralidad &quot;para que no sean marginadas&quot;.</SPAN></P>
<P CLASS="c10"><SPAN CLASS="c2">El pleno termin&oacute; con el discurso de L&oacute;pez, pidiendo &quot;di&aacute;logo y entendimiento&quot; y con recuerdo a las v&iacute;ctimas del terrorismo y a las de la violencia machista, un enorme problema para el que pidi&oacute; un pacto de Estado.</SPAN></P>
<P CLASS="c10"><SPAN CLASS="c2">L&oacute;pez era lehendakari cuando ETA puso fin a la violencia y su actividad pol&iacute;tica ha estado marcada por la lucha contra el terrorismo. En su momento fue elegido para el cargo gracias al PP del Pa&iacute;s Vasco.</SPAN></P>
<P CLASS="c10"><SPAN CLASS="c2">El nuevo presidente del Congreso pidi&oacute; &quot;defender la autonom&iacute;a de la pol&iacute;tica y la vida ciudadana&quot; y el respeto a las &quot;ideolog&iacute;as y las pol&iacute;ticas diferentes, as&iacute; como las diferentes formas de defender la identidad de Espa&ntilde;a&quot;.</SPAN></P>
<P CLASS="c10"><SPAN CLASS="c4">Albert Rivera,</SPAN><SPAN CLASS="c2"> l&iacute;der de </SPAN><SPAN CLASS="c4">Ciudadanos</SPAN><SPAN CLASS="c2">, &uacute;nico partido adem&aacute;s del PSOE que apoy&oacute; a L&oacute;pez en la votaci&oacute;n, alab&oacute; luego el discurso del nuevo presidente del Congreso. &quot;Podemos discrepar con el PSOE, el PP o Podemos, pero hoy el nuevo presidente de la C&aacute;mara ha hecho un discurso que podemos suscribir la inmensa mayor&iacute;a de los espa&ntilde;oles&quot;, asegur&oacute;. Los partidos nacionalistas del Congreso, PNV, DyL (antes CDC) y ERC no votaron a L&oacute;pez, porque no participaron del acuerdo. En los &uacute;ltimos d&iacute;as, no obstante, algunos de ellos como el catal&aacute;n Carles Campuzano aseguraron que no ten&iacute;an objeciones a la elecci&oacute;n de Patxi L&oacute;pez.</SPAN></P>
<P CLASS="c10"><SPAN CLASS="c2">El nuevo presidente asisti&oacute; al acto de acatamiento de todos los diputados ya desde su lugar destacado de la tribuna, sin intervenir cuando los diputados de Podemos y de las candidaturas vinculadas utilizaban f&oacute;rmulas diferentes para prometer o jurar cumplir la Constituci&oacute;n. Tradicionalmente, el uso de f&oacute;rmulas distintas s&iacute; ha propiciado la intervenci&oacute;n de los diferentes presidentes del Congreso, aunque nunca antes lo hab&iacute;an hecho tantos parlamentarios al tiempo.</SPAN></P>
<P CLASS="c10"><SPAN CLASS="c2">&quot;Creo que tiene buenas caracter&iacute;sticas para ser un presidente en esta legislatura, que es m&aacute;s complicada en el sentido de que hay muchos m&aacute;s grupos. Es verdad que tiene experiencia en el Pa&iacute;s Vasco, donde siempre ha habido muchos grupos de diversas caracter&iacute;sticas y con pocas mayor&iacute;as absolutas&quot;, asegur&oacute; Jes&uacute;s Posada, hasta ahora presidente del Congreso, que pasa a ser un diputado m&aacute;s del Partido Popular.</SPAN></P>
</DIV>
<BR><DIV CLASS="c5"><P CLASS="c6"><SPAN CLASS="c9">LANGUAGE: </SPAN><SPAN CLASS="c2">SPANISH; ESPA&Ntilde;OL</SPAN></P>
</DIV>
<BR><DIV CLASS="c5"><P CLASS="c6"><SPAN CLASS="c9">PUBLICATION-TYPE: </SPAN><SPAN CLASS="c2">Peri&oacute;dico</SPAN></P>
</DIV>
<BR><DIV CLASS="c5"><P CLASS="c6"><SPAN CLASS="c9">SUBJECT: </SPAN><SPAN CLASS="c2">Pol&iacute;tica (93%)</SPAN></P>
</DIV>
<BR><DIV CLASS="c5"><P CLASS="c6"><SPAN CLASS="c9">IPTC SUBJECT: </SPAN><SPAN CLASS="c2">Politica</SPAN></P>
</DIV>
<BR><DIV CLASS="c5"><P CLASS="c6"><SPAN CLASS="c9">LOAD-DATE: </SPAN><SPAN CLASS="c2">January 13, 2016</SPAN></P>
</DIV>
<BR><DIV CLASS="c0"><BR><P CLASS="c1"><SPAN CLASS="c2">Copyright 2016 El Pais Internacional S.A.<BR>All Rights Reserved</SPAN></P>
</DIV>
</BODY>
</HTML>