<HTML>
<HEAD>
<STYLE TYPE="text/css">
.c0 { text-align: center; }
.c1 { text-align: center; margin-top: 0em; margin-bottom: 0em; }
.c2 { font-family: 'Courier New',Courier; font-size: 10pt; font-style: normal; font-weight: normal; color: #000000; text-decoration: none; }
.c3 { text-align: center; margin-left: 13%; margin-right: 13%; }
.c4 { font-family: 'Courier New',Courier; font-size: 10pt; font-style: normal; font-weight: bold; color: #CC0033; text-decoration: none; }
.c5 { text-align: left; }
.c6 { text-align: left; margin-top: 0em; margin-bottom: 0em; }
.c7 { font-family: 'Courier New',Courier; font-size: 14pt; font-style: normal; font-weight: bold; color: #000000; text-decoration: none; }
.c8 { font-family: 'Courier New',Courier; font-size: 14pt; font-style: normal; font-weight: bold; color: #CC0033; text-decoration: none; }
.c9 { font-family: 'Courier New',Courier; font-size: 10pt; font-style: normal; font-weight: bold; color: #000000; text-decoration: none; }
.c10 { text-align: left; margin-top: 1em; margin-bottom: 0em; }
.c11 { page-break-before: always; }
</STYLE>
</HEAD>
<BODY>
<BR><DIV CLASS="c0"><P CLASS="c1"><SPAN CLASS="c2">45 of 935 DOCUMENTS</SPAN></P>
</DIV>
<BR><DIV CLASS="c0"><BR><P CLASS="c1"><IMG SRC="http://www.lexisnexis.com/lnacui2api/results/docview/attachRetrieve.do?smi=LOGOS&key=38401&componentseq=1&type=logo&inline=y" ALT="http://www.lexisnexis.com/lnacui2api/results/docview/attachRetrieve.do?smi=LOGOS&key=38401&componentseq=1&type=logo&inline=y"><BR><SPAN CLASS="c2">El Pais</SPAN></P>
</DIV>
<BR><DIV CLASS="c3"><P CLASS="c1"><SPAN CLASS="c4">December</SPAN><SPAN CLASS="c2"> 14, 2015 Monday</SPAN><SPAN CLASS="c2">&nbsp;</SPAN><SPAN CLASS="c2">&nbsp;<BR>Andaluc&iacute;a Edici&oacute;n</SPAN></P>
</DIV>
<BR><DIV CLASS="c5"><P CLASS="c6"><SPAN CLASS="c7">Iglesias y Rivera se lanzan a la disputa decisiva por protagonizar el cambio</SPAN></P>
</DIV>
<BR><DIV CLASS="c5"><P CLASS="c6"><SPAN CLASS="c9">BYLINE: </SPAN><SPAN CLASS="c2">J. J. MATEO / F. MANETTO</SPAN></P>
</DIV>
<BR><DIV CLASS="c5"><P CLASS="c6"><SPAN CLASS="c9">SECTION: </SPAN><SPAN CLASS="c2">ESPA&ntilde;A; Base; P&aacute;g. 21</SPAN></P>
</DIV>
<BR><DIV CLASS="c5"><P CLASS="c6"><SPAN CLASS="c9">LENGTH: </SPAN><SPAN CLASS="c2">606 words</SPAN></P>
</DIV>
<BR><DIV CLASS="c5"><P CLASS="c6"><SPAN CLASS="c9">DATELINE: </SPAN><SPAN CLASS="c2">Madrid </SPAN></P>
</DIV>
<BR><DIV CLASS="c5"><P CLASS="c10"><SPAN CLASS="c4">Ciudadanos</SPAN><SPAN CLASS="c2"> y Podemos se lanzaron ayer a la disputa decisiva por atraer a ese votante que quiere el cambio pol&iacute;tico o que todav&iacute;a no sabe a qui&eacute;n apoyar el pr&oacute;ximo domingo. Los l&iacute;deres de las dos formaciones emergentes, Pablo Iglesias y </SPAN><SPAN CLASS="c4">Albert</SPAN><SPAN CLASS="c2">&nbsp;</SPAN><SPAN CLASS="c4">Rivera</SPAN><SPAN CLASS="c2">, comienzan la semana en una situaci&oacute;n de empate t&eacute;cnico, seg&uacute;n Metroscopia, tras el ascenso de Podemos y la ca&iacute;da de </SPAN><SPAN CLASS="c4">Ciudadanos</SPAN><SPAN CLASS="c2">. Esta circunstancia les llevar&aacute; a adaptar sus estrategias y a recrudecer un pulso que ya se vio ayer en sus m&iacute;tines centrales celebrados en Madrid, en los que los nombres de Iglesias y Rivera fueron los m&aacute;s abucheados por sus rivales.</SPAN></P>
<P CLASS="c10"><SPAN CLASS="c2">Tras emplear la primera semana de campa&ntilde;a en criticar al PP, intentando consolidar su papel de alternativa al Gobierno, </SPAN><SPAN CLASS="c4">Albert</SPAN><SPAN CLASS="c2">&nbsp;</SPAN><SPAN CLASS="c4">Rivera</SPAN><SPAN CLASS="c2"> centr&oacute; ayer la mayor parte de su discurso en Podemos. Ocurri&oacute; en el Palacio Vistalegre, en Madrid, donde unas 10.000 personas, seg&uacute;n la organizaci&oacute;n, protagonizaron el mayor mitin de la historia de </SPAN><SPAN CLASS="c4">Ciudadanos</SPAN><SPAN CLASS="c2">, en el que se abuche&oacute; de lo lindo cuando el nombre de Iglesias son&oacute; por primera vez por los altavoces. Abucheos a Rivera y a </SPAN><SPAN CLASS="c4">Ciudadanos</SPAN><SPAN CLASS="c2">, resonaron tambi&eacute;n entre los m&aacute;s de 10.000 simpatizantes que Podemos asegur&oacute; que reuni&oacute; en La Caja M&aacute;gica de la capital.</SPAN><SPAN CLASS="c2">&nbsp;</SPAN></P>
<P CLASS="c10"><SPAN CLASS="c2">Las encuestas dibujan un cambio de escenario que est&aacute; dejando su huella en la estrategia de Rivera. La lucha ya no es por el primer puesto del PP ni tampoco por el segundo del PSOE, seg&uacute;n el sondeo de Metroscopia para EL PA&Iacute;S. Tras relegar a Podemos en los m&iacute;tines con los que arranc&oacute; la campa&ntilde;a, el l&iacute;der de </SPAN><SPAN CLASS="c4">Ciudadanos</SPAN><SPAN CLASS="c2"> se emple&oacute; ayer a fondo en criticar a la formaci&oacute;n de Pablo Iglesias, que le ha arrebatado el tercer puesto.</SPAN></P>
<P CLASS="c10"><SPAN CLASS="c2">Sensatez o aventura</SPAN></P>
<P CLASS="c10"><SPAN CLASS="c2">El candidato resumi&oacute; sus cr&iacute;ticas en un concepto: frente al cambio &quot;sensato&quot; de </SPAN><SPAN CLASS="c4">Ciudadanos</SPAN><SPAN CLASS="c2">, la aventura de Podemos.</SPAN></P>
<P CLASS="c10"><SPAN CLASS="c2">&quot;Si nosotros gobernamos, no pactaremos con quienes quieren romper nuestro pa&iacute;s. No lo han podido decir el PP ni el PSOE en 30 a&ntilde;os. Desde luego, no lo puede decir Podemos, que va con Bildu en las mismas papeletas&quot;, advirti&oacute; Rivera.</SPAN></P>
<P CLASS="c10"><SPAN CLASS="c2">&quot;No convocaremos referendos para romper Espa&ntilde;a, porque no queremos romperla; queremos arreglarla&quot;, a&ntilde;adi&oacute;, en referencia a la consulta vinculante que quiere convocar en Catalu&ntilde;a la formaci&oacute;n de izquierdas durante el primer a&ntilde;o de legislatura. &quot;No nos vamos a fijar en Grecia, como quiere Pablo Iglesias, no nos vamos a fijar en Venezuela. Nosotros queremos parecernos a Dinamarca, a Francia, a Alemania, a Estados Unidos, a Reino Unido, a los mejores pa&iacute;ses del mundo&quot;, enfatiz&oacute;.</SPAN></P>
<P CLASS="c10"><SPAN CLASS="c2">De su lado, Iglesias continu&oacute; centrando su discurso en los ataques a Mariano Rajoy, pero tanto la alcaldesa de Barcelona, Ada Colau, estrella invitada del mitin, como el n&uacute;mero dos de Podemos, &Iacute;&ntilde;igo Errej&oacute;n, lanzaron duras cr&iacute;ticas a </SPAN><SPAN CLASS="c4">Ciudadanos</SPAN><SPAN CLASS="c2">. Errej&oacute;n aludi&oacute; a las fuerzas &quot;que pagan autobuses y regalan banderitas&quot;, en referencia a los de Rivera, y sostuvo: &quot;Preguntadles a vuestros compa&ntilde;eros si en los m&iacute;tines de las otras formaciones salen con la piel de gallina. Hay algunos que tienen electorado; otros tenemos ciudadan&iacute;a comprometida y pueblo. Esa es la diferencia entre votar y hacer patria&quot;.</SPAN></P>
<P CLASS="c10"><SPAN CLASS="c2">Rivera habl&oacute; de Podemos por oposici&oacute;n a </SPAN><SPAN CLASS="c4">Ciudadanos</SPAN><SPAN CLASS="c2">. Frente al refer&eacute;ndum de Iglesias, su defensa de la unidad de Espa&ntilde;a; ante la negativa de Iglesias a firmar el pacto antiyihadista, su disposici&oacute;n para lograr consensos entre fuerzas pol&iacute;ticas de distinto signo. &quot;Si gana </SPAN><SPAN CLASS="c4">Ciudadanos</SPAN><SPAN CLASS="c2"> no hay nada que temer. Vamos a dar estabilidad a este pa&iacute;s&quot;, defendi&oacute;.</SPAN></P>
<P CLASS="c10"><SPAN CLASS="c2">En la trinchera de enfrente, el discurso de Podemos, que califica de &quot;recambio&quot; el proyecto de su oponente. &quot;L&aacute;vese la boca, se&ntilde;or Rivera, antes de decir 'S&iacute; se puede&quot;, exclam&oacute; la alcaldesa de Barcelona.</SPAN></P>
</DIV>
<BR><DIV CLASS="c5"><P CLASS="c6"><SPAN CLASS="c9">LANGUAGE: </SPAN><SPAN CLASS="c2">SPANISH; ESPA&Ntilde;OL</SPAN></P>
</DIV>
<BR><DIV CLASS="c5"><P CLASS="c6"><SPAN CLASS="c9">PUBLICATION-TYPE: </SPAN><SPAN CLASS="c2">Peri&oacute;dico</SPAN></P>
</DIV>
<BR><DIV CLASS="c5"><P CLASS="c6"><SPAN CLASS="c9">SUBJECT: </SPAN><SPAN CLASS="c2">Pol&iacute;tica (94%)</SPAN></P>
</DIV>
<BR><DIV CLASS="c5"><P CLASS="c6"><SPAN CLASS="c9">IPTC SUBJECT: </SPAN><SPAN CLASS="c2">Politica</SPAN></P>
</DIV>
<BR><DIV CLASS="c5"><P CLASS="c6"><SPAN CLASS="c9">LOAD-DATE: </SPAN><SPAN CLASS="c2">December 13, 2015</SPAN></P>
</DIV>
<BR><DIV CLASS="c0"><BR><P CLASS="c1"><SPAN CLASS="c2">Copyright 2015 El Pais Internacional S.A.<BR>All Rights Reserved</SPAN></P>
</DIV>
</BODY>
</HTML>