<HTML>
<HEAD>
<STYLE TYPE="text/css">
.c0 { text-align: center; }
.c1 { text-align: center; margin-top: 0em; margin-bottom: 0em; }
.c2 { font-family: 'Courier New',Courier; font-size: 10pt; font-style: normal; font-weight: normal; color: #000000; text-decoration: none; }
.c3 { text-align: center; margin-left: 13%; margin-right: 13%; }
.c4 { font-family: 'Courier New',Courier; font-size: 10pt; font-style: normal; font-weight: bold; color: #CC0033; text-decoration: none; }
.c5 { text-align: left; }
.c6 { text-align: left; margin-top: 0em; margin-bottom: 0em; }
.c7 { font-family: 'Courier New',Courier; font-size: 14pt; font-style: normal; font-weight: bold; color: #000000; text-decoration: none; }
.c8 { font-family: 'Courier New',Courier; font-size: 14pt; font-style: normal; font-weight: bold; color: #CC0033; text-decoration: none; }
.c9 { font-family: 'Courier New',Courier; font-size: 10pt; font-style: normal; font-weight: bold; color: #000000; text-decoration: none; }
.c10 { text-align: left; margin-top: 1em; margin-bottom: 0em; }
.c11 { page-break-before: always; }
</STYLE>
</HEAD>
<BODY>
<BR><DIV CLASS="c0"><P CLASS="c1"><SPAN CLASS="c2">291 of 935 DOCUMENTS</SPAN></P>
</DIV>
<BR><DIV CLASS="c0"><BR><P CLASS="c1"><IMG SRC="http://www.lexisnexis.com/lnacui2api/results/docview/attachRetrieve.do?smi=LOGOS&key=38401&componentseq=1&type=logo&inline=y" ALT="http://www.lexisnexis.com/lnacui2api/results/docview/attachRetrieve.do?smi=LOGOS&key=38401&componentseq=1&type=logo&inline=y"><BR><SPAN CLASS="c2">El Pais</SPAN></P>
</DIV>
<BR><DIV CLASS="c3"><P CLASS="c1"><SPAN CLASS="c4">January</SPAN><SPAN CLASS="c2"> 8, 2016 Friday</SPAN><SPAN CLASS="c2">&nbsp;</SPAN><SPAN CLASS="c2">&nbsp;<BR>Comunidad Valenciana Edici&oacute;n</SPAN></P>
</DIV>
<BR><DIV CLASS="c5"><P CLASS="c6"><SPAN CLASS="c7">Podemos frena el pacto del Congreso al pedir cuatro grupos</SPAN></P>
</DIV>
<BR><DIV CLASS="c5"><P CLASS="c6"><SPAN CLASS="c9">BYLINE: </SPAN><SPAN CLASS="c2">FERNANDO GAREA</SPAN></P>
</DIV>
<BR><DIV CLASS="c5"><P CLASS="c6"><SPAN CLASS="c9">SECTION: </SPAN><SPAN CLASS="c2">ESPA&ntilde;A; Base; P&aacute;g. 16</SPAN></P>
</DIV>
<BR><DIV CLASS="c5"><P CLASS="c6"><SPAN CLASS="c9">LENGTH: </SPAN><SPAN CLASS="c2">789 words</SPAN></P>
</DIV>
<BR><DIV CLASS="c5"><P CLASS="c6"><SPAN CLASS="c9">DATELINE: </SPAN><SPAN CLASS="c2">Madrid </SPAN></P>
</DIV>
<BR><DIV CLASS="c5"><P CLASS="c10"><SPAN CLASS="c2">Las peticiones de Podemos y, en menor medida, de </SPAN><SPAN CLASS="c4">Ciudadanos</SPAN><SPAN CLASS="c2"> ponen en dificultades el acuerdo para la elecci&oacute;n de la Presidencia y la Mesa del Congreso de los Diputados, el 13 de enero. Podemos exige contra todos que se reconozcan como grupos diferenciados al partido de Pablo Iglesias y a las candidaturas vinculadas a esta formaci&oacute;n que concurrieron en Galicia, Catalu&ntilde;a y Valencia. </SPAN><SPAN CLASS="c4">Albert Rivera</SPAN><SPAN CLASS="c2"> quiere que la Presidencia de la C&aacute;mara sea provisional a la espera del color del Gobierno.</SPAN></P>
<P CLASS="c10"><SPAN CLASS="c2">En todas las reuniones cruzadas, Podemos condiciona el acuerdo a que se le permita crear cuatro grupos parlamentarios: el del partido de Pablo Iglesias y el de las candidaturas con las que se present&oacute; en Galicia, Catalu&ntilde;a y Valencia. Previsiblemente, la negociaci&oacute;n durar&aacute; hasta el mismo d&iacute;a 13 y ese d&iacute;a se votar&aacute; en todo caso, haya o no acuerdo. El PP aspira en solitario a presidir la C&aacute;mara y el PSOE quiere ese cargo con el voto de todos, aunque no es imprescindible el apoyo de Podemos.</SPAN><SPAN CLASS="c2">&nbsp;</SPAN></P>
<P CLASS="c10"><SPAN CLASS="c2">&Iacute;&ntilde;igo Errej&oacute;n explic&oacute; ayer en el Congreso que esta exigencia es irrenunciable para apoyar a un candidato del PSOE a la Presidencia del Congreso. Esta condici&oacute;n sirve, seg&uacute;n Podemos, para reflejar la pluralidad de Espa&ntilde;a y que, adem&aacute;s, ha quedado reforzada en el resultado electoral. De esa forma, los cuatro grupos tendr&iacute;an mayor subvenci&oacute;n del Congreso, intervenciones de todos en los plenos y comisiones y mayor cupo para presentar iniciativas.</SPAN></P>
<P CLASS="c10"><SPAN CLASS="c2">Sin embargo, todos los dem&aacute;s partidos cuestionan esta exigencia, porque el Reglamento asegura que miembros del mismo partido no pueden constituir grupos distintos. Esa cl&aacute;usula se estableci&oacute; para que, por ejemplo, el PSC no tuviera grupo propio y, sobre todo, para no fragmentar la C&aacute;mara en funci&oacute;n de las comunidades. Ese art&iacute;culo es una cautela para que un mismo partido no se parta por comunidades para obtener m&aacute;s ventajas. Podemos argumenta que las candidaturas de Galicia, Catalu&ntilde;a y Valencia son distintas porque incluyen a miembros de otras formaciones y, por eso, en los resultados oficiales se diferencian. Iglesias ha mantenido esta semana reuniones con miembros de las tres candidaturas y a todos les ha prometido que mantendr&aacute; el pulso para que puedan constituir grupos propios. Este es, seg&uacute;n Podemos, el primer paso hacia el reconocimiento de la plurinacionalidad de Espa&ntilde;a que reclama al PSOE.</SPAN></P>
<P CLASS="c10"><SPAN CLASS="c4">Albert Rivera (Ciudadanos</SPAN><SPAN CLASS="c2">) asegur&oacute; ayer que es &quot;una petici&oacute;n absurda&quot; y explic&oacute; que es solo por dinero. Dolores de Cospedal (PP) la rechaz&oacute; de plano. El PSOE la cuestiona en las reuniones, aunque en p&uacute;blico se mantiene en la idea de estudiarla en las negociaciones. De hecho, la petici&oacute;n supone un escollo para la elecci&oacute;n pactada del presidente y la Mesa de la C&aacute;mara. PSOE y PP estudian f&oacute;rmulas alternativas, a la espera de que Podemos las acepte. Una es recurrir a una f&oacute;rmula que se aplic&oacute; en los a&ntilde;os ochenta por el entonces presidente del Congreso F&eacute;lix Pons. Con un acuerdo de la Presidencia de la C&aacute;mara se crearon agrupaciones dentro del Grupo Mixto, que ten&iacute;a un n&uacute;mero desproporcionado de miembros.</SPAN></P>
<P CLASS="c10"><SPAN CLASS="c2">Decisi&oacute;n discrecional</SPAN></P>
<P CLASS="c10"><SPAN CLASS="c2">Con esta f&oacute;rmula, solo habr&iacute;a un grupo de Podemos con posibilidad de organizarse internamente para que puedan intervenir en los debates diferentes portavoces. Una f&oacute;rmula similar la usaron Izquierda Unida e Iniciativa per Catalunya. Otra opci&oacute;n que estudia el PSOE es que Podemos acepte que se pida un informe jur&iacute;dico a los letrados de la C&aacute;mara. Para eso el partido morado deber&iacute;a comprometerse a aceptar previamente el resultado del informe.</SPAN></P>
<P CLASS="c10"><SPAN CLASS="c2">El Tribunal Constitucional se ha pronunciado media docena de veces sobre conflictos para la creaci&oacute;n de grupos parlamentarios y siempre lo ha hecho dando la raz&oacute;n a la Mesa del Congreso, incluso aunque las peticiones fueran contradictorias. Su tesis ha sido siempre que el Congreso debe organizarse por s&iacute; mismo.</SPAN></P>
<P CLASS="c10"><SPAN CLASS="c2">El otro conflicto es la petici&oacute;n de </SPAN><SPAN CLASS="c4">Ciudadanos</SPAN><SPAN CLASS="c2"> para que el presidente del Congreso sea provisional, a la espera de conocer el color del Gobierno, para garantizar que sean de partidos distintos. Eso solo se puede hacer por un compromiso pol&iacute;tico, porque el reglamento no contempla la destituci&oacute;n del presidente o de los miembros de la Mesa. Cospedal y el PSOE rechazan esta f&oacute;rmula. El PP mantiene que el presidente del Congreso debe ser del grupo mayoritario, es decir, el popular. El PSOE considera que el sistema de elecci&oacute;n le favorece, incluso aunque no hubiera acuerdo, porque no ser&iacute;a entendible que Podemos apoyara al candidato del PP y porque todos los dem&aacute;s grupos prefieren un presidente que no sea del grupo mayoritario.</SPAN></P>
<P CLASS="c10"><SPAN CLASS="c2">Los socialistas aseguran que no han puesto ning&uacute;n nombre sobre la mesa, pero han barajado el del exlehendakari Patxi L&oacute;pez. [PG] Con informaci&oacute;n de Francesco Manetto y Juan Jos&eacute; Mateo.</SPAN></P>
</DIV>
<BR><DIV CLASS="c5"><P CLASS="c6"><SPAN CLASS="c9">LANGUAGE: </SPAN><SPAN CLASS="c2">SPANISH; ESPA&Ntilde;OL</SPAN></P>
</DIV>
<BR><DIV CLASS="c5"><P CLASS="c6"><SPAN CLASS="c9">PUBLICATION-TYPE: </SPAN><SPAN CLASS="c2">Peri&oacute;dico</SPAN></P>
</DIV>
<BR><DIV CLASS="c5"><P CLASS="c6"><SPAN CLASS="c9">SUBJECT: </SPAN><SPAN CLASS="c2">Pol&iacute;tica (93%)</SPAN></P>
</DIV>
<BR><DIV CLASS="c5"><P CLASS="c6"><SPAN CLASS="c9">IPTC SUBJECT: </SPAN><SPAN CLASS="c2">Politica</SPAN></P>
</DIV>
<BR><DIV CLASS="c5"><P CLASS="c6"><SPAN CLASS="c9">LOAD-DATE: </SPAN><SPAN CLASS="c2">January 7, 2016</SPAN></P>
</DIV>
<BR><DIV CLASS="c0"><BR><P CLASS="c1"><SPAN CLASS="c2">Copyright 2016 El Pais Internacional S.A.<BR>All Rights Reserved</SPAN></P>
</DIV>
</BODY>
</HTML>