<HTML>
<HEAD>
<STYLE TYPE="text/css">
.c0 { text-align: center; }
.c1 { text-align: center; margin-top: 0em; margin-bottom: 0em; }
.c2 { font-family: 'Courier New',Courier; font-size: 10pt; font-style: normal; font-weight: normal; color: #000000; text-decoration: none; }
.c3 { text-align: center; margin-left: 13%; margin-right: 13%; }
.c4 { font-family: 'Courier New',Courier; font-size: 10pt; font-style: normal; font-weight: bold; color: #CC0033; text-decoration: none; }
.c5 { text-align: left; }
.c6 { text-align: left; margin-top: 0em; margin-bottom: 0em; }
.c7 { font-family: 'Courier New',Courier; font-size: 14pt; font-style: normal; font-weight: bold; color: #000000; text-decoration: none; }
.c8 { font-family: 'Courier New',Courier; font-size: 14pt; font-style: normal; font-weight: bold; color: #CC0033; text-decoration: none; }
.c9 { font-family: 'Courier New',Courier; font-size: 10pt; font-style: normal; font-weight: bold; color: #000000; text-decoration: none; }
.c10 { text-align: left; margin-top: 1em; margin-bottom: 0em; }
.c11 { page-break-before: always; }
</STYLE>
</HEAD>
<BODY>
<BR><DIV CLASS="c0"><P CLASS="c1"><SPAN CLASS="c2">160 of 935 DOCUMENTS</SPAN></P>
</DIV>
<BR><DIV CLASS="c0"><BR><P CLASS="c1"><IMG SRC="http://www.lexisnexis.com/lnacui2api/results/docview/attachRetrieve.do?smi=LOGOS&key=38401&componentseq=1&type=logo&inline=y" ALT="http://www.lexisnexis.com/lnacui2api/results/docview/attachRetrieve.do?smi=LOGOS&key=38401&componentseq=1&type=logo&inline=y"><BR><SPAN CLASS="c2">El Pais</SPAN></P>
</DIV>
<BR><DIV CLASS="c3"><P CLASS="c1"><SPAN CLASS="c4">January</SPAN><SPAN CLASS="c2"> 17, 2016 Sunday</SPAN><SPAN CLASS="c2">&nbsp;</SPAN><SPAN CLASS="c2">&nbsp;<BR>Comunidad Valenciana Edici&oacute;n</SPAN></P>
</DIV>
<BR><DIV CLASS="c5"><P CLASS="c6"><SPAN CLASS="c7">El 43% de los votantes del PP reh&uacute;sa que Rajoy repita</SPAN></P>
</DIV>
<BR><DIV CLASS="c5"><P CLASS="c6"><SPAN CLASS="c9">BYLINE: </SPAN><SPAN CLASS="c2">A. D.</SPAN></P>
</DIV>
<BR><DIV CLASS="c5"><P CLASS="c6"><SPAN CLASS="c9">SECTION: </SPAN><SPAN CLASS="c2">ESPA&ntilde;A; Base; P&aacute;g. 18</SPAN></P>
</DIV>
<BR><DIV CLASS="c5"><P CLASS="c6"><SPAN CLASS="c9">LENGTH: </SPAN><SPAN CLASS="c2">581 words</SPAN></P>
</DIV>
<BR><DIV CLASS="c5"><P CLASS="c6"><SPAN CLASS="c9">DATELINE: </SPAN><SPAN CLASS="c2">Madrid </SPAN></P>
</DIV>
<BR><DIV CLASS="c5"><P CLASS="c10"><SPAN CLASS="c2">El grado de fidelidad que los </SPAN><SPAN CLASS="c4">ciudadanos</SPAN><SPAN CLASS="c2"> guardan a los l&iacute;deres que representaron a sus partidos en las elecciones del 20 de diciembre es muy alto para los candidatos de </SPAN><SPAN CLASS="c4">Ciudadanos</SPAN><SPAN CLASS="c2">, </SPAN><SPAN CLASS="c4">Albert Rivera</SPAN><SPAN CLASS="c2">, y de Podemos, Pablo Iglesias; mucho m&aacute;s tibio para Pedro S&aacute;nchez, l&iacute;der del PSOE, y muy mermado en el caso de Mariano Rajoy, presidente del PP. El desapego no es al partido en el caso del PP, toda vez que la formaci&oacute;n experimenta una ligera subida.</SPAN></P>
<P CLASS="c10"><SPAN CLASS="c2">En la apreciaci&oacute;n de los consultados, al margen del partido al que hayan apoyado, </SPAN><SPAN CLASS="c4">Albert Rivera</SPAN><SPAN CLASS="c2">, presidente de </SPAN><SPAN CLASS="c4">Ciudadanos</SPAN><SPAN CLASS="c2">, sale muy bien parado; el mejor entre todos los l&iacute;deres. En el caso de que se repitieran las elecciones ante la imposibilidad de formar Gobierno, un 79% de los encuestados responde afirmativamente a la pregunta de si Rivera deb&iacute;a ser de nuevo candidato. Este porcentaje se eleva hasta el 96% entre los espa&ntilde;oles que se declaran votantes del partido naranja.</SPAN><SPAN CLASS="c2">&nbsp;</SPAN></P>
<P CLASS="c10"><SPAN CLASS="c2">El pol&iacute;tico catal&aacute;n conserva, por tanto, su buena imagen entre propios y ajenos, aunque en los an&aacute;lisis de este partido se reconoce que no alcanzaron en las elecciones los objetivos perseguidos. </SPAN><SPAN CLASS="c4">Ciudadanos</SPAN><SPAN CLASS="c2"> roz&oacute; el 14%; casi 14 puntos menos que el PP; 8 por debajo del PSOE y casi siete menos que Podemos. Los datos no ocultan, sin embargo, la buena acogida que Rivera tiene en la opini&oacute;n p&uacute;blica espa&ntilde;ola y entre los suyos dos a&ntilde;os despu&eacute;s de que diera el salto a la escena nacional, tras ocho a&ntilde;os de dedicaci&oacute;n exclusiva a Catalu&ntilde;a.</SPAN></P>
<P CLASS="c10"><SPAN CLASS="c2">En el extremo opuesto se sit&uacute;a el presidente del PP, Mariano Rajoy. Es el m&aacute;s veterano de todos los candidatos, en edad y en experiencia en la pol&iacute;tica, con m&aacute;s de 30 a&ntilde;os de andadura en la vida p&uacute;blica. Un 41% es hasta donde llegan las respuestas favorables a que el presidente del Gobierno en funciones vuelva a ser el candidato de los populares si las elecciones se repiten en primavera. El dato m&aacute;s preocupante para sus intereses y los de su partido viene dado por el hecho de que solo un 57% de los votantes del PP querr&iacute;an verle de nuevo como candidato.</SPAN></P>
<P CLASS="c10"><SPAN CLASS="c2">No ocurre lo mismo con Pablo Iglesias, secretario general del Podemos, que para un 59% de los consultados debe ser el cabeza del cartel de esta formaci&oacute;n si de nuevo se convocan elecciones en pocos meses. En esa opini&oacute;n coinciden con el 92% de los votantes de Podemos.</SPAN></P>
<P CLASS="c10"><SPAN CLASS="c2">No despierta tanta lealtad y fidelidad el candidato del PSOE, Pedro S&aacute;nchez, cuyo liderazgo en su partido es incluso m&aacute;s reciente que los de Iglesias y Rivera. El pol&iacute;tico socialista era un desconocido hasta el verano de 2014, cuando se present&oacute; a unas elecciones primarias para la secretar&iacute;a general del PSOE, y gan&oacute; frente a Eduardo Madina y Jos&eacute; Antonio P&eacute;rez Tapias.</SPAN></P>
<P CLASS="c10"><SPAN CLASS="c2">La controversia interna sobre el liderazgo de S&aacute;nchez se aprecia en la respuesta que dan los </SPAN><SPAN CLASS="c4">ciudadanos</SPAN><SPAN CLASS="c2"> sobre si &eacute;l debe encabezar el cartel electoral de los socialistas en una nueva llamada a las urnas. Solo un 41% le considera adecuado entre los consultados de todos los partidos, mientras el apoyo asciende a un 64% entre los votantes socialistas. La elecci&oacute;n del candidato electoral del PSOE, no obstante, se dirimir&aacute; en unas elecciones primarias a las que S&aacute;nchez se presentar&aacute;.</SPAN></P>
<P CLASS="c10"><SPAN CLASS="c2">A diferencia del PSOE, donde el debate por el liderazgo est&aacute; abierto sin disimulo, nada trasciende p&uacute;blicamente en el PP sobre una eventual sustituci&oacute;n de Mariano Rajoy como candidato electoral. Solo se habla de es posibilidad en c&iacute;rculos muy reducidos del partido, a la espera del resultado de sus intentos de ser investido presidente del Gobierno.</SPAN></P>
</DIV>
<BR><DIV CLASS="c5"><P CLASS="c6"><SPAN CLASS="c9">LANGUAGE: </SPAN><SPAN CLASS="c2">SPANISH; ESPA&Ntilde;OL</SPAN></P>
</DIV>
<BR><DIV CLASS="c5"><P CLASS="c6"><SPAN CLASS="c9">PUBLICATION-TYPE: </SPAN><SPAN CLASS="c2">Peri&oacute;dico</SPAN></P>
</DIV>
<BR><DIV CLASS="c5"><P CLASS="c6"><SPAN CLASS="c9">SUBJECT: </SPAN><SPAN CLASS="c2">Pol&iacute;tica (93%)</SPAN></P>
</DIV>
<BR><DIV CLASS="c5"><P CLASS="c6"><SPAN CLASS="c9">IPTC SUBJECT: </SPAN><SPAN CLASS="c2">Politica</SPAN></P>
</DIV>
<BR><DIV CLASS="c5"><P CLASS="c6"><SPAN CLASS="c9">LOAD-DATE: </SPAN><SPAN CLASS="c2">January 16, 2016</SPAN></P>
</DIV>
<BR><DIV CLASS="c0"><BR><P CLASS="c1"><SPAN CLASS="c2">Copyright 2016 El Pais Internacional S.A.<BR>All Rights Reserved</SPAN></P>
</DIV>
</BODY>
</HTML>