<HTML>
<HEAD>
<STYLE TYPE="text/css">
.c0 { text-align: center; }
.c1 { text-align: center; margin-top: 0em; margin-bottom: 0em; }
.c2 { font-family: 'Courier New',Courier; font-size: 10pt; font-style: normal; font-weight: normal; color: #000000; text-decoration: none; }
.c3 { text-align: center; margin-left: 13%; margin-right: 13%; }
.c4 { font-family: 'Courier New',Courier; font-size: 10pt; font-style: normal; font-weight: bold; color: #CC0033; text-decoration: none; }
.c5 { text-align: left; }
.c6 { text-align: left; margin-top: 0em; margin-bottom: 0em; }
.c7 { font-family: 'Courier New',Courier; font-size: 14pt; font-style: normal; font-weight: bold; color: #000000; text-decoration: none; }
.c8 { font-family: 'Courier New',Courier; font-size: 14pt; font-style: normal; font-weight: bold; color: #CC0033; text-decoration: none; }
.c9 { font-family: 'Courier New',Courier; font-size: 10pt; font-style: normal; font-weight: bold; color: #000000; text-decoration: none; }
.c10 { text-align: left; margin-top: 1em; margin-bottom: 0em; }
.c11 { page-break-before: always; }
</STYLE>
</HEAD>
<BODY>
<BR><DIV CLASS="c0"><P CLASS="c1"><SPAN CLASS="c2">426 of 935 DOCUMENTS</SPAN></P>
</DIV>
<BR><DIV CLASS="c0"><BR><P CLASS="c1"><IMG SRC="http://www.lexisnexis.com/lnacui2api/results/docview/attachRetrieve.do?smi=LOGOS&key=38401&componentseq=1&type=logo&inline=y" ALT="http://www.lexisnexis.com/lnacui2api/results/docview/attachRetrieve.do?smi=LOGOS&key=38401&componentseq=1&type=logo&inline=y"><BR><SPAN CLASS="c2">El Pais</SPAN></P>
</DIV>
<BR><DIV CLASS="c3"><P CLASS="c1"><SPAN CLASS="c4">December</SPAN><SPAN CLASS="c2"> 1, 2015 Tuesday</SPAN><SPAN CLASS="c2">&nbsp;</SPAN><SPAN CLASS="c2">&nbsp;<BR>Comunidad Valenciana Edici&oacute;n</SPAN></P>
</DIV>
<BR><DIV CLASS="c5"><P CLASS="c6"><SPAN CLASS="c7">Los espectadores ven ganador a Iglesias</SPAN></P>
</DIV>
<BR><DIV CLASS="c5"><P CLASS="c6"><SPAN CLASS="c9">BYLINE: </SPAN><SPAN CLASS="c2">REYES RINC&Oacute;N</SPAN></P>
</DIV>
<BR><DIV CLASS="c5"><P CLASS="c6"><SPAN CLASS="c9">SECTION: </SPAN><SPAN CLASS="c2">ESPA&ntilde;A; Base; P&aacute;g. 15 [AN] ENCUESTA. &iquest;Qui&eacute;n venci&oacute; en el debate?</SPAN></P>
</DIV>
<BR><DIV CLASS="c5"><P CLASS="c6"><SPAN CLASS="c9">LENGTH: </SPAN><SPAN CLASS="c2">315 words</SPAN></P>
</DIV>
<BR><DIV CLASS="c5"><P CLASS="c6"><SPAN CLASS="c9">DATELINE: </SPAN><SPAN CLASS="c2">Madrid </SPAN></P>
</DIV>
<BR><DIV CLASS="c5"><BR><P CLASS="c6"><SPAN CLASS="c9">HIGHLIGHT:</SPAN><SPAN CLASS="c2">&nbsp;Un 47,01% considera que se impuso el l&iacute;der de Podemos. Rivera qued&oacute; segundo<BR></SPAN></P>
</DIV>
<BR><DIV CLASS="c5"><P CLASS="c10"><SPAN CLASS="c2">Los internautas consideran que el candidato de Podemos a La Moncloa, Pablo Iglesias, venci&oacute; en el debate electoral de EL PA&Iacute;S, en el que particip&oacute; junto a los cabezas de filas del PSOE, Pedro S&aacute;nchez, y </SPAN><SPAN CLASS="c4">Ciudadanos</SPAN><SPAN CLASS="c2">, </SPAN><SPAN CLASS="c4">Albert Rivera</SPAN><SPAN CLASS="c2">. La web de este peri&oacute;dico ofreci&oacute; a los espectadores la posibilidad de elegir qui&eacute;n venci&oacute; en el cara a cara mediante una encuesta accesible desde el inicio de las intervenciones (21.00) hasta medianoche, algo m&aacute;s de una hora despu&eacute;s de que concluyera. El resultado dio por ganador a Iglesias, que sum&oacute; el 47,01% de los apoyos. El l&iacute;der de </SPAN><SPAN CLASS="c4">Ciudadanos</SPAN><SPAN CLASS="c2"> qued&oacute; segundo, con el 28,9%. Solo el 24,09% vi&oacute; ganador al candidato socialista.</SPAN><SPAN CLASS="c2">&nbsp;</SPAN></P>
<P CLASS="c10"><SPAN CLASS="c2">Este sondeo no es una encuesta rigurosamente cient&iacute;fica que siga todos los criterios demosc&oacute;picos, pero s&iacute; supone un buen term&oacute;metro de la impresi&oacute;n de los lectores y espectadores que ayer siguieron el debate. El sistema bloque&oacute; las direcciones IP de los usuarios una vez que se hab&iacute;a votado, de manera que no se pudiera hacer dos veces.</SPAN></P>
<P CLASS="c10"><SPAN CLASS="c2">El l&iacute;der de Podemos destac&oacute; como el m&aacute;s votado desde los primeros minutos. Cuando apenas hab&iacute;a transcurrido media hora desde el inicio del debate, el 48,4% consideraba que Iglesias estaba liderando la contienda. Sus dos rivales le segu&iacute;an a mucha distancia: Rivera, con el 29,8% de los votos y S&aacute;nchez, con el 21,7%. A lo largo del cara a cara y durante la hora en la que la encuesta se mantuvo activa una vez finalizado el debate, las posiciones se mantuvieron inalteradas y los candidatos de </SPAN><SPAN CLASS="c4">Ciudadanos</SPAN><SPAN CLASS="c2"> y PSOE solo recortaron distancias m&iacute;nimamente con Iglesias. S&aacute;nchez redujo su diferencia con Rivera desde los ocho puntos iniciales a los 4,8 puntos que finalmente les separaron.</SPAN></P>
<P CLASS="c10"><SPAN CLASS="c2">El resultado final de la encuesta coincide con el tir&oacute;n que los tres candidatos tienen en Twitter, donde Iglesias, con 1,3 millones de seguidores, se sit&uacute;a muy por encima de Rivera (406.000) y S&aacute;nchez (210.000).</SPAN></P>
</DIV>
<BR><DIV CLASS="c5"><P CLASS="c6"><SPAN CLASS="c9">LANGUAGE: </SPAN><SPAN CLASS="c2">SPANISH; ESPA&Ntilde;OL</SPAN></P>
</DIV>
<BR><DIV CLASS="c5"><P CLASS="c6"><SPAN CLASS="c9">PUBLICATION-TYPE: </SPAN><SPAN CLASS="c2">Peri&oacute;dico</SPAN></P>
</DIV>
<BR><DIV CLASS="c5"><P CLASS="c6"><SPAN CLASS="c9">SUBJECT: </SPAN><SPAN CLASS="c2">Pol&iacute;tica (93%)</SPAN></P>
</DIV>
<BR><DIV CLASS="c5"><P CLASS="c6"><SPAN CLASS="c9">IPTC SUBJECT: </SPAN><SPAN CLASS="c2">Politica</SPAN></P>
</DIV>
<BR><DIV CLASS="c5"><P CLASS="c6"><SPAN CLASS="c9">LOAD-DATE: </SPAN><SPAN CLASS="c2">November 30, 2015</SPAN></P>
</DIV>
<BR><DIV CLASS="c0"><BR><P CLASS="c1"><SPAN CLASS="c2">Copyright 2015 El Pais Internacional S.A.<BR>All Rights Reserved</SPAN></P>
</DIV>
</BODY>
</HTML>