<HTML>
<HEAD>
<STYLE TYPE="text/css">
.c0 { text-align: center; }
.c1 { text-align: center; margin-top: 0em; margin-bottom: 0em; }
.c2 { font-family: 'Courier New',Courier; font-size: 10pt; font-style: normal; font-weight: normal; color: #000000; text-decoration: none; }
.c3 { text-align: center; margin-left: 13%; margin-right: 13%; }
.c4 { font-family: 'Courier New',Courier; font-size: 10pt; font-style: normal; font-weight: bold; color: #CC0033; text-decoration: none; }
.c5 { text-align: left; }
.c6 { text-align: left; margin-top: 0em; margin-bottom: 0em; }
.c7 { font-family: 'Courier New',Courier; font-size: 14pt; font-style: normal; font-weight: bold; color: #000000; text-decoration: none; }
.c8 { font-family: 'Courier New',Courier; font-size: 14pt; font-style: normal; font-weight: bold; color: #CC0033; text-decoration: none; }
.c9 { font-family: 'Courier New',Courier; font-size: 10pt; font-style: normal; font-weight: bold; color: #000000; text-decoration: none; }
.c10 { text-align: left; margin-top: 1em; margin-bottom: 0em; }
.c11 { page-break-before: always; }
</STYLE>
</HEAD>
<BODY>
<BR><DIV CLASS="c0"><P CLASS="c1"><SPAN CLASS="c2">487 of 935 DOCUMENTS</SPAN></P>
</DIV>
<BR><DIV CLASS="c0"><BR><P CLASS="c1"><IMG SRC="http://www.lexisnexis.com/lnacui2api/results/docview/attachRetrieve.do?smi=LOGOS&key=38401&componentseq=1&type=logo&inline=y" ALT="http://www.lexisnexis.com/lnacui2api/results/docview/attachRetrieve.do?smi=LOGOS&key=38401&componentseq=1&type=logo&inline=y"><BR><SPAN CLASS="c2">El Pais</SPAN></P>
</DIV>
<BR><DIV CLASS="c3"><P CLASS="c1"><SPAN CLASS="c4">December</SPAN><SPAN CLASS="c2"> 22, 2015 Tuesday</SPAN><SPAN CLASS="c2">&nbsp;</SPAN><SPAN CLASS="c2">&nbsp;<BR>2&ordf; Ed. Madrid Edici&oacute;n</SPAN></P>
</DIV>
<BR><DIV CLASS="c5"><P CLASS="c6"><SPAN CLASS="c7">Atrapados en un guion endiablado</SPAN></P>
</DIV>
<BR><DIV CLASS="c5"><P CLASS="c6"><SPAN CLASS="c9">BYLINE: </SPAN><SPAN CLASS="c2">FERNANDO GAREA</SPAN></P>
</DIV>
<BR><DIV CLASS="c5"><P CLASS="c6"><SPAN CLASS="c9">SECTION: </SPAN><SPAN CLASS="c2">ESPA&ntilde;A; Base; P&aacute;g. 20</SPAN></P>
</DIV>
<BR><DIV CLASS="c5"><P CLASS="c6"><SPAN CLASS="c9">LENGTH: </SPAN><SPAN CLASS="c2">747 words</SPAN></P>
</DIV>
<BR><DIV CLASS="c5"><P CLASS="c6"><SPAN CLASS="c9">DATELINE: </SPAN><SPAN CLASS="c2">Madrid </SPAN></P>
</DIV>
<BR><DIV CLASS="c5"><BR><P CLASS="c6"><SPAN CLASS="c9">HIGHLIGHT:</SPAN><SPAN CLASS="c2">&nbsp;Solo es posible llegar a consensos para gobernar si alg&uacute;n partido acepta modificar sus l&iacute;neas rojas y asumir sus contradicciones<BR></SPAN></P>
</DIV>
<BR><DIV CLASS="c5"><P CLASS="c10"><SPAN CLASS="c2">El guion pol&iacute;tico surgido de las elecciones del 20-D es tan endiablado que solo es posible llegar a acuerdos para gobernar si alguno de los partidos acepta modificar sus l&iacute;neas rojas y si alguno admite asumir contraindicaciones. Casi todas las combinaciones tienen inconvenientes y todos est&aacute;n atrapados en sus propios dilemas. Si nadie cede o arriesga habr&aacute; elecciones en mayo. La dificultad es, en primer t&eacute;rmino, la de superar la investidura, aunque sea en segunda vuelta y mayor&iacute;a simple con abstenciones.</SPAN></P>
<P CLASS="c10"><SPAN CLASS="c2">PP. Solo puede sumar con </SPAN><SPAN CLASS="c4">Ciudadanos</SPAN><SPAN CLASS="c2"> y con al menos una tercera fuerza. Primero tendr&iacute;a que convencer a </SPAN><SPAN CLASS="c4">Albert Rivera</SPAN><SPAN CLASS="c2"> para que renuncie a su l&iacute;nea roja y apoye su investidura. Para sumar a un tercero tiene el inconveniente de haber roto pr&aacute;cticamente todos los puentes con todos los dem&aacute;s, por ejemplo, los nacionalistas. Adem&aacute;s, </SPAN><SPAN CLASS="c4">Ciudadanos</SPAN><SPAN CLASS="c2"> dice ser incompatible con los nacionalistas.</SPAN><SPAN CLASS="c2">&nbsp;</SPAN></P>
<P CLASS="c10"><SPAN CLASS="c2">El dilema del PP se completa con el del propio Mariano Rajoy y con esta pregunta: &iquest;Aceptar&iacute;a el actual presidente dar un paso atr&aacute;s y dejar paso a otro candidato de su partido para facilitar la investidura? El PP puede avanzar hacia un Gobierno en minor&iacute;a con abstenciones de </SPAN><SPAN CLASS="c4">Ciudadanos</SPAN><SPAN CLASS="c2"> y del PSOE, si fuera capaz de convencer a ambos. La duda es si es posible gobernar con 123 esca&ntilde;os y con un Parlamento adverso. Tiene como margen que los Presupuestos para 2016 est&aacute;n ya aprobados y no es necesario abordar otros hasta final de ese a&ntilde;o</SPAN></P>
<P CLASS="c10"><SPAN CLASS="c2">El PP puede esperar a que haya un bloque de izquierdas y pasar a la oposici&oacute;n, con posibilidad de bloquear iniciativas como la reforma de la Constituci&oacute;n. Pero supondr&iacute;a cambios en la direcci&oacute;n del PP y la renuncia de Rajoy. El dilema del PP se completa con el c&aacute;lculo de si la salida es que haya elecciones y si recuperar&iacute;a voto &uacute;til en favor de la estabilidad y si ser&iacute;a Rajoy el candidato.</SPAN></P>
<P CLASS="c10"><SPAN CLASS="c2">PSOE. El dilema de Pedro S&aacute;nchez se resume en tener que elegir entre permitir que gobierne el PP o pactar con Podemos y otros partidos, aceptando posiciones que superan sus l&iacute;neas rojas y que le pueden suponer contraindicaciones pol&iacute;ticas. Si cede a las presiones que recibir&aacute; para que con su abstenci&oacute;n permita que gobierne el PP, S&aacute;nchez deber&aacute; asumir las consecuencias de un titular de peri&oacute;dicos de este tipo: &quot;El PSOE permite que gobierne el PP&quot;. Es decir, si la pugna pol&iacute;tica es entre bipartidismo y vieja pol&iacute;tica contra nueva pol&iacute;tica y pluralismo, &eacute;l tomar&iacute;a partido y, adem&aacute;s, permitir&iacute;a la investidura de quien no considera una persona decente, si es que Rajoy persiste en ser candidato. El PSOE habr&iacute;a hecho con Rajoy lo que el PP no quiso hacer con Susana D&iacute;az en Andaluc&iacute;a. Si no lo hace y el PP no puede formar Gobierno, S&aacute;nchez puede buscar una mayor&iacute;a alternativa. Necesitar&iacute;a a Podemos y a otros partidos. Para ello, tendr&iacute;a que asumir l&iacute;neas rojas program&aacute;ticas como el refer&eacute;ndum en Catalu&ntilde;a o la reforma de la Constituci&oacute;n para, entre otras cosas, cambiar el sistema electoral. En este punto, la gran coartada de S&aacute;nchez que, a su vez le ata para pactar, es que el PP tiene mayor&iacute;a de bloqueo de esas reformas y, por tanto, puede parar una reforma constitucional que pactara con Podemos. No puede pactarse ninguna reforma de la Constituci&oacute;n sin el PP. Si aceptara el refer&eacute;ndum de autodeterminaci&oacute;n en Catalu&ntilde;a, tendr&iacute;a un coste en otras comunidades y con barones regionales del partido. Y, adem&aacute;s, debe valorar qu&eacute; le supondr&iacute;a estar en manos de un partido que como Podemos aspira a quedarse con su electorado.</SPAN></P>
<P CLASS="c10"><SPAN CLASS="c2">Podemos. Pablo Iglesias ya ha expuesto sus l&iacute;neas rojas, que tienen que ver con la reforma de la Constituci&oacute;n, el sistema electoral y el refer&eacute;ndum en Catalu&ntilde;a. Su dilema es decidir qu&eacute; pide y a qu&eacute; renuncia en una hipot&eacute;tica negociaci&oacute;n con el PSOE.</SPAN></P>
<P CLASS="c10"><SPAN CLASS="c2">La formaci&oacute;n liderada por Iglesias tiene que elegir si se mantiene en la oposici&oacute;n a la espera de unas nuevas elecciones que le permitan crecer o si aprovecha para intentar poner en marcha algunas de las reformas que propone, apoy&aacute;ndose en el PSOE. Podemos tiene un primer escollo que superar en el Congreso: la creaci&oacute;n de los cuatro grupos parlamentarios con las candidaturas de Galicia, Catalu&ntilde;a y Valencia. La presidencia y Mesa que se elijan el 13 de enero deben decidir si acceden a la creaci&oacute;n de esos grupos.</SPAN></P>
<P CLASS="c10"><SPAN CLASS="c2">Surge otra pregunta: si pactara y renunciara para ello a algo de su programa, &iquest;c&oacute;mo se someter&iacute;a al escrutinio revocatorio por incumplimiento de sus promesas que incluye en sus l&iacute;neas rojas?</SPAN></P>
<P CLASS="c10"><SPAN CLASS="c2">Al partido de Iglesias es al que mejor le ir&iacute;an unas nuevas elecciones.</SPAN></P>
</DIV>
<BR><DIV CLASS="c5"><P CLASS="c6"><SPAN CLASS="c9">LANGUAGE: </SPAN><SPAN CLASS="c2">SPANISH; ESPA&Ntilde;OL</SPAN></P>
</DIV>
<BR><DIV CLASS="c5"><P CLASS="c6"><SPAN CLASS="c9">PUBLICATION-TYPE: </SPAN><SPAN CLASS="c2">Peri&oacute;dico</SPAN></P>
</DIV>
<BR><DIV CLASS="c5"><P CLASS="c6"><SPAN CLASS="c9">SUBJECT: </SPAN><SPAN CLASS="c2">Pol&iacute;tica (93%)</SPAN></P>
</DIV>
<BR><DIV CLASS="c5"><P CLASS="c6"><SPAN CLASS="c9">IPTC SUBJECT: </SPAN><SPAN CLASS="c2">Politica</SPAN></P>
</DIV>
<BR><DIV CLASS="c5"><P CLASS="c6"><SPAN CLASS="c9">LOAD-DATE: </SPAN><SPAN CLASS="c2">December 21, 2015</SPAN></P>
</DIV>
<BR><DIV CLASS="c0"><BR><P CLASS="c1"><SPAN CLASS="c2">Copyright 2015 El Pais Internacional S.A.<BR>All Rights Reserved</SPAN></P>
</DIV>
</BODY>
</HTML>