<HTML>
<HEAD>
<STYLE TYPE="text/css">
.c0 { text-align: center; }
.c1 { text-align: center; margin-top: 0em; margin-bottom: 0em; }
.c2 { font-family: 'Courier New',Courier; font-size: 10pt; font-style: normal; font-weight: normal; color: #000000; text-decoration: none; }
.c3 { text-align: center; margin-left: 13%; margin-right: 13%; }
.c4 { font-family: 'Courier New',Courier; font-size: 10pt; font-style: normal; font-weight: bold; color: #CC0033; text-decoration: none; }
.c5 { text-align: left; }
.c6 { text-align: left; margin-top: 0em; margin-bottom: 0em; }
.c7 { font-family: 'Courier New',Courier; font-size: 14pt; font-style: normal; font-weight: bold; color: #000000; text-decoration: none; }
.c8 { font-family: 'Courier New',Courier; font-size: 14pt; font-style: normal; font-weight: bold; color: #CC0033; text-decoration: none; }
.c9 { font-family: 'Courier New',Courier; font-size: 10pt; font-style: normal; font-weight: bold; color: #000000; text-decoration: none; }
.c10 { text-align: left; margin-top: 1em; margin-bottom: 0em; }
.c11 { page-break-before: always; }
</STYLE>
</HEAD>
<BODY>
<BR><DIV CLASS="c0"><P CLASS="c1"><SPAN CLASS="c2">460 of 935 DOCUMENTS</SPAN></P>
</DIV>
<BR><DIV CLASS="c0"><BR><P CLASS="c1"><IMG SRC="http://www.lexisnexis.com/lnacui2api/results/docview/attachRetrieve.do?smi=LOGOS&key=38401&componentseq=1&type=logo&inline=y" ALT="http://www.lexisnexis.com/lnacui2api/results/docview/attachRetrieve.do?smi=LOGOS&key=38401&componentseq=1&type=logo&inline=y"><BR><SPAN CLASS="c2">El Pais</SPAN></P>
</DIV>
<BR><DIV CLASS="c3"><P CLASS="c1"><SPAN CLASS="c4">December</SPAN><SPAN CLASS="c2"> 9, 2015 Wednesday</SPAN><SPAN CLASS="c2">&nbsp;</SPAN><SPAN CLASS="c2">&nbsp;<BR>2&ordf; Ed. Barna Edici&oacute;n</SPAN></P>
</DIV>
<BR><DIV CLASS="c5"><P CLASS="c6"><SPAN CLASS="c7">S&aacute;nchez asegura que apoyar a Podemos supone regalar el voto al PP</SPAN></P>
</DIV>
<BR><DIV CLASS="c5"><P CLASS="c6"><SPAN CLASS="c9">BYLINE: </SPAN><SPAN CLASS="c2">J. MARCOS / F. MANETTO</SPAN></P>
</DIV>
<BR><DIV CLASS="c5"><P CLASS="c6"><SPAN CLASS="c9">SECTION: </SPAN><SPAN CLASS="c2">ESPA&ntilde;A; Base; P&aacute;g. 15</SPAN></P>
</DIV>
<BR><DIV CLASS="c5"><P CLASS="c6"><SPAN CLASS="c9">LENGTH: </SPAN><SPAN CLASS="c2">1050 words</SPAN></P>
</DIV>
<BR><DIV CLASS="c5"><P CLASS="c6"><SPAN CLASS="c9">DATELINE: </SPAN><SPAN CLASS="c2">A Coru&ntilde;a / Palma </SPAN></P>
</DIV>
<BR><DIV CLASS="c5"><P CLASS="c10"><SPAN CLASS="c2">El secretario general del PSOE, Pedro S&aacute;nchez, busc&oacute; ayer marcar un punto de inflexi&oacute;n en la estrategia de campa&ntilde;a contra uno de sus mayores adversarios. El l&iacute;der del principal partido de la oposici&oacute;n respondi&oacute; a las duras cr&iacute;ticas del candidato de Podemos a La Moncloa, Pablo Iglesias, con una defensa vehemente de la tradici&oacute;n socialista y llamando al voto &uacute;til. &quot;La &uacute;nica garant&iacute;a de cambio es el PSOE. No votarlo es regalar el voto al presidente del paro y la corrupci&oacute;n, que es Rajoy&quot;, enfatiz&oacute; en un mitin en A Coru&ntilde;a. Iglesias lleg&oacute; a afirmar que S&aacute;nchez no tiene el control en su partido y dijo que le ve &quot;fuera de la carrera electoral&quot;. El cabeza de lista de Podemos volvi&oacute; ayer a dirigirse a los simpatizantes socialistas desde Palma.</SPAN></P>
<P CLASS="c10"><SPAN CLASS="c2">El PSOE y Podemos se enzarzaron ayer en una pugna abierta por el voto de izquierdas. S&aacute;nchez busca la f&oacute;rmula para dejar a un lado a los dos nuevos partidos y competir exclusivamente con Mariano Rajoy, pero Iglesias intenta que el llamado &quot;clima de remontada&quot; de su formaci&oacute;n acabe mordiendo terreno al partido socialista. El l&iacute;der de Podemos aprovech&oacute; lo que interpreta como un momento de debilidad del secretario general del PSOE y, en plena campa&ntilde;a electoral, ha entrado de lleno en un cuerpo a cuerpo.</SPAN><SPAN CLASS="c2">&nbsp;</SPAN></P>
<P CLASS="c10"><SPAN CLASS="c2">Iglesias subi&oacute; el tono y, al valorar el alcance del proyecto de S&aacute;nchez tras los debates celebrados la semana pasada en EL PA&Iacute;S y el pasado lunes en Atresmedia, trat&oacute; de ocupar el espacio de su principal rival con vistas a las elecciones del 20 de diciembre. Dijo en RNE que cree que el l&iacute;der del PSOE &quot;ha quedado fuera de la carrera electoral&quot; y que esta circunstancia le provoca &quot;amargura&quot;, ya que en su opini&oacute;n el dirigente socialista no ha sido capaz de renovar su partido.</SPAN></P>
<P CLASS="c10"><SPAN CLASS="c2">La reacci&oacute;n de S&aacute;nchez no tard&oacute; y supuso una declaraci&oacute;n de intenciones en la recta final de la campa&ntilde;a. Acus&oacute; al l&iacute;der de Podemos de pretender &quot;ara&ntilde;ar&quot; votos al PSOE cuando &quot;claramente sabe que no va a ganar las elecciones&quot; y endureci&oacute; su discurso. Tras varias jornadas centrado en contener la fuga del electorado m&aacute;s al centro del PSOE a </SPAN><SPAN CLASS="c4">Ciudadanos</SPAN><SPAN CLASS="c2">, S&aacute;nchez dedic&oacute; el quinto d&iacute;a de campa&ntilde;a a cuidar su flanco izquierdo, caladero de votos de Podemos que la direcci&oacute;n socialista ten&iacute;a m&aacute;s abandonado en su fijaci&oacute;n con </SPAN><SPAN CLASS="c4">Ciudadanos</SPAN><SPAN CLASS="c2">, el partido de </SPAN><SPAN CLASS="c4">Albert Rivera.</SPAN></P>
<P CLASS="c10"><SPAN CLASS="c2">&quot;Escucho a Pablo Iglesias y tiene una forma muy curiosa de hacer pol&iacute;tica. Dice que el PSOE no cuente con los votos de Podemos si queremos formar el Gobierno. Si algo quiere Iglesias es a s&iacute; mismo. &iexcl;T&uacute; &aacute;mame a m&iacute; que yo me amo a m&iacute; mismo!&quot;, carg&oacute; S&aacute;nchez, que se atribuy&oacute; la victoria del &uacute;ltimo debate.</SPAN></P>
<P CLASS="c10"><SPAN CLASS="c2">&quot;Sacad la raza&quot;</SPAN></P>
<P CLASS="c10"><SPAN CLASS="c2">Y, ante la &quot;remontada&quot; que esgrimi&oacute; Iglesias, hil&oacute; ante los m&aacute;s de 2.500 simpatizantes reunidos en el Palacio de Congresos de A Coru&ntilde;a una analog&iacute;a entre Podemos y el PSOE. &quot;Hay algunos nuevos que suenan a viejo: que quieren hacer lo que ya hizo el partido socialista&quot;, continu&oacute;. &quot;Nos reprochan que hacemos lo distinto a lo que prometemos cuando no gobernamos&quot;, se&ntilde;al&oacute; en referencia a las cr&iacute;ticas de Iglesias, antes de estallar: &quot;&iexcl;Hicimos la ley de matrimonios de personas del mismo sexo, la ley de dependencia, la ley de interrupci&oacute;n voluntaria del embarazo, el fin del terrorismo etarra! &iexcl;As&iacute; que ninguna lecci&oacute;n al PSOE!&quot;, reprob&oacute; a Iglesias; el cabeza de lista de Podemos suele reprochar al PSOE que teniendo buenas ideas no cumple sus promesas cuando gobierna. Pero los socialistas han ganado seis de las 11</SPAN></P>
<P CLASS="c10"><SPAN CLASS="c2">elecciones generales celebradas y S&aacute;nchez insisti&oacute;: &quot;&iexcl;Sacad la raza que ten&eacute;is dentro y que no os den lecciones! Aquellos que promet&iacute;an que el cambio ven&iacute;a de Grecia han tenido all&iacute; rescate, privatizaciones y subidas del IVA al 23%&quot;, prosigui&oacute; sobre el programa incumplido de Alexis Tsipras, quien fue uno de los referentes de Iglesias.</SPAN></P>
<P CLASS="c10"><SPAN CLASS="c2">&quot;Nos estamos jugando gobernar este pa&iacute;s y que Rajoy no siga. Que los votantes de Podemos lo tengan muy claro: lo que est&aacute; diciendo Iglesias es que gobierne el PP con tal de que no gobierne el PSOE&quot;, advirti&oacute; S&aacute;nchez. &quot;La &uacute;nica garant&iacute;a de cambio es el PSOE. No votarlo es regalar el voto al presidente del paro y la corrupci&oacute;n, que es Rajoy&quot;, insisti&oacute;. Los &uacute;ltimos datos del CIS dan el mismo n&uacute;mero de esca&ntilde;os al PSOE en Galicia que a las mareas que engloban distintas plataformas de izquierda (de cinco a seis), entre ellas Podemos.</SPAN></P>
<P CLASS="c10"><SPAN CLASS="c2">En respuesta a las reivindicaciones de S&aacute;nchez, el propio Iglesias y su n&uacute;mero dos, &Iacute;&ntilde;igo Errej&oacute;n, dejaron claro anoche que la batalla por el voto progresista se polarizar&aacute; en torno al PSOE y a Podemos seg&uacute;n avance la campa&ntilde;a.</SPAN></P>
<P CLASS="c10"><SPAN CLASS="c2">&quot;Una calamidad&quot;</SPAN></P>
<P CLASS="c10"><SPAN CLASS="c2">Fue Errej&oacute;n, m&aacute;ximo responsable de la estrategia de Podemos despu&eacute;s de Iglesias, quien asumi&oacute; el mensaje m&aacute;s duro. Se dirigi&oacute; a los electores socialistas para decirles que tienen &quot;una buena noticia&quot;. Es decir, pueden elegir una alternativa al PSOE. Pero verbaliz&oacute; esta idea de forma muy dura. &quot;No ten&eacute;is que resignaros ante esta calamidad que os han puesto&quot;, clam&oacute; en referencia a S&aacute;nchez. Y lanz&oacute; una advertencia a las que Podemos considera &quot;&eacute;lites&quot; pol&iacute;ticas: &quot;Tengan cuidado. La arrogancia en el pasado les ha jugado una mala pasada&quot;.</SPAN></P>
<P CLASS="c10"><SPAN CLASS="c2">Los dos dirigentes y su compa&ntilde;era Irene Montero se estrenaron ayer en Palma con uno de los fichajes estrella del partido -el juez Juan Pedro Yllanes- quien hace dos meses renunci&oacute; a presidir el tribunal del caso N&oacute;os. Congregaron a m&aacute;s de 4.000 personas en el vel&oacute;dromo Palma Arena, uno de los s&iacute;mbolos de la corrupci&oacute;n pol&iacute;tica y malversaci&oacute;n de fondos p&uacute;blicos de Baleares.</SPAN></P>
<P CLASS="c10"><SPAN CLASS="c2">La direcci&oacute;n de Podemos lleva un a&ntilde;o, cuando vivi&oacute; sus momentos de mayor auge, buscando la f&oacute;rmula para ocupar el espacio pol&iacute;tico del PSOE. Sus fundadores impulsaron un proyecto pol&iacute;tico que, aun en una coyuntura muy distinta, quiso imitar al PSOE del primer Gobierno de Felipe Gonz&aacute;lez, quien se ha convertido ahora en uno de sus principales blancos.</SPAN></P>
<P CLASS="c10"><SPAN CLASS="c2">Sobre la renovaci&oacute;n del partido de Pedro S&aacute;nchez, Iglesias dijo: &quot;Creo que hay gente en el PSOE a la que le gustar&iacute;a&quot; que hubiera cambios. &quot;Pero [el PSOE] no puede. Sigue habiendo exministros y expresidentes en consejos de administraci&oacute;n&quot;, prosigui&oacute; tras recordar el esc&aacute;ndalo de los ERE en Andaluc&iacute;a. &quot;Me gustar&iacute;a ponerme de acuerdo con </SPAN><SPAN CLASS="c4">Ciudadanos</SPAN><SPAN CLASS="c2"> para hacer medidas de regeneraci&oacute;n democr&aacute;tica, pero no entiendo por qu&eacute; en Andaluc&iacute;a apoyan al PSOE de los ERE y en Madrid al PP de la P&uacute;nica&quot;, enfatiz&oacute; Iglesias.</SPAN></P>
</DIV>
<BR><DIV CLASS="c5"><P CLASS="c6"><SPAN CLASS="c9">LANGUAGE: </SPAN><SPAN CLASS="c2">SPANISH; ESPA&Ntilde;OL</SPAN></P>
</DIV>
<BR><DIV CLASS="c5"><P CLASS="c6"><SPAN CLASS="c9">PUBLICATION-TYPE: </SPAN><SPAN CLASS="c2">Peri&oacute;dico</SPAN></P>
</DIV>
<BR><DIV CLASS="c5"><P CLASS="c6"><SPAN CLASS="c9">SUBJECT: </SPAN><SPAN CLASS="c2">Pol&iacute;tica (93%)</SPAN></P>
</DIV>
<BR><DIV CLASS="c5"><P CLASS="c6"><SPAN CLASS="c9">IPTC SUBJECT: </SPAN><SPAN CLASS="c2">Politica</SPAN></P>
</DIV>
<BR><DIV CLASS="c5"><P CLASS="c6"><SPAN CLASS="c9">LOAD-DATE: </SPAN><SPAN CLASS="c2">December 8, 2015</SPAN></P>
</DIV>
<BR><DIV CLASS="c0"><BR><P CLASS="c1"><SPAN CLASS="c2">Copyright 2015 El Pais Internacional S.A.<BR>All Rights Reserved</SPAN></P>
</DIV>
</BODY>
</HTML>