<HTML>
<HEAD>
<STYLE TYPE="text/css">
.c0 { text-align: center; }
.c1 { text-align: center; margin-top: 0em; margin-bottom: 0em; }
.c2 { font-family: 'Courier New',Courier; font-size: 10pt; font-style: normal; font-weight: normal; color: #000000; text-decoration: none; }
.c3 { text-align: center; margin-left: 13%; margin-right: 13%; }
.c4 { font-family: 'Courier New',Courier; font-size: 10pt; font-style: normal; font-weight: bold; color: #CC0033; text-decoration: none; }
.c5 { text-align: left; }
.c6 { text-align: left; margin-top: 0em; margin-bottom: 0em; }
.c7 { font-family: 'Courier New',Courier; font-size: 14pt; font-style: normal; font-weight: bold; color: #000000; text-decoration: none; }
.c8 { font-family: 'Courier New',Courier; font-size: 14pt; font-style: normal; font-weight: bold; color: #CC0033; text-decoration: none; }
.c9 { font-family: 'Courier New',Courier; font-size: 10pt; font-style: normal; font-weight: bold; color: #000000; text-decoration: none; }
.c10 { text-align: left; margin-top: 1em; margin-bottom: 0em; }
.c11 { page-break-before: always; }
</STYLE>
</HEAD>
<BODY>
<BR><DIV CLASS="c0"><P CLASS="c1"><SPAN CLASS="c2">104 of 935 DOCUMENTS</SPAN></P>
</DIV>
<BR><DIV CLASS="c0"><BR><P CLASS="c1"><IMG SRC="http://www.lexisnexis.com/lnacui2api/results/docview/attachRetrieve.do?smi=LOGOS&key=38401&componentseq=1&type=logo&inline=y" ALT="http://www.lexisnexis.com/lnacui2api/results/docview/attachRetrieve.do?smi=LOGOS&key=38401&componentseq=1&type=logo&inline=y"><BR><SPAN CLASS="c2">El Pais</SPAN></P>
</DIV>
<BR><DIV CLASS="c3"><P CLASS="c1"><SPAN CLASS="c4">December</SPAN><SPAN CLASS="c2"> 10, 2015 Thursday</SPAN><SPAN CLASS="c2">&nbsp;</SPAN><SPAN CLASS="c2">&nbsp;<BR>Andaluc&iacute;a Edici&oacute;n</SPAN></P>
</DIV>
<BR><DIV CLASS="c5"><P CLASS="c6"><SPAN CLASS="c7">Nuestro proyecto es Espa&ntilde;a; <BR>No habr&aacute; cambio sin responsabilidad y valent&iacute;a para hacer las reformas necesarias y urgentes</SPAN></P>
</DIV>
<BR><DIV CLASS="c5"><P CLASS="c6"><SPAN CLASS="c9">SECTION: </SPAN><SPAN CLASS="c2">OPINI&Oacute;N; Base; P&aacute;g. 11 [AN] Nos merecemos volver a confiar en las instituciones y volver a ilusionarnos con nuestro pa&iacute;s [AN] MI PLAN PARA ESPA&Ntilde;A (III) Hemos superado juntos momentos muy dif&iacute;ciles. Tenemos un nuevo reto ante nosotros: volver a levantarnos y competir de nuevo con las mejores naciones</SPAN></P>
</DIV>
<BR><DIV CLASS="c5"><P CLASS="c6"><SPAN CLASS="c9">LENGTH: </SPAN><SPAN CLASS="c2">1095 words</SPAN></P>
</DIV>
<BR><DIV CLASS="c5"><P CLASS="c10"><SPAN CLASS="c4">ALBERT RIVERA</SPAN></P>
<P CLASS="c10"><SPAN CLASS="c2">C uando los espa&ntilde;oles nos hemos unido y superado nuestras diferencias hemos alcanzado grandes logros. En la Transici&oacute;n, los que pensaban diferente fueron capaces de dialogar y demostrar que es mucho m&aacute;s lo que nos une que lo que nos separa. Esas mujeres y hombres pensaron antes en Espa&ntilde;a y en el pa&iacute;s que quer&iacute;an dejarles a sus hijos que en sus intereses, que en sus siglas.</SPAN></P>
<P CLASS="c10"><SPAN CLASS="c2">Adolfo Su&aacute;rez encabez&oacute;, junto a otros l&iacute;deres pol&iacute;ticos, una Transici&oacute;n que dej&oacute; asentados los pilares de nuestra democracia. Con la llegada al Gobierno del PSOE de Felipe Gonz&aacute;lez se afianz&oacute; el Estado de bienestar y entramos en la Uni&oacute;n Europea. En los a&ntilde;os noventa, con el PP de Aznar se aplicaron pol&iacute;ticas para modernizar la econom&iacute;a y cumplir los criterios de convergencia para entrar en el euro. Tres proyectos de pa&iacute;s con sus luces y sombras, con sus aciertos y sus errores, pero de los que la mayor&iacute;a de espa&ntilde;oles se sintieron part&iacute;cipes. A partir de entonces se acabaron los proyectos para Espa&ntilde;a y empezaron los proyectos de partido. Y esa es la raz&oacute;n por la que quiero liderar un nuevo proyecto com&uacute;n para Espa&ntilde;a.</SPAN><SPAN CLASS="c2">&nbsp;</SPAN></P>
<P CLASS="c10"><SPAN CLASS="c2">A m&iacute; me importa m&aacute;s Espa&ntilde;a que mi partido. En esta nueva etapa propondr&eacute; un Gobierno de apertura del que formen parte los mejores, procedan de la sociedad civil o sean de </SPAN><SPAN CLASS="c4">Ciudadanos</SPAN><SPAN CLASS="c2">; o, incluso, incorporar&eacute; a personas de otros partidos pol&iacute;ticos. Porque el talento tiene que estar al servicio de los </SPAN><SPAN CLASS="c4">ciudadanos</SPAN><SPAN CLASS="c2"> m&aacute;s all&aacute; de las siglas.</SPAN></P>
<P CLASS="c10"><SPAN CLASS="c2">Ha llegado la hora de ser ambiciosos, con un equipo de mujeres y hombres con las manos libres y limpias, que se pregunten, como hizo J. F. Kennedy, qu&eacute; van a hacer por su pa&iacute;s, y no solo qu&eacute; va a hacer su pa&iacute;s por ellos. Desde 2004 en Espa&ntilde;a solo 13 de los 54 ministros han tenido experiencia laboral m&aacute;s all&aacute; de la pol&iacute;tica, personas que saben lo que es hacer una entrevista de trabajo, estudiar para una oposici&oacute;n o poner en marcha un negocio. Tanto PP como PSOE han convertido las instituciones en cotos cerrados donde colocar a los de su partido, en vez de valorar la capacidad y el talento.</SPAN></P>
<P CLASS="c10"><SPAN CLASS="c2">Nuestra propuesta de un Gobierno de apertura ya es una realidad en muchas naciones democr&aacute;ticas. El nuevo presidente de Canad&aacute;, Justin Trudeau, ha incorporado a su Gobierno a m&eacute;dicos, empresarios, investigadores y, en definitiva, gente con experiencia laboral m&aacute;s all&aacute; de la pol&iacute;tica, personas que saben levantarse cada d&iacute;a para tirar adelante de un negocio, para cumplir un sue&ntilde;o. Profesionales exitosos que saben lo que es caerse, pero tambi&eacute;n, volver a levantarse.</SPAN></P>
<P CLASS="c10"><SPAN CLASS="c2">Otros l&iacute;deres como el presidente de Estados Unidos, Barack Obama, o el expresidente franc&eacute;s, Nicol&aacute;s Sarkozy, tambi&eacute;n incorporaron en sus Gobiernos a miembros de otros partidos, personas que no pensaban exactamente igual en todo, pero que compart&iacute;an el sue&ntilde;o de construir un pa&iacute;s mejor para sus </SPAN><SPAN CLASS="c4">ciudadanos</SPAN><SPAN CLASS="c2">.</SPAN></P>
<P CLASS="c10"><SPAN CLASS="c4">Ciudadanos</SPAN><SPAN CLASS="c2"> naci&oacute; de esa manera. De una plataforma civil formada por un grupo de personas libres de distintos or&iacute;genes, profesiones y formas de pensar, pero con un mismo objetivo, transformar Espa&ntilde;a. Esta corriente de opini&oacute;n que hoy representamos ha abierto sus puertas a economistas, acad&eacute;micos, investigadores, servidores p&uacute;blicos, l&iacute;deres sociales e incluso personas v&aacute;lidas de otros partidos que han querido venir a sumar y a aportar su esfuerzo y su talento. La nueva etapa que comienza necesita una nueva visi&oacute;n: integradora, abierta, responsable y que mira al futuro.</SPAN></P>
<P CLASS="c10"><SPAN CLASS="c2">No va a ser f&aacute;cil, pero estoy convencido de que solo de esta manera seremos capaces de poner en marcha las grandes reformas que necesita Espa&ntilde;a. Porque muchas de las soluciones a los problemas de los espa&ntilde;oles solo las lograremos juntos. Ha llegado la hora de que en los temas esenciales nos pongamos de acuerdo todos. As&iacute; lo hacen los Gobiernos de las grandes naciones del mundo, que piensan antes en las futuras generaciones que en sus propios intereses.</SPAN></P>
<P CLASS="c10"><SPAN CLASS="c2">Impulsar&eacute; un Pacto Nacional por la Educaci&oacute;n para que en un futuro, gobierne quien gobierne en nuestra naci&oacute;n, la formaci&oacute;n de los futuros trabajadores y empresarios de Espa&ntilde;a no dependa de la estrategia de los partidos, y s&iacute; de las estrategias de pa&iacute;s. No podemos resignarnos a que en pleno siglo XXI nuestros j&oacute;venes no puedan estudiar por falta de recursos, o que acaben la educaci&oacute;n obligatoria sin saber ingl&eacute;s. PP y PSOE han sido incapaces de ponerse de acuerdo en algo tan importante, y su &uacute;nica propuesta siempre ha sido derogar la ley anterior. Con un Gobierno de apertura como el que proponemos y desde el centro pol&iacute;tico podremos liderar estos grandes acuerdos que necesitamos todos los espa&ntilde;oles.</SPAN></P>
<P CLASS="c10"><SPAN CLASS="c2">Adem&aacute;s de reformar un pilar fundamental como la educaci&oacute;n, ser&aacute; necesario llegar a grandes acuerdos de Estado para abordar las reformas estructurales que necesita Espa&ntilde;a despu&eacute;s de casi 40 a&ntilde;os de democracia: un nuevo modelo econ&oacute;mico, basado en el aumento de la productividad, en la innovaci&oacute;n y en el conocimiento; una justicia despolitizada, &aacute;gil y eficaz, donde los jueces sean elegidos por m&eacute;rito y capacidad y no por afinidad pol&iacute;tica; una democracia m&aacute;s fuerte con un nuevo sistema electoral donde los votos de los espa&ntilde;oles valgan igual, donde los partidos hagan primarias y sean transparentes, y para que podamos escoger en un sistema con doble urna tanto a nuestros partidos como a nuestros representantes en listas abiertas. Y finalmente, una reforma que modernice nuestra Administraci&oacute;n p&uacute;blica como ya han hecho los principales pa&iacute;ses de Europa en los &uacute;ltimos a&ntilde;os, eliminando duplicidades, cargos de confianza y burocracia, con el objetivo de mejorar nuestros servicios p&uacute;blicos.</SPAN></P>
<P CLASS="c10"><SPAN CLASS="c2">No impulsaremos un verdadero cambio si los que queremos gobernar Espa&ntilde;a no somos valientes y responsables para afrontar estas reformas tan necesarias como urgentes.</SPAN></P>
<P CLASS="c10"><SPAN CLASS="c2">Los espa&ntilde;oles somos afortunados porque, a pesar de todo, tenemos en nuestras manos y en nuestro voto la posibilidad de abrir una nueva etapa para Espa&ntilde;a. Nos encontramos ante la oportunidad hist&oacute;rica de volver a poner por delante lo que nos une, y de dejar de preguntarnos qu&eacute; somos y empezar a trabajar por lo que queremos ser. No podemos desaprovecharla. Los </SPAN><SPAN CLASS="c4">ciudadanos</SPAN><SPAN CLASS="c2"> nos merecemos volver a confiar en nuestras instituciones y volver a ilusionarnos con nuestro pa&iacute;s. Hemos vivido momentos muy dif&iacute;ciles, pero siempre los hemos superado juntos. Tenemos un nuevo reto ante nosotros: volver a levantarnos y competir de nuevo con las mejores naciones del mundo. Porque nuestro proyecto no es solo ganar las elecciones, nuestro proyecto es cambiar Espa&ntilde;a. Nuestro proyecto es Espa&ntilde;a. [PG] </SPAN><SPAN CLASS="c4">Albert Rivera</SPAN><SPAN CLASS="c2"> es el cabeza de lista de </SPAN><SPAN CLASS="c4">Ciudadanos</SPAN><SPAN CLASS="c2"> en las elecciones del 20-D.</SPAN></P>
</DIV>
<BR><DIV CLASS="c5"><P CLASS="c6"><SPAN CLASS="c9">LANGUAGE: </SPAN><SPAN CLASS="c2">SPANISH; ESPA&Ntilde;OL</SPAN></P>
</DIV>
<BR><DIV CLASS="c5"><P CLASS="c6"><SPAN CLASS="c9">PUBLICATION-TYPE: </SPAN><SPAN CLASS="c2">Peri&oacute;dico</SPAN></P>
</DIV>
<BR><DIV CLASS="c5"><P CLASS="c6"><SPAN CLASS="c9">SUBJECT: </SPAN><SPAN CLASS="c2">Pol&iacute;tica (94%)</SPAN></P>
</DIV>
<BR><DIV CLASS="c5"><P CLASS="c6"><SPAN CLASS="c9">IPTC SUBJECT: </SPAN><SPAN CLASS="c2">Politica</SPAN></P>
</DIV>
<BR><DIV CLASS="c5"><P CLASS="c6"><SPAN CLASS="c9">LOAD-DATE: </SPAN><SPAN CLASS="c2">December 9, 2015</SPAN></P>
</DIV>
<BR><DIV CLASS="c0"><BR><P CLASS="c1"><SPAN CLASS="c2">Copyright 2015 El Pais Internacional S.A.<BR>All Rights Reserved</SPAN></P>
</DIV>
</BODY>
</HTML>