<HTML>
<HEAD>
<STYLE TYPE="text/css">
.c0 { text-align: center; }
.c1 { text-align: center; margin-top: 0em; margin-bottom: 0em; }
.c2 { font-family: 'Courier New',Courier; font-size: 10pt; font-style: normal; font-weight: normal; color: #000000; text-decoration: none; }
.c3 { text-align: center; margin-left: 13%; margin-right: 13%; }
.c4 { font-family: 'Courier New',Courier; font-size: 10pt; font-style: normal; font-weight: bold; color: #CC0033; text-decoration: none; }
.c5 { text-align: left; }
.c6 { text-align: left; margin-top: 0em; margin-bottom: 0em; }
.c7 { font-family: 'Courier New',Courier; font-size: 14pt; font-style: normal; font-weight: bold; color: #000000; text-decoration: none; }
.c8 { font-family: 'Courier New',Courier; font-size: 14pt; font-style: normal; font-weight: bold; color: #CC0033; text-decoration: none; }
.c9 { font-family: 'Courier New',Courier; font-size: 10pt; font-style: normal; font-weight: bold; color: #000000; text-decoration: none; }
.c10 { text-align: left; margin-top: 1em; margin-bottom: 0em; }
.c11 { page-break-before: always; }
</STYLE>
</HEAD>
<BODY>
<BR><DIV CLASS="c0"><P CLASS="c1"><SPAN CLASS="c2">162 of 935 DOCUMENTS</SPAN></P>
</DIV>
<BR><DIV CLASS="c0"><BR><P CLASS="c1"><IMG SRC="http://www.lexisnexis.com/lnacui2api/results/docview/attachRetrieve.do?smi=LOGOS&key=38401&componentseq=1&type=logo&inline=y" ALT="http://www.lexisnexis.com/lnacui2api/results/docview/attachRetrieve.do?smi=LOGOS&key=38401&componentseq=1&type=logo&inline=y"><BR><SPAN CLASS="c2">El Pais</SPAN></P>
</DIV>
<BR><DIV CLASS="c3"><P CLASS="c1"><SPAN CLASS="c4">November</SPAN><SPAN CLASS="c2"> 20, 2015 Friday</SPAN><SPAN CLASS="c2">&nbsp;</SPAN><SPAN CLASS="c2">&nbsp;<BR>Comunidad Valenciana Edici&oacute;n</SPAN></P>
</DIV>
<BR><DIV CLASS="c5"><P CLASS="c6"><SPAN CLASS="c8">Ciudadanos</SPAN><SPAN CLASS="c7"> propone que padres y madres se repartan 26 semanas de permiso</SPAN></P>
</DIV>
<BR><DIV CLASS="c5"><P CLASS="c6"><SPAN CLASS="c9">BYLINE: </SPAN><SPAN CLASS="c2">JUAN JOS&Eacute; MATEO</SPAN></P>
</DIV>
<BR><DIV CLASS="c5"><P CLASS="c6"><SPAN CLASS="c9">SECTION: </SPAN><SPAN CLASS="c2">ESPA&ntilde;A; Base; P&aacute;g. 18</SPAN></P>
</DIV>
<BR><DIV CLASS="c5"><P CLASS="c6"><SPAN CLASS="c9">LENGTH: </SPAN><SPAN CLASS="c2">631 words</SPAN></P>
</DIV>
<BR><DIV CLASS="c5"><P CLASS="c6"><SPAN CLASS="c9">DATELINE: </SPAN><SPAN CLASS="c2">Madrid </SPAN></P>
</DIV>
<BR><DIV CLASS="c5"><P CLASS="c10"><SPAN CLASS="c4">Albert Rivera</SPAN><SPAN CLASS="c2"> propondr&aacute; en su programa electoral la equiparaci&oacute;n del permiso por nacimiento para padres y madres, que tendr&iacute;an ocho semanas cada uno m&aacute;s otras diez intercambiables, en total 26. Adem&aacute;s, el candidato de </SPAN><SPAN CLASS="c4">Ciudadanos</SPAN><SPAN CLASS="c2"> a La Moncloa quiere reducir el tiempo de comida y adelantar el final de la jornada laboral; y potenciar la escolarizaci&oacute;n de los ni&ntilde;os de 0 a 3 a&ntilde;os aumentando la oferta p&uacute;blica y cofinanciando la privada. Rivera no impulsar&iacute;a estas propuestas con medidas legislativas, sino con un pacto nacional.</SPAN></P>
<P CLASS="c10"><SPAN CLASS="c4">Ciudadanos</SPAN><SPAN CLASS="c2"> quiere equiparar el permiso de maternidad para hombres y mujeres, como adelant&oacute; EL PA&Iacute;S. La formaci&oacute;n propone que las madres puedan tener ocho semanas de baja maternal -seis obligatorias-, que los hombres disfruten de las mismas -intransferibles, pero no obligatorias, lo que abre la puerta a que no las empleen si creen que afectar&aacute; a su carrera- y que adem&aacute;s se puedan dividir entre los dos otras diez semanas, para un total de 26. En la actualidad, las madres tienen derecho a una baja de seis semanas obligatorias y pueden disfrutar completamente o compartir otras diez con la pareja, que tiene 13 d&iacute;as propios de permiso; en total, de 18 semanas.</SPAN><SPAN CLASS="c2">&nbsp;</SPAN></P>
<P CLASS="c10"><SPAN CLASS="c2">&quot;Esto aumentar&iacute;a la corresponsabilidad entre los padres, ayudar&iacute;a a reducir la discriminaci&oacute;n de la mujer en el mercado laboral y facilitar&iacute;a una mejor conciliaci&oacute;n laboral&quot;, reza el documento preliminar de la formaci&oacute;n, que no precisa si se cobrar&iacute;a la totalidad del sueldo ni su repercusi&oacute;n en la historia laboral del beneficiado.</SPAN></P>
<P CLASS="c10"><SPAN CLASS="c2">En el coraz&oacute;n de las propuestas de conciliaci&oacute;n, que Rivera presentar&aacute; ma&ntilde;ana en Barcelona, est&aacute; tambi&eacute;n la oferta de un pacto entre partidos, sindicatos y empresarios para cambiar la jornada laboral. Antonio Rold&aacute;n, economista que coordina la propuesta, detalla que el partido pretende reducir el tiempo que dedican los trabajadores a la comida, adelantar la hora de entrada y salida del trabajo y fomentar el teletrabajo.</SPAN></P>
<P CLASS="c10"><SPAN CLASS="c2">&quot;Tenemos horarios completamente locos&quot;, explic&oacute; Rold&aacute;n. &quot;Eso perjudica la conciliaci&oacute;n y supone un gasto enorme. Hay una parte muy significativa de gente que todav&iacute;a est&aacute; trabajando a las 19.00, y eso no puede ser. Si los ni&ntilde;os terminan el colegio a las 17.00, eso acaba llevando a que las mujeres, sobre todo, acaben por dejar el trabajo a tiempo completo para coger uno a tiempo parcial&quot;, a&ntilde;adi&oacute;. &quot;La mujer asume de manera desproporcionada el coste [en t&eacute;rminos laborales] de tener hijos&quot;.</SPAN></P>
<P CLASS="c10"><SPAN CLASS="c2">&quot;Lo que hace falta no es adelantar la hora de entrada, sino adelantar la hora de comer y cerrar el gap [espacio] de horas perdidas comiendo&quot;, opin&oacute; Nuria Chinchilla, catedr&aacute;tica de la escuela de negocios IESE, y autora de Gu&iacute;a de buenas pr&aacute;cticas de la empresa flexible y Gu&iacute;a de igualdad de oportunidades entre mujeres y hombres en la empresa.</SPAN></P>
<P CLASS="c10"><SPAN CLASS="c2">Ni&ntilde;os de 0 a 3 a&ntilde;os</SPAN></P>
<P CLASS="c10"><SPAN CLASS="c2">&quot;Hay que formar a hombres y mujeres en estereotipos y sesgos inconscientes&quot;, sigui&oacute; Chinchilla sobre las medidas que pueden potenciar la presencia de mujeres en puestos directivos, como pretende </SPAN><SPAN CLASS="c4">Ciudadanos</SPAN><SPAN CLASS="c2">. &quot;Horarios m&aacute;s cortos y flexibilidad, de modo que tambi&eacute;n cuenten las necesidades familiares&quot;. Y a&ntilde;adi&oacute; otro factor: &quot;Infraestructuras para ni&ntilde;os, guarder&iacute;as que el Estado ayude a pagar&quot;.</SPAN></P>
<P CLASS="c10"><SPAN CLASS="c4">Ciudadanos</SPAN><SPAN CLASS="c2"> quiere &quot;aumentar la oferta p&uacute;blica de escolarizaci&oacute;n en edades tempranas (0-3) y/o subvenciones para utilizar ofertas privadas, sobre todo para personas con horarios inusuales y que trabajen por turnos&quot;.</SPAN></P>
<P CLASS="c10"><SPAN CLASS="c2">Inspir&aacute;ndose en Reino Unido, el partido plantea cr&eacute;ditos fiscales que ayuden a los padres a financiar la educaci&oacute;n de sus hijos reci&eacute;n nacidos. Sin embargo, fuentes conocedoras del proyecto matizaron que el equipo de </SPAN><SPAN CLASS="c4">Ciudadanos</SPAN><SPAN CLASS="c2"> todav&iacute;a tiene que pulir el encaje de esa medida en su propuesta de un complemento salarial que precisamente es mayor en el caso de las familias con hijos.</SPAN></P>
</DIV>
<BR><DIV CLASS="c5"><P CLASS="c6"><SPAN CLASS="c9">LANGUAGE: </SPAN><SPAN CLASS="c2">SPANISH; ESPA&Ntilde;OL</SPAN></P>
</DIV>
<BR><DIV CLASS="c5"><P CLASS="c6"><SPAN CLASS="c9">PUBLICATION-TYPE: </SPAN><SPAN CLASS="c2">Peri&oacute;dico</SPAN></P>
</DIV>
<BR><DIV CLASS="c5"><P CLASS="c6"><SPAN CLASS="c9">SUBJECT: </SPAN><SPAN CLASS="c2">Pol&iacute;tica (93%)</SPAN></P>
</DIV>
<BR><DIV CLASS="c5"><P CLASS="c6"><SPAN CLASS="c9">IPTC SUBJECT: </SPAN><SPAN CLASS="c2">Politica</SPAN></P>
</DIV>
<BR><DIV CLASS="c5"><P CLASS="c6"><SPAN CLASS="c9">LOAD-DATE: </SPAN><SPAN CLASS="c2">November 19, 2015</SPAN></P>
</DIV>
<BR><DIV CLASS="c0"><BR><P CLASS="c1"><SPAN CLASS="c2">Copyright 2015 El Pais Internacional S.A.<BR>All Rights Reserved</SPAN></P>
</DIV>
</BODY>
</HTML>