<HTML>
<HEAD>
<STYLE TYPE="text/css">
.c0 { text-align: center; }
.c1 { text-align: center; margin-top: 0em; margin-bottom: 0em; }
.c2 { font-family: 'Courier New',Courier; font-size: 10pt; font-style: normal; font-weight: normal; color: #000000; text-decoration: none; }
.c3 { text-align: center; margin-left: 13%; margin-right: 13%; }
.c4 { font-family: 'Courier New',Courier; font-size: 10pt; font-style: normal; font-weight: bold; color: #CC0033; text-decoration: none; }
.c5 { text-align: left; }
.c6 { text-align: left; margin-top: 0em; margin-bottom: 0em; }
.c7 { font-family: 'Courier New',Courier; font-size: 14pt; font-style: normal; font-weight: bold; color: #000000; text-decoration: none; }
.c8 { font-family: 'Courier New',Courier; font-size: 14pt; font-style: normal; font-weight: bold; color: #CC0033; text-decoration: none; }
.c9 { font-family: 'Courier New',Courier; font-size: 10pt; font-style: normal; font-weight: bold; color: #000000; text-decoration: none; }
.c10 { text-align: left; margin-top: 1em; margin-bottom: 0em; }
.c11 { page-break-before: always; }
</STYLE>
</HEAD>
<BODY>
<BR><DIV CLASS="c0"><P CLASS="c1"><SPAN CLASS="c2">113 of 935 DOCUMENTS</SPAN></P>
</DIV>
<BR><DIV CLASS="c0"><BR><P CLASS="c1"><IMG SRC="http://www.lexisnexis.com/lnacui2api/results/docview/attachRetrieve.do?smi=LOGOS&key=38401&componentseq=1&type=logo&inline=y" ALT="http://www.lexisnexis.com/lnacui2api/results/docview/attachRetrieve.do?smi=LOGOS&key=38401&componentseq=1&type=logo&inline=y"><BR><SPAN CLASS="c2">El Pais</SPAN></P>
</DIV>
<BR><DIV CLASS="c3"><P CLASS="c1"><SPAN CLASS="c4">December</SPAN><SPAN CLASS="c2"> 10, 2015 Thursday</SPAN><SPAN CLASS="c2">&nbsp;</SPAN><SPAN CLASS="c2">&nbsp;<BR>1&ordf; Ed. Barna Edici&oacute;n</SPAN></P>
</DIV>
<BR><DIV CLASS="c5"><P CLASS="c6"><SPAN CLASS="c7">Encuentros en la tercera fase</SPAN></P>
</DIV>
<BR><DIV CLASS="c5"><P CLASS="c6"><SPAN CLASS="c9">BYLINE: </SPAN><SPAN CLASS="c2">LLU&Iacute;S ORRIOLS</SPAN></P>
</DIV>
<BR><DIV CLASS="c5"><P CLASS="c6"><SPAN CLASS="c9">SECTION: </SPAN><SPAN CLASS="c2">CATALU&ntilde;A; Catalu&ntilde;a; P&aacute;g. 2</SPAN></P>
</DIV>
<BR><DIV CLASS="c5"><P CLASS="c6"><SPAN CLASS="c9">LENGTH: </SPAN><SPAN CLASS="c2">772 words</SPAN></P>
</DIV>
<BR><DIV CLASS="c5"><P CLASS="c10"><SPAN CLASS="c2">Desde las elecciones auton&oacute;micas de la pasada primavera hasta el inicio de la actual campa&ntilde;a electoral, la pol&iacute;tica espa&ntilde;ola ha pasado por tres grandes fases. La primera tuvo lugar en los meses de primavera y verano. Durante ese per&iacute;odo, exist&iacute;a una elevada incertidumbre sobre qui&eacute;n ser&iacute;a el pr&oacute;ximo inquilino en la Moncloa. Si bien hab&iacute;a claros indicios de que el PP estaba en condiciones de ganar las elecciones generales, la probabilidad de que Mariano Rajoy consiguiera ser reelegido como presidente eran m&aacute;s bien escasas.</SPAN></P>
<P CLASS="c10"><SPAN CLASS="c2">De haberse convocado las elecciones en ese momento, el PP se hubiera situado en torno a los 125 esca&ntilde;os. Se trataba de una cifra tan alejada de la mayor&iacute;a absoluta que era dif&iacute;cil pensar que Rajoy hubiera podido superar una investidura, incluso sumando fuerzas con </SPAN><SPAN CLASS="c4">Ciudadanos</SPAN><SPAN CLASS="c2">, que seguramente se hubiera situado por debajo de los 20 esca&ntilde;os.</SPAN><SPAN CLASS="c2">&nbsp;</SPAN></P>
<P CLASS="c10"><SPAN CLASS="c2">En esta primera fase el PP necesitaba ascender a las improbables cotas del 33-35% de los votos para seguir en el poder. Por debajo de esa cifra una coalici&oacute;n C's-PP era inviable y dada la soledad pol&iacute;tica de los populares, la tarea de crear una mayor&iacute;a parlamentaria sumando otras fuerzas pol&iacute;ticas era inveros&iacute;mil. Debido a ello, el PSOE se encontraba en mejores condiciones para hacerse con la Moncloa, pues su capacidad de crear pactos o coaliciones era algo mayor que la que ten&iacute;a el PP.</SPAN></P>
<P CLASS="c10"><SPAN CLASS="c2">La segunda fase se inici&oacute; tras las elecciones catalanas. El 27-S alter&oacute; la competici&oacute;n de una forma inesperada y aparentemente parad&oacute;jica. </SPAN><SPAN CLASS="c4">Ciudadanos</SPAN><SPAN CLASS="c2"> tom&oacute; aliento tras obtener unos resultados por encima de las expectativas y la tendencia ascendente que viv&iacute;a el PP durante el verano fren&oacute; en seco. Sin embargo, a&uacute;n retrocediendo en las encuestas, Mariano Rajoy mejoraba sustancialmente sus opciones de lograr la reelecci&oacute;n: por primera vez desde la ruptura del bipartidismo la suma PP y C's era suficiente para garantizar la investidura de Mariano Rajoy.</SPAN></P>
<P CLASS="c10"><SPAN CLASS="c2">El ascenso de </SPAN><SPAN CLASS="c4">Ciudadanos</SPAN><SPAN CLASS="c2"> se produc&iacute;a especialmente a costa de exvotantes del PP y antiguos abstencionistas. Pero la novedad fue que el partido de Rivera tambi&eacute;n consegu&iacute;a por primera vez penetrar con fuerza entre las bases socialistas, un electorado que hasta entonces se encontraba fuera de su alcance. Seg&uacute;n los datos del CIS, entre julio y finales de noviembre las fugas del PSOE hacia C's se multiplicaron por cuatro.</SPAN></P>
<P CLASS="c10"><SPAN CLASS="c2">Las elecciones del 27-S provocaron que el PSOE se encontrara en un escenario homologable al de la primera legislatura de Rodr&iacute;guez Zapatero, cuando UPyD fue capaz de utilizar la cuesti&oacute;n nacional para arrebatarles un buen pu&ntilde;ado de votos. En definitiva, la irrupci&oacute;n en la agenda pol&iacute;tica del &quot;problema&quot; catal&aacute;n tras las elecciones auton&oacute;micas alter&oacute; radicalmente la competici&oacute;n partidista. El principal damnificado fue el PSOE, cuyas opciones de crear mayor&iacute;as parlamentarias alternativas se redujeron sustantivamente. En cambio, el PP, a&uacute;n perdiendo en votos, aument&oacute; considerablemente sus opciones de formar Gobierno.</SPAN></P>
<P CLASS="c10"><SPAN CLASS="c2">El ascenso de </SPAN><SPAN CLASS="c4">Ciudadanos</SPAN><SPAN CLASS="c2"> se present&oacute; inicialmente como un escenario altamente favorable para la reelecci&oacute;n de Mariano Rajoy. Sin embargo, en las &uacute;ltimas semanas nos hemos adentrado en una tercera fase en la que vuelve a imperar la incertidumbre sobre qui&eacute;n ocupar&aacute; la Moncloa. A pocas semanas de las elecciones, </SPAN><SPAN CLASS="c4">Ciudadanos</SPAN><SPAN CLASS="c2"> ha empezado a disputar la segunda posici&oacute;n al PSOE. </SPAN><SPAN CLASS="c4">Albert Rivera</SPAN><SPAN CLASS="c2"> ha pasado de ser un potencial socio parlamentario del PP a un peligroso adversario en la carrera hacia la Moncloa.</SPAN></P>
<P CLASS="c10"><SPAN CLASS="c2">Las expectativas de un sorpasso de </SPAN><SPAN CLASS="c4">Ciudadanos</SPAN><SPAN CLASS="c2"> al PSOE ha puesto en jaque la estrategia socialista de polarizar la competici&oacute;n en torno a dos &uacute;nicas opciones: Mariano Rajoy o Pedro S&aacute;nchez. En esta ocasi&oacute;n, al PSOE le va a costar convencer al electorado de que act&uacute;e estrat&eacute;gicamente y se coordine en torno a la candidatura socialista para evitar la reelecci&oacute;n de Rajoy. Esta tercera fase representa un verdadero reto para el bipartidismo. De ocurrir, el grupo parlamentario socialista deber&iacute;a optar entre la investidura de Rivera o de Rajoy. Ambas situaciones dejar&iacute;an al PSOE fuera de juego y abrir&iacute;an una peligrosa grieta de fugas hacia Podemos y </SPAN><SPAN CLASS="c4">Ciudadanos</SPAN></P>
<P CLASS="c10"><SPAN CLASS="c2">Estamos en un momento de gran incertidumbre. Las preferencias partidistas de muchos espa&ntilde;oles no est&aacute;n a&uacute;n cristalizadas, por lo que la campa&ntilde;a electoral puede depararnos muchas sorpresas. Por el momento, esta tercera fase es tan s&oacute;lo una mera posibilidad demosc&oacute;pica. Pero, de confirmarse, nos encontrar&iacute;amos ante la peor crisis electoral del bipartidismo desde la restauraci&oacute;n de la democracia.</SPAN></P>
<P CLASS="c10"><SPAN CLASS="c2">Llu&iacute;s Orriols es doctor por la Universidad de Oxford y profesor de Ciencia Pol&iacute;tica en la Universidad Carlos III de Madrid.</SPAN></P>
</DIV>
<BR><DIV CLASS="c5"><P CLASS="c6"><SPAN CLASS="c9">LANGUAGE: </SPAN><SPAN CLASS="c2">SPANISH; ESPA&Ntilde;OL</SPAN></P>
</DIV>
<BR><DIV CLASS="c5"><P CLASS="c6"><SPAN CLASS="c9">PUBLICATION-TYPE: </SPAN><SPAN CLASS="c2">Peri&oacute;dico</SPAN></P>
</DIV>
<BR><DIV CLASS="c5"><P CLASS="c6"><SPAN CLASS="c9">SUBJECT: </SPAN><SPAN CLASS="c2">Pol&iacute;tica (93%)</SPAN></P>
</DIV>
<BR><DIV CLASS="c5"><P CLASS="c6"><SPAN CLASS="c9">IPTC SUBJECT: </SPAN><SPAN CLASS="c2">Politica; gobierno</SPAN></P>
</DIV>
<BR><DIV CLASS="c5"><P CLASS="c6"><SPAN CLASS="c9">LOAD-DATE: </SPAN><SPAN CLASS="c2">December 9, 2015</SPAN></P>
</DIV>
<BR><DIV CLASS="c0"><BR><P CLASS="c1"><SPAN CLASS="c2">Copyright 2015 El Pais Internacional S.A.<BR>All Rights Reserved</SPAN></P>
</DIV>
</BODY>
</HTML>