<HTML>
<HEAD>
<STYLE TYPE="text/css">
.c0 { text-align: center; }
.c1 { text-align: center; margin-top: 0em; margin-bottom: 0em; }
.c2 { font-family: 'Courier New',Courier; font-size: 10pt; font-style: normal; font-weight: normal; color: #000000; text-decoration: none; }
.c3 { text-align: center; margin-left: 13%; margin-right: 13%; }
.c4 { font-family: 'Courier New',Courier; font-size: 10pt; font-style: normal; font-weight: bold; color: #CC0033; text-decoration: none; }
.c5 { text-align: left; }
.c6 { text-align: left; margin-top: 0em; margin-bottom: 0em; }
.c7 { font-family: 'Courier New',Courier; font-size: 14pt; font-style: normal; font-weight: bold; color: #000000; text-decoration: none; }
.c8 { font-family: 'Courier New',Courier; font-size: 14pt; font-style: normal; font-weight: bold; color: #CC0033; text-decoration: none; }
.c9 { font-family: 'Courier New',Courier; font-size: 10pt; font-style: normal; font-weight: bold; color: #000000; text-decoration: none; }
.c10 { text-align: left; margin-top: 1em; margin-bottom: 0em; }
.c11 { page-break-before: always; }
</STYLE>
</HEAD>
<BODY>
<BR><DIV CLASS="c0"><P CLASS="c1"><SPAN CLASS="c2">220 of 935 DOCUMENTS</SPAN></P>
</DIV>
<BR><DIV CLASS="c0"><BR><P CLASS="c1"><IMG SRC="http://www.lexisnexis.com/lnacui2api/results/docview/attachRetrieve.do?smi=LOGOS&key=38401&componentseq=1&type=logo&inline=y" ALT="http://www.lexisnexis.com/lnacui2api/results/docview/attachRetrieve.do?smi=LOGOS&key=38401&componentseq=1&type=logo&inline=y"><BR><SPAN CLASS="c2">El Pais</SPAN></P>
</DIV>
<BR><DIV CLASS="c3"><P CLASS="c1"><SPAN CLASS="c4">November</SPAN><SPAN CLASS="c2"> 27, 2015 Friday</SPAN><SPAN CLASS="c2">&nbsp;</SPAN><SPAN CLASS="c2">&nbsp;<BR>Nacional Edici&oacute;n</SPAN></P>
</DIV>
<BR><DIV CLASS="c5"><P CLASS="c6"><SPAN CLASS="c8">Ciudadanos</SPAN><SPAN CLASS="c7"> rectifica su IRPF y plantea una rebaja del 3%</SPAN></P>
</DIV>
<BR><DIV CLASS="c5"><P CLASS="c6"><SPAN CLASS="c9">BYLINE: </SPAN><SPAN CLASS="c2">J. J. M.</SPAN></P>
</DIV>
<BR><DIV CLASS="c5"><P CLASS="c6"><SPAN CLASS="c9">SECTION: </SPAN><SPAN CLASS="c2">ESPA&ntilde;A; Base; P&aacute;g. 30</SPAN></P>
</DIV>
<BR><DIV CLASS="c5"><P CLASS="c6"><SPAN CLASS="c9">LENGTH: </SPAN><SPAN CLASS="c2">369 words</SPAN></P>
</DIV>
<BR><DIV CLASS="c5"><P CLASS="c6"><SPAN CLASS="c9">DATELINE: </SPAN><SPAN CLASS="c2">Madrid </SPAN><SPAN CLASS="c4">Ciudadanos</SPAN><SPAN CLASS="c2"> ha rectificado el modelo de IRPF que present&oacute; en abril. El partido plantea ahora una estructura con cuatro escalas de gravamen, que van desde el 18,4% al 43,5%, frente a los tres tramos de su propuesta inicial. Su primera oferta supon&iacute;a una rebaja media del 4% para todos los contribuyentes, mientras que el nuevo IRPF supondr&aacute; una reducci&oacute;n del 3%, lo que implicar&aacute; un coste de unos 2.100 millones de euros para las arcas p&uacute;blicas, la mitad que en la propuesta anterior. El actual IRPF tiene cinco tramos. </SPAN></P>
</DIV>
<BR><DIV CLASS="c5"><P CLASS="c10"><SPAN CLASS="c2">El partido justifica el cambio en que cree que los presupuestos con los que tendr&aacute; que operar el pr&oacute;ximo Gobierno, ya aprobados, esconden un agujero de miles de millones. Para subsanarlo, la formaci&oacute;n espera recaudar 4.500 millones a trav&eacute;s del impuesto de sociedades; sumar 5.000 suprimiendo diputaciones y fusionando Ayuntamientos; y negociar con Bruselas una pr&oacute;rroga para cumplir con el d&eacute;ficit. La meta ser&iacute;a alcanzar el d&eacute;ficit cero a finales de legislatura. &quot;Esta medida [el cambio en el IRPF] y el complemento salarial nos van a dar m&aacute;s actividad econ&oacute;mica&quot;, ha valorado Francisco de la Torre, experto en fiscalidad del partido. &quot;Habr&aacute; tambi&eacute;n m&aacute;s gente trabajando. Disminuir&aacute; la econom&iacute;a sumergida porque habr&aacute; m&aacute;s gente que quiera darse de alta&quot;. La propuesta supondr&iacute;a que el impuesto actual pase de cinco a cuatro tramos. Todos los tipos ser&iacute;an m&aacute;s bajos que los que hay ahora. </SPAN><SPAN CLASS="c4">Ciudadanos</SPAN><SPAN CLASS="c2"> propone que los primeros 22.100 euros de renta tributen al 18,4%; entre 22.100 euros y 37.200 euros al 29,10%; de ah&iacute; a los 62.000, al 35,8% y, a partir de ese nivel, un gravamen del 43,5%.</SPAN><SPAN CLASS="c2">&nbsp;</SPAN></P>
<P CLASS="c10"><SPAN CLASS="c2">Demanda contra Monedero</SPAN></P>
<P CLASS="c10"><SPAN CLASS="c2">Por otra parte, </SPAN><SPAN CLASS="c4">Albert Rivera</SPAN><SPAN CLASS="c2">, presidente de </SPAN><SPAN CLASS="c4">Ciudadanos</SPAN><SPAN CLASS="c2">, anunci&oacute; ayer que adoptar&aacute; medidas legales contra Juan Carlos Monedero, cofundador de Podemos, por da&ntilde;ar su honor. El exdirigente de la formaci&oacute;n de Pablo Iglesias se toc&oacute; la nariz cuando hablaba de Rivera en una charla en un teatro de Madrid organizada por la revista Mongolia, insinuando que este consum&iacute;a coca&iacute;na. Monedero dijo que hab&iacute;a &quot;notado&quot; a Rivera &quot;sobreexcitado&quot; y despu&eacute;s a&ntilde;adi&oacute;: &quot;Lo not&eacute; as&iacute; como eso que a veces te pasa, como que has hecho algo y est&aacute;s como muy excitado&quot;. Segundos despu&eacute;s, se llev&oacute; los dedos a la nariz y levant&oacute; los hombros, entre las risas del p&uacute;blico.</SPAN></P>
<P CLASS="c10"><SPAN CLASS="c2">El l&iacute;der de </SPAN><SPAN CLASS="c4">Ciudadanos</SPAN><SPAN CLASS="c2"> manifest&oacute; ayer que &quot;jugar con las mentiras y descalificar al adversario pol&iacute;tico de esa manera es reprobable&quot;. &quot;No se puede atentar contra el honor de los adversarios pol&iacute;ticos con mentiras y difamaciones&quot;, a&ntilde;adi&oacute;. Fuentes del partido confirmaron ayer que la demanda &quot;estar&aacute; lista en 48 horas&quot;.</SPAN></P>
<P CLASS="c10"><SPAN CLASS="c2">&quot;Me parece realmente de broma que Rivera se sienta calumniado&quot;, le explic&oacute; a EL PA&Iacute;S Monedero, informa Francesco Manetto. &quot;Ya me dir&aacute; por qu&eacute;&quot;.</SPAN></P>
</DIV>
<BR><DIV CLASS="c5"><P CLASS="c6"><SPAN CLASS="c9">LANGUAGE: </SPAN><SPAN CLASS="c2">SPANISH; ESPA&Ntilde;OL</SPAN></P>
</DIV>
<BR><DIV CLASS="c5"><P CLASS="c6"><SPAN CLASS="c9">PUBLICATION-TYPE: </SPAN><SPAN CLASS="c2">Peri&oacute;dico</SPAN></P>
</DIV>
<BR><DIV CLASS="c5"><P CLASS="c6"><SPAN CLASS="c9">SUBJECT: </SPAN><SPAN CLASS="c2">Pol&iacute;tica (93%)</SPAN></P>
</DIV>
<BR><DIV CLASS="c5"><P CLASS="c6"><SPAN CLASS="c9">IPTC SUBJECT: </SPAN><SPAN CLASS="c2">Politica</SPAN></P>
</DIV>
<BR><DIV CLASS="c5"><P CLASS="c6"><SPAN CLASS="c9">LOAD-DATE: </SPAN><SPAN CLASS="c2">November 26, 2015</SPAN></P>
</DIV>
<BR><DIV CLASS="c0"><BR><P CLASS="c1"><SPAN CLASS="c2">Copyright 2015 El Pais Internacional S.A.<BR>All Rights Reserved</SPAN></P>
</DIV>
</BODY>
</HTML>