<HTML>
<HEAD>
<STYLE TYPE="text/css">
.c0 { text-align: center; }
.c1 { text-align: center; margin-top: 0em; margin-bottom: 0em; }
.c2 { font-family: 'Courier New',Courier; font-size: 10pt; font-style: normal; font-weight: normal; color: #000000; text-decoration: none; }
.c3 { text-align: center; margin-left: 13%; margin-right: 13%; }
.c4 { font-family: 'Courier New',Courier; font-size: 10pt; font-style: normal; font-weight: bold; color: #CC0033; text-decoration: none; }
.c5 { text-align: left; }
.c6 { text-align: left; margin-top: 0em; margin-bottom: 0em; }
.c7 { font-family: 'Courier New',Courier; font-size: 14pt; font-style: normal; font-weight: bold; color: #000000; text-decoration: none; }
.c8 { font-family: 'Courier New',Courier; font-size: 14pt; font-style: normal; font-weight: bold; color: #CC0033; text-decoration: none; }
.c9 { font-family: 'Courier New',Courier; font-size: 10pt; font-style: normal; font-weight: bold; color: #000000; text-decoration: none; }
.c10 { text-align: left; margin-top: 1em; margin-bottom: 0em; }
.c11 { page-break-before: always; }
</STYLE>
</HEAD>
<BODY>
<BR><DIV CLASS="c0"><P CLASS="c1"><SPAN CLASS="c2">326 of 935 DOCUMENTS</SPAN></P>
</DIV>
<BR><DIV CLASS="c0"><BR><P CLASS="c1"><IMG SRC="http://www.lexisnexis.com/lnacui2api/results/docview/attachRetrieve.do?smi=LOGOS&key=38401&componentseq=1&type=logo&inline=y" ALT="http://www.lexisnexis.com/lnacui2api/results/docview/attachRetrieve.do?smi=LOGOS&key=38401&componentseq=1&type=logo&inline=y"><BR><SPAN CLASS="c2">El Pais</SPAN></P>
</DIV>
<BR><DIV CLASS="c3"><P CLASS="c1"><SPAN CLASS="c4">December</SPAN><SPAN CLASS="c2"> 8, 2015 Tuesday</SPAN><SPAN CLASS="c2">&nbsp;</SPAN><SPAN CLASS="c2">&nbsp;<BR>1&ordf; Ed. Madrid Edici&oacute;n</SPAN></P>
</DIV>
<BR><DIV CLASS="c5"><P CLASS="c6"><SPAN CLASS="c7">Un concejal del PP de Galapagar llama &quot;fondona&quot; a Villac&iacute;s</SPAN></P>
</DIV>
<BR><DIV CLASS="c5"><P CLASS="c6"><SPAN CLASS="c9">BYLINE: </SPAN><SPAN CLASS="c2">EL PA&Iacute;S</SPAN></P>
</DIV>
<BR><DIV CLASS="c5"><P CLASS="c6"><SPAN CLASS="c9">SECTION: </SPAN><SPAN CLASS="c2">MADRID; Madrid; P&aacute;g. 2</SPAN></P>
</DIV>
<BR><DIV CLASS="c5"><P CLASS="c6"><SPAN CLASS="c9">LENGTH: </SPAN><SPAN CLASS="c2">490 words</SPAN></P>
</DIV>
<BR><DIV CLASS="c5"><P CLASS="c6"><SPAN CLASS="c9">DATELINE: </SPAN><SPAN CLASS="c2">Madrid </SPAN></P>
</DIV>
<BR><DIV CLASS="c5"><P CLASS="c10"><SPAN CLASS="c2">El secretario general del PP de Galapagar, &Aacute;ngel Camacho Lozano, llam&oacute; ayer &quot;fondona&quot; a la portavoz de </SPAN><SPAN CLASS="c4">Ciudadanos</SPAN><SPAN CLASS="c2"> en el Ayuntamiento de Madrid, Bego&ntilde;a Villac&iacute;s. Camacho public&oacute; en Twitter un mensaje en el que se preguntaba si &quot;Villac&iacute;s se ha comido toda una f&aacute;brica de bollos&quot;. Momentos despu&eacute;s, borr&oacute; el comentario, public&oacute; otro en el que ped&iacute;a disculpas a Villac&iacute;s y dec&iacute;a mostrarse &quot;muy arrepentido&quot;. La portavoz de </SPAN><SPAN CLASS="c4">Ciudadanos</SPAN><SPAN CLASS="c2"> contest&oacute; al concejal por Twitter con una imagen en la que recordaba que la importancia no est&aacute; en las tallas.</SPAN><SPAN CLASS="c2">&nbsp;</SPAN></P>
<P CLASS="c10"><SPAN CLASS="c2">&quot;Ent&eacute;rese Sr &Aacute;ngel Camacho L&aacute;zaro, no es cuesti&oacute;n de tallas, es cuesti&oacute;n de dar la talla&quot;, junto a la etiqueta #yotambienestoyfondona, as&iacute; respondi&oacute; Bego&ntilde;a Villac&iacute;s al comentario del concejal popular de Galapagar que critic&oacute; su imagen f&iacute;sica. La portavoz municipal rechaz&oacute; hacer un comunicado acerca de la pol&eacute;mica y prefiri&oacute; contestar por la misma red social con una fotograf&iacute;a en la que aparece comiendo y riendo.</SPAN></P>
<P CLASS="c10"><SPAN CLASS="c2">Camacho, que es concejal de Urbanismo, Medio Ambiente y Sanidad en el Ayuntamiento de Galapagar, pidi&oacute; disculpas sobre su comentario momentos despu&eacute;s. Sin embargo, los usuarios de Twitter ya se hab&iacute;an volcado contra &eacute;l acus&aacute;ndolo de &quot;machista&quot; y pidiendo su dimisi&oacute;n. El popular insisti&oacute; de nuevo escribiendo: &quot;Lamento el desafortunado comentario y aunque no tiene disculpa espero que acepte las m&iacute;as. Estoy verdaderamente arrepentido&quot;.</SPAN></P>
<P CLASS="c10"><SPAN CLASS="c2">&quot;No volver&aacute; a ocurrir&quot;</SPAN></P>
<P CLASS="c10"><SPAN CLASS="c2">Fuentes municipales del Ayuntamiento de Galapagar aseguran que este incidente &quot;no volver&aacute; a ocurrir&quot; y rechazan tomar medidas pol&iacute;ticas contra el concejal por el mensaje. Camacho rehus&oacute; hacer declaraciones a este peri&oacute;dico.</SPAN></P>
<P CLASS="c10"><SPAN CLASS="c2">El l&iacute;der de </SPAN><SPAN CLASS="c4">Ciudadanos</SPAN><SPAN CLASS="c2">, </SPAN><SPAN CLASS="c4">Albert Rivera</SPAN><SPAN CLASS="c2">, tambi&eacute;n se hizo eco de la pol&eacute;mica y contest&oacute; por la red social: &quot;Esta es 'la Espa&ntilde;a en serio' del PP de Rajoy. Cuando no hay argumentos ataques personales. Ah, y que vaya al oculista&quot;. Poco despu&eacute;s, public&oacute; una imagen similar a la de Villac&iacute;s, con la boca abierta y comiendo con el siguiente t&iacute;tulo: &quot;Me encanta 'comerme' a los que no tienen argumentos y solo faltan al respeto&quot;, tambi&eacute;n bajo la etiqueta #yotambienestoyfondona y acompa&ntilde;ado de un s&iacute;mbolo con una sonrisa.</SPAN></P>
<P CLASS="c10"><SPAN CLASS="c4">Ciudadanos</SPAN><SPAN CLASS="c2"> convirti&oacute; ayer en trending topic (temas de tendencia en Twitter) este hashtag. Tanto l&iacute;deres como militantes de la formaci&oacute;n naranja subieron sus fotos comiendo y sonriendo para mostrar su rechazo a los comentarios del concejal popular. Tambi&eacute;n algunos miembros del propio PP, como Javier Maroto, n&uacute;mero dos por la formaci&oacute;n popular por &Aacute;lava, utilizaron esta etiqueta como muestra de apoyo a Villac&iacute;s, a la que consider&oacute; que se &quot;ha criticado injustamente&quot;. El vicesecretario general de Comunicaci&oacute;n del PP, Pablo Casado, tambi&eacute;n desautoriz&oacute; al concejal de Galapagar y escribi&oacute; en su cuenta de Twitter un mensaje a Rivera: &quot;Acabo de estar con Bego&ntilde;a Villac&iacute;s en Espejo p&uacute;blico y le he trasladado el rechazo del Partido Popular a ese est&uacute;pido tuit&quot;, en referencia al mensaje de Camacho.</SPAN></P>
</DIV>
<BR><DIV CLASS="c5"><P CLASS="c6"><SPAN CLASS="c9">LANGUAGE: </SPAN><SPAN CLASS="c2">SPANISH; ESPA&Ntilde;OL</SPAN></P>
</DIV>
<BR><DIV CLASS="c5"><P CLASS="c6"><SPAN CLASS="c9">PUBLICATION-TYPE: </SPAN><SPAN CLASS="c2">Peri&oacute;dico</SPAN></P>
</DIV>
<BR><DIV CLASS="c5"><P CLASS="c6"><SPAN CLASS="c9">SUBJECT: </SPAN><SPAN CLASS="c2">Pol&iacute;tica (93%)</SPAN></P>
</DIV>
<BR><DIV CLASS="c5"><P CLASS="c6"><SPAN CLASS="c9">IPTC SUBJECT: </SPAN><SPAN CLASS="c2">Politica</SPAN></P>
</DIV>
<BR><DIV CLASS="c5"><P CLASS="c6"><SPAN CLASS="c9">LOAD-DATE: </SPAN><SPAN CLASS="c2">December 7, 2015</SPAN></P>
</DIV>
<BR><DIV CLASS="c0"><BR><P CLASS="c1"><SPAN CLASS="c2">Copyright 2015 El Pais Internacional S.A.<BR>All Rights Reserved</SPAN></P>
</DIV>
</BODY>
</HTML>