<HTML>
<HEAD>
<STYLE TYPE="text/css">
.c0 { text-align: center; }
.c1 { text-align: center; margin-top: 0em; margin-bottom: 0em; }
.c2 { font-family: 'Courier New',Courier; font-size: 10pt; font-style: normal; font-weight: normal; color: #000000; text-decoration: none; }
.c3 { text-align: center; margin-left: 13%; margin-right: 13%; }
.c4 { font-family: 'Courier New',Courier; font-size: 10pt; font-style: normal; font-weight: bold; color: #CC0033; text-decoration: none; }
.c5 { text-align: left; }
.c6 { text-align: left; margin-top: 0em; margin-bottom: 0em; }
.c7 { font-family: 'Courier New',Courier; font-size: 14pt; font-style: normal; font-weight: bold; color: #000000; text-decoration: none; }
.c8 { font-family: 'Courier New',Courier; font-size: 14pt; font-style: normal; font-weight: bold; color: #CC0033; text-decoration: none; }
.c9 { font-family: 'Courier New',Courier; font-size: 10pt; font-style: normal; font-weight: bold; color: #000000; text-decoration: none; }
.c10 { text-align: left; margin-top: 1em; margin-bottom: 0em; }
.c11 { page-break-before: always; }
</STYLE>
</HEAD>
<BODY>
<BR><DIV CLASS="c0"><P CLASS="c1"><SPAN CLASS="c2">124 of 935 DOCUMENTS</SPAN></P>
</DIV>
<BR><DIV CLASS="c0"><BR><P CLASS="c1"><IMG SRC="http://www.lexisnexis.com/lnacui2api/results/docview/attachRetrieve.do?smi=LOGOS&key=38401&componentseq=1&type=logo&inline=y" ALT="http://www.lexisnexis.com/lnacui2api/results/docview/attachRetrieve.do?smi=LOGOS&key=38401&componentseq=1&type=logo&inline=y"><BR><SPAN CLASS="c2">El Pais</SPAN></P>
</DIV>
<BR><DIV CLASS="c3"><P CLASS="c1"><SPAN CLASS="c4">December</SPAN><SPAN CLASS="c2"> 24, 2015 Thursday</SPAN><SPAN CLASS="c2">&nbsp;</SPAN><SPAN CLASS="c2">&nbsp;<BR>Nacional Edici&oacute;n</SPAN></P>
</DIV>
<BR><DIV CLASS="c5"><P CLASS="c6"><SPAN CLASS="c7">Rivera ofrece un pacto de legislatura a socialistas y PP</SPAN></P>
</DIV>
<BR><DIV CLASS="c5"><P CLASS="c6"><SPAN CLASS="c9">BYLINE: </SPAN><SPAN CLASS="c2">JUAN JOS&Eacute; MATEO</SPAN></P>
</DIV>
<BR><DIV CLASS="c5"><P CLASS="c6"><SPAN CLASS="c9">SECTION: </SPAN><SPAN CLASS="c2">ESPA&ntilde;A; Base; P&aacute;g. 17</SPAN></P>
</DIV>
<BR><DIV CLASS="c5"><P CLASS="c6"><SPAN CLASS="c9">LENGTH: </SPAN><SPAN CLASS="c2">738 words</SPAN></P>
</DIV>
<BR><DIV CLASS="c5"><P CLASS="c6"><SPAN CLASS="c9">DATELINE: </SPAN><SPAN CLASS="c2">Madrid </SPAN></P>
</DIV>
<BR><DIV CLASS="c5"><P CLASS="c10"><SPAN CLASS="c4">Albert Rivera</SPAN><SPAN CLASS="c2"> ofreci&oacute; ayer a PP y PSOE negociar un acuerdo de m&iacute;nimos para garantizar la estabilidad pol&iacute;tica y econ&oacute;mica de Espa&ntilde;a, permitir el inicio de la legislatura y consensuar un calendario de reformas. El l&iacute;der de </SPAN><SPAN CLASS="c4">Ciudadanos</SPAN><SPAN CLASS="c2"> se reafirm&oacute; en su decisi&oacute;n de permanecer en la oposici&oacute;n, y excluy&oacute; a Podemos de cualquier conversaci&oacute;n por su propuesta de convocar un refer&eacute;ndum en Catalu&ntilde;a. Adem&aacute;s, propuso un pacto para formar un bloque constitucionalista que haga frente al reto independentista.</SPAN></P>
<P CLASS="c10"><SPAN CLASS="c2">Rivera, que sigue defendiendo que la legislatura puede arrancar con un Gobierno en minor&iacute;a, plante&oacute; ayer dos propuestas a los partidos mayoritarios durante una rueda de prensa en Madrid. La primera, que PP, PSOE y </SPAN><SPAN CLASS="c4">Ciudadanos</SPAN><SPAN CLASS="c2"> negocien &quot;una mayor&iacute;a estable que pueda llegar a acuerdos de Estado, que garantice la unidad de Espa&ntilde;a y una hoja de ruta [para reformar la ley electoral, la de partidos o alcanzar un pacto nacional por la educaci&oacute;n] que requiere de mayor&iacute;as amplias&quot;. Y la segunda: que esos tres partidos rubriquen un &quot;pacto por Espa&ntilde;a&quot; con el eje fundamental de la doble defensa de la Constituci&oacute;n y del principio de que la soberan&iacute;a reside en el conjunto del pueblo espa&ntilde;ol.</SPAN><SPAN CLASS="c2">&nbsp;</SPAN></P>
<P CLASS="c10"><SPAN CLASS="c2">&quot;Dependiendo del alcance final de los acuerdos que se alcanzaran en esa mesa, podr&iacute;a salir algo muy parecido a un pacto de legislatura&quot;, explic&oacute; a EL PA&Iacute;S Jos&eacute; Manuel Villegas, vicesecretario general del partido y jefe de gabinete de Rivera. &quot;Habr&iacute;a que ver si el acuerdo es esa hoja de ruta m&aacute;s cerrada, con un documento ya con calendario y cosas m&aacute;s all&aacute;, por ejemplo a nivel presupuestario, o si es un acuerdo en lo fundamental, para que empiece la legislatura y &uacute;nicamente para determinadas leyes. Depender&aacute; del alcance del resultado final de la negociaci&oacute;n&quot;, explic&oacute; Jos&eacute; Manuel Villegas.</SPAN></P>
<P CLASS="c10"><SPAN CLASS="c2">Rivera neg&oacute; ayer que esa negociaci&oacute;n con el PP y el PSOE pueda cambiar su decisi&oacute;n de permanecer en la oposici&oacute;n y de no votar a favor de la investidura del pr&oacute;ximo presidente, aunque pareci&oacute; dejar abierta la puerta a que eso ocurriera &quot;si hay acuerdos de fondo&quot;. Villegas, sin embargo, neg&oacute; que esa posibilidad estuviera sobre la mesa. El partido, argumentaron ambos, est&aacute; volcado en dar respuesta al reto independentista en Catalu&ntilde;a, donde este domingo la Asamblea de la CUP vota si hace presidente a Artur Mas.</SPAN></P>
<P CLASS="c10"><SPAN CLASS="c2">El l&iacute;der de </SPAN><SPAN CLASS="c4">Ciudadanos</SPAN><SPAN CLASS="c2"> interpreta que las fuerzas soberanistas est&aacute;n aprovechando el resultado de las elecciones generales para acelerar en el cumplimiento de su hoja de ruta independentista mientras se negocia la formaci&oacute;n del Gobierno nacional.</SPAN></P>
<P CLASS="c10"><SPAN CLASS="c2">Seg&uacute;n su criterio, en ese proyecto est&aacute;n desempe&ntilde;ando un papel fundamental tanto Podemos -que plantea un refer&eacute;ndum soberanista vinculante para Catalu&ntilde;a en el primer a&ntilde;o de legislatura-, como las plataformas de Galicia, Catalu&ntilde;a y la Comunidad Valenciana con las que el partido de Pablo Iglesias ha concurrido a las elecciones.</SPAN></P>
<P CLASS="c10"><SPAN CLASS="c2">Acuerdo constitucionalista</SPAN></P>
<P CLASS="c10"><SPAN CLASS="c2">&quot;Queremos proponerle, tanto al PP como al PSOE, un pacto por Espa&ntilde;a para que nadie aproveche la debilidad, la incertidumbre ni la inestabilidad para romper este pa&iacute;s&quot;, argument&oacute; el l&iacute;der de </SPAN><SPAN CLASS="c4">Ciudadanos</SPAN><SPAN CLASS="c2">. &quot;No es un debate de siglas, de nombres, de ministerios o de miembros en la mesa del Congreso&quot;, a&ntilde;adi&oacute;. &quot;No nos podemos resignar a pensar que los partidos nacionalistas se ponen de acuerdo y que los constitucionalistas no nos ponemos de acuerdo en defender lo b&aacute;sico, que es la uni&oacute;n (...) Tenemos que poner una hoja de ruta m&aacute;s all&aacute; de la l&oacute;gica gobierno-oposici&oacute;n&quot;, afirm&oacute;.</SPAN></P>
<P CLASS="c10"><SPAN CLASS="c4">Ciudadanos</SPAN><SPAN CLASS="c2"> logr&oacute; 40 diputados tras las elecciones generales del 20-D. El resultado hace, en principio, intrascendente al partido para decidir la investidura del presidente del Gobierno, incluso si vota a favor. Rivera, sin embargo, no se ha resignado a perder la iniciativa. La dif&iacute;cil situaci&oacute;n interna de los dos partidos tradicionales, que han sufrido una sangr&iacute;a de votos con respecto a 2011, ha llevado a </SPAN><SPAN CLASS="c4">Ciudadanos</SPAN><SPAN CLASS="c2"> a concluir que ser&iacute;a mejor que las negociaciones entre los tres partidos no fueran encabezadas por sus l&iacute;deres.</SPAN></P>
<P CLASS="c10"><SPAN CLASS="c2">Si PP y PSOE aceptan sentarse en la mesa, </SPAN><SPAN CLASS="c4">Ciudadanos</SPAN><SPAN CLASS="c2"> propondr&aacute; que a las tres partes las representen miembros de sus direcciones. En ese planteamiento subyace el convencimiento de que implicar a los organismos directivos de cada una de las fuerzas garantiza que las reformas, de ser consensuadas, sean ejecutadas independientemente de c&oacute;mo afecten las negociaciones por La Moncloa al futuro pol&iacute;tico de Mariano Rajoy y Pedro S&aacute;nchez.</SPAN></P>
</DIV>
<BR><DIV CLASS="c5"><P CLASS="c6"><SPAN CLASS="c9">LANGUAGE: </SPAN><SPAN CLASS="c2">SPANISH; ESPA&Ntilde;OL</SPAN></P>
</DIV>
<BR><DIV CLASS="c5"><P CLASS="c6"><SPAN CLASS="c9">PUBLICATION-TYPE: </SPAN><SPAN CLASS="c2">Peri&oacute;dico</SPAN></P>
</DIV>
<BR><DIV CLASS="c5"><P CLASS="c6"><SPAN CLASS="c9">SUBJECT: </SPAN><SPAN CLASS="c2">Pol&iacute;tica (94%)</SPAN></P>
</DIV>
<BR><DIV CLASS="c5"><P CLASS="c6"><SPAN CLASS="c9">IPTC SUBJECT: </SPAN><SPAN CLASS="c2">Politica</SPAN></P>
</DIV>
<BR><DIV CLASS="c5"><P CLASS="c6"><SPAN CLASS="c9">LOAD-DATE: </SPAN><SPAN CLASS="c2">December 23, 2015</SPAN></P>
</DIV>
<BR><DIV CLASS="c0"><BR><P CLASS="c1"><SPAN CLASS="c2">Copyright 2015 El Pais Internacional S.A.<BR>All Rights Reserved</SPAN></P>
</DIV>
</BODY>
</HTML>