<HTML>
<HEAD>
<STYLE TYPE="text/css">
.c0 { text-align: center; }
.c1 { text-align: center; margin-top: 0em; margin-bottom: 0em; }
.c2 { font-family: 'Courier New',Courier; font-size: 10pt; font-style: normal; font-weight: normal; color: #000000; text-decoration: none; }
.c3 { text-align: center; margin-left: 13%; margin-right: 13%; }
.c4 { font-family: 'Courier New',Courier; font-size: 10pt; font-style: normal; font-weight: bold; color: #CC0033; text-decoration: none; }
.c5 { text-align: left; }
.c6 { text-align: left; margin-top: 0em; margin-bottom: 0em; }
.c7 { font-family: 'Courier New',Courier; font-size: 14pt; font-style: normal; font-weight: bold; color: #000000; text-decoration: none; }
.c8 { font-family: 'Courier New',Courier; font-size: 14pt; font-style: normal; font-weight: bold; color: #CC0033; text-decoration: none; }
.c9 { font-family: 'Courier New',Courier; font-size: 10pt; font-style: normal; font-weight: bold; color: #000000; text-decoration: none; }
.c10 { text-align: left; margin-top: 1em; margin-bottom: 0em; }
.c11 { page-break-before: always; }
</STYLE>
</HEAD>
<BODY>
<BR><DIV CLASS="c0"><P CLASS="c1"><SPAN CLASS="c2">213 of 935 DOCUMENTS</SPAN></P>
</DIV>
<BR><DIV CLASS="c0"><BR><P CLASS="c1"><IMG SRC="http://www.lexisnexis.com/lnacui2api/results/docview/attachRetrieve.do?smi=LOGOS&key=38401&componentseq=1&type=logo&inline=y" ALT="http://www.lexisnexis.com/lnacui2api/results/docview/attachRetrieve.do?smi=LOGOS&key=38401&componentseq=1&type=logo&inline=y"><BR><SPAN CLASS="c2">El Pais</SPAN></P>
</DIV>
<BR><DIV CLASS="c3"><P CLASS="c1"><SPAN CLASS="c4">November</SPAN><SPAN CLASS="c2"> 24, 2015 Tuesday</SPAN><SPAN CLASS="c2">&nbsp;</SPAN><SPAN CLASS="c2">&nbsp;<BR>Nacional Edici&oacute;n</SPAN></P>
</DIV>
<BR><DIV CLASS="c5"><P CLASS="c6"><SPAN CLASS="c7">Las mujeres encabezan solo una de cada tres listas del 20-D</SPAN></P>
</DIV>
<BR><DIV CLASS="c5"><P CLASS="c6"><SPAN CLASS="c9">BYLINE: </SPAN><SPAN CLASS="c2">VIRGINIA MART&Iacute;NEZ / CARLOS SANTANA</SPAN></P>
</DIV>
<BR><DIV CLASS="c5"><P CLASS="c6"><SPAN CLASS="c9">SECTION: </SPAN><SPAN CLASS="c2">ESPA&ntilde;A; Base; P&aacute;g. 18</SPAN></P>
</DIV>
<BR><DIV CLASS="c5"><P CLASS="c6"><SPAN CLASS="c9">LENGTH: </SPAN><SPAN CLASS="c2">802 words</SPAN></P>
</DIV>
<BR><DIV CLASS="c5"><P CLASS="c10"><SPAN CLASS="c2">Madrid</SPAN></P>
<P CLASS="c10"><SPAN CLASS="c2">Solo el 34% de las candidaturas presentadas en las 52 circunscripciones electorales por las grandes formaciones (PP, PSOE, </SPAN><SPAN CLASS="c4">Ciudadanos</SPAN><SPAN CLASS="c2">, Podemos y Unidad Popular-IU) est&aacute; encabezado por mujeres. Desde 2007, la ley impone mantener un m&iacute;nimo del 40% de los puestos para cada sexo, en tramos de cinco diputados. Los partidos cumplen con este porcentaje, pero las listas, publicadas el pasado mi&eacute;rcoles en el BOE, se han confeccionado de tal manera que es menos probable que las mujeres ocupen un esca&ntilde;o en el Congreso.</SPAN></P>
<P CLASS="c10"><SPAN CLASS="c2">No todos los partidos siguen el mismo patr&oacute;n. En los extremos se sit&uacute;an PSOE y </SPAN><SPAN CLASS="c4">Ciudadanos</SPAN><SPAN CLASS="c2">. Los socialistas, que adoptan una pol&iacute;tica de listas cremallera en la que se suceden cada dos puestos hombre y mujer, indistintamente, presentan 26 candidatas como cabezas de lista, el 50%. &quot;La ejecutiva de Pedro S&aacute;nchez ha querido extender [la paridad absoluta] no solo al 50% de las candidaturas sino a los cabezas de lista. Es la primera vez que se hace en la democracia&quot;, afirma Carmen Mont&oacute;n, secretaria de Igualdad de la ejecutiva socialista.</SPAN><SPAN CLASS="c2">&nbsp;</SPAN></P>
<P CLASS="c10"><SPAN CLASS="c2">El partido de </SPAN><SPAN CLASS="c4">Albert Rivera</SPAN><SPAN CLASS="c2"> es el que menos mujeres tiene: solo una de cada cinco n&uacute;meros uno de la formaci&oacute;n naranja es mujer. Desde </SPAN><SPAN CLASS="c4">Ciudadanos</SPAN><SPAN CLASS="c2"> explican el porqu&eacute; de su bajo porcentaje: &quot;Como tenemos primarias y son los afiliados los que votan a los dirigentes no miramos el sexo. Estamos en contra de las cuotas porque es un instrumento que no premia la meritocracia y va en contra de la igualdad&quot;, subraya Francisco Herv&aacute;s, secretario de Organizaci&oacute;n.</SPAN></P>
<P CLASS="c10"><SPAN CLASS="c2">Unidad Popular-IU, con 14 mujeres en primera l&iacute;nea (el 27%); el PP, con 18 (el 35%); y Podemos, con 19 (el 37%) est&aacute;n a medio camino entre ambas. En Unidad Popular-IU tambi&eacute;n justifican con las primarias sus bajas cifras. &quot;No podemos controlar que el resultado de la votaci&oacute;n sea paritario, pero s&iacute; lo corregimos con las listas cremallera&quot;, manifiestan fuentes del partido. La formaci&oacute;n emplea este recurso, aunque no se cumple de forma absoluta en todas sus listas.</SPAN></P>
<P CLASS="c10"><SPAN CLASS="c2">La poblaci&oacute;n de Espa&ntilde;a se divide entre un 49,1% de hombres y un 50,9% mujeres. En esta legislatura los varones ocuparon dos tercios del Congreso frente al 36% de mujeres. Una infrarrepre-sentaci&oacute;n de casi 15 puntos. La norma obliga a presentar ternas paritarias, pero el orden de los candidatos es clave: los puestos de salida, en los que los partidos prev&eacute;n obtener esca&ntilde;os, est&aacute;n copados por hombres y reducen las posibilidades de las mujeres al situarlas en las &uacute;ltimas posiciones. Sandra Moneo, secretaria de Igualdad del PP, coincide en que la distribuci&oacute;n de las listas es determinante: &quot;Me gustar&iacute;a que nuestro porcentaje fuese m&aacute;s alto, pero es el reflejo de las estructuras de los comit&eacute;s provinciales. Hay que intentar que la pol&iacute;tica no sea una zona limitada a la mujer. A veces lo es por falta de conciliaci&oacute;n u otras cuestiones&quot;.</SPAN></P>
<P CLASS="c10"><SPAN CLASS="c2">Brecha de desigualdad</SPAN></P>
<P CLASS="c10"><SPAN CLASS="c2">El polit&oacute;logo Pablo Sim&oacute;n aventura que la brecha de desigualdad durante la pr&oacute;xima legislatura, si se cumplen las previsiones de las encuestas, ser&aacute; mayor por la entrada de partidos emergentes, como </SPAN><SPAN CLASS="c4">Ciudadanos</SPAN><SPAN CLASS="c2"> y Podemos, en una C&aacute;mara alta muy fragmentada. Estas formaciones, cuyas listas lideran en mayor proporci&oacute;n hombres que mujeres, aspiran a ara&ntilde;ar a las formaciones tradicionales alg&uacute;n esca&ntilde;o en las circunscripciones peque&ntilde;as y medianas, lo que explica que el Congreso que salga de las elecciones del 20 de diciembre, seg&uacute;n Sim&oacute;n, ser&aacute; &quot;uno de los m&aacute;s masculinizados, pese a la ley de paridad&quot;.</SPAN></P>
<P CLASS="c10"><SPAN CLASS="c2">Si se examina circunscripci&oacute;n por circunscripci&oacute;n, se observa que el 84% de las provincias tiene m&aacute;s hombres que mujeres como cabezas de lista. Solo ocho de las 52 demarcaciones (50 provincias y dos ciudades aut&oacute;nomas) presentan m&aacute;s candidatas como n&uacute;mero uno: Asturias, C&oacute;rdoba, Ja&eacute;n, Badajoz, Pontevedra, Guadalajara, Toledo y Ciudad Real. En cinco circunscripciones, incluso, no hay ninguna mujer en la primera fila: Baleares, Tarragona, Soria, &Aacute;vila y Madrid, lista en la que se presentan tradicionalmente los candidatos a la presidencia del Gobierno.</SPAN></P>
<P CLASS="c10"><SPAN CLASS="c2">Castilla y Le&oacute;n, que reparte 32 diputados en nueve provincias, es el m&aacute;s claro ejemplo de c&oacute;mo el sistema de reparto y la posici&oacute;n relegada de las mujeres redunda en una representaci&oacute;n inferior a la real. En esta regi&oacute;n, tan solo el PSOE presenta a cuatro mujeres liderando candidaturas: el 44%. El resto de partidos, esconde a sus candidatas a partir del segundo o tercer puesto. </SPAN><SPAN CLASS="c4">Ciudadanos</SPAN><SPAN CLASS="c2">, de hecho, no presenta ninguna mujer encabezando una provincia. El PP, solo una. Unidad Popular-IU, tres y Podemos, dos.</SPAN></P>
<P CLASS="c10"><SPAN CLASS="c2">Han transcurrido dos elecciones generales con la ley de igualdad en vigor, pero la representaci&oacute;n femenina no se ha incrementado. Se mantiene en cifras de 2004. Los comicios del 20-D ser&aacute;n los m&aacute;s abiertos desde la Transici&oacute;n. Pero hay algo que no cambiar&aacute;: seguir&aacute; habiendo menos mujeres en el Congreso.</SPAN></P>
</DIV>
<BR><DIV CLASS="c5"><P CLASS="c6"><SPAN CLASS="c9">LANGUAGE: </SPAN><SPAN CLASS="c2">SPANISH; ESPA&Ntilde;OL</SPAN></P>
</DIV>
<BR><DIV CLASS="c5"><P CLASS="c6"><SPAN CLASS="c9">PUBLICATION-TYPE: </SPAN><SPAN CLASS="c2">Peri&oacute;dico</SPAN></P>
</DIV>
<BR><DIV CLASS="c5"><P CLASS="c6"><SPAN CLASS="c9">SUBJECT: </SPAN><SPAN CLASS="c2">Pol&iacute;tica (93%)</SPAN></P>
</DIV>
<BR><DIV CLASS="c5"><P CLASS="c6"><SPAN CLASS="c9">IPTC SUBJECT: </SPAN><SPAN CLASS="c2">Politica</SPAN></P>
</DIV>
<BR><DIV CLASS="c5"><P CLASS="c6"><SPAN CLASS="c9">LOAD-DATE: </SPAN><SPAN CLASS="c2">November 23, 2015</SPAN></P>
</DIV>
<BR><DIV CLASS="c0"><BR><P CLASS="c1"><SPAN CLASS="c2">Copyright 2015 El Pais Internacional S.A.<BR>All Rights Reserved</SPAN></P>
</DIV>
</BODY>
</HTML>