<HTML>
<HEAD>
<STYLE TYPE="text/css">
.c0 { text-align: center; }
.c1 { text-align: center; margin-top: 0em; margin-bottom: 0em; }
.c2 { font-family: 'Courier New',Courier; font-size: 10pt; font-style: normal; font-weight: normal; color: #000000; text-decoration: none; }
.c3 { text-align: center; margin-left: 13%; margin-right: 13%; }
.c4 { font-family: 'Courier New',Courier; font-size: 10pt; font-style: normal; font-weight: bold; color: #CC0033; text-decoration: none; }
.c5 { text-align: left; }
.c6 { text-align: left; margin-top: 0em; margin-bottom: 0em; }
.c7 { font-family: 'Courier New',Courier; font-size: 14pt; font-style: normal; font-weight: bold; color: #000000; text-decoration: none; }
.c8 { font-family: 'Courier New',Courier; font-size: 14pt; font-style: normal; font-weight: bold; color: #CC0033; text-decoration: none; }
.c9 { font-family: 'Courier New',Courier; font-size: 10pt; font-style: normal; font-weight: bold; color: #000000; text-decoration: none; }
.c10 { text-align: left; margin-top: 1em; margin-bottom: 0em; }
.c11 { page-break-before: always; }
</STYLE>
</HEAD>
<BODY>
<BR><DIV CLASS="c0"><P CLASS="c1"><SPAN CLASS="c2">275 of 935 DOCUMENTS</SPAN></P>
</DIV>
<BR><DIV CLASS="c0"><BR><P CLASS="c1"><IMG SRC="http://www.lexisnexis.com/lnacui2api/results/docview/attachRetrieve.do?smi=LOGOS&key=38401&componentseq=1&type=logo&inline=y" ALT="http://www.lexisnexis.com/lnacui2api/results/docview/attachRetrieve.do?smi=LOGOS&key=38401&componentseq=1&type=logo&inline=y"><BR><SPAN CLASS="c2">El Pais</SPAN></P>
</DIV>
<BR><DIV CLASS="c3"><P CLASS="c1"><SPAN CLASS="c4">November</SPAN><SPAN CLASS="c2"> 26, 2015 Thursday</SPAN><SPAN CLASS="c2">&nbsp;</SPAN><SPAN CLASS="c2">&nbsp;<BR>Nacional Edici&oacute;n</SPAN></P>
</DIV>
<BR><DIV CLASS="c5"><P CLASS="c6"><SPAN CLASS="c7">El presidente y S&aacute;nchez, ausentes al ampliarse el pacto</SPAN></P>
</DIV>
<BR><DIV CLASS="c5"><P CLASS="c6"><SPAN CLASS="c9">BYLINE: </SPAN><SPAN CLASS="c2">J. C. / A. D.</SPAN></P>
</DIV>
<BR><DIV CLASS="c5"><P CLASS="c6"><SPAN CLASS="c9">SECTION: </SPAN><SPAN CLASS="c2">ESPA&ntilde;A; Base; P&aacute;g. 19</SPAN></P>
</DIV>
<BR><DIV CLASS="c5"><P CLASS="c6"><SPAN CLASS="c9">LENGTH: </SPAN><SPAN CLASS="c2">371 words</SPAN></P>
</DIV>
<BR><DIV CLASS="c5"><P CLASS="c6"><SPAN CLASS="c9">DATELINE: </SPAN><SPAN CLASS="c2">Madrid </SPAN></P>
</DIV>
<BR><DIV CLASS="c5"><P CLASS="c10"><SPAN CLASS="c2">El Pacto Antiyihadista, firmado por el presidente del Gobierno Mariano Rajoy y el l&iacute;der de la oposici&oacute;n, Pedro S&aacute;nchez, en febrero de este a&ntilde;o en el sal&oacute;n de tapices de La Moncloa, ser&aacute; reafirmado hoy pero no con tanto boato. Ninguno de los dos estar&aacute; presente en el acto en el que el pacto se abre a otros partidos pol&iacute;ticos, incluido </SPAN><SPAN CLASS="c4">Ciudadanos</SPAN><SPAN CLASS="c2">, porque tienen previstos actos de precampa&ntilde;a electoral.</SPAN><SPAN CLASS="c2">&nbsp;</SPAN></P>
<P CLASS="c10"><SPAN CLASS="c2">Tras los atentados perpetrados por terroristas yihadistas el 13-N en Par&iacute;s, el l&iacute;der de </SPAN><SPAN CLASS="c4">Ciudadanos</SPAN><SPAN CLASS="c2">, </SPAN><SPAN CLASS="c4">Albert</SPAN><SPAN CLASS="c2">&nbsp;</SPAN><SPAN CLASS="c4">Rivera</SPAN><SPAN CLASS="c2">, solicit&oacute; a Rajoy ampliar ese pacto para suscribirlo y el presidente vio la oportunidad pol&iacute;tica de labrar un nuevo consenso muy &uacute;til en v&iacute;speras electorales. Otros dirigentes pol&iacute;ticos respaldaron la idea de Rivera de ensanchar los m&aacute;rgenes del pacto (UPyD, Uni&oacute;, Par, Foro Asturias) y estar&aacute;n hoy en el Ministerio del Interior para suscribir una adenda del mismo acuerdo firmado por Rajoy y S&aacute;nchez, pero ante el ministro del ramo, Jorge Fern&aacute;ndez.</SPAN></P>
<P CLASS="c10"><SPAN CLASS="c2">Rajoy y S&aacute;nchez estar&aacute;n a esa hora de campa&ntilde;a electoral por distintas zonas de Espa&ntilde;a. El candidato del PP aprovechar&aacute; la jornada para efectuar una gira amplia por Castilla-La Mancha y visitar los pueblos de La Roda, Las Mesas, Campo de Criptana y Oca&ntilde;a, donde har&aacute; paseos, fotos, declaraciones y estar&aacute; en bodegas, centros educativos, f&aacute;bricas y molinos. El aspirante del PSOE, Pedro S&aacute;nchez, tampoco acudir&aacute; a Interior y estar&aacute; haciendo m&iacute;tines en C&oacute;rdoba. Nadie ha explicado claramente, ni en La Moncloa ni en el PP ni en el PSOE, porque los dos promotores del pacto no firmar&aacute;n hoy la ampliaci&oacute;n. Lo que es evidente es que no le han querido dar el mismo nivel, aunque ambos partidos hablan diariamente de mantener el consenso, la unidad y la respuesta com&uacute;n.</SPAN></P>
<P CLASS="c10"><SPAN CLASS="c2">S&iacute; estar&aacute; en la firma el l&iacute;der de </SPAN><SPAN CLASS="c4">Ciudadanos</SPAN><SPAN CLASS="c2">, </SPAN><SPAN CLASS="c4">Albert</SPAN><SPAN CLASS="c2">&nbsp;</SPAN><SPAN CLASS="c4">Rivera</SPAN><SPAN CLASS="c2">, tras subrayar su partido que cada uno concede la relevancia que quiere al nuevo acuerdo. Podemos no estar&aacute; representado por su candidato, Pablo Iglesias, pero enviar&aacute; a Rafael Mayoral, secretario de Acci&oacute;n con la Sociedad Civil, aunque no lo firmar&aacute;. Por parte del Gobierno la representaci&oacute;n correr&aacute; a cargo de Jorge Fern&aacute;ndez D&iacute;az porque tampoco estar&aacute; la vicepresidenta, Soraya S&aacute;enz de Santamar&iacute;a, en la que Rajoy deleg&oacute; algunos contactos.</SPAN></P>
</DIV>
<BR><DIV CLASS="c5"><P CLASS="c6"><SPAN CLASS="c9">LANGUAGE: </SPAN><SPAN CLASS="c2">SPANISH; ESPA&Ntilde;OL</SPAN></P>
</DIV>
<BR><DIV CLASS="c5"><P CLASS="c6"><SPAN CLASS="c9">PUBLICATION-TYPE: </SPAN><SPAN CLASS="c2">Peri&oacute;dico</SPAN></P>
</DIV>
<BR><DIV CLASS="c5"><P CLASS="c6"><SPAN CLASS="c9">SUBJECT: </SPAN><SPAN CLASS="c2">Pol&iacute;tica (94%)</SPAN></P>
</DIV>
<BR><DIV CLASS="c5"><P CLASS="c6"><SPAN CLASS="c9">IPTC SUBJECT: </SPAN><SPAN CLASS="c2">Politica</SPAN></P>
</DIV>
<BR><DIV CLASS="c5"><P CLASS="c6"><SPAN CLASS="c9">LOAD-DATE: </SPAN><SPAN CLASS="c2">November 25, 2015</SPAN></P>
</DIV>
<BR><DIV CLASS="c0"><BR><P CLASS="c1"><SPAN CLASS="c2">Copyright 2015 El Pais Internacional S.A.<BR>All Rights Reserved</SPAN></P>
</DIV>
</BODY>
</HTML>