<HTML>
<HEAD>
<STYLE TYPE="text/css">
.c0 { text-align: center; }
.c1 { text-align: center; margin-top: 0em; margin-bottom: 0em; }
.c2 { font-family: 'Courier New',Courier; font-size: 10pt; font-style: normal; font-weight: normal; color: #000000; text-decoration: none; }
.c3 { text-align: center; margin-left: 13%; margin-right: 13%; }
.c4 { font-family: 'Courier New',Courier; font-size: 10pt; font-style: normal; font-weight: bold; color: #CC0033; text-decoration: none; }
.c5 { text-align: left; }
.c6 { text-align: left; margin-top: 0em; margin-bottom: 0em; }
.c7 { font-family: 'Courier New',Courier; font-size: 14pt; font-style: normal; font-weight: bold; color: #000000; text-decoration: none; }
.c8 { font-family: 'Courier New',Courier; font-size: 14pt; font-style: normal; font-weight: bold; color: #CC0033; text-decoration: none; }
.c9 { font-family: 'Courier New',Courier; font-size: 10pt; font-style: normal; font-weight: bold; color: #000000; text-decoration: none; }
.c10 { text-align: left; margin-top: 1em; margin-bottom: 0em; }
.c11 { page-break-before: always; }
</STYLE>
</HEAD>
<BODY>
<BR><DIV CLASS="c0"><P CLASS="c1"><SPAN CLASS="c2">318 of 935 DOCUMENTS</SPAN></P>
</DIV>
<BR><DIV CLASS="c0"><BR><P CLASS="c1"><IMG SRC="http://www.lexisnexis.com/lnacui2api/results/docview/attachRetrieve.do?smi=LOGOS&key=38401&componentseq=1&type=logo&inline=y" ALT="http://www.lexisnexis.com/lnacui2api/results/docview/attachRetrieve.do?smi=LOGOS&key=38401&componentseq=1&type=logo&inline=y"><BR><SPAN CLASS="c2">El Pais</SPAN></P>
</DIV>
<BR><DIV CLASS="c3"><P CLASS="c1"><SPAN CLASS="c4">December</SPAN><SPAN CLASS="c2"> 2, 2015 Wednesday</SPAN><SPAN CLASS="c2">&nbsp;</SPAN><SPAN CLASS="c2">&nbsp;<BR>Nacional Edici&oacute;n</SPAN></P>
</DIV>
<BR><DIV CLASS="c5"><P CLASS="c6"><SPAN CLASS="c7">#ELPA&Iacute;SDebate activ&oacute; la campa&ntilde;a en redes sociales</SPAN></P>
</DIV>
<BR><DIV CLASS="c5"><P CLASS="c6"><SPAN CLASS="c9">BYLINE: </SPAN><SPAN CLASS="c2">GUIOMAR DEL SER</SPAN></P>
</DIV>
<BR><DIV CLASS="c5"><P CLASS="c6"><SPAN CLASS="c9">SECTION: </SPAN><SPAN CLASS="c2">ESPA&ntilde;A; Base; P&aacute;g. 20</SPAN></P>
</DIV>
<BR><DIV CLASS="c5"><P CLASS="c6"><SPAN CLASS="c9">LENGTH: </SPAN><SPAN CLASS="c2">498 words</SPAN></P>
</DIV>
<BR><DIV CLASS="c5"><P CLASS="c6"><SPAN CLASS="c9">DATELINE: </SPAN><SPAN CLASS="c2">Madrid </SPAN></P>
</DIV>
<BR><DIV CLASS="c5"><P CLASS="c10"><SPAN CLASS="c2">La celebraci&oacute;n a instancias de EL PA&Iacute;S del primer debate online entre aspirantes a la presidencia del Gobierno espa&ntilde;ol tambi&eacute;n ha dado pie a que en las redes sociales se dinamicen los mensajes de campa&ntilde;a del 20-D. As&iacute; lo han percibido los equipos de comunicaci&oacute;n de los tres partidos que confrontaron posiciones el pasado lunes, que coinciden en destacar la enorme afluencia de p&uacute;blico a la conversaci&oacute;n pol&iacute;tica en las distintas plataformas sociales.</SPAN><SPAN CLASS="c2">&nbsp;</SPAN></P>
<P CLASS="c10"><SPAN CLASS="c2">En el PSOE tienen claro que el debate fue un aldabonazo que demostr&oacute; que &quot;el partido est&aacute; ya en modo elecciones&quot;. Rafael O&ntilde;ate, uno de sus responsables de redes sociales, asegur&oacute; ayer que muchas sedes del partido en distintos puntos de Espa&ntilde;a se convirtieron en punto de encuentro para seguir el debate y compartir impresiones sobre la actuaci&oacute;n de Pedro S&aacute;nchez, de quien destacan el gran volumen de menciones (unas 90.000) que recab&oacute; en Twitter, seg&uacute;n la herramienta de medici&oacute;n de EL PA&Iacute;S y sus propios datos. Sostiene O&ntilde;ate que &quot;se equivoca quien crea que la Red solo sirve para las campa&ntilde;as electorales y no la incorpore como herramienta pol&iacute;tica de la acci&oacute;n diaria&quot;.</SPAN></P>
<P CLASS="c10"><SPAN CLASS="c2">Para Podemos, la gran novedad que aport&oacute; #ELPA&Iacute;SDebate, seg&uacute;n Eduardo Rubi&ntilde;o, responsable de redes de la formaci&oacute;n, es que se sumaron miles de nuevos usuarios distintos de los seguidores habituales del partido en la Red en los &uacute;ltimos meses. &quot;La gente desbord&oacute; la cifra habitual de otros eventos pol&iacute;ticos&quot;, asegur&oacute; ayer. &quot;Pablo consigui&oacute; introducir elementos que se comentaron en redes&quot;, como su referencia a la pel&iacute;cula Ocho apellidos catalanes, o la alusi&oacute;n al primer ministro brit&aacute;nico David Cameron, como &quot;ese miembro del Partido Comunista&quot;.</SPAN></P>
<P CLASS="c10"><SPAN CLASS="c2">Unas cu&ntilde;as virales que demuestran la preocupaci&oacute;n no solo por hacer calar el mensaje, sino por generar interacci&oacute;n entre fieles y potenciales votantes. &quot;Estamos realmente felices con el nivel de apoyo que recibimos ayer en Twitter. Queremos agradecer a los miles de personas que mostraron su respaldo a Pablo con sus mensajes y en las distintas encuestas online que se difundieron&quot;, a&ntilde;adi&oacute; Rubi&ntilde;o.</SPAN></P>
<P CLASS="c10"><SPAN CLASS="c2">En </SPAN><SPAN CLASS="c4">Ciudadanos</SPAN><SPAN CLASS="c2"> tambi&eacute;n tienen claro que &quot;la nueva pol&iacute;tica se abre a otros espacios, mucho m&aacute;s participativos, din&aacute;micos, sin cors&eacute;s, en los que los candidatos tienen que dar la cara e interactuar con los </SPAN><SPAN CLASS="c4">ciudadanos</SPAN><SPAN CLASS="c2">&quot;. As&iacute; lo destac&oacute; ayer Fernando de P&aacute;ramo, secretario de Comunicaci&oacute;n de </SPAN><SPAN CLASS="c4">Ciudadanos</SPAN><SPAN CLASS="c2">, para quien &quot;los debates del siglo XXI no se libran solo entre candidatos, sino entre candidatos y </SPAN><SPAN CLASS="c4">ciudadanos</SPAN><SPAN CLASS="c2">. &quot;Fuimos trending topic mundial con m&aacute;s de 100.000 menciones a </SPAN><SPAN CLASS="c4">Albert Rivera</SPAN><SPAN CLASS="c2">&quot;, apunta De P&aacute;ramo, quien tambi&eacute;n destac&oacute; que el l&iacute;der de su partido obtuvo el minuto de oro del debate en audiencia social en el bloque dedicado al modelo territorial.</SPAN></P>
<P CLASS="c10"><SPAN CLASS="c2">Ya nadie pone en duda que las redes han abierto nuevos espacios de participaci&oacute;n pol&iacute;tica. El debate del lunes puso de manifiesto la vigencia de un &aacute;mbito de decisi&oacute;n de importancia creciente, sobre todo entre los votantes m&aacute;s j&oacute;venes, que tambi&eacute;n ser&aacute;n decisivos el 20-D.</SPAN></P>
</DIV>
<BR><DIV CLASS="c5"><P CLASS="c6"><SPAN CLASS="c9">LANGUAGE: </SPAN><SPAN CLASS="c2">SPANISH; ESPA&Ntilde;OL</SPAN></P>
</DIV>
<BR><DIV CLASS="c5"><P CLASS="c6"><SPAN CLASS="c9">PUBLICATION-TYPE: </SPAN><SPAN CLASS="c2">Peri&oacute;dico</SPAN></P>
</DIV>
<BR><DIV CLASS="c5"><P CLASS="c6"><SPAN CLASS="c9">SUBJECT: </SPAN><SPAN CLASS="c2">Pol&iacute;tica (93%)</SPAN></P>
</DIV>
<BR><DIV CLASS="c5"><P CLASS="c6"><SPAN CLASS="c9">IPTC SUBJECT: </SPAN><SPAN CLASS="c2">Politica</SPAN></P>
</DIV>
<BR><DIV CLASS="c5"><P CLASS="c6"><SPAN CLASS="c9">LOAD-DATE: </SPAN><SPAN CLASS="c2">December 1, 2015</SPAN></P>
</DIV>
<BR><DIV CLASS="c0"><BR><P CLASS="c1"><SPAN CLASS="c2">Copyright 2015 El Pais Internacional S.A.<BR>All Rights Reserved</SPAN></P>
</DIV>
</BODY>
</HTML>