<HTML>
<HEAD>
<STYLE TYPE="text/css">
.c0 { text-align: center; }
.c1 { text-align: center; margin-top: 0em; margin-bottom: 0em; }
.c2 { font-family: 'Courier New',Courier; font-size: 10pt; font-style: normal; font-weight: normal; color: #000000; text-decoration: none; }
.c3 { text-align: center; margin-left: 13%; margin-right: 13%; }
.c4 { font-family: 'Courier New',Courier; font-size: 10pt; font-style: normal; font-weight: bold; color: #CC0033; text-decoration: none; }
.c5 { text-align: left; }
.c6 { text-align: left; margin-top: 0em; margin-bottom: 0em; }
.c7 { font-family: 'Courier New',Courier; font-size: 14pt; font-style: normal; font-weight: bold; color: #000000; text-decoration: none; }
.c8 { font-family: 'Courier New',Courier; font-size: 14pt; font-style: normal; font-weight: bold; color: #CC0033; text-decoration: none; }
.c9 { font-family: 'Courier New',Courier; font-size: 10pt; font-style: normal; font-weight: bold; color: #000000; text-decoration: none; }
.c10 { text-align: left; margin-top: 1em; margin-bottom: 0em; }
.c11 { page-break-before: always; }
</STYLE>
</HEAD>
<BODY>
<BR><DIV CLASS="c0"><P CLASS="c1"><SPAN CLASS="c2">382 of 935 DOCUMENTS</SPAN></P>
</DIV>
<BR><DIV CLASS="c0"><BR><P CLASS="c1"><IMG SRC="http://www.lexisnexis.com/lnacui2api/results/docview/attachRetrieve.do?smi=LOGOS&key=38401&componentseq=1&type=logo&inline=y" ALT="http://www.lexisnexis.com/lnacui2api/results/docview/attachRetrieve.do?smi=LOGOS&key=38401&componentseq=1&type=logo&inline=y"><BR><SPAN CLASS="c2">El Pais</SPAN></P>
</DIV>
<BR><DIV CLASS="c3"><P CLASS="c1"><SPAN CLASS="c4">January</SPAN><SPAN CLASS="c2"> 15, 2016 Friday</SPAN><SPAN CLASS="c2">&nbsp;</SPAN><SPAN CLASS="c2">&nbsp;<BR>Nacional Edici&oacute;n</SPAN></P>
</DIV>
<BR><DIV CLASS="c5"><P CLASS="c6"><SPAN CLASS="c7">Rivera pide que la C&aacute;mara apoye a Rajoy en Catalu&ntilde;a</SPAN></P>
</DIV>
<BR><DIV CLASS="c5"><P CLASS="c6"><SPAN CLASS="c9">BYLINE: </SPAN><SPAN CLASS="c2">JUAN JOS&Eacute; MATEO</SPAN></P>
</DIV>
<BR><DIV CLASS="c5"><P CLASS="c6"><SPAN CLASS="c9">SECTION: </SPAN><SPAN CLASS="c2">ESPA&ntilde;A; Base; P&aacute;g. 19 [AN] </SPAN><SPAN CLASS="c4">CIUDADANOS</SPAN></P>
</DIV>
<BR><DIV CLASS="c5"><P CLASS="c6"><SPAN CLASS="c9">LENGTH: </SPAN><SPAN CLASS="c2">288 words</SPAN></P>
</DIV>
<BR><DIV CLASS="c5"><P CLASS="c6"><SPAN CLASS="c9">DATELINE: </SPAN><SPAN CLASS="c2">Madrid </SPAN></P>
</DIV>
<BR><DIV CLASS="c5"><P CLASS="c10"><SPAN CLASS="c4">Ciudadanos</SPAN><SPAN CLASS="c2"> quiere que el Congreso se comprometa a apoyar al Gobierno en funciones de Mariano Rajoy frente al reto independentista de la Generalitat. As&iacute; se afirma en la primera proposici&oacute;n no de ley que registra el partido de </SPAN><SPAN CLASS="c4">Albert Rivera</SPAN><SPAN CLASS="c2"> en la C&aacute;mara baja, y que tambi&eacute;n recoge una menci&oacute;n expl&iacute;cita al hecho de que la soberan&iacute;a nacional reside en el conjunto de todos los espa&ntilde;oles.</SPAN><SPAN CLASS="c2">&nbsp;</SPAN></P>
<P CLASS="c10"><SPAN CLASS="c2">&quot;Queremos dejarle claro al se&ntilde;or Puigdemont [presidente de la Generalitat] que, aunque tengamos un Gobierno en funciones, tenemos un Parlamento que ya funciona&quot;, dijo ayer Rivera.</SPAN></P>
<P CLASS="c10"><SPAN CLASS="c2">De ser aprobada esta proposici&oacute;n, el Congreso dar&iacute;a su aval pol&iacute;tico a la acci&oacute;n del Ejecutivo en funciones en el caso hipot&eacute;tico de que este decidiera aplicar el art&iacute;culo 155 de la Constituci&oacute;n para frenar el programa independentista en Catalu&ntilde;a (aunque el aval que el Gobierno requerir&iacute;a legalmente en ese caso ser&iacute;a el del Senado). &quot;Esto supone dar un margen de confianza a la inteligencia y la habilidad del Gobierno para gestionar una situaci&oacute;n compleja, es un mensaje que hay que dar&quot;, dijo Jos&eacute; Manuel Villegas, vicesecretario de </SPAN><SPAN CLASS="c4">Ciudadanos</SPAN><SPAN CLASS="c2">, cuyo partido tambi&eacute;n apostar&aacute; por un pacto nacional por la educaci&oacute;n y otro contra la violencia de g&eacute;nero, adem&aacute;s de presentar medidas de rescate social y regeneraci&oacute;n democr&aacute;tica. En la formaci&oacute;n esperan que su iniciativa en defensa de la soberan&iacute;a nacional y en apoyo del Gobierno en funciones sirva para que los partidos de la C&aacute;mara, y especialmente Podemos, &quot;se retraten&quot; ante la opini&oacute;n p&uacute;blica.</SPAN></P>
<P CLASS="c10"><SPAN CLASS="c2">Adem&aacute;s, </SPAN><SPAN CLASS="c4">Ciudadanos</SPAN><SPAN CLASS="c2"> presentar&aacute; hoy su propuesta de reforma del reglamento del Congreso, que incluyen facilitar el control al Gobierno, las comisiones de investigaci&oacute;n y la fiscalizaci&oacute;n del trabajo de los diputados.</SPAN></P>
</DIV>
<BR><DIV CLASS="c5"><P CLASS="c6"><SPAN CLASS="c9">LANGUAGE: </SPAN><SPAN CLASS="c2">SPANISH; ESPA&Ntilde;OL</SPAN></P>
</DIV>
<BR><DIV CLASS="c5"><P CLASS="c6"><SPAN CLASS="c9">PUBLICATION-TYPE: </SPAN><SPAN CLASS="c2">Peri&oacute;dico</SPAN></P>
</DIV>
<BR><DIV CLASS="c5"><P CLASS="c6"><SPAN CLASS="c9">SUBJECT: </SPAN><SPAN CLASS="c2">Pol&iacute;tica (93%)</SPAN></P>
</DIV>
<BR><DIV CLASS="c5"><P CLASS="c6"><SPAN CLASS="c9">IPTC SUBJECT: </SPAN><SPAN CLASS="c2">Politica</SPAN></P>
</DIV>
<BR><DIV CLASS="c5"><P CLASS="c6"><SPAN CLASS="c9">LOAD-DATE: </SPAN><SPAN CLASS="c2">January 14, 2016</SPAN></P>
</DIV>
<BR><DIV CLASS="c0"><BR><P CLASS="c1"><SPAN CLASS="c2">Copyright 2016 El Pais Internacional S.A.<BR>All Rights Reserved</SPAN></P>
</DIV>
</BODY>
</HTML>