<HTML>
<HEAD>
<STYLE TYPE="text/css">
.c0 { text-align: center; }
.c1 { text-align: center; margin-top: 0em; margin-bottom: 0em; }
.c2 { font-family: 'Courier New',Courier; font-size: 10pt; font-style: normal; font-weight: normal; color: #000000; text-decoration: none; }
.c3 { text-align: center; margin-left: 13%; margin-right: 13%; }
.c4 { font-family: 'Courier New',Courier; font-size: 10pt; font-style: normal; font-weight: bold; color: #CC0033; text-decoration: none; }
.c5 { text-align: left; }
.c6 { text-align: left; margin-top: 0em; margin-bottom: 0em; }
.c7 { font-family: 'Courier New',Courier; font-size: 14pt; font-style: normal; font-weight: bold; color: #000000; text-decoration: none; }
.c8 { font-family: 'Courier New',Courier; font-size: 14pt; font-style: normal; font-weight: bold; color: #CC0033; text-decoration: none; }
.c9 { font-family: 'Courier New',Courier; font-size: 10pt; font-style: normal; font-weight: bold; color: #000000; text-decoration: none; }
.c10 { text-align: left; margin-top: 1em; margin-bottom: 0em; }
.c11 { page-break-before: always; }
</STYLE>
</HEAD>
<BODY>
<BR><DIV CLASS="c0"><P CLASS="c1"><SPAN CLASS="c2">350 of 935 DOCUMENTS</SPAN></P>
</DIV>
<BR><DIV CLASS="c0"><BR><P CLASS="c1"><IMG SRC="http://www.lexisnexis.com/lnacui2api/results/docview/attachRetrieve.do?smi=LOGOS&key=38401&componentseq=1&type=logo&inline=y" ALT="http://www.lexisnexis.com/lnacui2api/results/docview/attachRetrieve.do?smi=LOGOS&key=38401&componentseq=1&type=logo&inline=y"><BR><SPAN CLASS="c2">El Pais</SPAN></P>
</DIV>
<BR><DIV CLASS="c3"><P CLASS="c1"><SPAN CLASS="c4">December</SPAN><SPAN CLASS="c2"> 21, 2015 Monday</SPAN><SPAN CLASS="c2">&nbsp;</SPAN><SPAN CLASS="c2">&nbsp;<BR>Andaluc&iacute;a Edici&oacute;n</SPAN></P>
</DIV>
<BR><DIV CLASS="c5"><P CLASS="c6"><SPAN CLASS="c7">La victoria insuficiente de Rajoy da opciones a un pacto de izquierdas</SPAN></P>
</DIV>
<BR><DIV CLASS="c5"><P CLASS="c6"><SPAN CLASS="c9">BYLINE: </SPAN><SPAN CLASS="c2">MIGUEL GONZ&Aacute;LEZ</SPAN></P>
</DIV>
<BR><DIV CLASS="c5"><P CLASS="c6"><SPAN CLASS="c9">SECTION: </SPAN><SPAN CLASS="c2">ESPA&ntilde;A; Base; P&aacute;g. 30</SPAN></P>
</DIV>
<BR><DIV CLASS="c5"><P CLASS="c6"><SPAN CLASS="c9">LENGTH: </SPAN><SPAN CLASS="c2">790 words</SPAN></P>
</DIV>
<BR><DIV CLASS="c5"><P CLASS="c6"><SPAN CLASS="c9">DATELINE: </SPAN><SPAN CLASS="c2">Madrid </SPAN></P>
</DIV>
<BR><DIV CLASS="c5"><P CLASS="c10"><SPAN CLASS="c2">Cuando se le pregunt&oacute; el pasado viernes en Bruselas cu&aacute;l ser&iacute;a un buen resultado para &eacute;l, Mariano Rajoy contest&oacute;: &quot;Ser la primera fuerza pol&iacute;tica y gobernar&quot;. El PP consigui&oacute; ayer ganar las elecciones, pero queda lejos de tener asegurado gobernar. Con m&aacute;s del 99% escrutado, los populares no solo se quedan a a&ntilde;os luz de la mayor&iacute;a absoluta (176 esca&ntilde;os), sino que cosechan el peor resultado obtenido por un partido ganador de las elecciones en casi cuatro d&eacute;cadas de democracia: 123 diputados, muy por debajo de los 156 que tuvo Aznar en 1996.</SPAN></P>
<P CLASS="c10"><SPAN CLASS="c2">Aznar logr&oacute; gobernar hace casi una d&eacute;cada gracias al acuerdo de legislatura que firm&oacute; con los nacionalistas catalanes de Jordi Pujol, al que se sumaron PNV y Coalici&oacute;n Canaria.</SPAN><SPAN CLASS="c2">&nbsp;</SPAN></P>
<P CLASS="c10"><SPAN CLASS="c2">Descartado el nacionalismo catal&aacute;n como socio, por su deriva independentista, la mirada de Rajoy se dirige hacia otro partido de origen catal&aacute;n y signo contrario: </SPAN><SPAN CLASS="c4">Ciudadanos</SPAN><SPAN CLASS="c2">.</SPAN></P>
<P CLASS="c10"><SPAN CLASS="c2">Pero, a la luz de los resultados provisionales, el apoyo de </SPAN><SPAN CLASS="c4">Ciudadanos</SPAN><SPAN CLASS="c2"> no bastar&iacute;a para que Rajoy saliera elegido presidente, desde luego no en primera vuelta por mayor&iacute;a absoluta, y el l&iacute;der de la nueva fuerza, </SPAN><SPAN CLASS="c4">Albert Rivera,</SPAN><SPAN CLASS="c2"> ha dejado claro durante la campa&ntilde;a que en ning&uacute;n caso dar&aacute; su voto afirmativo al todav&iacute;a jefe del Gobierno.</SPAN></P>
<P CLASS="c10"><SPAN CLASS="c2">En estas condiciones Rajoy solo puede aspirar a que </SPAN><SPAN CLASS="c4">Ciudadanos</SPAN><SPAN CLASS="c2"> se abstenga en la segunda votaci&oacute;n, en la que le basta con obtener mayor&iacute;a simple de votos para ser investido. Pero -adem&aacute;s de no estar claro todav&iacute;a si dicha abstenci&oacute;n ser&iacute;a incondicional o exigir&iacute;a contrapartidas- resultar&iacute;a insuficiente si todos los dem&aacute;s partidos votaran en contra ya que la suma de las restantes fuerzas pol&iacute;ticas supera el 50% de los esca&ntilde;os.</SPAN></P>
<P CLASS="c10"><SPAN CLASS="c2">Dificultades para pactar</SPAN></P>
<P CLASS="c10"><SPAN CLASS="c2">Adem&aacute;s, la pol&iacute;tica que ha practicado el PP durante estos a&ntilde;os de mayor&iacute;a absoluta hace que le resulte muy dif&iacute;cil recabar apoyos en otros caladeros. Coalici&oacute;n Canaria y el PNV ser&iacute;an los m&aacute;s accesibles y a&uacute;n as&iacute; son muy renuentes a apoyar a Rajoy.</SPAN></P>
<P CLASS="c10"><SPAN CLASS="c2">La gran baza de Rajoy es que, dada la fragmentaci&oacute;n del Parlamento salido de las urnas de ayer, no sea posible cuajar una opci&oacute;n alternativa.</SPAN></P>
<P CLASS="c10"><SPAN CLASS="c2">El pacto entre PSOE y Podemos no se presenta f&aacute;cil debido a las profundas diferencias de sus respectivos programas, incluida la celebraci&oacute;n de un refer&eacute;ndum en Catalu&ntilde;a. Aunque los socialistas han conseguido consolidarse como segunda fuerza y no se ha cumplido el sorpasso que vaticinaban algunas encuestas, Iglesias ha reclamado en m&uacute;ltiples ocasiones el liderazgo de un eventual Gobierno de izquierdas, que no ceder&aacute; f&aacute;cilmente. Adem&aacute;s, S&aacute;nchez podr&iacute;a encontrar resistencias a un pacto con Podemos en l&iacute;deres de su partido, como la presidenta andaluza Susana D&iacute;az.</SPAN></P>
<P CLASS="c10"><SPAN CLASS="c2">Si cierra un pacto con Iglesias, a Pedro S&aacute;nchez le resultar&aacute; mucho m&aacute;s f&aacute;cil que Rajoy ganarse el apoyo de Izquierda Unida, el PNV o Coalici&oacute;n Canaria -partidos estos &uacute;ltimos con los que ya tiene pactos a nivel local o auton&oacute;mico- o incluso los nacionalistas catalanes. Con todos o algunos de ellos podr&iacute;a S&aacute;nchez alcanzar un pacto, al menos para la investidura.</SPAN></P>
<P CLASS="c10"><SPAN CLASS="c2">Descartado el PP, la mayor&iacute;a m&aacute;s s&oacute;lida es la que formar&iacute;a un tripartito con PSOE, Podemos y </SPAN><SPAN CLASS="c4">Ciudadanos</SPAN><SPAN CLASS="c2">, pero Rivera ha proclamado que no apoyar&aacute; a ning&uacute;n Ejecutivo que tenga el respaldo de Iglesias -ni siquiera absteni&eacute;ndose-, por lo que S&aacute;nchez deber&aacute; elegir entre dos socios que son incompatibles entre s&iacute;; aunque s&oacute;lo Podemos tiene esca&ntilde;os suficientes para intentar, con la incorporaci&oacute;n de otras fuerzas, formar Gobierno.</SPAN></P>
<P CLASS="c10"><SPAN CLASS="c2">Hay otra opci&oacute;n, la m&aacute;s s&oacute;lida desde el punto de vista aritm&eacute;tico y la m&aacute;s pol&eacute;mica desde el pol&iacute;tico: la gran coalici&oacute;n entre populares y socialistas. Los segundos ya la han rechazado de plano. Y no es f&aacute;cil que se plantee a menos que el Parlamento salido de las urnas de ayer se demuestre ingobernable y que el Gobierno catal&aacute;n, que debe constituirse en enero o avocar a nuevas elecciones auton&oacute;micas, acent&uacute;e su desaf&iacute;o independentista.</SPAN></P>
<P CLASS="c10"><SPAN CLASS="c2">El presidente portugu&eacute;s, An&iacute;bal Cavaco Siva, encarg&oacute; a su correligionario Pedro Passos Coelho la formaci&oacute;n de Gobierno tras elecciones del pasado 4 de octubre. Cavaco se bas&oacute; en que la coalici&oacute;n conservadora hab&iacute;a sido la m&aacute;s votada, aunque solo obtuvo 107 de los 230 esca&ntilde;os. Un mes despu&eacute;s, el presidente luso tuvo que rendirse a la evidencia y proponer como primer ministro al socialista Antonio Costa, que construy&oacute; una mayor&iacute;a parlamentaria de izquierdas.</SPAN></P>
<P CLASS="c10"><SPAN CLASS="c2">La Constituci&oacute;n deja en manos del Rey la decisi&oacute;n de proponer a las Cortes el candidato a jefe del Gobierno, a trav&eacute;s del presidente del Congreso. Felipe VI no est&aacute; obligado a elegir al l&iacute;der del partido m&aacute;s votado, sino a quien tenga m&aacute;s posibilidades de obtener la investidura. Por eso, antes de tomar una decisi&oacute;n, debe consultar a los grupos parlamentarios. Con un Parlamento tan fragmentado, la elecci&oacute;n no es f&aacute;cil.</SPAN></P>
</DIV>
<BR><DIV CLASS="c5"><P CLASS="c6"><SPAN CLASS="c9">LANGUAGE: </SPAN><SPAN CLASS="c2">SPANISH; ESPA&Ntilde;OL</SPAN></P>
</DIV>
<BR><DIV CLASS="c5"><P CLASS="c6"><SPAN CLASS="c9">PUBLICATION-TYPE: </SPAN><SPAN CLASS="c2">Peri&oacute;dico</SPAN></P>
</DIV>
<BR><DIV CLASS="c5"><P CLASS="c6"><SPAN CLASS="c9">SUBJECT: </SPAN><SPAN CLASS="c2">Pol&iacute;tica (94%)</SPAN></P>
</DIV>
<BR><DIV CLASS="c5"><P CLASS="c6"><SPAN CLASS="c9">IPTC SUBJECT: </SPAN><SPAN CLASS="c2">Politica</SPAN></P>
</DIV>
<BR><DIV CLASS="c5"><P CLASS="c6"><SPAN CLASS="c9">LOAD-DATE: </SPAN><SPAN CLASS="c2">December 20, 2015</SPAN></P>
</DIV>
<BR><DIV CLASS="c0"><BR><P CLASS="c1"><SPAN CLASS="c2">Copyright 2015 El Pais Internacional S.A.<BR>All Rights Reserved</SPAN></P>
</DIV>
</BODY>
</HTML>