<HTML>
<HEAD>
<STYLE TYPE="text/css">
.c0 { text-align: center; }
.c1 { text-align: center; margin-top: 0em; margin-bottom: 0em; }
.c2 { font-family: 'Courier New',Courier; font-size: 10pt; font-style: normal; font-weight: normal; color: #000000; text-decoration: none; }
.c3 { text-align: center; margin-left: 13%; margin-right: 13%; }
.c4 { font-family: 'Courier New',Courier; font-size: 10pt; font-style: normal; font-weight: bold; color: #CC0033; text-decoration: none; }
.c5 { text-align: left; }
.c6 { text-align: left; margin-top: 0em; margin-bottom: 0em; }
.c7 { font-family: 'Courier New',Courier; font-size: 14pt; font-style: normal; font-weight: bold; color: #000000; text-decoration: none; }
.c8 { font-family: 'Courier New',Courier; font-size: 14pt; font-style: normal; font-weight: bold; color: #CC0033; text-decoration: none; }
.c9 { font-family: 'Courier New',Courier; font-size: 10pt; font-style: normal; font-weight: bold; color: #000000; text-decoration: none; }
.c10 { text-align: left; margin-top: 1em; margin-bottom: 0em; }
.c11 { page-break-before: always; }
</STYLE>
</HEAD>
<BODY>
<BR><DIV CLASS="c0"><P CLASS="c1"><SPAN CLASS="c2">477 of 935 DOCUMENTS</SPAN></P>
</DIV>
<BR><DIV CLASS="c0"><BR><P CLASS="c1"><IMG SRC="http://www.lexisnexis.com/lnacui2api/results/docview/attachRetrieve.do?smi=LOGOS&key=38401&componentseq=1&type=logo&inline=y" ALT="http://www.lexisnexis.com/lnacui2api/results/docview/attachRetrieve.do?smi=LOGOS&key=38401&componentseq=1&type=logo&inline=y"><BR><SPAN CLASS="c2">El Pais</SPAN></P>
</DIV>
<BR><DIV CLASS="c3"><P CLASS="c1"><SPAN CLASS="c4">December</SPAN><SPAN CLASS="c2"> 14, 2015 Monday</SPAN><SPAN CLASS="c2">&nbsp;</SPAN><SPAN CLASS="c2">&nbsp;<BR>Andaluc&iacute;a Edici&oacute;n</SPAN></P>
</DIV>
<BR><DIV CLASS="c5"><P CLASS="c6"><SPAN CLASS="c7">Los partidos miden fuerzas en sus m&iacute;tines centrales</SPAN></P>
</DIV>
<BR><DIV CLASS="c5"><P CLASS="c6"><SPAN CLASS="c9">BYLINE: </SPAN><SPAN CLASS="c2">EL PA&Iacute;S</SPAN></P>
</DIV>
<BR><DIV CLASS="c5"><P CLASS="c6"><SPAN CLASS="c9">SECTION: </SPAN><SPAN CLASS="c2">ESPA&ntilde;A; Base; P&aacute;g. 15</SPAN></P>
</DIV>
<BR><DIV CLASS="c5"><P CLASS="c6"><SPAN CLASS="c9">LENGTH: </SPAN><SPAN CLASS="c2">712 words</SPAN></P>
</DIV>
<BR><DIV CLASS="c5"><P CLASS="c6"><SPAN CLASS="c9">DATELINE: </SPAN><SPAN CLASS="c2">Madrid / Valencia </SPAN></P>
</DIV>
<BR><DIV CLASS="c5"><P CLASS="c10"><SPAN CLASS="c2">Las principales formaciones pol&iacute;ticas midieron ayer fuerzas en sus m&iacute;tines centrales, unos actos clave para tomar el pulso de los simpatizantes y exhibir fortaleza antes de la recta final de la campa&ntilde;a electoral. PP, </SPAN><SPAN CLASS="c4">Ciudadanos</SPAN><SPAN CLASS="c2"> y Podemos estuvieron en la Comunidad de Madrid, mientras que el PSOE e Izquierda Unida (IU) eligieron Valencia. Como es habitual, hubo duelo de cifras, pero en esta ocasi&oacute;n, por vez primera, fueron las dos formaciones emergentes las que concitaron mayor inter&eacute;s. Cada una reuni&oacute; en la capital a unas 10.000 personas.</SPAN></P>
<P CLASS="c10"><SPAN CLASS="c2">El PP escogi&oacute; Las Rozas para dar inicio a su traca final contra </SPAN><SPAN CLASS="c4">Albert Rivera</SPAN><SPAN CLASS="c2">, el l&iacute;der del partido que m&aacute;s votos puede morderle, y para atemorizar al indeciso, a solo siete d&iacute;as de las elecciones. El presidente del Gobierno, Mariano Rajoy, y la l&iacute;der de los populares en la capital, Esperanza Aguirre, se emplearon a fondo en ambas misiones. Cristina Cifuentes, que gobierna en Madrid con el apoyo del partido de Rivera, dedic&oacute; sus ataques a Podemos y al PSOE. Lo hicieron desde una plaza de toros con un aforo de 4.300 personas. Pero, pese a los autocares tra&iacute;dos de fuera, les cost&oacute; llenar y se quedaron muchos asientos sin ocupar. La propia Aguirre confes&oacute; que estaban &quot;muy agobiados&quot; por las calvas que se apreciaban en las gradas apenas cinco minutos antes del inicio del mitin.</SPAN><SPAN CLASS="c2">&nbsp;</SPAN></P>
<P CLASS="c10"><SPAN CLASS="c2">El candidato popular anunci&oacute; que entre el p&uacute;blico estaba Leopoldo L&oacute;pez Gil, padre del l&iacute;der pol&iacute;tico encarcelado en Venezuela al que el Gobierno acaba de conceder la nacionalidad espa&ntilde;ola. L&oacute;pez Gil sonri&oacute; desde la arena con una bufanda azul del PP.</SPAN></P>
<P CLASS="c10"><SPAN CLASS="c2">En la v&iacute;spera del cara a cara que mantendr&aacute; esta noche con Rajoy, el l&iacute;der del PSOE, Pedro S&aacute;nchez, realiz&oacute; en Valencia, comunidad que ha recuperado tras 20 a&ntilde;os de Gobiernos del PP -Ximo Puig fue investido presidente con el respaldo de Comprom&iacute;s y parte de Podemos-, la mayor demostraci&oacute;n de fuerza en lo que va de campa&ntilde;a. Pedro S&aacute;nchez llen&oacute; el pabell&oacute;n de la Fonteta de Sant Llu&iacute;s, con un aforo para m&aacute;s de 8.000 personas, donde reclam&oacute; su condici&oacute;n de &uacute;nico candidato presidenciable de la oposici&oacute;n. Para ello apel&oacute; al rol y al legado del PSOE como &quot;partido de Gobierno&quot;, frente a la falta de experiencia de los partidos emergentes.</SPAN></P>
<P CLASS="c10"><SPAN CLASS="c2">&quot;Agradezco el frente antiPSOE que han montado entre PP, </SPAN><SPAN CLASS="c4">Ciudadanos</SPAN><SPAN CLASS="c2"> y Podemos, porque demuestra que estas elecciones son cosa de dos&quot;, afirm&oacute; entre los gritos de &quot;&iexcl;Pedro, presidente! con que le jale&oacute; el p&uacute;blico al ritmo que marcaban unos tambores. Previamente, Bajoqueta Rock y la Uni&oacute;n Musical Socialista se encargaron de caldear el ambiente. La banda del partido toc&oacute; el himno del PSOE y varias canciones populares. La intervenci&oacute;n de S&aacute;nchez se sigui&oacute; en directo desde otros m&iacute;tines del PSOE celebrados por todo el pa&iacute;s. Ferraz calcul&oacute; en 35.000 los militantes a los que lleg&oacute; la intervenci&oacute;n del secretario general del PSOE en su acto m&aacute;s multitudinario.</SPAN></P>
<P CLASS="c10"><SPAN CLASS="c2">Las dos formaciones emergentes celebraron sus actos m&aacute;s concurridos en Madrid. Podemos congreg&oacute;, seg&uacute;n sus datos, a m&aacute;s de 10.000 personas en La Caja M&aacute;gica, donde solo se apreciaron unos pocos claros en medio de un ambiente festivo -animado hasta por villancicos- que tuvo a la alcaldesa de Barcelona, Ada Colau, como protagonista. Los asistentes consiguieron entrar tras guardar colas kilom&eacute;tricas.</SPAN></P>
<P CLASS="c10"><SPAN CLASS="c2">Elecci&oacute;n simb&oacute;lica</SPAN></P>
<P CLASS="c10"><SPAN CLASS="c4">Ciudadanos</SPAN><SPAN CLASS="c2"> tambi&eacute;n reuni&oacute;, seg&uacute;n la organizaci&oacute;n, a una cifra parecida de simpatizantes. Lo hizo abarrotando las gradas del Palacio Vistalegre de la capital, agotando el aforo de ese espacio, que estaba acotado para la ocasi&oacute;n.</SPAN></P>
<P CLASS="c10"><SPAN CLASS="c2">La elecci&oacute;n del lugar es significativa porque la formaci&oacute;n de Rivera quiso disputarle a Podemos la pertenencia simb&oacute;lica de ese espacio. Fue all&iacute;, en octubre de 2014, donde los de Iglesias celebraron su asamblea fundacional. Alrededor de 2.000 personas se trasladaron en 50 autobuses desde Andaluc&iacute;a, Arag&oacute;n o Catalu&ntilde;a. Los otros 8.000 espectadores hicieron cola desde las nueve, combatiendo el fr&iacute;o de Madrid con chocolate caliente y pastas.</SPAN></P>
<P CLASS="c10"><SPAN CLASS="c2">Alberto Garz&oacute;n, candidato de UP-IU, llam&oacute; contra el voto &uacute;til desde el pol&iacute;gono de El Cabanyal, en Valencia, ante m&aacute;s de 2.000 personas. Su acto m&aacute;s multitudinario fue el de Zaragoza, el viernes, con casi 3.000 asistentes. [PG] Con informaci&oacute;n de N. Junquera, J. Marcos, F. Manetto, J. J. Mateo y E. Garc&iacute;a de Blas.</SPAN></P>
</DIV>
<BR><DIV CLASS="c5"><P CLASS="c6"><SPAN CLASS="c9">LANGUAGE: </SPAN><SPAN CLASS="c2">SPANISH; ESPA&Ntilde;OL</SPAN></P>
</DIV>
<BR><DIV CLASS="c5"><P CLASS="c6"><SPAN CLASS="c9">PUBLICATION-TYPE: </SPAN><SPAN CLASS="c2">Peri&oacute;dico</SPAN></P>
</DIV>
<BR><DIV CLASS="c5"><P CLASS="c6"><SPAN CLASS="c9">SUBJECT: </SPAN><SPAN CLASS="c2">Pol&iacute;tica (93%)</SPAN></P>
</DIV>
<BR><DIV CLASS="c5"><P CLASS="c6"><SPAN CLASS="c9">IPTC SUBJECT: </SPAN><SPAN CLASS="c2">Politica</SPAN></P>
</DIV>
<BR><DIV CLASS="c5"><P CLASS="c6"><SPAN CLASS="c9">LOAD-DATE: </SPAN><SPAN CLASS="c2">December 13, 2015</SPAN></P>
</DIV>
<BR><DIV CLASS="c0"><BR><P CLASS="c1"><SPAN CLASS="c2">Copyright 2015 El Pais Internacional S.A.<BR>All Rights Reserved</SPAN></P>
</DIV>
</BODY>
</HTML>