<HTML>
<HEAD>
<STYLE TYPE="text/css">
.c0 { text-align: center; }
.c1 { text-align: center; margin-top: 0em; margin-bottom: 0em; }
.c2 { font-family: 'Courier New',Courier; font-size: 10pt; font-style: normal; font-weight: normal; color: #000000; text-decoration: none; }
.c3 { text-align: center; margin-left: 13%; margin-right: 13%; }
.c4 { font-family: 'Courier New',Courier; font-size: 10pt; font-style: normal; font-weight: bold; color: #CC0033; text-decoration: none; }
.c5 { text-align: left; }
.c6 { text-align: left; margin-top: 0em; margin-bottom: 0em; }
.c7 { font-family: 'Courier New',Courier; font-size: 14pt; font-style: normal; font-weight: bold; color: #000000; text-decoration: none; }
.c8 { font-family: 'Courier New',Courier; font-size: 14pt; font-style: normal; font-weight: bold; color: #CC0033; text-decoration: none; }
.c9 { font-family: 'Courier New',Courier; font-size: 10pt; font-style: normal; font-weight: bold; color: #000000; text-decoration: none; }
.c10 { text-align: left; margin-top: 1em; margin-bottom: 0em; }
.c11 { page-break-before: always; }
</STYLE>
</HEAD>
<BODY>
<BR><DIV CLASS="c0"><P CLASS="c1"><SPAN CLASS="c2">466 of 935 DOCUMENTS</SPAN></P>
</DIV>
<BR><DIV CLASS="c0"><BR><P CLASS="c1"><IMG SRC="http://www.lexisnexis.com/lnacui2api/results/docview/attachRetrieve.do?smi=LOGOS&key=38401&componentseq=1&type=logo&inline=y" ALT="http://www.lexisnexis.com/lnacui2api/results/docview/attachRetrieve.do?smi=LOGOS&key=38401&componentseq=1&type=logo&inline=y"><BR><SPAN CLASS="c2">El Pais</SPAN></P>
</DIV>
<BR><DIV CLASS="c3"><P CLASS="c1"><SPAN CLASS="c4">December</SPAN><SPAN CLASS="c2"> 10, 2015 Thursday</SPAN><SPAN CLASS="c2">&nbsp;</SPAN><SPAN CLASS="c2">&nbsp;<BR>Nacional Edici&oacute;n</SPAN></P>
</DIV>
<BR><DIV CLASS="c5"><P CLASS="c6"><SPAN CLASS="c8">Ciudadanos</SPAN><SPAN CLASS="c7"> cuestiona que los profesores tengan que ser funcionarios</SPAN></P>
</DIV>
<BR><DIV CLASS="c5"><P CLASS="c6"><SPAN CLASS="c9">BYLINE: </SPAN><SPAN CLASS="c2">PILAR &Aacute;LVAREZ</SPAN></P>
</DIV>
<BR><DIV CLASS="c5"><P CLASS="c6"><SPAN CLASS="c9">SECTION: </SPAN><SPAN CLASS="c2">ESPA&ntilde;A; Base; P&aacute;g. 16</SPAN></P>
</DIV>
<BR><DIV CLASS="c5"><P CLASS="c6"><SPAN CLASS="c9">LENGTH: </SPAN><SPAN CLASS="c2">389 words</SPAN></P>
</DIV>
<BR><DIV CLASS="c5"><P CLASS="c6"><SPAN CLASS="c9">DATELINE: </SPAN><SPAN CLASS="c2">Madrid </SPAN></P>
</DIV>
<BR><DIV CLASS="c5"><P CLASS="c10"><SPAN CLASS="c2">El programa electoral de </SPAN><SPAN CLASS="c4">Ciudadanos</SPAN><SPAN CLASS="c2"> dedica a la educaci&oacute;n 33 de sus 368 p&aacute;ginas. Y, en ellas, hace una referencia concreta a los profesores y maestros con plaza de funcionario. &quot;El sistema es excesivamente garantista con determinados docentes a los que resulta imposible cesar. Se puede cuestionar la funcionarizaci&oacute;n, pero sobre todo se debe poder revocar al docente en su puesto si es extremadamente ineficaz o en el ejercicio de su profesi&oacute;n crea alarma social&quot;, recoge el documento.</SPAN><SPAN CLASS="c2">&nbsp;</SPAN></P>
<P CLASS="c10"><SPAN CLASS="c2">En Espa&ntilde;a hay 477.125 maestros y profesores en centros p&uacute;blicos y 100.018 m&aacute;s en las universidades de titularidad p&uacute;blica, seg&uacute;n los datos oficiales del Ministerio de Educaci&oacute;n. Ning&uacute;n programa electoral hace una referencia similar a la condici&oacute;n de estos trabajadores p&uacute;blicos. Fuentes del PP a&ntilde;aden que su partido &quot;nunca&quot; ha puesto en duda la figura del funcionario docente &quot;ni en documentos internos ni en programas electorales&quot; de a&ntilde;os anteriores.</SPAN></P>
<P CLASS="c10"><SPAN CLASS="c2">Docentes con ingl&eacute;s</SPAN></P>
<P CLASS="c10"><SPAN CLASS="c2">El futuro de la formaci&oacute;n, la evaluaci&oacute;n y la carrera de los docentes es una de las cuestiones que centran el debate electoral previo al 20-D. El PSOE ha presentado un documento al respecto y el PP promete usar como &quot;borrador&quot; el Libro Blanco que el Gobierno encarg&oacute; al fil&oacute;sofo Jos&eacute; Antonio Marina, hecho p&uacute;blico esta semana. El partido de </SPAN><SPAN CLASS="c4">Albert Rivera,</SPAN><SPAN CLASS="c2"> por su parte, defiende la necesidad de &quot;un nuevo enfoque&quot; en la forma de proveer los puestos de trabajo en los centros escolares e incluye entre sus ideas el MIR educativo (formar a los profesores de manera similar a la preparaci&oacute;n de los m&eacute;dicos).</SPAN></P>
<P CLASS="c10"><SPAN CLASS="c2">Como ya hace la propuesta de Marina, el programa de </SPAN><SPAN CLASS="c4">Ciudadanos</SPAN><SPAN CLASS="c2"> propone vincular el sueldo de los docentes con la evoluci&oacute;n de su formaci&oacute;n y tambi&eacute;n con su &quot;implicaci&oacute;n&quot; y &quot;labor en el centro educativo&quot; y reclama que los directores de los centros tengan capacidad de decisi&oacute;n en la selecci&oacute;n de su profesorado.</SPAN></P>
<P CLASS="c10"><SPAN CLASS="c2">El partido emergente considera adem&aacute;s que &quot;tendr&iacute;a que ser un requisito indispensable&quot; que los profesores de los centros escolares hablen y escriban &quot;de manera fluida&quot; ingl&eacute;s. La habilitaci&oacute;n &quot;progresiva&quot; en este idioma &quot;deber&iacute;a ser obligatoria para todo el que quiera ejercer la funci&oacute;n docente&quot;. Y ahonda, como el PSOE y Marina, en la formaci&oacute;n inicial de los docentes en la que piden incorporar m&aacute;s pr&aacute;cticas en el aula. &quot;A dar clase se aprende en clase&quot;, se&ntilde;alan.</SPAN></P>
</DIV>
<BR><DIV CLASS="c5"><P CLASS="c6"><SPAN CLASS="c9">LANGUAGE: </SPAN><SPAN CLASS="c2">SPANISH; ESPA&Ntilde;OL</SPAN></P>
</DIV>
<BR><DIV CLASS="c5"><P CLASS="c6"><SPAN CLASS="c9">PUBLICATION-TYPE: </SPAN><SPAN CLASS="c2">Peri&oacute;dico</SPAN></P>
</DIV>
<BR><DIV CLASS="c5"><P CLASS="c6"><SPAN CLASS="c9">SUBJECT: </SPAN><SPAN CLASS="c2">Pol&iacute;tica (93%); Ense&ntilde;anza y Profesores (70%)</SPAN></P>
</DIV>
<BR><DIV CLASS="c5"><P CLASS="c6"><SPAN CLASS="c9">IPTC SUBJECT: </SPAN><SPAN CLASS="c2">Politica</SPAN></P>
</DIV>
<BR><DIV CLASS="c5"><P CLASS="c6"><SPAN CLASS="c9">LOAD-DATE: </SPAN><SPAN CLASS="c2">December 9, 2015</SPAN></P>
</DIV>
<BR><DIV CLASS="c0"><BR><P CLASS="c1"><SPAN CLASS="c2">Copyright 2015 El Pais Internacional S.A.<BR>All Rights Reserved</SPAN></P>
</DIV>
</BODY>
</HTML>