<HTML>
<HEAD>
<STYLE TYPE="text/css">
.c0 { text-align: center; }
.c1 { text-align: center; margin-top: 0em; margin-bottom: 0em; }
.c2 { font-family: 'Courier New',Courier; font-size: 10pt; font-style: normal; font-weight: normal; color: #000000; text-decoration: none; }
.c3 { text-align: center; margin-left: 13%; margin-right: 13%; }
.c4 { font-family: 'Courier New',Courier; font-size: 10pt; font-style: normal; font-weight: bold; color: #CC0033; text-decoration: none; }
.c5 { text-align: left; }
.c6 { text-align: left; margin-top: 0em; margin-bottom: 0em; }
.c7 { font-family: 'Courier New',Courier; font-size: 14pt; font-style: normal; font-weight: bold; color: #000000; text-decoration: none; }
.c8 { font-family: 'Courier New',Courier; font-size: 14pt; font-style: normal; font-weight: bold; color: #CC0033; text-decoration: none; }
.c9 { font-family: 'Courier New',Courier; font-size: 10pt; font-style: normal; font-weight: bold; color: #000000; text-decoration: none; }
.c10 { text-align: left; margin-top: 1em; margin-bottom: 0em; }
.c11 { page-break-before: always; }
</STYLE>
</HEAD>
<BODY>
<BR><DIV CLASS="c0"><P CLASS="c1"><SPAN CLASS="c2">282 of 935 DOCUMENTS</SPAN></P>
</DIV>
<BR><DIV CLASS="c0"><BR><P CLASS="c1"><IMG SRC="http://www.lexisnexis.com/lnacui2api/results/docview/attachRetrieve.do?smi=LOGOS&key=38401&componentseq=1&type=logo&inline=y" ALT="http://www.lexisnexis.com/lnacui2api/results/docview/attachRetrieve.do?smi=LOGOS&key=38401&componentseq=1&type=logo&inline=y"><BR><SPAN CLASS="c2">El Pais</SPAN></P>
</DIV>
<BR><DIV CLASS="c3"><P CLASS="c1"><SPAN CLASS="c4">December</SPAN><SPAN CLASS="c2"> 7, 2015 Monday</SPAN><SPAN CLASS="c2">&nbsp;</SPAN><SPAN CLASS="c2">&nbsp;<BR>2&ordf; Ed. Barna Edici&oacute;n</SPAN></P>
</DIV>
<BR><DIV CLASS="c5"><P CLASS="c6"><SPAN CLASS="c7">Los candidatos anticipan el debate constitucional del pr&oacute;ximo Congreso</SPAN></P>
</DIV>
<BR><DIV CLASS="c5"><P CLASS="c6"><SPAN CLASS="c9">BYLINE: </SPAN><SPAN CLASS="c2">FERNANDO GAREA</SPAN></P>
</DIV>
<BR><DIV CLASS="c5"><P CLASS="c6"><SPAN CLASS="c9">SECTION: </SPAN><SPAN CLASS="c2">ESPA&ntilde;A; Base; P&aacute;g. 18</SPAN></P>
</DIV>
<BR><DIV CLASS="c5"><P CLASS="c6"><SPAN CLASS="c9">LENGTH: </SPAN><SPAN CLASS="c2">881 words</SPAN></P>
</DIV>
<BR><DIV CLASS="c5"><P CLASS="c6"><SPAN CLASS="c9">DATELINE: </SPAN><SPAN CLASS="c2">Madrid </SPAN></P>
</DIV>
<BR><DIV CLASS="c5"><P CLASS="c10"><SPAN CLASS="c2">El cambio pol&iacute;tico en Espa&ntilde;a, al margen del resultado concreto del 20-D, se escenific&oacute; ayer en el Congreso con la presencia, por primera vez en un acto oficial de la C&aacute;mara, de </SPAN><SPAN CLASS="c4">Albert Rivera (Ciudadanos</SPAN><SPAN CLASS="c2">) y Pablo Iglesias (Podemos). La C&aacute;mara celebr&oacute; el 37 aniversario de la Constituci&oacute;n y los candidatos presentes anticiparon el debate sobre la reforma de la ley fundamental que llegar&aacute; a las Cortes desde enero. Mariano Rajoy es el &uacute;nico reacio a un cambio en profundidad que defienden y promover&aacute;n los dos nuevos partidos y el PSOE.</SPAN></P>
<P CLASS="c10"><SPAN CLASS="c2">Los candidatos a la Presidencia del Gobierno anticiparon ayer en el acto del 37 aniversario de la Constituci&oacute;n celebrado en el Congreso, el que previsiblemente ser&aacute; el gran debate de la legislatura: la reforma de la ley fundamental. En a&ntilde;os anteriores, ese debate no hab&iacute;a pasado de la ret&oacute;rica de partidos minoritarios.</SPAN><SPAN CLASS="c2">&nbsp;</SPAN></P>
<P CLASS="c10"><SPAN CLASS="c2">Ahora todos est&aacute;n a favor de acometer la reforma, salvo Mariano Rajoy, y est&aacute;n dispuestos a abordarla en cuanto se abran las nuevas Cortes a mediados del mes de enero. El proceso es largo y complicado porque las propuestas incluyen modificaciones esenciales que requerir&aacute;n la convocatoria de un refer&eacute;ndum al final de la legislatura. Pero nunca ha estado tan cerca el proceso de reforma porque nunca tantos partidos la han defendido en sus programas, ni nunca ha habido tanta mayor&iacute;a a favor como la que previsiblemente habr&aacute; tras el 20-D.</SPAN></P>
<P CLASS="c10"><SPAN CLASS="c2">Nueva pol&iacute;tica</SPAN></P>
<P CLASS="c10"><SPAN CLASS="c2">Mariano Rajoy, Pedro S&aacute;nchez (PSOE), </SPAN><SPAN CLASS="c4">Albert Rivera (Ciudadanos</SPAN><SPAN CLASS="c2">) y Pablo Iglesias (Podemos) defendieron ayer sus posturas en el Congreso, en la primera recepci&oacute;n de este tipo que se celebra en periodo electoral. Rivera e Iglesias pisaron por primera vez la C&aacute;mara en un acto oficial, anticipando la llegada de los dos nuevos partidos al hemiciclo. Su presencia hizo patente el cambio pol&iacute;tico, al margen de cu&aacute;l sea el resultado del 20-D, en formas y en asuntos planteados en la agenda para la pr&oacute;xima legislatura.</SPAN></P>
<P CLASS="c10"><SPAN CLASS="c2">Por contra, Rajoy intent&oacute; enfriar las expectativas de reforma constitucional que todos los dem&aacute;s partidos exigen. El candidato del PP explic&oacute; que esa reforma &quot;no es una prioridad en este momento&quot;. En un corrillo con periodistas el presidente asegur&oacute; que no es posible abordar ning&uacute;n cambio constitucional sin mantener el apoyo de 80% del Congreso. &quot;Sin ese consenso tendr&iacute;amos un peque&ntilde;o l&iacute;o&quot;, explic&oacute;.</SPAN></P>
<P CLASS="c10"><SPAN CLASS="c2">Asegur&oacute; que &quot;la Constituci&oacute;n ha sido modificada en dos ocasiones, goza de una salud muy buena, por fortuna, y bajo el ordenamiento de la Constituci&oacute;n hemos vivido durante muchos a&ntilde;os y espero que sigamos haci&eacute;ndolo durante muchos a&ntilde;os&quot;.</SPAN></P>
<P CLASS="c10"><SPAN CLASS="c2">En el caso de que se plantee la reforma, explic&oacute;: &quot;En absoluto estoy dispuesto a cerrarme y escuchar a todos los dem&aacute;s&quot;. Lo dijo de forma ret&oacute;rica, porque si se cumplen los resultados que apuntan todas las encuestas el PP ya no tendr&aacute; capacidad para vetar el inicio del procedimiento de cambio constitucional.</SPAN></P>
<P CLASS="c10"><SPAN CLASS="c2">&quot;Todo el mundo dice que hay que reformarla, pero no se sabe qu&eacute; quieren reformar, yo no me cierro pero si alguien tiene un planteamiento estoy dispuesto a escucharlo&quot;, dijo.</SPAN></P>
<P CLASS="c10"><SPAN CLASS="c2">La inminencia de un proceso de reforma constitucional tambi&eacute;n estuvo presente en el discurso institucional del presidente del Congreso, Jes&uacute;s Posada, quien en su &uacute;ltimo acto oficial en el cargo pidi&oacute; consenso y di&aacute;logo para abordar las reformas en la siguiente legislatura. &quot;Un di&aacute;logo que, por supuesto, ha de ser siempre respetuoso con el imperio de la ley y conforme a la Constituci&oacute;n, que s&oacute;lo puede ser reformada por los procedimientos que ella misma establece&quot;, advirti&oacute;.</SPAN></P>
<P CLASS="c10"><SPAN CLASS="c2">Pedro S&aacute;nchez, cabeza de lista del PSOE, defendi&oacute; la modificaci&oacute;n constitucional profunda que lleva en su programa, que supone &quot;actualizar la Constituci&oacute;n, ponerla al d&iacute;a y a la hora de la Espa&ntilde;a del siglo XXI&quot; para &quot;garantizar una Espa&ntilde;a unida, territorialmente, en derechos, en libertades y en oportunidades&quot;.</SPAN></P>
<P CLASS="c10"><SPAN CLASS="c2">Rivera e Iglesias, desde posiciones distintas, coincideron en poner sobre la mesa la prioridad de esos cambios. Al igual que el PSOE, tienen voluntad de promover la creaci&oacute;n de una ponencia en el Congreso.</SPAN></P>
<P CLASS="c10"><SPAN CLASS="c2">As&iacute;, el l&iacute;der de </SPAN><SPAN CLASS="c4">Ciudadanos</SPAN><SPAN CLASS="c2"> defendi&oacute; su propuesta de reforma constitucional, que busca la regeneraci&oacute;n democr&aacute;tica y el encaje de Catalu&ntilde;a en Espa&ntilde;a con un inusual &quot;Viva la Constituci&oacute;n, visca la Constituci&oacute;&quot;.</SPAN></P>
<P CLASS="c10"><SPAN CLASS="c2">&quot;Gracias, 1978. Hola, 2016&quot; es el slogan que utiliz&oacute; el l&iacute;der de Podemos. &quot;Los cambios que ya son una realidad en la sociedad se tienen que plasmar en una nueva Constituci&oacute;n&quot;, explic&oacute;. Su propuesta incluye tambi&eacute;n medidas de regeneraci&oacute;n, de cambio institucional y de reforma del modelo territorial, para incluir el derecho a decidir. Alberto Garz&oacute;n, candidato de Izquierda Unida, fue al Congreso, explic&oacute; ante los medios su propuesta de nueva Constituci&oacute;n para 2018 y no particip&oacute; en el acto oficial como hace esta formaci&oacute;n desde hace a&ntilde;os. Andr&eacute;s Herzog, cabeza de lista de UPyD, tambi&eacute;n en su primera visita a la C&aacute;mara, defendi&oacute; igualmente la reforma constitucional.</SPAN></P>
<P CLASS="c10"><SPAN CLASS="c2">No acudieron como es habitual los partidos nacionalistas.</SPAN></P>
<P CLASS="c10"><SPAN CLASS="c2">Asistieron siete presidentes auton&oacute;micos: Los socialistas Susana D&iacute;az (Andaluc&iacute;a), Emiliano Garc&iacute;a-Page (Castilla-La Mancha) y Guillermo Fern&aacute;ndez Vara (Extremadura); los populares Alberto N&uacute;&ntilde;ez Feij&oacute;o (Galicia), Cristina Cifuentes (Madrid) y Pedro Antonio S&aacute;nchez (Murcia) y el nacionalista canario Fernando Clavijo.</SPAN></P>
</DIV>
<BR><DIV CLASS="c5"><P CLASS="c6"><SPAN CLASS="c9">LANGUAGE: </SPAN><SPAN CLASS="c2">SPANISH; ESPA&Ntilde;OL</SPAN></P>
</DIV>
<BR><DIV CLASS="c5"><P CLASS="c6"><SPAN CLASS="c9">PUBLICATION-TYPE: </SPAN><SPAN CLASS="c2">Peri&oacute;dico</SPAN></P>
</DIV>
<BR><DIV CLASS="c5"><P CLASS="c6"><SPAN CLASS="c9">SUBJECT: </SPAN><SPAN CLASS="c2">Pol&iacute;tica (93%)</SPAN></P>
</DIV>
<BR><DIV CLASS="c5"><P CLASS="c6"><SPAN CLASS="c9">IPTC SUBJECT: </SPAN><SPAN CLASS="c2">Politica</SPAN></P>
</DIV>
<BR><DIV CLASS="c5"><P CLASS="c6"><SPAN CLASS="c9">LOAD-DATE: </SPAN><SPAN CLASS="c2">December 6, 2015</SPAN></P>
</DIV>
<BR><DIV CLASS="c0"><BR><P CLASS="c1"><SPAN CLASS="c2">Copyright 2015 El Pais Internacional S.A.<BR>All Rights Reserved</SPAN></P>
</DIV>
</BODY>
</HTML>