<HTML>
<HEAD>
<STYLE TYPE="text/css">
.c0 { text-align: center; }
.c1 { text-align: center; margin-top: 0em; margin-bottom: 0em; }
.c2 { font-family: 'Courier New',Courier; font-size: 10pt; font-style: normal; font-weight: normal; color: #000000; text-decoration: none; }
.c3 { text-align: center; margin-left: 13%; margin-right: 13%; }
.c4 { font-family: 'Courier New',Courier; font-size: 10pt; font-style: normal; font-weight: bold; color: #CC0033; text-decoration: none; }
.c5 { text-align: left; }
.c6 { text-align: left; margin-top: 0em; margin-bottom: 0em; }
.c7 { font-family: 'Courier New',Courier; font-size: 14pt; font-style: normal; font-weight: bold; color: #000000; text-decoration: none; }
.c8 { font-family: 'Courier New',Courier; font-size: 14pt; font-style: normal; font-weight: bold; color: #CC0033; text-decoration: none; }
.c9 { font-family: 'Courier New',Courier; font-size: 10pt; font-style: normal; font-weight: bold; color: #000000; text-decoration: none; }
.c10 { text-align: left; margin-top: 1em; margin-bottom: 0em; }
.c11 { page-break-before: always; }
</STYLE>
</HEAD>
<BODY>
<BR><DIV CLASS="c0"><P CLASS="c1"><SPAN CLASS="c2">399 of 935 DOCUMENTS</SPAN></P>
</DIV>
<BR><DIV CLASS="c0"><BR><P CLASS="c1"><IMG SRC="http://www.lexisnexis.com/lnacui2api/results/docview/attachRetrieve.do?smi=LOGOS&key=38401&componentseq=1&type=logo&inline=y" ALT="http://www.lexisnexis.com/lnacui2api/results/docview/attachRetrieve.do?smi=LOGOS&key=38401&componentseq=1&type=logo&inline=y"><BR><SPAN CLASS="c2">El Pais</SPAN></P>
</DIV>
<BR><DIV CLASS="c3"><P CLASS="c1"><SPAN CLASS="c4">December</SPAN><SPAN CLASS="c2"> 11, 2015 Friday</SPAN><SPAN CLASS="c2">&nbsp;</SPAN><SPAN CLASS="c2">&nbsp;<BR>Andaluc&iacute;a Edici&oacute;n</SPAN></P>
</DIV>
<BR><DIV CLASS="c5"><P CLASS="c6"><SPAN CLASS="c7">Rivera se queda solo con su idea sobre violencia de g&eacute;nero</SPAN></P>
</DIV>
<BR><DIV CLASS="c5"><P CLASS="c6"><SPAN CLASS="c9">BYLINE: </SPAN><SPAN CLASS="c2">EMILIO DE BENITO</SPAN></P>
</DIV>
<BR><DIV CLASS="c5"><P CLASS="c6"><SPAN CLASS="c9">SECTION: </SPAN><SPAN CLASS="c2">ESPA&ntilde;A; Base; P&aacute;g. 20</SPAN></P>
</DIV>
<BR><DIV CLASS="c5"><P CLASS="c6"><SPAN CLASS="c9">LENGTH: </SPAN><SPAN CLASS="c2">686 words</SPAN></P>
</DIV>
<BR><DIV CLASS="c5"><P CLASS="c6"><SPAN CLASS="c9">DATELINE: </SPAN><SPAN CLASS="c2">Madrid </SPAN></P>
</DIV>
<BR><DIV CLASS="c5"><P CLASS="c10"><SPAN CLASS="c2">El presidente de </SPAN><SPAN CLASS="c4">Ciudadanos</SPAN><SPAN CLASS="c2">, </SPAN><SPAN CLASS="c4">Albert</SPAN><SPAN CLASS="c2">&nbsp;</SPAN><SPAN CLASS="c4">Rivera</SPAN><SPAN CLASS="c2">, se ha quedado solo en su postura sobre la violencia de g&eacute;nero. Juristas, expertos, pol&iacute;ticos y asociaciones de mujeres criticaron ayer su idea de que estos cr&iacute;menes dejen de tener el tratamiento espec&iacute;fico que le concedi&oacute; la ley en 2004. Rivera intent&oacute; ayer salir del enredo explicando que no quer&iacute;a eliminar la agravante por violencia de g&eacute;nero, sino extenderla a otros cr&iacute;menes dom&eacute;sticos. No lo consigui&oacute;.</SPAN></P>
<P CLASS="c10"><SPAN CLASS="c2">La idea de </SPAN><SPAN CLASS="c4">Albert</SPAN><SPAN CLASS="c2">&nbsp;</SPAN><SPAN CLASS="c4">Rivera</SPAN><SPAN CLASS="c2"> de equiparar el tratamiento penal de la violencia machista con la de otras agresiones familiares no fue bien acogida ayer por casi nadie. El candidato de </SPAN><SPAN CLASS="c4">Ciudadanos</SPAN><SPAN CLASS="c2"> aclar&oacute; ayer que no se refer&iacute;a a eliminar la agravante actual, sino a que esta se aplicara tambi&eacute;n si la agresora era una mujer, informa Juan Jos&eacute; Mateo. Y, tambi&eacute;n, a otros delitos en el &aacute;mbito familiar.</SPAN><SPAN CLASS="c2">&nbsp;</SPAN></P>
<P CLASS="c10"><SPAN CLASS="c2">Pero este abordaje tampoco ha convencido. Este enfoque supone eliminar la consideraci&oacute;n de que los cr&iacute;menes machistas tienen caracter&iacute;sticas especiales, y equipararlos a otros -de hijos a padres, entre hermanos o de mujeres a hombres- que, aun cometi&eacute;ndose tambi&eacute;n dentro de la familia o del domicilio no arrastran los condicionantes sociales y culturales que subyacen a la violencia de g&eacute;nero. Esa consideraci&oacute;n de un delito especial que requiere un abordaje especifico es la clave de la ley de violencia de g&eacute;nero de 2004. De hecho, despu&eacute;s de la ley espa&ntilde;ola, distintos convenios internacionales lo incluyeron.</SPAN></P>
<P CLASS="c10"><SPAN CLASS="c2">La jurista Inmaculada Montalb&aacute;n, experta en este tipo de delitos, resalta lo inapropiado de esta equiparaci&oacute;n. &quot;Lo fundamental en estos casos es mantener la opci&oacute;n legislativa de tratarlos como el fen&oacute;meno criminal espec&iacute;fico que son&quot;, afirma. &quot;Esta consideraci&oacute;n ha permitido 10 a&ntilde;os de mejora en la respuesta jur&iacute;dica&quot;, dice, en referencia al cambio que supuso la ley contra la violencia de g&eacute;nero, aprobada en 2004 por unanimidad en las Cortes. Se trata &quot;del crimen m&aacute;s extendido&quot;, apunta Montalb&aacute;n, &quot;y tiene caracter&iacute;sticas espec&iacute;ficas que justifican una respuesta penal en funci&oacute;n de su riesgo espec&iacute;fico&quot;.</SPAN></P>
<P CLASS="c10"><SPAN CLASS="c2">Miguel Lorente, ex delegado del Gobierno para la Violencia de G&eacute;nero y actualmente jefe de la Unidad de Igualdad de la Universidad de Granada, es m&aacute;s tajante. &quot;Es una tonter&iacute;a&quot;, dice como primera reacci&oacute;n a las explicaciones de Rivera. &quot;Simplemente, no se puede tratar igual lo que es distinto&quot;. &quot;La violencia de g&eacute;nero est&aacute; construida culturalmente y aprobada socialmente. Juega con la normalidad con que se ha considerado mucho tiempo, con su invisibilidad y que a las v&iacute;ctimas les cuesta denunciar&quot;, explica. &quot;La cultura nos manda el mensaje de que es algo que puede ocurrir, que es muy frecuente. Por eso en Espa&ntilde;a hay unas 700.000 v&iacute;ctimas y no las 120.000 que denuncian cada a&ntilde;o&quot;. La idea de equiparar agresiones de hombres a sus parejas con otras le parece a Lorente &quot;absurdo&quot;. &quot;Es como querer atajar los accidentes de tr&aacute;fico incluyendo en la campa&ntilde;a a los laborales&quot;.</SPAN></P>
<P CLASS="c10"><SPAN CLASS="c2">El PP se uni&oacute; ayer a las cr&iacute;ticas a la propuesta de Rivera, despu&eacute;s de que el mi&eacute;rcoles ya reaccionaran PSOE, Podemos e IU. Su propuesta &quot;es desacertada en el mensaje y en lo que supone en detrimento de una estrategia de refuerzo de todos los mecanismos contra la violencia de g&eacute;nero&quot;, dijo la vicepresidenta del Gobierno, Soraya S&aacute;enz de Santamar&iacute;a.</SPAN></P>
<P CLASS="c10"><SPAN CLASS="c2">&quot;Desconocimiento&quot;</SPAN></P>
<P CLASS="c10"><SPAN CLASS="c2">El ministro de Justicia, Rafael Catal&aacute;, afirm&oacute;: &quot;Creo que son propuestas desde el desconocimiento, desde la frivolidad de algunos casos. Parad&oacute;jicamente, algunos hablan de la nueva pol&iacute;tica y la nueva pol&iacute;tica significa no conocer los problemas de los espa&ntilde;oles. Pues si es as&iacute;, estamos apa&ntilde;ados&quot;. Tambi&eacute;n el ministro de Sanidad, Servicios Sociales e Igualdad, Alfonso Alonso, atribuy&oacute; la postura de Rivera a su ignorancia del asunto.</SPAN></P>
<P CLASS="c10"><SPAN CLASS="c2">La presidenta de la Federaci&oacute;n de Asociaciones de Mujeres Separadas y Divorciadas, Ana Mar&iacute;a P&eacute;rez del Campo, critic&oacute; la equiparaci&oacute;n porque &quot;no aparecen los cad&aacute;veres&quot; de los hombres v&iacute;ctimas de sus parejas. Yolanda Besteiro, presidenta de la Federaci&oacute;n de Mujeres Progresistas, afirm&oacute; que estas declaraciones demuestran &quot;complicidad con los comportamientos machistas&quot;.</SPAN></P>
</DIV>
<BR><DIV CLASS="c5"><P CLASS="c6"><SPAN CLASS="c9">LANGUAGE: </SPAN><SPAN CLASS="c2">SPANISH; ESPA&Ntilde;OL</SPAN></P>
</DIV>
<BR><DIV CLASS="c5"><P CLASS="c6"><SPAN CLASS="c9">PUBLICATION-TYPE: </SPAN><SPAN CLASS="c2">Peri&oacute;dico</SPAN></P>
</DIV>
<BR><DIV CLASS="c5"><P CLASS="c6"><SPAN CLASS="c9">SUBJECT: </SPAN><SPAN CLASS="c2">Pol&iacute;tica (93%)</SPAN></P>
</DIV>
<BR><DIV CLASS="c5"><P CLASS="c6"><SPAN CLASS="c9">IPTC SUBJECT: </SPAN><SPAN CLASS="c2">Politica</SPAN></P>
</DIV>
<BR><DIV CLASS="c5"><P CLASS="c6"><SPAN CLASS="c9">LOAD-DATE: </SPAN><SPAN CLASS="c2">December 10, 2015</SPAN></P>
</DIV>
<BR><DIV CLASS="c0"><BR><P CLASS="c1"><SPAN CLASS="c2">Copyright 2015 El Pais Internacional S.A.<BR>All Rights Reserved</SPAN></P>
</DIV>
</BODY>
</HTML>