<HTML>
<HEAD>
<STYLE TYPE="text/css">
.c0 { text-align: center; }
.c1 { text-align: center; margin-top: 0em; margin-bottom: 0em; }
.c2 { font-family: 'Courier New',Courier; font-size: 10pt; font-style: normal; font-weight: normal; color: #000000; text-decoration: none; }
.c3 { text-align: center; margin-left: 13%; margin-right: 13%; }
.c4 { font-family: 'Courier New',Courier; font-size: 10pt; font-style: normal; font-weight: bold; color: #CC0033; text-decoration: none; }
.c5 { text-align: left; }
.c6 { text-align: left; margin-top: 0em; margin-bottom: 0em; }
.c7 { font-family: 'Courier New',Courier; font-size: 14pt; font-style: normal; font-weight: bold; color: #000000; text-decoration: none; }
.c8 { font-family: 'Courier New',Courier; font-size: 14pt; font-style: normal; font-weight: bold; color: #CC0033; text-decoration: none; }
.c9 { font-family: 'Courier New',Courier; font-size: 10pt; font-style: normal; font-weight: bold; color: #000000; text-decoration: none; }
.c10 { text-align: left; margin-top: 1em; margin-bottom: 0em; }
.c11 { page-break-before: always; }
</STYLE>
</HEAD>
<BODY>
<BR><DIV CLASS="c0"><P CLASS="c1"><SPAN CLASS="c2">328 of 935 DOCUMENTS</SPAN></P>
</DIV>
<BR><DIV CLASS="c0"><BR><P CLASS="c1"><IMG SRC="http://www.lexisnexis.com/lnacui2api/results/docview/attachRetrieve.do?smi=LOGOS&key=38401&componentseq=1&type=logo&inline=y" ALT="http://www.lexisnexis.com/lnacui2api/results/docview/attachRetrieve.do?smi=LOGOS&key=38401&componentseq=1&type=logo&inline=y"><BR><SPAN CLASS="c2">El Pais</SPAN></P>
</DIV>
<BR><DIV CLASS="c3"><P CLASS="c1"><SPAN CLASS="c4">December</SPAN><SPAN CLASS="c2"> 11, 2015 Friday</SPAN><SPAN CLASS="c2">&nbsp;</SPAN><SPAN CLASS="c2">&nbsp;<BR>Nacional Edici&oacute;n</SPAN></P>
</DIV>
<BR><DIV CLASS="c5"><P CLASS="c6"><SPAN CLASS="c9">BYLINE: </SPAN><SPAN CLASS="c2">CRISTIAN SEGURA</SPAN></P>
</DIV>
<BR><DIV CLASS="c5"><P CLASS="c6"><SPAN CLASS="c9">SECTION: </SPAN><SPAN CLASS="c2">ESPA&ntilde;A; Base; P&aacute;g. 24 Rivera te observa</SPAN></P>
</DIV>
<BR><DIV CLASS="c5"><P CLASS="c6"><SPAN CLASS="c9">LENGTH: </SPAN><SPAN CLASS="c2">485 words</SPAN></P>
</DIV>
<BR><DIV CLASS="c5"><P CLASS="c10"><SPAN CLASS="c2">La sede central de </SPAN><SPAN CLASS="c4">Ciudadanos</SPAN><SPAN CLASS="c2"> se ubica desde el pasado verano en uno de los barrios m&aacute;s chic de Barcelona. Est&aacute; en el 191 de la calle Balmes, a un tiro de piedra del Flash Flash y Giardinetto, los dos restaurantes de la familia Pom&eacute;s, los &uacute;ltimos vestigios de la gauche divine. El lado opuesto de la manzana bordea con la calle Tuset y con la residencia de Artur Mas; dos traves&iacute;as m&aacute;s abajo se encuentra el C&iacute;rculo Ecuestre. Es inaudito que un partido que aspira a gobernar Espa&ntilde;a tenga su sede fuera de Madrid. La zona es tranquila; la seguridad en el edificio es m&iacute;nima aunque su presencia no sea discreta: la cara de </SPAN><SPAN CLASS="c4">Albert Rivera</SPAN><SPAN CLASS="c2"> decora la fachada, gigante y siempre imperturbable.</SPAN><SPAN CLASS="c2">&nbsp;</SPAN></P>
<P CLASS="c10"><SPAN CLASS="c2">La sede central de </SPAN><SPAN CLASS="c4">Ciudadanos</SPAN><SPAN CLASS="c2"> est&aacute; destinada a la atenci&oacute;n al p&uacute;blico y a los medios de comunicaci&oacute;n. Hay barras de madera empotradas donde uno se puede sentar con el port&aacute;til y solucionar recados urgentes. Para reuniones discretas cuentan con un piso en la Gran V&iacute;a de Barcelona. La sede central parece el kiosco de un parque tem&aacute;tico. Todo es naranja y blanco, excepto el ascensor y un altillo del que olvidaron retirar los libros que dej&oacute; un inquilino anterior, una librer&iacute;a. La estructura del lugar forma una U en la que se reflejan, como en un espejo, las caras de Rivera e In&eacute;s Arrimadas enmarcadas en multitud de im&aacute;genes promocionales. Son como Mickey y Minnie en versi&oacute;n castizo&shy;liberal.</SPAN></P>
<P CLASS="c10"><SPAN CLASS="c2">La imagen de Rivera se repite m&aacute;s, incluso hay un cartel suyo de las pasadas elecciones andaluzas. Entre Rivera y Arrimadas se intercalan fotos de Victor Hugo, Kennedy y Einstein impresas con un filtro naranja y acompa&ntilde;adas de citas c&eacute;lebres. La primera frase que se encuentra al entrar, y la m&aacute;s repetida en las paredes del lugar, es de Victor Hugo: &quot;No hay nada m&aacute;s poderoso que una idea a la que le ha llegado su tiempo&quot;. Otra frase destacada es &quot;Imposible es solo una opini&oacute;n&quot;. No se identifica al autor pero Paulo Coelho se la agencia como suya en su cuenta de Facebook. Butacas naranjas, archiveros naranjas, recipientes naranjas y blancos para los caramelos. Cuatro ficus en macetas blancas: el conjunto parece ser un h&iacute;brido entre Ikea y cl&iacute;nica dental.</SPAN></P>
<P CLASS="c10"><SPAN CLASS="c2">Al otro lado de la calle Balmes se levanta el Edificio Apolo X, una construcci&oacute;n de los sesenta inspirada en la carrera espacial. Tres vecinos del Apolo X han colgado esteladas en el balc&oacute;n.</SPAN></P>
<P CLASS="c10"><SPAN CLASS="c2">Miguel Gallardo es camarero en Rive Gauche, el bar de la esquina. Gallardo tiene 64 a&ntilde;os, insiste en que es de Cuenca aunque lleve 49 a&ntilde;os en Barcelona. La sede de </SPAN><SPAN CLASS="c4">Ciudadanos</SPAN><SPAN CLASS="c2"> no le ha tra&iacute;do mucho trabajo: &quot;De vez en cuando vienen los de las tertulias de televisi&oacute;n. El d&iacute;a antes de las elecciones catalanas se presentaron 20 tipos, de toda Espa&ntilde;a. L&aacute;stima, ya hab&iacute;amos cerrado la cocina&quot;. &iquest;Qu&eacute; beneficio le gustar&iacute;a obtener de la convivencia con </SPAN><SPAN CLASS="c4">Ciudadanos</SPAN><SPAN CLASS="c2">? Gallardo no lo duda: &quot;Que me limpien la calle de meados. Ya se lo dije a Mas un d&iacute;a que sal&iacute;a del gimnasio, pero ni caso&quot;.</SPAN></P>
</DIV>
<BR><DIV CLASS="c5"><P CLASS="c6"><SPAN CLASS="c9">LANGUAGE: </SPAN><SPAN CLASS="c2">SPANISH; ESPA&Ntilde;OL</SPAN></P>
</DIV>
<BR><DIV CLASS="c5"><P CLASS="c6"><SPAN CLASS="c9">PUBLICATION-TYPE: </SPAN><SPAN CLASS="c2">Peri&oacute;dico</SPAN></P>
</DIV>
<BR><DIV CLASS="c5"><P CLASS="c6"><SPAN CLASS="c9">SUBJECT: </SPAN><SPAN CLASS="c2">Pol&iacute;tica (93%)</SPAN></P>
</DIV>
<BR><DIV CLASS="c5"><P CLASS="c6"><SPAN CLASS="c9">IPTC SUBJECT: </SPAN><SPAN CLASS="c2">Politica</SPAN></P>
</DIV>
<BR><DIV CLASS="c5"><P CLASS="c6"><SPAN CLASS="c9">LOAD-DATE: </SPAN><SPAN CLASS="c2">December 10, 2015</SPAN></P>
</DIV>
<BR><DIV CLASS="c0"><BR><P CLASS="c1"><SPAN CLASS="c2">Copyright 2015 El Pais Internacional S.A.<BR>All Rights Reserved</SPAN></P>
</DIV>
</BODY>
</HTML>