<HTML>
<HEAD>
<STYLE TYPE="text/css">
.c0 { text-align: center; }
.c1 { text-align: center; margin-top: 0em; margin-bottom: 0em; }
.c2 { font-family: 'Courier New',Courier; font-size: 10pt; font-style: normal; font-weight: normal; color: #000000; text-decoration: none; }
.c3 { text-align: center; margin-left: 13%; margin-right: 13%; }
.c4 { font-family: 'Courier New',Courier; font-size: 10pt; font-style: normal; font-weight: bold; color: #CC0033; text-decoration: none; }
.c5 { text-align: left; }
.c6 { text-align: left; margin-top: 0em; margin-bottom: 0em; }
.c7 { font-family: 'Courier New',Courier; font-size: 14pt; font-style: normal; font-weight: bold; color: #000000; text-decoration: none; }
.c8 { font-family: 'Courier New',Courier; font-size: 14pt; font-style: normal; font-weight: bold; color: #CC0033; text-decoration: none; }
.c9 { font-family: 'Courier New',Courier; font-size: 10pt; font-style: normal; font-weight: bold; color: #000000; text-decoration: none; }
.c10 { text-align: left; margin-top: 1em; margin-bottom: 0em; }
.c11 { page-break-before: always; }
</STYLE>
</HEAD>
<BODY>
<BR><DIV CLASS="c0"><P CLASS="c1"><SPAN CLASS="c2">151 of 935 DOCUMENTS</SPAN></P>
</DIV>
<BR><DIV CLASS="c0"><BR><P CLASS="c1"><IMG SRC="http://www.lexisnexis.com/lnacui2api/results/docview/attachRetrieve.do?smi=LOGOS&key=38401&componentseq=1&type=logo&inline=y" ALT="http://www.lexisnexis.com/lnacui2api/results/docview/attachRetrieve.do?smi=LOGOS&key=38401&componentseq=1&type=logo&inline=y"><BR><SPAN CLASS="c2">El Pais</SPAN></P>
</DIV>
<BR><DIV CLASS="c3"><P CLASS="c1"><SPAN CLASS="c4">December</SPAN><SPAN CLASS="c2"> 30, 2015 Wednesday</SPAN><SPAN CLASS="c2">&nbsp;</SPAN><SPAN CLASS="c2">&nbsp;<BR>Comunidad Valenciana Edici&oacute;n</SPAN></P>
</DIV>
<BR><DIV CLASS="c5"><P CLASS="c6"><SPAN CLASS="c7">Rajoy quiere ser otra vez candidato si hay que repetir las elecciones</SPAN></P>
</DIV>
<BR><DIV CLASS="c5"><P CLASS="c6"><SPAN CLASS="c9">BYLINE: </SPAN><SPAN CLASS="c2">JAVIER CASQUEIRO</SPAN></P>
</DIV>
<BR><DIV CLASS="c5"><P CLASS="c6"><SPAN CLASS="c9">SECTION: </SPAN><SPAN CLASS="c2">ESPA&ntilde;A; Base; P&aacute;g. 15</SPAN></P>
</DIV>
<BR><DIV CLASS="c5"><P CLASS="c6"><SPAN CLASS="c9">LENGTH: </SPAN><SPAN CLASS="c2">815 words</SPAN></P>
</DIV>
<BR><DIV CLASS="c5"><P CLASS="c6"><SPAN CLASS="c9">DATELINE: </SPAN><SPAN CLASS="c2">Madrid </SPAN></P>
</DIV>
<BR><DIV CLASS="c5"><P CLASS="c10"><SPAN CLASS="c2">Mariano Rajoy mantiene como un &quot;mandato&quot; que debe presentar su candidatura a un primer pleno de investidura, incluso sin poder predecir ni su fecha ni contar a&uacute;n con ning&uacute;n apoyo m&aacute;s all&aacute; de los diputados del PP. No contempla ni ser sustituido por otro aspirante de su partido ni retirarse si, ante el fracaso del proceso, hay que repetir elecciones. Mientras tanto, ofrece al PSOE y a </SPAN><SPAN CLASS="c4">Ciudadanos</SPAN><SPAN CLASS="c2"> un Gobierno de &quot;amplio espectro&quot; para toda la legislatura.</SPAN></P>
<P CLASS="c10"><SPAN CLASS="c2">Rajoy ha tenido por tradici&oacute;n durante su primer mandato en La Moncloa dar, al menos, dos ruedas de prensa anuales: una en Navidad para comentar el final del curso y otra antes de marcharse de vacaciones de verano. Lo raro fue que ayer convocara una comparecencia de este tipo, siendo ya presidente en funciones, en el palacio presidencial y no en la sede del PP, y cuando est&aacute; inmerso en la primera fase de &quot;toma de contacto&quot; con otros l&iacute;deres para sondear sus opciones a presidir de nuevo el Gobierno.</SPAN><SPAN CLASS="c2">&nbsp;</SPAN></P>
<P CLASS="c10"><SPAN CLASS="c2">El presidente en funciones lo justific&oacute; en que quer&iacute;a explicar su posici&oacute;n ante el final de esa ronda de charlas, que culmin&oacute; la noche anterior con una llamada de 10 minutos al lehendakari peneuvista I&ntilde;igo Urkullu. El d&iacute;a anterior prefiri&oacute; emitir una nota oficial de La Moncloa sin ninguna informaci&oacute;n nueva tras verse con Pablo Iglesias y </SPAN><SPAN CLASS="c4">Albert</SPAN><SPAN CLASS="c2">&nbsp;</SPAN><SPAN CLASS="c4">Rivera</SPAN><SPAN CLASS="c2">, mientras en el PP se person&oacute; un vicesecretario para meter m&aacute;s presi&oacute;n al socialista Pedro S&aacute;nchez.</SPAN></P>
<P CLASS="c10"><SPAN CLASS="c2">El mandato de gobernar</SPAN></P>
<P CLASS="c10"><SPAN CLASS="c2">La presencia de Rajoy ayer tambi&eacute;n se encamin&oacute; en la misma direcci&oacute;n de subrayar el cerco al secretario general del PSOE y de blindar su propia candidatura ante las especulaciones sobre una hipot&eacute;tica retirada o una salida forzada en aras de la gobernabilidad del pa&iacute;s. No es favorable, y ayer reafirm&oacute; que no solo tiene &aacute;nimo para presentarse a la reelecci&oacute;n en el futuro congreso del PP sino que asegur&oacute; que ser&aacute; de nuevo candidato si hay que repetir las elecciones ante el fracaso de este proceso.</SPAN></P>
<P CLASS="c10"><SPAN CLASS="c2">No hubo m&aacute;s novedades sobre alg&uacute;n apoyo extra al PP en las Cortes ante su intenci&oacute;n de confirmar su investidura ni tampoco sobre el contenido de sus conversaciones. Rajoy revel&oacute; incluso que no ha sumado ning&uacute;n apoyo a los 119 diputados del PP (tras el paso al grupo mixto de los dos parlamentarios de Uni&oacute;n del Pueblo Navarro, el de Foro Asturias y el del marginado Pedro G&oacute;mez de la Serna) porque tampoco lo ha pedido a&uacute;n. Est&aacute; en otra l&iacute;nea.</SPAN></P>
<P CLASS="c10"><SPAN CLASS="c2">El l&iacute;der del PP cree que tiene el &quot;mandato de la mayor&iacute;a de los espa&ntilde;oles&quot; para formar un Gobierno porque su partido gan&oacute;, fue la primera fuerza y sac&oacute; mucha distancia al PSOE, que fue el segundo. No imagina otra alternativa. La otra gran lectura que Rajoy extrajo del resultado del 20-D es que una mayor&iacute;a de los espa&ntilde;oles ha votado a partidos que defienden esencialmente los mismos principios de la unidad de Espa&ntilde;a, la soberan&iacute;a nacional, el papel en Europa, la necesidad de seguir creciendo y creando empleo y la lucha contra el terrorismo.</SPAN></P>
<P CLASS="c10"><SPAN CLASS="c2">Cuando Rajoy suelta esa retah&iacute;la de argumentos se refiere a que, pese a la supuesta nueva fragmentaci&oacute;n del Parlamento, si se juntan los esca&ntilde;os del PP, PSOE y </SPAN><SPAN CLASS="c4">Ciudadanos</SPAN><SPAN CLASS="c2"> se suman 253 diputados (m&aacute;s de dos tercios de la c&aacute;mara) &quot;de fuerzas distintas que est&aacute;n de acuerdo en lo fundamental&quot;. Y lo hace para sustentar su tesis de que ahora lo m&aacute;s &quot;razonable&quot; y sensato y lo que demandan la mayor parte de los </SPAN><SPAN CLASS="c4">ciudadanos</SPAN><SPAN CLASS="c2"> es un &quot;un Gobierno de amplio apoyo parlamentario que genere confianza dentro y fuera de Espa&ntilde;a&quot;.</SPAN></P>
<P CLASS="c10"><SPAN CLASS="c2">El dirigente del PP sostiene que ese gobierno &quot;de amplio espectro&quot; ser&iacute;a una &quot;soluci&oacute;n muy positiva para afrontar con consensos las reformas que necesita Espa&ntilde;a&quot; para preservar los valores del pa&iacute;s. Y a&ntilde;adi&oacute; su apuesta de que, si no se entra en una fase que cataloga de confusi&oacute;n en los pactos, se podr&iacute;a alcanzar una etapa de cuatro a&ntilde;os de estabilidad buenos para el inter&eacute;s general.</SPAN></P>
<P CLASS="c10"><SPAN CLASS="c2">Al resto de cuestiones que reclamaban algo m&aacute;s de precisi&oacute;n sobre sus planes Rajoy no contest&oacute;. Le parece que la probabilidad de que otras fuerzas exijan en la pr&oacute;xima negociaci&oacute;n su relevo como candidato del PP no est&aacute; ni contemplada y sigue sin revelar qu&eacute; est&aacute; dispuesto a ofrecerle al PSOE en reformas o cargos si facilitan su investidura con su abstenci&oacute;n, porque se agarra a que su actual l&iacute;der no le dej&oacute; ni hablar cuando lleg&oacute; el mi&eacute;rcoles pasado a La Moncloa para expresarle su rechazo. Dice que no le da m&aacute;s importancia a ese primer portazo, pero en La Moncloa y en el PP aseguran que Rajoy s&iacute; estar&iacute;a abierto a discutir diferentes propuestas del programa socialista cuando llegue el momento. La situaci&oacute;n no est&aacute; madura a&uacute;n en el PSOE, argumentan en el entorno del presidente. Por eso descalific&oacute; ayer con un &quot;eso es entrar en los detalles&quot; o &quot;habr&iacute;a que hablarlo&quot; cuando se le interrog&oacute; si ante una supuesta gran coalici&oacute;n con el PSOE o un pacto tripartito con </SPAN><SPAN CLASS="c4">Ciudadanos</SPAN><SPAN CLASS="c2"> se podr&iacute;a imaginar un Gabinete con un vicepresidente socialista y ministros de </SPAN><SPAN CLASS="c4">Albert</SPAN><SPAN CLASS="c2">&nbsp;</SPAN><SPAN CLASS="c4">Rivera</SPAN><SPAN CLASS="c2">.</SPAN></P>
</DIV>
<BR><DIV CLASS="c5"><P CLASS="c6"><SPAN CLASS="c9">LANGUAGE: </SPAN><SPAN CLASS="c2">SPANISH; ESPA&Ntilde;OL</SPAN></P>
</DIV>
<BR><DIV CLASS="c5"><P CLASS="c6"><SPAN CLASS="c9">PUBLICATION-TYPE: </SPAN><SPAN CLASS="c2">Peri&oacute;dico</SPAN></P>
</DIV>
<BR><DIV CLASS="c5"><P CLASS="c6"><SPAN CLASS="c9">SUBJECT: </SPAN><SPAN CLASS="c2">Pol&iacute;tica (93%)</SPAN></P>
</DIV>
<BR><DIV CLASS="c5"><P CLASS="c6"><SPAN CLASS="c9">IPTC SUBJECT: </SPAN><SPAN CLASS="c2">Politica</SPAN></P>
</DIV>
<BR><DIV CLASS="c5"><P CLASS="c6"><SPAN CLASS="c9">LOAD-DATE: </SPAN><SPAN CLASS="c2">December 29, 2015</SPAN></P>
</DIV>
<BR><DIV CLASS="c0"><BR><P CLASS="c1"><SPAN CLASS="c2">Copyright 2015 El Pais Internacional S.A.<BR>All Rights Reserved</SPAN></P>
</DIV>
</BODY>
</HTML>