<HTML>
<HEAD>
<STYLE TYPE="text/css">
.c0 { text-align: center; }
.c1 { text-align: center; margin-top: 0em; margin-bottom: 0em; }
.c2 { font-family: 'Courier New',Courier; font-size: 10pt; font-style: normal; font-weight: normal; color: #000000; text-decoration: none; }
.c3 { text-align: center; margin-left: 13%; margin-right: 13%; }
.c4 { font-family: 'Courier New',Courier; font-size: 10pt; font-style: normal; font-weight: bold; color: #CC0033; text-decoration: none; }
.c5 { text-align: left; }
.c6 { text-align: left; margin-top: 0em; margin-bottom: 0em; }
.c7 { font-family: 'Courier New',Courier; font-size: 14pt; font-style: normal; font-weight: bold; color: #000000; text-decoration: none; }
.c8 { font-family: 'Courier New',Courier; font-size: 14pt; font-style: normal; font-weight: bold; color: #CC0033; text-decoration: none; }
.c9 { font-family: 'Courier New',Courier; font-size: 10pt; font-style: normal; font-weight: bold; color: #000000; text-decoration: none; }
.c10 { text-align: left; margin-top: 1em; margin-bottom: 0em; }
.c11 { page-break-before: always; }
</STYLE>
</HEAD>
<BODY>
<BR><DIV CLASS="c0"><P CLASS="c1"><SPAN CLASS="c2">493 of 935 DOCUMENTS</SPAN></P>
</DIV>
<BR><DIV CLASS="c0"><BR><P CLASS="c1"><IMG SRC="http://www.lexisnexis.com/lnacui2api/results/docview/attachRetrieve.do?smi=LOGOS&key=38401&componentseq=1&type=logo&inline=y" ALT="http://www.lexisnexis.com/lnacui2api/results/docview/attachRetrieve.do?smi=LOGOS&key=38401&componentseq=1&type=logo&inline=y"><BR><SPAN CLASS="c2">El Pais</SPAN></P>
</DIV>
<BR><DIV CLASS="c3"><P CLASS="c1"><SPAN CLASS="c4">January</SPAN><SPAN CLASS="c2"> 9, 2016 Saturday</SPAN><SPAN CLASS="c2">&nbsp;</SPAN><SPAN CLASS="c2">&nbsp;<BR>Nacional Edici&oacute;n</SPAN></P>
</DIV>
<BR><DIV CLASS="c5"><P CLASS="c6"><SPAN CLASS="c7">Rajoy detallar&aacute; su oferta de pacto de Gobierno al PSOE en la sesi&oacute;n de investidura</SPAN></P>
</DIV>
<BR><DIV CLASS="c5"><P CLASS="c6"><SPAN CLASS="c9">BYLINE: </SPAN><SPAN CLASS="c2">JAVIER CASQUEIRO</SPAN></P>
</DIV>
<BR><DIV CLASS="c5"><P CLASS="c6"><SPAN CLASS="c9">SECTION: </SPAN><SPAN CLASS="c2">ESPA&ntilde;A; Base; P&aacute;g. 15</SPAN></P>
</DIV>
<BR><DIV CLASS="c5"><P CLASS="c6"><SPAN CLASS="c9">LENGTH: </SPAN><SPAN CLASS="c2">705 words</SPAN></P>
</DIV>
<BR><DIV CLASS="c5"><P CLASS="c6"><SPAN CLASS="c9">DATELINE: </SPAN><SPAN CLASS="c2">Madrid </SPAN></P>
</DIV>
<BR><DIV CLASS="c5"><P CLASS="c10"><SPAN CLASS="c2">Mariano Rajoy tiene una oferta reservada para hacer al l&iacute;der del PSOE, Pedro S&aacute;nchez, con reformas institucionales, constitucionales y econ&oacute;micas, pero que a&uacute;n no ha podido o sabido concretar. El presidente en funciones volver&aacute; a llamar al dirigente socialista y, si no accede a verle de nuevo, le plantear&aacute; su oferta ya en el debate de investidura. Rajoy anhela as&iacute; ser presidente, dentro de varios meses y tras varias votaciones, en un Gobierno en minor&iacute;a con la abstenci&oacute;n de PSOE y </SPAN><SPAN CLASS="c4">Ciudadanos</SPAN><SPAN CLASS="c2">. Entre las tres fuerzas suman 253 de los 350 diputados.</SPAN></P>
<P CLASS="c10"><SPAN CLASS="c2">El l&iacute;der del PP hace tiempo que no se llama a enga&ntilde;o sobre las verdaderas pretensiones del socialista Pedro S&aacute;nchez. Rajoy sabe desde que cit&oacute; en La Moncloa al actual secretario general del PSOE, el 23 de diciembre pasado, que S&aacute;nchez no participar&aacute; jam&aacute;s en un gran Gobierno de coalici&oacute;n con el PP, sea quien sea el presidente popular que lo encabece.</SPAN><SPAN CLASS="c2">&nbsp;</SPAN></P>
<P CLASS="c10"><SPAN CLASS="c2">El dirigente del PP es consciente de que va a ser muy dif&iacute;cil que S&aacute;nchez consienta la continuidad de un Ejecutivo presidido por Rajoy. Ni por activa ni por pasiva. Por eso a Rajoy le molest&oacute; tanto que se filtrara justo el d&iacute;a en que recib&iacute;a a S&aacute;nchez la oferta que ten&iacute;a planteado dibujarle. Porque trastocaba sus planes y porque anticipaba el proceso de una negociaci&oacute;n que cree que puede durar muchas semanas o incluso meses.</SPAN></P>
<P CLASS="c10"><SPAN CLASS="c2">Pero Rajoy s&iacute; tiene una oferta que hacer a S&aacute;nchez y </SPAN><SPAN CLASS="c4">Albert Rivera,</SPAN><SPAN CLASS="c2"> el l&iacute;der de </SPAN><SPAN CLASS="c4">Ciudadanos</SPAN><SPAN CLASS="c2">, los dos dirigentes con los que cuenta para sumar los votos necesarios con los que superar su investidura como presidente.</SPAN></P>
<P CLASS="c10"><SPAN CLASS="c2">&quot;La plantear&eacute; a todo el que quiera escucharme, aunque hasta ahora no he podido hacerla porque</SPAN></P>
<P CLASS="c10"><SPAN CLASS="c2">no ha querido escucharla. La har&eacute; en el debate de investidura&quot;, revel&oacute; ayer el presidente en funciones en el Congreso.</SPAN></P>
<P CLASS="c10"><SPAN CLASS="c2">En el entorno de Rajoy, en La Moncloa y en el PP, se apuesta ahora por que las negociaciones se centren estos d&iacute;as en la constituci&oacute;n de la Mesa y los &oacute;rganos de gobierno del Congreso y el Senado, que tienen de plazo hasta el 13 de enero, para continuar con la negociaci&oacute;n de investidura a partir de entonces. Rajoy no renuncia a&uacute;n a volver a llamar y tener otro encuentro despu&eacute;s en La Moncloa con S&aacute;nchez y con m&aacute;s responsables pol&iacute;ticos.</SPAN></P>
<P CLASS="c10"><SPAN CLASS="c2">Ayer aprovech&oacute; su visita al Congreso para recoger su acta de diputado electo y para recordar que sigue trabajando de manera reservada en ese objetivo: &quot;Estoy en un constante proceso de conversaciones, no hay reglas cerradas, puede haber reuniones hoy o ma&ntilde;ana... Lo importante es el fondo: la opci&oacute;n que yo planteo, la coalici&oacute;n de izquierda y de extrema izquierda o las elecciones&quot;.</SPAN></P>
<P CLASS="c10"><SPAN CLASS="c2">Charlas &quot;discretas&quot;</SPAN></P>
<P CLASS="c10"><SPAN CLASS="c2">El presidente en funciones no quiso detallar con qui&eacute;n est&aacute; manteniendo esas charlas &quot;discretas&quot;. Lo que Rajoy y su equipo s&iacute; tienen claro es que S&aacute;nchez es &quot;capaz&quot; y va a intentar formar una mayor&iacute;a alternativa aunque para ello necesite poner de acuerdo a ocho o nueve partidos distintos. Rajoy entiende que eso ser&iacute;a malo para la estabilidad del pa&iacute;s ante los pr&oacute;ximos y decisivos a&ntilde;os, y su vicepresidenta, Soraya S&aacute;enz de Santamar&iacute;a, le puso adjetivo a las dos &quot;agendas&quot; ahora en disputa. Por un lado estar&iacute;a la &quot;agenda moderada y a favor de crecer y crear empleo&quot; de Rajoy y en el contrario la &quot;radical&quot; de S&aacute;nchez con la izquierda y los nacionalistas e independentistas.</SPAN></P>
<P CLASS="c10"><SPAN CLASS="c2">En el Gobierno volvieron a recomendar a S&aacute;nchez que en su gira de &quot;derecho comparado&quot; por pa&iacute;ses europeos en busca de pactos visite Alemania, donde gobierna la gran coalici&oacute;n de conservadores y socialistas, mejor que Portugal, donde estuvo el jueves y gobiernan por primera vez en 40 a&ntilde;os los socialistas de Ant&oacute;nio Costa con el apoyo de la izquierda radical.</SPAN></P>
<P CLASS="c10"><SPAN CLASS="c2">El l&iacute;der del PP insiste, a la espera del rechazo final de S&aacute;nchez o de que funcione la presi&oacute;n interna y externa contra &eacute;l y ceda a su investidura, con la idea de que un Gobierno con un amplio respaldo parlamentario detr&aacute;s podr&iacute;a acometer grandes cambios. &quot;Se podr&iacute;a crear un grupo fuerte de 250 diputados que pod&iacute;a llevar adelante las reformas y que transmitir&iacute;a dentro y fuera de Espa&ntilde;a un mensaje de tranquilidad, estabilidad y certidumbre&quot;, remach&oacute; ayer el presidente en funciones. El PP suma ah&iacute;, en el mismo paquete, a los 123 diputados de ese partido con los 90 del PSOE y los 40 de </SPAN><SPAN CLASS="c4">Ciudadanos</SPAN><SPAN CLASS="c2">.</SPAN></P>
</DIV>
<BR><DIV CLASS="c5"><P CLASS="c6"><SPAN CLASS="c9">LANGUAGE: </SPAN><SPAN CLASS="c2">SPANISH; ESPA&Ntilde;OL</SPAN></P>
</DIV>
<BR><DIV CLASS="c5"><P CLASS="c6"><SPAN CLASS="c9">PUBLICATION-TYPE: </SPAN><SPAN CLASS="c2">Peri&oacute;dico</SPAN></P>
</DIV>
<BR><DIV CLASS="c5"><P CLASS="c6"><SPAN CLASS="c9">SUBJECT: </SPAN><SPAN CLASS="c2">Pol&iacute;tica (93%); Gobierno y Administraci&oacute;n P&uacute;blica (84%)</SPAN></P>
</DIV>
<BR><DIV CLASS="c5"><P CLASS="c6"><SPAN CLASS="c9">IPTC SUBJECT: </SPAN><SPAN CLASS="c2">Politica; gobierno</SPAN></P>
</DIV>
<BR><DIV CLASS="c5"><P CLASS="c6"><SPAN CLASS="c9">LOAD-DATE: </SPAN><SPAN CLASS="c2">January 8, 2016</SPAN></P>
</DIV>
<BR><DIV CLASS="c0"><BR><P CLASS="c1"><SPAN CLASS="c2">Copyright 2016 El Pais Internacional S.A.<BR>All Rights Reserved</SPAN></P>
</DIV>
</BODY>
</HTML>