<HTML>
<HEAD>
<STYLE TYPE="text/css">
.c0 { text-align: center; }
.c1 { text-align: center; margin-top: 0em; margin-bottom: 0em; }
.c2 { font-family: 'Courier New',Courier; font-size: 10pt; font-style: normal; font-weight: normal; color: #000000; text-decoration: none; }
.c3 { text-align: center; margin-left: 13%; margin-right: 13%; }
.c4 { font-family: 'Courier New',Courier; font-size: 10pt; font-style: normal; font-weight: bold; color: #CC0033; text-decoration: none; }
.c5 { text-align: left; }
.c6 { text-align: left; margin-top: 0em; margin-bottom: 0em; }
.c7 { font-family: 'Courier New',Courier; font-size: 14pt; font-style: normal; font-weight: bold; color: #000000; text-decoration: none; }
.c8 { font-family: 'Courier New',Courier; font-size: 14pt; font-style: normal; font-weight: bold; color: #CC0033; text-decoration: none; }
.c9 { font-family: 'Courier New',Courier; font-size: 10pt; font-style: normal; font-weight: bold; color: #000000; text-decoration: none; }
.c10 { text-align: left; margin-top: 1em; margin-bottom: 0em; }
.c11 { page-break-before: always; }
</STYLE>
</HEAD>
<BODY>
<BR><DIV CLASS="c0"><P CLASS="c1"><SPAN CLASS="c2">401 of 935 DOCUMENTS</SPAN></P>
</DIV>
<BR><DIV CLASS="c0"><BR><P CLASS="c1"><IMG SRC="http://www.lexisnexis.com/lnacui2api/results/docview/attachRetrieve.do?smi=LOGOS&key=38401&componentseq=1&type=logo&inline=y" ALT="http://www.lexisnexis.com/lnacui2api/results/docview/attachRetrieve.do?smi=LOGOS&key=38401&componentseq=1&type=logo&inline=y"><BR><SPAN CLASS="c2">El Pais</SPAN></P>
</DIV>
<BR><DIV CLASS="c3"><P CLASS="c1"><SPAN CLASS="c4">December</SPAN><SPAN CLASS="c2"> 12, 2015 Saturday</SPAN><SPAN CLASS="c2">&nbsp;</SPAN><SPAN CLASS="c2">&nbsp;<BR>Comunidad Valenciana Edici&oacute;n</SPAN></P>
</DIV>
<BR><DIV CLASS="c5"><P CLASS="c6"><SPAN CLASS="c7">Los talibanes matan a un polic&iacute;a espa&ntilde;ol de la Embajada en Kabul</SPAN></P>
</DIV>
<BR><DIV CLASS="c5"><P CLASS="c6"><SPAN CLASS="c9">BYLINE: </SPAN><SPAN CLASS="c2">MIGUEL GONZ&Aacute;LEZ / NATALIA JUNQUERA</SPAN></P>
</DIV>
<BR><DIV CLASS="c5"><P CLASS="c6"><SPAN CLASS="c9">SECTION: </SPAN><SPAN CLASS="c2">ESPA&ntilde;A; Base; P&aacute;g. 15</SPAN></P>
</DIV>
<BR><DIV CLASS="c5"><P CLASS="c6"><SPAN CLASS="c9">LENGTH: </SPAN><SPAN CLASS="c2">998 words</SPAN></P>
</DIV>
<BR><DIV CLASS="c5"><P CLASS="c6"><SPAN CLASS="c9">DATELINE: </SPAN><SPAN CLASS="c2">Madrid / Murcia </SPAN></P>
</DIV>
<BR><DIV CLASS="c5"><P CLASS="c10"><SPAN CLASS="c2">Un polic&iacute;a espa&ntilde;ol muri&oacute; ayer en un ataque suicida de los talibanes junto a la Embajada de Espa&ntilde;a en Kabul (Afganist&aacute;n). La noticia la dio, al t&eacute;rmino de un mitin en Orihuela (Alicante), el presidente Mariano Rajoy. Antes del acto, Rajoy hab&iacute;a declarado que un agente hab&iacute;a resultado herido, pero que &quot;por fortuna&quot; sus lesiones no eran de extrema gravedad. El Gobierno afgano inform&oacute; de la muerte de uno de sus funcionarios y de dos de los tres suicidas. Al menos nueve civiles sufrieron heridas.</SPAN></P>
<P CLASS="c10"><SPAN CLASS="c2">La confusi&oacute;n rode&oacute; el atentado perpetrado por los talibanes en el &aacute;rea de Sherpor, en la que se concentran embajadas y edificios gubernamentales. Inicialmente, el Ministerio de Exteriores indic&oacute; que el objetivo del ataque era la legaci&oacute;n diplom&aacute;tica espa&ntilde;ola.Posteriormente, sin embargo, Rajoy asegur&oacute;: &quot;Todos, cualquier pa&iacute;s occidental, podemos ser objeto de un ataque terrorista. Pero lo que parec&iacute;a una mala noticia, esta vez no ha sido as&iacute;. No era un ataque contra nosotros, sino contra una casa de hu&eacute;spedes pr&oacute;xima&quot;. El presidente coment&oacute; m&aacute;s tarde que en esa casa suelen alojarse estadounidenses.</SPAN><SPAN CLASS="c2">&nbsp;</SPAN></P>
<P CLASS="c10"><SPAN CLASS="c2">El presidente trat&oacute; de lanzar un mensaje de tranquilidad y asegur&oacute; que el personal de la Embajada se encontraba bien; a&ntilde;adi&oacute; que no cre&iacute;a que hubiese v&iacute;ctimas espa&ntilde;olas, pero al t&eacute;rmino del mitin tuvo que corregirse a s&iacute; mismo para anunciar que, seg&uacute;n el Ministerio del Interior, en el ataque hab&iacute;a muerto un polic&iacute;a.</SPAN></P>
<P CLASS="c10"><SPAN CLASS="c2">El fallecido es Isidro Gabino Sanmart&iacute;n Hern&aacute;ndez, de 48 a&ntilde;os, de La Ba&ntilde;eza (Le&oacute;n) y con cuatro hijos. Estaba destinado en la UIP (Unidad de Intervenci&oacute;n Policial, antidisturbios) con base en Oviedo. Diez agentes vigilan la Embajada en Kabul. Las UIP y el GEO (Grupo Especial de Operaciones) son las unidades encargadas de proteger las legaciones diplom&aacute;ticas en zonas de conflicto, informa Patricia Ortega Dolz. Cuatro espa&ntilde;oles y un afgano segu&iacute;an al cierre de esta edici&oacute;n (once de la noche) en la legaci&oacute;n diplom&aacute;tica a la espera de ser evacuados, seg&uacute;n Exteriores.</SPAN></P>
<P CLASS="c10"><SPAN CLASS="c2">El Gobierno afgano inform&oacute; de que a las 18.00 (hora local, 14.30 en Madrid) los talibanes lanzaron un ataque con coche bomba contra una casa de hu&eacute;spedes, situada junto a la Embajada espa&ntilde;ola, a lo que sigui&oacute; un asalto y un tiroteo con las fuerzas de seguridad. &quot;Dos suicidas fueron eliminados y un tercero fue herido en una operaci&oacute;n de rastreo que todav&iacute;a contin&uacute;a&quot;, dijo el viceministro del Interior afgano, Mohammad Ayub Salangui.</SPAN></P>
<P CLASS="c10"><SPAN CLASS="c2">El portavoz del Ministerio del Interior afgano indic&oacute; a Efe que un polic&iacute;a afgano falleci&oacute; en el ataque y al menos nueve civiles de la misma nacionalidad resultaron heridos por la explosi&oacute;n. Asegur&oacute; que la zona todav&iacute;a no hab&iacute;a sido despejada, por lo que era posible que alg&uacute;n terrorista se hubiera escondido. &quot;El &aacute;rea se est&aacute; despejando paso a paso&quot;, advirti&oacute; la polic&iacute;a afgana. Seg&uacute;n la BBC, en el ataque supuestamente estuvieron involucrados siete talibanes. &quot;Tras una explosi&oacute;n en un coche, algunos terroristas entraron en una casa de hu&eacute;spedes cerca de la Embajada de Espa&ntilde;a, donde suelen alojarse </SPAN><SPAN CLASS="c4">ciudadanos</SPAN><SPAN CLASS="c2"> estadounidenses. Las fuerzas especiales han llegado al &aacute;rea y la zona ha sido acordonada&quot;, asegur&oacute; el jefe de Emergencias afgano, Homayoon Aini. El jefe del Departamento de Investigaci&oacute;n Criminal de la Polic&iacute;a de Kabul, Faraidoon Obaidi, detall&oacute; que algunos guardias de seguridad de las embajadas estaban realizando disparos al aire, lo que hac&iacute;a que la situaci&oacute;n fuera m&aacute;s confusa.</SPAN></P>
<P CLASS="c10"><SPAN CLASS="c2">Los talibanes reivindicaron el atentado a trav&eacute;s de un mensaje en Twitter. Su portavoz, Zahibul&aacute; Muyahid, indic&oacute; que el objetivo era un hostal junto a la Embajada espa&ntilde;ola. &quot;La guerra sigue a buen ritmo&quot;, a&ntilde;adi&oacute;. En un mensaje posterior, los talibanes aseguraron que el ataque continuaba y que sus milicianos se hab&iacute;an hecho fuertes en el albergue.</SPAN></P>
<P CLASS="c10"><SPAN CLASS="c2">El ministro de Asuntos Exteriores, Jos&eacute; Manuel Garc&iacute;a-Margallo, que coincidi&oacute; con Rajoy en el mitin de Orihuela -es cabeza de lista por Alicante-, tuvo varias conversaciones telef&oacute;nicas con el encargado de negocios de la Embajada en Kabul, Oriol Sol&aacute;, ante la ausencia del embajador. &quot;El pensamiento de todos est&aacute; con los que est&aacute;n en la Embajada en Kabul&quot;, dijo Margallo al iniciar su intervenci&oacute;n en el acto electoral del PP. Este record&oacute; que por Afganist&aacute;n han pasado m&aacute;s de 30.000 militares espa&ntilde;oles y que un centenar hab&iacute;a perdido la vida para garantizar la estabilidad en la zona.</SPAN></P>
<P CLASS="c10"><SPAN CLASS="c2">Dos horas m&aacute;s tarde, Rajoy se subi&oacute; al escenario donde ten&iacute;a previsto dar un mitin en Murcia para comunicar que cancelaba el acto por la muerte del polic&iacute;a. &quot;Voy a dar la batalla porque creo que es lo mejor para Espa&ntilde;a&quot;, dijo Rajoy, que incluso lleg&oacute; a comentar que se hab&iacute;a hecho muchos selfies justo antes de decir que todos deb&iacute;an estar muy orgullosos de los cuerpos y fuerzas de seguridad del Estado.</SPAN></P>
<P CLASS="c10"><SPAN CLASS="c2">Impacto electoral</SPAN></P>
<P CLASS="c10"><SPAN CLASS="c2">Antes de comparecer ante los periodistas y de conocer la muerte del polic&iacute;a espa&ntilde;ol en Kabul, Rajoy hab&iacute;a hablado con el l&iacute;der del PSOE, Pedro S&aacute;nchez; con el de Podemos, Pablo Iglesias; y con el lehendakari, I&ntilde;igo Urkullu. El presidente explic&oacute; que tambi&eacute;n hab&iacute;a intentado ponerse en contacto con </SPAN><SPAN CLASS="c4">Albert Rivera (Ciudadanos)</SPAN><SPAN CLASS="c2">, pero que no pudo localizarlo, por lo que le envi&oacute; un mensaje, que este contest&oacute;.</SPAN></P>
<P CLASS="c10"><SPAN CLASS="c2">S&aacute;nchez inici&oacute; su mitin en Barakaldo (Vizcaya) con un minuto de silencio en recuerdo del polic&iacute;a asesinado, mientras que Pablo Iglesias lament&oacute; en Alicante la muerte del agente y se puso a disposici&oacute;n del Gobierno. Tambi&eacute;n el l&iacute;der de </SPAN><SPAN CLASS="c4">Ciudadanos, Albert Rivera,</SPAN><SPAN CLASS="c2"> inici&oacute; su acto electoral en Alicante con un homenaje al polic&iacute;a, para el que pidi&oacute; un &quot;fuerte aplauso&quot;.</SPAN></P>
<P CLASS="c10"><SPAN CLASS="c2">El ataque en el centro de Kabul se produce d&iacute;as despu&eacute;s de que los talibanes asediaran durante 27 horas el aeropuerto de Kandahar, la mayor base militar en el sur de Afganist&aacute;n. En ese asalto fallecieron al menos 50 personas, al introducirse en el complejo 11 terroristas suicidas que tomaron rehenes. El repunte de la violencia ha obligado a EE UU y a la OTAN a revisar sus planes de retirada de Afganist&aacute;n y a prorrogar su presencia en dicho pa&iacute;s.</SPAN></P>
</DIV>
<BR><DIV CLASS="c5"><P CLASS="c6"><SPAN CLASS="c9">LANGUAGE: </SPAN><SPAN CLASS="c2">SPANISH; ESPA&Ntilde;OL</SPAN></P>
</DIV>
<BR><DIV CLASS="c5"><P CLASS="c6"><SPAN CLASS="c9">PUBLICATION-TYPE: </SPAN><SPAN CLASS="c2">Peri&oacute;dico</SPAN></P>
</DIV>
<BR><DIV CLASS="c5"><P CLASS="c6"><SPAN CLASS="c9">SUBJECT: </SPAN><SPAN CLASS="c2">Pol&iacute;tica (93%); Espionaje (77%); Terrorismo (71%)</SPAN></P>
</DIV>
<BR><DIV CLASS="c5"><P CLASS="c6"><SPAN CLASS="c9">IPTC SUBJECT: </SPAN><SPAN CLASS="c2">Politica; espionaje e inteligencia; terrorismo</SPAN></P>
</DIV>
<BR><DIV CLASS="c5"><P CLASS="c6"><SPAN CLASS="c9">LOAD-DATE: </SPAN><SPAN CLASS="c2">December 11, 2015</SPAN></P>
</DIV>
<BR><DIV CLASS="c0"><BR><P CLASS="c1"><SPAN CLASS="c2">Copyright 2015 El Pais Internacional S.A.<BR>All Rights Reserved</SPAN></P>
</DIV>
</BODY>
</HTML>