<HTML>
<HEAD>
<STYLE TYPE="text/css">
.c0 { text-align: center; }
.c1 { text-align: center; margin-top: 0em; margin-bottom: 0em; }
.c2 { font-family: 'Courier New',Courier; font-size: 10pt; font-style: normal; font-weight: normal; color: #000000; text-decoration: none; }
.c3 { text-align: center; margin-left: 13%; margin-right: 13%; }
.c4 { font-family: 'Courier New',Courier; font-size: 10pt; font-style: normal; font-weight: bold; color: #CC0033; text-decoration: none; }
.c5 { text-align: left; }
.c6 { text-align: left; margin-top: 0em; margin-bottom: 0em; }
.c7 { font-family: 'Courier New',Courier; font-size: 14pt; font-style: normal; font-weight: bold; color: #000000; text-decoration: none; }
.c8 { font-family: 'Courier New',Courier; font-size: 14pt; font-style: normal; font-weight: bold; color: #CC0033; text-decoration: none; }
.c9 { font-family: 'Courier New',Courier; font-size: 10pt; font-style: normal; font-weight: bold; color: #000000; text-decoration: none; }
.c10 { text-align: left; margin-top: 1em; margin-bottom: 0em; }
.c11 { page-break-before: always; }
</STYLE>
</HEAD>
<BODY>
<BR><DIV CLASS="c0"><P CLASS="c1"><SPAN CLASS="c2">184 of 935 DOCUMENTS</SPAN></P>
</DIV>
<BR><DIV CLASS="c0"><BR><P CLASS="c1"><IMG SRC="http://www.lexisnexis.com/lnacui2api/results/docview/attachRetrieve.do?smi=LOGOS&key=38401&componentseq=1&type=logo&inline=y" ALT="http://www.lexisnexis.com/lnacui2api/results/docview/attachRetrieve.do?smi=LOGOS&key=38401&componentseq=1&type=logo&inline=y"><BR><SPAN CLASS="c2">El Pais</SPAN></P>
</DIV>
<BR><DIV CLASS="c3"><P CLASS="c1"><SPAN CLASS="c4">December</SPAN><SPAN CLASS="c2"> 10, 2015 Thursday</SPAN><SPAN CLASS="c2">&nbsp;</SPAN><SPAN CLASS="c2">&nbsp;<BR>Nacional Edici&oacute;n</SPAN></P>
</DIV>
<BR><DIV CLASS="c5"><P CLASS="c6"><SPAN CLASS="c7">Los partidos endurecen sus ataques ante lo apretado del resultado</SPAN></P>
</DIV>
<BR><DIV CLASS="c5"><P CLASS="c6"><SPAN CLASS="c9">BYLINE: </SPAN><SPAN CLASS="c2">JAVIER CASQUEIRO</SPAN></P>
</DIV>
<BR><DIV CLASS="c5"><P CLASS="c6"><SPAN CLASS="c9">SECTION: </SPAN><SPAN CLASS="c2">ESPA&ntilde;A; Base; P&aacute;g. 15</SPAN></P>
</DIV>
<BR><DIV CLASS="c5"><P CLASS="c6"><SPAN CLASS="c9">LENGTH: </SPAN><SPAN CLASS="c2">862 words</SPAN></P>
</DIV>
<BR><DIV CLASS="c5"><P CLASS="c6"><SPAN CLASS="c9">DATELINE: </SPAN><SPAN CLASS="c2">Madrid </SPAN></P>
</DIV>
<BR><DIV CLASS="c5"><P CLASS="c10"><SPAN CLASS="c2">El apretado resultado electoral que pronostican las encuestas, el enorme volumen de indecisos en disputa (40%) y los igualados debates entre tres de los principales candidatos han provocado en las &uacute;ltimas horas un recrudecimiento de la campa&ntilde;a con ataques m&aacute;s duros entre los aspirantes. Hasta el presidente Rajoy insinu&oacute; un conato de cr&iacute;tica directa a su te&oacute;rico gran rival, el socialista Pedro S&aacute;nchez, aunque ayer rebaj&oacute; el tono, porque se reserva para el cara a cara del lunes. </SPAN><SPAN CLASS="c4">Ciudadanos</SPAN><SPAN CLASS="c2"> y Podemos vuelcan sus acometidas especialmente contra el l&iacute;der socialista en la b&uacute;squeda de la segunda posici&oacute;n.</SPAN></P>
<P CLASS="c10"><SPAN CLASS="c2">La gran encuesta del Centro de Investigaciones Sociol&oacute;gicas (CIS) conocida la semana pasada y los tracking (seguimientos) diarios que manejan los grandes partidos reflejan un escenario de tal igualdad, especialmente por la segunda posici&oacute;n y la corta distancia con el primero, que han desatado los nervios, dando lugar a alusiones personales muy directas entre muchos dirigentes de distintos partidos, hasta el punto de que en la recta final de la campa&ntilde;a las descalificaciones han tomado protagonismo frente a las propuestas.</SPAN><SPAN CLASS="c2">&nbsp;</SPAN></P>
<P CLASS="c10"><SPAN CLASS="c2">No es habitual escuchar al l&iacute;der del PP, Mariano Rajoy, pedirle expresamente al PSOE que se serene y reflexione sobre c&oacute;mo debe reorganizarse en el futuro tras el 20-D. Los desprecios de Rajoy no suelen ser tan evidentes. Son m&aacute;s por incomparecencia o dejaci&oacute;n. Ayer, en Palma, se detuvo unos minutos con los periodistas que siguen su caravana y les aclar&oacute; que no quer&iacute;a meterse &quot;en l&iacute;os de nadie&quot; cuando minusvalor&oacute; el actual liderazgo de S&aacute;nchez. Pero ya le hab&iacute;a dirigido con sorna la andanada.</SPAN></P>
<P CLASS="c10"><SPAN CLASS="c2">El presidente s&iacute; ha empezado ya a preparar bien su duelo con S&aacute;nchez porque quiere que se vea claro qui&eacute;n es m&aacute;s presidenciable. Pero esa misma es la gran baza que se reserva el l&iacute;der del PSOE, que tambi&eacute;n quiere que quede despejado el lunes que &eacute;l es la &uacute;nica alternativa de cambio real a Rajoy. El presidente tambi&eacute;n mencion&oacute; ayer que puede haber sorpresas el 20-D. Y en este caso se refiri&oacute; enigm&aacute;tico a los datos que les ofrecen sus sondeos de seguimiento diarios de la situaci&oacute;n que les ubican ahora en torno al 28% de los votos y casi ocho puntos por encima de un supuesto triple empate de cerca del 20% de las papeletas en el que el PSOE estar&iacute;a peleando la segunda posici&oacute;n con </SPAN><SPAN CLASS="c4">Ciudadanos</SPAN><SPAN CLASS="c2"> y Podemos.</SPAN></P>
<P CLASS="c10"><SPAN CLASS="c2">Ese reparto, que el CIS no consagra exactamente porque deja a Podemos m&aacute;s lejos de PSOE y </SPAN><SPAN CLASS="c4">Ciudadanos</SPAN><SPAN CLASS="c2">, explica muchos de los cambios de estrategia de los grandes partidos y los ataques muy precisos que ha sufrido especialmente S&aacute;nchez. En el segundo debate del pasado lunes se constat&oacute; una mayor virulencia de Pablo Iglesias y </SPAN><SPAN CLASS="c4">Albert Rivera</SPAN><SPAN CLASS="c2"> contra el l&iacute;der del PSOE que contra Soraya S&aacute;enz de Santamar&iacute;a, excepto en el cap&iacute;tulo de la corrupci&oacute;n. Esa misma noche Iglesias expres&oacute; varias veces su coincidencia en determinados asuntos con S&aacute;nchez para apuntillar a continuaci&oacute;n su pena porque ya no mandase demasiado en el PSOE. Esa misma idea la repiti&oacute; ayer y la recogi&oacute; de manera muy parecida el candidato de </SPAN><SPAN CLASS="c4">Ciudadanos</SPAN><SPAN CLASS="c2">.</SPAN></P>
<P CLASS="c10"><SPAN CLASS="c2">Rivera se agarr&oacute; incluso a la figura emblem&aacute;tica para los socialistas de Felipe Gonz&aacute;lez para contraponerla a S&aacute;nchez, al que ven m&aacute;s debilitado tras los debates y contra el que dirigen todas sus bater&iacute;as para arrebatarle su posici&oacute;n y pugnar por el voto &uacute;til que pueda arrastrar el que sea visto como la alternativa a Rajoy.</SPAN></P>
<P CLASS="c10"><SPAN CLASS="c2">&quot;Gonz&aacute;lez construy&oacute; un buen edificio, que gobern&oacute; Espa&ntilde;a durante muchos a&ntilde;os, que trajo igualdad, bienestar y nos meti&oacute; en la Uni&oacute;n Europea. Pero entre el se&ntilde;or Zapatero y el se&ntilde;or S&aacute;nchez est&aacute;n dejando el edificio en ruinas. Los que se dividen entre Pedro S&aacute;nchez, Susana D&iacute;az, Felipe Gonz&aacute;lez y compa&ntilde;&iacute;a, no van a tener un proyecto com&uacute;n, porque tienen 17&quot;, remach&oacute; ayer en Granada Rivera. El l&iacute;der de </SPAN><SPAN CLASS="c4">Ciudadanos</SPAN><SPAN CLASS="c2">, sin embargo, no es tan contundente contra Rajoy, al que s&iacute; dedic&oacute; algunas iron&iacute;as por su ausencia del debate y del que se limita a agradecer primero y luego a apostar porque su carrera pol&iacute;tica de 34 a&ntilde;os en todo tipo de cargos ha llegado a su fin.</SPAN></P>
<P CLASS="c10"><SPAN CLASS="c2">Soraya o el plan b</SPAN></P>
<P CLASS="c10"><SPAN CLASS="c2">El mensaje de que S&aacute;nchez &quot;est&aacute; d&eacute;bil&quot; lo ha recogido tambi&eacute;n la vicepresidenta, que relev&oacute; a Rajoy en el debate, y a la que se sit&uacute;a como beneficiaria de un plan b para sustituir a su n&uacute;mero uno si </SPAN><SPAN CLASS="c4">Ciudadanos</SPAN><SPAN CLASS="c2"> as&iacute; lo exige tras el 20-D. Santamar&iacute;a coment&oacute; ayer en RNE: &quot;No le veo bien porque es reh&eacute;n de sus decisiones err&oacute;neas y los pactos le han pasado factura&quot;. Iglesias, por su parte, tambi&eacute;n quiere aprovechar el momento &quot;complicado&quot; de S&aacute;nchez para menoscabarle personalmente y atraer una porci&oacute;n de votantes del PSOE. Ayer se atrevi&oacute; a aconsejar a los socialistas que llevasen otras figuras a los debates: &quot;El PSOE est&aacute; atravesando una situaci&oacute;n dif&iacute;cil. Hubiera sido mejor que a debatir fuera Susana D&iacute;az o Gonz&aacute;lez&quot;. Algunos de los principales dirigentes de Podemos tambi&eacute;n llevan d&iacute;as tratando de debilitar a S&aacute;nchez. &Iacute;&ntilde;igo Errej&oacute;n afirm&oacute; en Palma que es una &quot;calamidad&quot; para los socialistas y Pablo Echenique se&ntilde;al&oacute;: &quot;Escucho a S&aacute;nchez perder los papeles en un mitin tras el debate con Pablo y alucino... No s&eacute; qu&eacute; puede provocar tantos nervios ante la perspectiva de que a Podemos le pueda ir bien&quot;.</SPAN></P>
</DIV>
<BR><DIV CLASS="c5"><P CLASS="c6"><SPAN CLASS="c9">LANGUAGE: </SPAN><SPAN CLASS="c2">SPANISH; ESPA&Ntilde;OL</SPAN></P>
</DIV>
<BR><DIV CLASS="c5"><P CLASS="c6"><SPAN CLASS="c9">PUBLICATION-TYPE: </SPAN><SPAN CLASS="c2">Peri&oacute;dico</SPAN></P>
</DIV>
<BR><DIV CLASS="c5"><P CLASS="c6"><SPAN CLASS="c9">SUBJECT: </SPAN><SPAN CLASS="c2">Pol&iacute;tica (93%)</SPAN></P>
</DIV>
<BR><DIV CLASS="c5"><P CLASS="c6"><SPAN CLASS="c9">IPTC SUBJECT: </SPAN><SPAN CLASS="c2">Politica</SPAN></P>
</DIV>
<BR><DIV CLASS="c5"><P CLASS="c6"><SPAN CLASS="c9">LOAD-DATE: </SPAN><SPAN CLASS="c2">December 9, 2015</SPAN></P>
</DIV>
<BR><DIV CLASS="c0"><BR><P CLASS="c1"><SPAN CLASS="c2">Copyright 2015 El Pais Internacional S.A.<BR>All Rights Reserved</SPAN></P>
</DIV>
</BODY>
</HTML>