<HTML>
<HEAD>
<STYLE TYPE="text/css">
.c0 { text-align: center; }
.c1 { text-align: center; margin-top: 0em; margin-bottom: 0em; }
.c2 { font-family: 'Courier New',Courier; font-size: 10pt; font-style: normal; font-weight: normal; color: #000000; text-decoration: none; }
.c3 { text-align: center; margin-left: 13%; margin-right: 13%; }
.c4 { font-family: 'Courier New',Courier; font-size: 10pt; font-style: normal; font-weight: bold; color: #CC0033; text-decoration: none; }
.c5 { text-align: left; }
.c6 { text-align: left; margin-top: 0em; margin-bottom: 0em; }
.c7 { font-family: 'Courier New',Courier; font-size: 14pt; font-style: normal; font-weight: bold; color: #000000; text-decoration: none; }
.c8 { font-family: 'Courier New',Courier; font-size: 14pt; font-style: normal; font-weight: bold; color: #CC0033; text-decoration: none; }
.c9 { font-family: 'Courier New',Courier; font-size: 10pt; font-style: normal; font-weight: bold; color: #000000; text-decoration: none; }
.c10 { text-align: left; margin-top: 1em; margin-bottom: 0em; }
.c11 { page-break-before: always; }
</STYLE>
</HEAD>
<BODY>
<BR><DIV CLASS="c0"><P CLASS="c1"><SPAN CLASS="c2">428 of 935 DOCUMENTS</SPAN></P>
</DIV>
<BR><DIV CLASS="c0"><BR><P CLASS="c1"><IMG SRC="http://www.lexisnexis.com/lnacui2api/results/docview/attachRetrieve.do?smi=LOGOS&key=38401&componentseq=1&type=logo&inline=y" ALT="http://www.lexisnexis.com/lnacui2api/results/docview/attachRetrieve.do?smi=LOGOS&key=38401&componentseq=1&type=logo&inline=y"><BR><SPAN CLASS="c2">El Pais</SPAN></P>
</DIV>
<BR><DIV CLASS="c3"><P CLASS="c1"><SPAN CLASS="c4">December</SPAN><SPAN CLASS="c2"> 1, 2015 Tuesday</SPAN><SPAN CLASS="c2">&nbsp;</SPAN><SPAN CLASS="c2">&nbsp;<BR>2&ordf; Ed. Barna Edici&oacute;n</SPAN></P>
</DIV>
<BR><DIV CLASS="c5"><P CLASS="c6"><SPAN CLASS="c7">Dos afines y un discrepante en la lucha contra el yihadismo</SPAN></P>
</DIV>
<BR><DIV CLASS="c5"><P CLASS="c6"><SPAN CLASS="c9">BYLINE: </SPAN><SPAN CLASS="c2">PATRICIA ORTEGA DOLZ</SPAN></P>
</DIV>
<BR><DIV CLASS="c5"><P CLASS="c6"><SPAN CLASS="c9">SECTION: </SPAN><SPAN CLASS="c2">ESPA&ntilde;A; Base; P&aacute;g. 20</SPAN></P>
</DIV>
<BR><DIV CLASS="c5"><P CLASS="c6"><SPAN CLASS="c9">LENGTH: </SPAN><SPAN CLASS="c2">419 words</SPAN></P>
</DIV>
<BR><DIV CLASS="c5"><P CLASS="c6"><SPAN CLASS="c9">DATELINE: </SPAN><SPAN CLASS="c2">Madrid Fue la primera pregunta del debate: &quot;&iquest;Espa&ntilde;a deber&iacute;a formar parte de una coalici&oacute;n internacional contra el yihadismo?&quot;. La cuesti&oacute;n pon&iacute;a sobre la mesa la principal preocupaci&oacute;n en materia de seguridad de los Gobiernos democr&aacute;ticos. Las respuestas reflejan las posturas de tres de los candidatos a la presidencia ante la posible implicaci&oacute;n de Espa&ntilde;a en el conflicto. Rivera, rotundo: &quot;Espa&ntilde;a debe formar parte de la coalici&oacute;n&quot;. S&aacute;nchez, solidario: &quot;Francia puede contar con la solidaridad de Espa&ntilde;a&quot;. E Iglesias, pacifista: &quot;Los bombardeos no sirven de nada&quot;. </SPAN></P>
</DIV>
<BR><DIV CLASS="c5"><P CLASS="c10"><SPAN CLASS="c2">La lucha contra el terrorismo islamista se ha convertido en uno de los principales desaf&iacute;os de las democracias occidentales. En el debate de EL PA&Iacute;S se escenific&oacute; esa prioridad con la primera pregunta: &quot;&iquest;Espa&ntilde;a deber&iacute;a formar parte de una coalici&oacute;n internacional contra el yihadismo?&quot;. Las respuestas de los candidatos no sorprendieron: ya las hab&iacute;an puesto de manifiesto en d&iacute;as pasados, tras los atentados del 13-N de Par&iacute;s, que han precipitado la creaci&oacute;n de una coalici&oacute;n internacional contra el yihadismo liderada por el presidente franc&eacute;s, Fran&ccedil;ois Hollande. Frente a la decisi&oacute;n del presidente del Gobierno -y gran ausente-, Mariano Rajoy, de no pronunciarse al respecto hasta pasado el 20-D, los tres aspirantes a sustituirle en La Moncloa mostraron de manera firme sus posiciones.</SPAN><SPAN CLASS="c2">&nbsp;</SPAN></P>
<P CLASS="c10"><SPAN CLASS="c4">Albert Rivera</SPAN><SPAN CLASS="c2"> quiso distanciarse del apoyo que Jos&eacute; Mar&iacute;a Aznar dio en su d&iacute;a -en 2003- a la guerra de Irak: &quot;No estamos hablando de una guerra ilegal ni por el petr&oacute;leo. Luchamos unidos contra los fascistas y ganamos; ahora tenemos que unirnos contra los terroristas&quot;.</SPAN></P>
<P CLASS="c10"><SPAN CLASS="c2">Pedro S&aacute;nchez mostr&oacute; su apoyo a la coalici&oacute;n desde una &oacute;ptica solidaria: &quot;Francia puede contar con la solidaridad de Espa&ntilde;a&quot;. Y remach&oacute;. &quot;Del mismo modo que nos unimos contra el terrorismo de ETA en el pacto de Ajuria Enea, debemos hacerlo ahora porque es un acuerdo que garantiza la seguridad, actualiza los mecanismos del Estado de derecho para luchar contra un nuevo tipo de terrorismo y no se olvida ni de las v&iacute;ctimas ni de la comunidad musulmana&quot;. Ambos l&iacute;deres buscaron el amparo de organismos internacionales como la ONU y la OTAN, en el caso de Rivera. Y del Congreso y de la legalidad internacional, en el caso de S&aacute;nchez.</SPAN></P>
<P CLASS="c10"><SPAN CLASS="c2">Iglesias, en una postura pacifista, se distanci&oacute; de sus oponentes y se&ntilde;al&oacute;: &quot;Ni en Irak ni en Libia los bombardeos no han servido de nada&quot;. Y record&oacute; el arrepentimiento manifestado por el ex primer ministro brit&aacute;nico Tony Blair y se apoy&oacute; en unas declaraciones del expresidente del Gobierno espa&ntilde;ol Jos&eacute; Luis Rodr&iacute;guez Zapatero, en las que este manifest&oacute; que las actuaciones de Espa&ntilde;a en conflictos b&eacute;licos hab&iacute;an resultado &quot;contraproducentes&quot;.</SPAN></P>
<P CLASS="c10"><SPAN CLASS="c2">Ni Rivera ni S&aacute;nchez ven necesario convocar un refer&eacute;ndum ante la posibilidad de que Espa&ntilde;a participe en una guerra. &quot;Los </SPAN><SPAN CLASS="c4">ciudadanos</SPAN><SPAN CLASS="c2"> nos votan para que tomemos decisiones&quot;, asever&oacute; el l&iacute;der de </SPAN><SPAN CLASS="c4">Ciudadanos</SPAN><SPAN CLASS="c2">. El socialista S&aacute;nchez cree que no ser&iacute;a necesario porque &quot;ya se requiere el consenso del Congreso&quot;. En contra de ambos, Iglesias defendi&oacute;: &quot;Hay que preguntar a los </SPAN><SPAN CLASS="c4">ciudadanos</SPAN><SPAN CLASS="c2">&quot;.</SPAN></P>
</DIV>
<BR><DIV CLASS="c5"><P CLASS="c6"><SPAN CLASS="c9">LANGUAGE: </SPAN><SPAN CLASS="c2">SPANISH; ESPA&Ntilde;OL</SPAN></P>
</DIV>
<BR><DIV CLASS="c5"><P CLASS="c6"><SPAN CLASS="c9">PUBLICATION-TYPE: </SPAN><SPAN CLASS="c2">Peri&oacute;dico</SPAN></P>
</DIV>
<BR><DIV CLASS="c5"><P CLASS="c6"><SPAN CLASS="c9">SUBJECT: </SPAN><SPAN CLASS="c2">Pol&iacute;tica (94%)</SPAN></P>
</DIV>
<BR><DIV CLASS="c5"><P CLASS="c6"><SPAN CLASS="c9">IPTC SUBJECT: </SPAN><SPAN CLASS="c2">Politica</SPAN></P>
</DIV>
<BR><DIV CLASS="c5"><P CLASS="c6"><SPAN CLASS="c9">LOAD-DATE: </SPAN><SPAN CLASS="c2">November 30, 2015</SPAN></P>
</DIV>
<BR><DIV CLASS="c0"><BR><P CLASS="c1"><SPAN CLASS="c2">Copyright 2015 El Pais Internacional S.A.<BR>All Rights Reserved</SPAN></P>
</DIV>
</BODY>
</HTML>