<HTML>
<HEAD>
<STYLE TYPE="text/css">
.c0 { text-align: center; }
.c1 { text-align: center; margin-top: 0em; margin-bottom: 0em; }
.c2 { font-family: 'Courier New',Courier; font-size: 10pt; font-style: normal; font-weight: normal; color: #000000; text-decoration: none; }
.c3 { text-align: center; margin-left: 13%; margin-right: 13%; }
.c4 { font-family: 'Courier New',Courier; font-size: 10pt; font-style: normal; font-weight: bold; color: #CC0033; text-decoration: none; }
.c5 { text-align: left; }
.c6 { text-align: left; margin-top: 0em; margin-bottom: 0em; }
.c7 { font-family: 'Courier New',Courier; font-size: 14pt; font-style: normal; font-weight: bold; color: #000000; text-decoration: none; }
.c8 { font-family: 'Courier New',Courier; font-size: 14pt; font-style: normal; font-weight: bold; color: #CC0033; text-decoration: none; }
.c9 { font-family: 'Courier New',Courier; font-size: 10pt; font-style: normal; font-weight: bold; color: #000000; text-decoration: none; }
.c10 { text-align: left; margin-top: 1em; margin-bottom: 0em; }
.c11 { page-break-before: always; }
</STYLE>
</HEAD>
<BODY>
<BR><DIV CLASS="c0"><P CLASS="c1"><SPAN CLASS="c2">231 of 935 DOCUMENTS</SPAN></P>
</DIV>
<BR><DIV CLASS="c0"><BR><P CLASS="c1"><IMG SRC="http://www.lexisnexis.com/lnacui2api/results/docview/attachRetrieve.do?smi=LOGOS&key=38401&componentseq=1&type=logo&inline=y" ALT="http://www.lexisnexis.com/lnacui2api/results/docview/attachRetrieve.do?smi=LOGOS&key=38401&componentseq=1&type=logo&inline=y"><BR><SPAN CLASS="c2">El Pais</SPAN></P>
</DIV>
<BR><DIV CLASS="c3"><P CLASS="c1"><SPAN CLASS="c4">December</SPAN><SPAN CLASS="c2"> 9, 2015 Wednesday</SPAN><SPAN CLASS="c2">&nbsp;</SPAN><SPAN CLASS="c2">&nbsp;<BR>Nacional Edici&oacute;n</SPAN></P>
</DIV>
<BR><DIV CLASS="c5"><P CLASS="c6"><SPAN CLASS="c7">S&aacute;nchez y Rivera</SPAN></P>
</DIV>
<BR><DIV CLASS="c5"><P CLASS="c6"><SPAN CLASS="c9">SECTION: </SPAN><SPAN CLASS="c2">OPINI&Oacute;N; Base; P&aacute;g. 12</SPAN></P>
</DIV>
<BR><DIV CLASS="c5"><P CLASS="c6"><SPAN CLASS="c9">LENGTH: </SPAN><SPAN CLASS="c2">592 words</SPAN></P>
</DIV>
<BR><DIV CLASS="c5"><BR><P CLASS="c6"><SPAN CLASS="c9">HIGHLIGHT:</SPAN><SPAN CLASS="c2">&nbsp;El candidato del PSOE crece, mientras que el de </SPAN><SPAN CLASS="c4">Ciudadanos</SPAN><SPAN CLASS="c2"> muestra flaquezas<BR></SPAN></P>
</DIV>
<BR><DIV CLASS="c5"><P CLASS="c10"><SPAN CLASS="c2">L os debates electorales celebrados han proporcionado elementos de juicio suficientes como para saber cu&aacute;les de los participantes demuestran hechuras presidenciales. Hay que subrayar este &uacute;ltimo aspecto, porque los organizados por EL PA&Iacute;S y Atresmedia han consistido en debates entre candidatos a la presidencia del Gobierno, y no en otra tanda de los numerosos encuentros informales entre pol&iacute;ticos llevados a cabo en el periodo preelectoral.</SPAN><SPAN CLASS="c2">&nbsp;</SPAN></P>
<P CLASS="c10"><SPAN CLASS="c2">De ah&iacute; la sorprendente anomal&iacute;a democr&aacute;tica provocada por Mariano Rajoy, candidato a la reelecci&oacute;n, que se ha permitido hurtar a los </SPAN><SPAN CLASS="c4">ciudadanos</SPAN><SPAN CLASS="c2"> la rendici&oacute;n de cuentas propia de las discusiones serias, y no ha querido contrastar ni su balance ni sus proyectos. Sea por cobard&iacute;a personal ante la necesidad de explicarse sobre la corrupci&oacute;n, o bien por haberse acostumbrado a manejar una mayor&iacute;a absoluta sin dar explicaciones, el presidente y candidato incumple una obligaci&oacute;n ineludible en una democracia moderna. La treta de enviar a la vicepresidenta del Gobierno solo consigue agravar el insulto a los </SPAN><SPAN CLASS="c4">ciudadanos</SPAN><SPAN CLASS="c2">. En ninguno de los pa&iacute;ses en los que los debates son tradici&oacute;n democr&aacute;tica desde hace d&eacute;cadas se habr&iacute;a atrevido un candidato a despreciar a sus rivales con el env&iacute;o de su suplente, ni hubiera encontrado un medio de comunicaci&oacute;n que se prestara a semejante maniobra.</SPAN></P>
<P CLASS="c10"><SPAN CLASS="c2">La pol&iacute;tica no puede ser tan banal y sometida como para que alg&uacute;n partido imponga este tipo de condiciones, y para que sus contrincantes y los medios las acepten. Un debate bipartidista cl&aacute;sico es lo &uacute;nico que Rajoy acepta para la &uacute;ltima semana de campa&ntilde;a. Ese tipo de discusi&oacute;n, en la Espa&ntilde;a del presente, es solo un espejismo de un sistema pol&iacute;tico que se est&aacute; transformando a toda velocidad.</SPAN></P>
<P CLASS="c10"><SPAN CLASS="c2">Los debates celebrados han contribuido mucho a que los espa&ntilde;oles visualicen el reajuste fundamental que se est&aacute; produciendo en el sistema. Por ejemplo, Pablo Iglesias tuvo buenas prestaciones en ambos debates, seguramente eficaces para movilizar a sus bases. Parece evidente, sin embargo, que carece de opciones para llegar a La Moncloa. Habla en su favor la dosis de moderaci&oacute;n introducida en la imagen de insurgente que cultivaba; pero sus comparecencias, por jaleadas que sean a trav&eacute;s de las redes sociales, precisan de m&aacute;s rigor para poder reivindicar un grado de confianza m&aacute;s amplio.</SPAN></P>
<P CLASS="c10"><SPAN CLASS="c2">Por tanto, de lo visto hasta ahora solo cabe comparar a dos candidatos con hechuras presidenciales, Pedro S&aacute;nchez y </SPAN><SPAN CLASS="c4">Albert Rivera</SPAN><SPAN CLASS="c2">. Con una clara diferencia entre ambos: mientras el aspirante del PSOE se ha conducido por encima de lo esperado, la proximidad de los focos ha perjudicado las altas expectativas creadas en torno al candidato de </SPAN><SPAN CLASS="c4">Ciudadanos</SPAN><SPAN CLASS="c2">, que ha dejado ver debilidades y nerviosismos poco compatibles con un pretendiente al principal puesto ejecutivo de la pol&iacute;tica espa&ntilde;ola.</SPAN></P>
<P CLASS="c10"><SPAN CLASS="c2">Desde el principio se tem&iacute;a que Rivera y sus </SPAN><SPAN CLASS="c4">Ciudadanos</SPAN><SPAN CLASS="c2"> fueran m&aacute;s una marca que un proyecto, un estado de &aacute;nimo m&aacute;s que una verdadera formaci&oacute;n pol&iacute;tica lista para gobernar el pa&iacute;s. Lamentablemente, lo que se le ha visto en los debates no ha servido para despejar ese temor. Seguramente es pronto para conclusiones dr&aacute;sticas, pero es obvio que Rivera es a&uacute;n un edificio a medio construir.</SPAN></P>
<P CLASS="c10"><SPAN CLASS="c2">En cambio, Pedro S&aacute;nchez ha demostrado mayor altura pol&iacute;tica, profundidad de propuestas y un aplomo personal m&aacute;s acorde a lo que se espera de un candidato a jefe del Ejecutivo. En un entorno no muy alentador, probablemente es quien m&aacute;s capacidades est&aacute; mostrando para abordar los complicados retos institucionales, pol&iacute;ticos, econ&oacute;micos y sociales de la Espa&ntilde;a de hoy.</SPAN></P>
</DIV>
<BR><DIV CLASS="c5"><P CLASS="c6"><SPAN CLASS="c9">LANGUAGE: </SPAN><SPAN CLASS="c2">SPANISH; ESPA&Ntilde;OL</SPAN></P>
</DIV>
<BR><DIV CLASS="c5"><P CLASS="c6"><SPAN CLASS="c9">PUBLICATION-TYPE: </SPAN><SPAN CLASS="c2">Peri&oacute;dico</SPAN></P>
</DIV>
<BR><DIV CLASS="c5"><P CLASS="c6"><SPAN CLASS="c9">SUBJECT: </SPAN><SPAN CLASS="c2">Pol&iacute;tica (94%)</SPAN></P>
</DIV>
<BR><DIV CLASS="c5"><P CLASS="c6"><SPAN CLASS="c9">IPTC SUBJECT: </SPAN><SPAN CLASS="c2">Politica</SPAN></P>
</DIV>
<BR><DIV CLASS="c5"><P CLASS="c6"><SPAN CLASS="c9">LOAD-DATE: </SPAN><SPAN CLASS="c2">December 8, 2015</SPAN></P>
</DIV>
<BR><DIV CLASS="c0"><BR><P CLASS="c1"><SPAN CLASS="c2">Copyright 2015 El Pais Internacional S.A.<BR>All Rights Reserved</SPAN></P>
</DIV>
</BODY>
</HTML>