<HTML>
<HEAD>
<STYLE TYPE="text/css">
.c0 { text-align: center; }
.c1 { text-align: center; margin-top: 0em; margin-bottom: 0em; }
.c2 { font-family: 'Courier New',Courier; font-size: 10pt; font-style: normal; font-weight: normal; color: #000000; text-decoration: none; }
.c3 { text-align: center; margin-left: 13%; margin-right: 13%; }
.c4 { font-family: 'Courier New',Courier; font-size: 10pt; font-style: normal; font-weight: bold; color: #CC0033; text-decoration: none; }
.c5 { text-align: left; }
.c6 { text-align: left; margin-top: 0em; margin-bottom: 0em; }
.c7 { font-family: 'Courier New',Courier; font-size: 14pt; font-style: normal; font-weight: bold; color: #000000; text-decoration: none; }
.c8 { font-family: 'Courier New',Courier; font-size: 14pt; font-style: normal; font-weight: bold; color: #CC0033; text-decoration: none; }
.c9 { font-family: 'Courier New',Courier; font-size: 10pt; font-style: normal; font-weight: bold; color: #000000; text-decoration: none; }
.c10 { text-align: left; margin-top: 1em; margin-bottom: 0em; }
.c11 { page-break-before: always; }
</STYLE>
</HEAD>
<BODY>
<BR><DIV CLASS="c0"><P CLASS="c1"><SPAN CLASS="c2">125 of 935 DOCUMENTS</SPAN></P>
</DIV>
<BR><DIV CLASS="c0"><BR><P CLASS="c1"><IMG SRC="http://www.lexisnexis.com/lnacui2api/results/docview/attachRetrieve.do?smi=LOGOS&key=38401&componentseq=1&type=logo&inline=y" ALT="http://www.lexisnexis.com/lnacui2api/results/docview/attachRetrieve.do?smi=LOGOS&key=38401&componentseq=1&type=logo&inline=y"><BR><SPAN CLASS="c2">El Pais</SPAN></P>
</DIV>
<BR><DIV CLASS="c3"><P CLASS="c1"><SPAN CLASS="c4">December</SPAN><SPAN CLASS="c2"> 29, 2015 Tuesday</SPAN><SPAN CLASS="c2">&nbsp;</SPAN><SPAN CLASS="c2">&nbsp;<BR>Comunidad Valenciana Edici&oacute;n</SPAN></P>
</DIV>
<BR><DIV CLASS="c5"><P CLASS="c6"><SPAN CLASS="c7">Rivera apremia al l&iacute;der de los socialistas a que se decida entre el PP y Podemos</SPAN></P>
</DIV>
<BR><DIV CLASS="c5"><P CLASS="c6"><SPAN CLASS="c9">BYLINE: </SPAN><SPAN CLASS="c2">JUAN JOS&Eacute; MATEO</SPAN></P>
</DIV>
<BR><DIV CLASS="c5"><P CLASS="c6"><SPAN CLASS="c9">SECTION: </SPAN><SPAN CLASS="c2">ESPA&ntilde;A; Base; P&aacute;g. 16</SPAN></P>
</DIV>
<BR><DIV CLASS="c5"><P CLASS="c6"><SPAN CLASS="c9">LENGTH: </SPAN><SPAN CLASS="c2">409 words</SPAN></P>
</DIV>
<BR><DIV CLASS="c5"><P CLASS="c6"><SPAN CLASS="c9">DATELINE: </SPAN><SPAN CLASS="c2">Madrid </SPAN></P>
</DIV>
<BR><DIV CLASS="c5"><BR><P CLASS="c6"><SPAN CLASS="c9">HIGHLIGHT:</SPAN><SPAN CLASS="c2">&nbsp;</SPAN><SPAN CLASS="c4">Ciudadanos</SPAN><SPAN CLASS="c2"> aspira a una vicepresidencia y una secretar&iacute;a en la Mesa del Congreso<BR></SPAN></P>
</DIV>
<BR><DIV CLASS="c5"><P CLASS="c10"><SPAN CLASS="c4">Albert Rivera</SPAN><SPAN CLASS="c2"> cerr&oacute; su reuni&oacute;n de ayer con Mariano Rajoy se&ntilde;alando a Pedro S&aacute;nchez como m&aacute;ximo responsable de que la pr&oacute;xima legislatura no comience. El l&iacute;der de </SPAN><SPAN CLASS="c4">Ciudadanos</SPAN><SPAN CLASS="c2"> se sum&oacute; as&iacute; a la doble presi&oacute;n que recibe el secretario general de los socialistas desde el 20-D: la del PP para que se abstenga y permita la investidura como presidente de Mariano Rajoy, y la de los barones territoriales del PSOE para que su criterio sea tenido en cuenta en los pactos poselectorales.</SPAN><SPAN CLASS="c2">&nbsp;</SPAN></P>
<P CLASS="c10"><SPAN CLASS="c2">&quot;La palabra de Pedro S&aacute;nchez ahora es no, no, y no. Estamos todos condicionados [por eso]. Estamos ante la necesidad de que el PSOE mueva ficha&quot;, argument&oacute; el l&iacute;der de </SPAN><SPAN CLASS="c4">Ciudadanos</SPAN><SPAN CLASS="c2"> en una rueda de prensa en el palacio de La Moncloa. &quot;Estamos a la espera del PSOE y de sus problemas internos&quot;.</SPAN></P>
<P CLASS="c10"><SPAN CLASS="c4">Ciudadanos</SPAN><SPAN CLASS="c2">, seg&uacute;n explic&oacute; Rivera, nunca votar&aacute; a favor de que Rajoy presida Espa&ntilde;a, pero est&aacute; dispuesto a abstenerse en su investidura si el candidato del PP se compromete a poner en marcha una hoja de ruta de reformas que incluya, entre otras medidas, cambiar la ley electoral, la de partidos y firmar un pacto nacional por la educaci&oacute;n. Esa decisi&oacute;n de la formaci&oacute;n emergente es intrascendente por s&iacute; misma. Como Rivera sum&oacute; 40 diputados el 20-D, no tiene la fuerza suficiente como para ser decisivo. El PSOE es quien tiene la llave, y S&aacute;nchez ya ha anunciado que votar&aacute; 'no' en la investidura de Rajoy.</SPAN></P>
<P CLASS="c10"><SPAN CLASS="c4">Ciudadanos</SPAN><SPAN CLASS="c2">, mientras tanto, ya prepara las negociaciones para configurar la Mesa del Congreso de los Diputados, que se constituye el 13 de enero. El partido apuesta porque el presidente del Gobierno y el de la instituci&oacute;n sean de distintos partidos. Seg&uacute;n fuentes consultadas por este diario, </SPAN><SPAN CLASS="c4">Ciudadanos</SPAN><SPAN CLASS="c2"> aspira a una de las cuatro vicepresidencias y una secretar&iacute;a de las otras tantas que componen el organismo que rige el d&iacute;a a d&iacute;a de la C&aacute;mara Baja.</SPAN></P>
<P CLASS="c10"><SPAN CLASS="c2">Jos&eacute; Manuel Villegas, vicesecretario general del partido, y Miguel &Aacute;ngel Guti&eacute;rrez, nuevo diputado, ser&aacute;n los encargados de representar a la formaci&oacute;n emergente en esas negociaciones. Los enviados de Rivera argumentar&aacute;n que si Podemos acepta que Comprom&iacute;s, las Mareas gallegas y En Com&uacute; se constituyan en grupo propio tambi&eacute;n debe aceptar que eso se traduzca en una p&eacute;rdida de representatividad de la formaci&oacute;n de Pablo Iglesias en la Mesa del Congreso. Seg&uacute;n ese criterio, </SPAN><SPAN CLASS="c4">Ciudadanos</SPAN><SPAN CLASS="c2"> recordar&aacute; en las negociaciones que Podemos representa a 3,1 millones de votantes, mientras que la formaci&oacute;n de Rivera da voz a 3,5 millones de electores.</SPAN></P>
</DIV>
<BR><DIV CLASS="c5"><P CLASS="c6"><SPAN CLASS="c9">LANGUAGE: </SPAN><SPAN CLASS="c2">SPANISH; ESPA&Ntilde;OL</SPAN></P>
</DIV>
<BR><DIV CLASS="c5"><P CLASS="c6"><SPAN CLASS="c9">PUBLICATION-TYPE: </SPAN><SPAN CLASS="c2">Peri&oacute;dico</SPAN></P>
</DIV>
<BR><DIV CLASS="c5"><P CLASS="c6"><SPAN CLASS="c9">SUBJECT: </SPAN><SPAN CLASS="c2">Pol&iacute;tica (93%)</SPAN></P>
</DIV>
<BR><DIV CLASS="c5"><P CLASS="c6"><SPAN CLASS="c9">IPTC SUBJECT: </SPAN><SPAN CLASS="c2">Politica</SPAN></P>
</DIV>
<BR><DIV CLASS="c5"><P CLASS="c6"><SPAN CLASS="c9">LOAD-DATE: </SPAN><SPAN CLASS="c2">December 28, 2015</SPAN></P>
</DIV>
<BR><DIV CLASS="c0"><BR><P CLASS="c1"><SPAN CLASS="c2">Copyright 2015 El Pais Internacional S.A.<BR>All Rights Reserved</SPAN></P>
</DIV>
</BODY>
</HTML>