<HTML>
<HEAD>
<STYLE TYPE="text/css">
.c0 { text-align: center; }
.c1 { text-align: center; margin-top: 0em; margin-bottom: 0em; }
.c2 { font-family: 'Courier New',Courier; font-size: 10pt; font-style: normal; font-weight: normal; color: #000000; text-decoration: none; }
.c3 { text-align: center; margin-left: 13%; margin-right: 13%; }
.c4 { font-family: 'Courier New',Courier; font-size: 10pt; font-style: normal; font-weight: bold; color: #CC0033; text-decoration: none; }
.c5 { text-align: left; }
.c6 { text-align: left; margin-top: 0em; margin-bottom: 0em; }
.c7 { font-family: 'Courier New',Courier; font-size: 14pt; font-style: normal; font-weight: bold; color: #000000; text-decoration: none; }
.c8 { font-family: 'Courier New',Courier; font-size: 14pt; font-style: normal; font-weight: bold; color: #CC0033; text-decoration: none; }
.c9 { font-family: 'Courier New',Courier; font-size: 10pt; font-style: normal; font-weight: bold; color: #000000; text-decoration: none; }
.c10 { text-align: left; margin-top: 1em; margin-bottom: 0em; }
.c11 { page-break-before: always; }
</STYLE>
</HEAD>
<BODY>
<BR><DIV CLASS="c0"><P CLASS="c1"><SPAN CLASS="c2">374 of 935 DOCUMENTS</SPAN></P>
</DIV>
<BR><DIV CLASS="c0"><BR><P CLASS="c1"><IMG SRC="http://www.lexisnexis.com/lnacui2api/results/docview/attachRetrieve.do?smi=LOGOS&key=38401&componentseq=1&type=logo&inline=y" ALT="http://www.lexisnexis.com/lnacui2api/results/docview/attachRetrieve.do?smi=LOGOS&key=38401&componentseq=1&type=logo&inline=y"><BR><SPAN CLASS="c2">El Pais</SPAN></P>
</DIV>
<BR><DIV CLASS="c3"><P CLASS="c1"><SPAN CLASS="c4">January</SPAN><SPAN CLASS="c2"> 12, 2016 Tuesday</SPAN><SPAN CLASS="c2">&nbsp;</SPAN><SPAN CLASS="c2">&nbsp;<BR>Nacional Edici&oacute;n</SPAN></P>
</DIV>
<BR><DIV CLASS="c5"><P CLASS="c6"><SPAN CLASS="c7">El Gobierno, seguro de que &quot;habr&aacute; una sentencia justa&quot;</SPAN></P>
</DIV>
<BR><DIV CLASS="c5"><P CLASS="c6"><SPAN CLASS="c9">BYLINE: </SPAN><SPAN CLASS="c2">FRANCESCO MANETTO</SPAN></P>
</DIV>
<BR><DIV CLASS="c5"><P CLASS="c6"><SPAN CLASS="c9">SECTION: </SPAN><SPAN CLASS="c2">ESPA&ntilde;A; Base; P&aacute;g. 15</SPAN></P>
</DIV>
<BR><DIV CLASS="c5"><P CLASS="c6"><SPAN CLASS="c9">LENGTH: </SPAN><SPAN CLASS="c2">678 words</SPAN></P>
</DIV>
<BR><DIV CLASS="c5"><P CLASS="c6"><SPAN CLASS="c9">DATELINE: </SPAN><SPAN CLASS="c2">Madrid </SPAN></P>
</DIV>
<BR><DIV CLASS="c5"><BR><P CLASS="c6"><SPAN CLASS="c9">HIGHLIGHT:</SPAN><SPAN CLASS="c2">&nbsp;PP, PSOE, Podemos y </SPAN><SPAN CLASS="c4">Ciudadanos</SPAN><SPAN CLASS="c2"> coinciden en que el proceso demuestra que &quot;la justicia es igual para todos&quot;<BR></SPAN></P>
</DIV>
<BR><DIV CLASS="c5"><P CLASS="c10"><SPAN CLASS="c2">El Gobierno est&aacute; convencido de que el juicio del caso N&oacute;os, que sienta a la infanta Cristina en el banquillo, se resolver&aacute; con una &quot;sentencia justa&quot;. As&iacute; lo manifest&oacute; ayer el ministro de Justicia en funciones, Rafael Catal&aacute;, quien destac&oacute; la eficacia del sistema judicial. &quot;Todos estamos sometidos a la ley y al derecho, sin que ninguna diferencia de car&aacute;cter social, econ&oacute;mico o de origen personal genere ning&uacute;n espacio de impunidad&quot;, afirm&oacute;.</SPAN></P>
<P CLASS="c10"><SPAN CLASS="c2">El ministro se mostr&oacute; seguro, tras el acto de inauguraci&oacute;n del curso de la promoci&oacute;n de fiscales. de que este procedimiento supondr&aacute; &quot;un ejemplo m&aacute;s&quot; de que en Espa&ntilde;a hay una Justicia &quot;profesional e independiente&quot; que va a juzgar los hechos &quot;con absoluta objetividad, con rigor y calidad jur&iacute;dica&quot;. &quot;Por tanto&quot;, agreg&oacute;, &quot;habr&aacute; una sentencia justa y ser&aacute; acreditativo de que la justicia funciona&quot;.</SPAN><SPAN CLASS="c2">&nbsp;</SPAN></P>
<P CLASS="c10"><SPAN CLASS="c2">El l&iacute;der del PSOE, Pedro S&aacute;nchez, recalc&oacute; que &quot;la justicia es igual para todos&quot;, pero puso el acento en un aspecto distinto del procedimiento. El secretario de los socialistas reiter&oacute; su posici&oacute;n de que la Infanta deber&iacute;a renunciar a sus derechos sucesorios a la Corona por su vinculaci&oacute;n con el caso N&oacute;os, al margen de la sentencia del tribunal. Afirm&oacute; que esa es su convicci&oacute;n &quot;como dirigente del PSOE y como </SPAN><SPAN CLASS="c4">ciudadano</SPAN><SPAN CLASS="c2">&quot;.</SPAN></P>
<P CLASS="c10"><SPAN CLASS="c2">El vicesecretario de Comunicaci&oacute;n del PP, Pablo Casado, por su parte, quiso centrarse en la figura de Felipe VI. Asegur&oacute; que el Monarca ha actuado de forma &quot;impecable&quot; y dej&oacute; claro el apoyo de su partido a la Casa del Rey. &quot;Y evidentemente&quot;, agreg&oacute; en una comparecencia en la sede del PP, &quot;lo que s&iacute; que pedimos es que no se intente generalizar un caso con toda una instituci&oacute;n que, precisamente, ha sido una pieza fundamental para que Espa&ntilde;a est&eacute; disfrutando del periodo m&aacute;s pr&oacute;spero de toda su historia&quot;.</SPAN></P>
<P CLASS="c10"><SPAN CLASS="c2">Diputado y juez</SPAN></P>
<P CLASS="c10"><SPAN CLASS="c2">El juez Juan Pedro Yllanes era hasta el pasado mes de noviembre el magistrado encargado de presidir el tribunal del caso N&oacute;os. Tras integrarse en las listas de Podemos y renunciar a ese cometido, Yllanes fue elegido el 20-D diputado por Baleares. Ayer calific&oacute; de &quot;signo de absoluta normalidad democr&aacute;tica&quot; el hecho de que la infanta Cristina y su marido, I&ntilde;aki Urdangar&iacute;n, se sienten en el banquillo. En l&iacute;nea con los mensajes de Catal&aacute; y S&aacute;nchez, tambi&eacute;n este juez en excedencia considera que &quot;esto demuestra que en este pa&iacute;s la justicia es igual para todos&quot;.</SPAN></P>
<P CLASS="c10"><SPAN CLASS="c2">Yllanes, que fue el encargado del partido de Pablo Iglesias de valorar el arranque del juicio, se acerc&oacute; al exterior del edificio de Palma de Mallorca donde se celebran las vistas. Preguntado por los periodistas, Yllanes subray&oacute; la &quot;independencia y preparaci&oacute;n t&eacute;cnica impecable&quot; de las tres juezas que forman el tribunal: Samantha Romero, Eleonor Moy&agrave; y Roc&iacute;o Mart&iacute;n, que, en su opini&oacute;n, &quot;reflejan el futuro&quot; de la Administraci&oacute;n de Justicia en Espa&ntilde;a -mayoritariamente integrada por mujeres-, informa Efe.</SPAN></P>
<P CLASS="c10"><SPAN CLASS="c2">El diputado de Podemos, que ma&ntilde;ana participar&aacute; en Madrid en la sesi&oacute;n constitutiva de las Cortes, se pronunci&oacute; tambi&eacute;n sobre la aplicaci&oacute;n de la denominada doctrina Bot&iacute;n a la infanta Cristina. En su opini&oacute;n, se trata de una decisi&oacute;n que el tribunal debe &quot;meditar y deliberar&quot; y, al margen de la resoluci&oacute;n definitiva, se mostr&oacute; convencido de que ser&aacute; &quot;ajustada a derecho&quot;.</SPAN></P>
<P CLASS="c10"><SPAN CLASS="c2">Tambi&eacute;n In&eacute;s Arrimadas, l&iacute;der de </SPAN><SPAN CLASS="c4">Ciudadanos</SPAN><SPAN CLASS="c2"> en el Parlamento de Catalu&ntilde;a, manifest&oacute; que la celebraci&oacute;n del juicio &quot;es muestra de que la justicia es igual para todos&quot;. &quot;Es una buena noticia tener un sistema que incluso siente en el banquillo a personas de la familia real&quot;, afirm&oacute; la dirigente de la formaci&oacute;n que lidera </SPAN><SPAN CLASS="c4">Albert Rivera.</SPAN></P>
<P CLASS="c10"><SPAN CLASS="c2">Arrimadas insisti&oacute; en que no es bueno que haya corrupci&oacute;n, aunque valor&oacute; los instrumentos del Estado de derecho para perseguir todos los casos. &quot;La justicia tiene que ser igual para todos. Si se investiga un caso de corrupci&oacute;n no puede haber personas que est&eacute;n al margen&quot;, zanj&oacute;.</SPAN></P>
<P CLASS="c10"><SPAN CLASS="c2">Podemos y </SPAN><SPAN CLASS="c4">Ciudadanos</SPAN><SPAN CLASS="c2">, las dos formaciones que el pasado 20 de diciembre rompieron el esquema bipartidista con su ingreso en el Parlamento, se pronunciaron sobre el juicio en t&eacute;rminos muy parecidos a los de los dos principales partidos.</SPAN></P>
</DIV>
<BR><DIV CLASS="c5"><P CLASS="c6"><SPAN CLASS="c9">LANGUAGE: </SPAN><SPAN CLASS="c2">SPANISH; ESPA&Ntilde;OL</SPAN></P>
</DIV>
<BR><DIV CLASS="c5"><P CLASS="c6"><SPAN CLASS="c9">PUBLICATION-TYPE: </SPAN><SPAN CLASS="c2">Peri&oacute;dico</SPAN></P>
</DIV>
<BR><DIV CLASS="c5"><P CLASS="c6"><SPAN CLASS="c9">SUBJECT: </SPAN><SPAN CLASS="c2">Pol&iacute;tica (93%); Justicia, Ministerio del Interior y Los Ministerios de Asuntos Constitucionales (66%)</SPAN></P>
</DIV>
<BR><DIV CLASS="c5"><P CLASS="c6"><SPAN CLASS="c9">IPTC SUBJECT: </SPAN><SPAN CLASS="c2">Politica</SPAN></P>
</DIV>
<BR><DIV CLASS="c5"><P CLASS="c6"><SPAN CLASS="c9">LOAD-DATE: </SPAN><SPAN CLASS="c2">January 11, 2016</SPAN></P>
</DIV>
<BR><DIV CLASS="c0"><BR><P CLASS="c1"><SPAN CLASS="c2">Copyright 2016 El Pais Internacional S.A.<BR>All Rights Reserved</SPAN></P>
</DIV>
</BODY>
</HTML>