<HTML>
<HEAD>
<STYLE TYPE="text/css">
.c0 { text-align: center; }
.c1 { text-align: center; margin-top: 0em; margin-bottom: 0em; }
.c2 { font-family: 'Courier New',Courier; font-size: 10pt; font-style: normal; font-weight: normal; color: #000000; text-decoration: none; }
.c3 { text-align: center; margin-left: 13%; margin-right: 13%; }
.c4 { font-family: 'Courier New',Courier; font-size: 10pt; font-style: normal; font-weight: bold; color: #CC0033; text-decoration: none; }
.c5 { text-align: left; }
.c6 { text-align: left; margin-top: 0em; margin-bottom: 0em; }
.c7 { font-family: 'Courier New',Courier; font-size: 14pt; font-style: normal; font-weight: bold; color: #000000; text-decoration: none; }
.c8 { font-family: 'Courier New',Courier; font-size: 14pt; font-style: normal; font-weight: bold; color: #CC0033; text-decoration: none; }
.c9 { font-family: 'Courier New',Courier; font-size: 10pt; font-style: normal; font-weight: bold; color: #000000; text-decoration: none; }
.c10 { text-align: left; margin-top: 1em; margin-bottom: 0em; }
.c11 { page-break-before: always; }
</STYLE>
</HEAD>
<BODY>
<BR><DIV CLASS="c0"><P CLASS="c1"><SPAN CLASS="c2">195 of 935 DOCUMENTS</SPAN></P>
</DIV>
<BR><DIV CLASS="c0"><BR><P CLASS="c1"><IMG SRC="http://www.lexisnexis.com/lnacui2api/results/docview/attachRetrieve.do?smi=LOGOS&key=38401&componentseq=1&type=logo&inline=y" ALT="http://www.lexisnexis.com/lnacui2api/results/docview/attachRetrieve.do?smi=LOGOS&key=38401&componentseq=1&type=logo&inline=y"><BR><SPAN CLASS="c2">El Pais</SPAN></P>
</DIV>
<BR><DIV CLASS="c3"><P CLASS="c1"><SPAN CLASS="c4">December</SPAN><SPAN CLASS="c2"> 1, 2015 Tuesday</SPAN><SPAN CLASS="c2">&nbsp;</SPAN><SPAN CLASS="c2">&nbsp;<BR>2&ordf; Ed. Madrid Edici&oacute;n</SPAN></P>
</DIV>
<BR><DIV CLASS="c5"><P CLASS="c6"><SPAN CLASS="c7">Cr&iacute;tica un&aacute;nime a la reforma laboral del PP y divergencias en las alternativas planteadas</SPAN></P>
</DIV>
<BR><DIV CLASS="c5"><P CLASS="c6"><SPAN CLASS="c9">BYLINE: </SPAN><SPAN CLASS="c2">J. S&Eacute;RVULO GONZ&Aacute;LEZ / ALEJANDRO BOLA&Ntilde;OS</SPAN></P>
</DIV>
<BR><DIV CLASS="c5"><P CLASS="c6"><SPAN CLASS="c9">SECTION: </SPAN><SPAN CLASS="c2">ESPA&ntilde;A; Base; P&aacute;g. 18 [AN] ECONOM&Iacute;A Y EMPLEO. Posici&oacute;n com&uacute;n contra una de las principales medidas de Rajoy</SPAN></P>
</DIV>
<BR><DIV CLASS="c5"><P CLASS="c6"><SPAN CLASS="c9">LENGTH: </SPAN><SPAN CLASS="c2">472 words</SPAN></P>
</DIV>
<BR><DIV CLASS="c5"><P CLASS="c6"><SPAN CLASS="c9">DATELINE: </SPAN><SPAN CLASS="c2">Madrid </SPAN></P>
</DIV>
<BR><DIV CLASS="c5"><P CLASS="c10"><SPAN CLASS="c2">El rechazo a la reforma laboral del PP fue el principal punto en el que coincidieron los tres candidatos durante su intervenci&oacute;n en el bloque econ&oacute;mico del debate. Pedro S&aacute;nchez remarc&oacute; que derogar&aacute; &quot;toda la reforma laboral&quot; de un Rajoy ausente. </SPAN><SPAN CLASS="c4">Albert</SPAN><SPAN CLASS="c2">&nbsp;</SPAN><SPAN CLASS="c4">Rivera</SPAN><SPAN CLASS="c2"> y Pablo Iglesias trataron de explicar sus propuestas, entre las que destacaron el contrato &uacute;nico de </SPAN><SPAN CLASS="c4">Ciudadanos</SPAN><SPAN CLASS="c2"> y la renta garantizada de Podemos.</SPAN><SPAN CLASS="c2">&nbsp;</SPAN></P>
<P CLASS="c10"><SPAN CLASS="c2">Con el desempleo a&uacute;n en niveles escalofriantes (21,8%), fueron las f&oacute;rmulas para combatir el paro y la precariedad laboral las que centraron buena parte del bloque econ&oacute;mico del debate organizado por EL PA&Iacute;S entre candidatos a la presidencia del Gobierno. Pedro S&aacute;nchez, </SPAN><SPAN CLASS="c4">Albert</SPAN><SPAN CLASS="c2">&nbsp;</SPAN><SPAN CLASS="c4">Rivera</SPAN><SPAN CLASS="c2"> y Pablo Iglesias coincidieron en criticar la reforma laboral del PP, y se enzarzaron al plantear alternativas.</SPAN></P>
<P CLASS="c10"><SPAN CLASS="c2">S&aacute;nchez se&ntilde;al&oacute; hasta en tres ocasiones que derogar&aacute; &quot;toda&quot; la reforma laboral de los populares, que, dijo, ha tra&iacute;do &quot;m&aacute;s paro y m&aacute;s desigualdad&quot;. &quot;Para m&iacute; no es una opci&oacute;n, es una obligaci&oacute;n derogar la reforma laboral&quot;, insisti&oacute; el l&iacute;der del PSOE. Iglesias expres&oacute; sus dudas de que el PSOE vaya a hacer todo lo que promete en la campa&ntilde;a electoral. &quot;Cuando se hacen ciertas propuestas hay que resultar cre&iacute;ble&quot;, indic&oacute; el l&iacute;der de Podemos, en referencia a otros cambios legales realizados por los socialistas. Por su parte, </SPAN><SPAN CLASS="c4">Albert</SPAN><SPAN CLASS="c2">&nbsp;</SPAN><SPAN CLASS="c4">Rivera</SPAN><SPAN CLASS="c2"> insisti&oacute; en proponer el contrato &uacute;nico -un contrato fijo con coste de indemnizaci&oacute;n creciente seg&uacute;n el tiempo transcurrido- como alternativa para ofrecer empleo estable desde el principio a los j&oacute;venes. &quot;Hay una derecha que plantea un contrato &uacute;nico, que pretende generalizar la precariedad. Se resume en que cuanto antes se despida, menos cuesta&quot;, atac&oacute; S&aacute;nchez al dirigente de </SPAN><SPAN CLASS="c4">Ciudadanos</SPAN><SPAN CLASS="c2">.</SPAN></P>
<P CLASS="c10"><SPAN CLASS="c2">Rivera aprovech&oacute; que abr&iacute;a turno para intentar marcar el debate con la idea de que su partido es el &uacute;nico que plantea propuestas concretas. Y lanz&oacute; tres: complemento salarial para los trabajadores con menos ingresos, el citado contrato &uacute;nico y reforma del r&eacute;gimen de aut&oacute;nomos para que paguen cotizaciones sociales en funci&oacute;n de lo que facturen.</SPAN></P>
<P CLASS="c10"><SPAN CLASS="c2">S&aacute;nchez centr&oacute; su primera intervenci&oacute;n en criticar a un ausente Mariano Rajoy. Y, tras enumerar varios avances sociales bajo Gobiernos socialistas, se comprometi&oacute; a reforzar el poder de los trabajadores en la negociaci&oacute;n colectiva, una vez derogada la reforma laboral del PP. El l&iacute;der de Podemos tambi&eacute;n dedic&oacute; su primera intervenci&oacute;n a las iniciativas, como la creaci&oacute;n de un plan nacional de transici&oacute;n energ&eacute;tica, que, asegur&oacute;, servir&iacute;a para crear 300.000 empleos, o medidas para luchar contra el fraude fiscal.</SPAN></P>
<P CLASS="c10"><SPAN CLASS="c2">Tambi&eacute;n defendi&oacute; la necesidad de rebajar el IVA para lograr &quot;una fiscalidad m&aacute;s progresiva&quot;. Los tres recuperaron sus ideas para atajar la pobreza: </SPAN><SPAN CLASS="c4">Ciudadanos</SPAN><SPAN CLASS="c2"> plante&oacute; un complemento salarial; Podemos, una renta garantizada, y el PSOE un m&iacute;nimo vital.</SPAN></P>
</DIV>
<BR><DIV CLASS="c5"><P CLASS="c6"><SPAN CLASS="c9">LANGUAGE: </SPAN><SPAN CLASS="c2">SPANISH; ESPA&Ntilde;OL</SPAN></P>
</DIV>
<BR><DIV CLASS="c5"><P CLASS="c6"><SPAN CLASS="c9">PUBLICATION-TYPE: </SPAN><SPAN CLASS="c2">Peri&oacute;dico</SPAN></P>
</DIV>
<BR><DIV CLASS="c5"><P CLASS="c6"><SPAN CLASS="c9">SUBJECT: </SPAN><SPAN CLASS="c2">Pol&iacute;tica (93%)</SPAN></P>
</DIV>
<BR><DIV CLASS="c5"><P CLASS="c6"><SPAN CLASS="c9">IPTC SUBJECT: </SPAN><SPAN CLASS="c2">Politica</SPAN></P>
</DIV>
<BR><DIV CLASS="c5"><P CLASS="c6"><SPAN CLASS="c9">LOAD-DATE: </SPAN><SPAN CLASS="c2">November 30, 2015</SPAN></P>
</DIV>
<BR><DIV CLASS="c0"><BR><P CLASS="c1"><SPAN CLASS="c2">Copyright 2015 El Pais Internacional S.A.<BR>All Rights Reserved</SPAN></P>
</DIV>
</BODY>
</HTML>