<HTML>
<HEAD>
<STYLE TYPE="text/css">
.c0 { text-align: center; }
.c1 { text-align: center; margin-top: 0em; margin-bottom: 0em; }
.c2 { font-family: 'Courier New',Courier; font-size: 10pt; font-style: normal; font-weight: normal; color: #000000; text-decoration: none; }
.c3 { text-align: center; margin-left: 13%; margin-right: 13%; }
.c4 { font-family: 'Courier New',Courier; font-size: 10pt; font-style: normal; font-weight: bold; color: #CC0033; text-decoration: none; }
.c5 { text-align: left; }
.c6 { text-align: left; margin-top: 0em; margin-bottom: 0em; }
.c7 { font-family: 'Courier New',Courier; font-size: 14pt; font-style: normal; font-weight: bold; color: #000000; text-decoration: none; }
.c8 { font-family: 'Courier New',Courier; font-size: 14pt; font-style: normal; font-weight: bold; color: #CC0033; text-decoration: none; }
.c9 { font-family: 'Courier New',Courier; font-size: 10pt; font-style: normal; font-weight: bold; color: #000000; text-decoration: none; }
.c10 { text-align: left; margin-top: 1em; margin-bottom: 0em; }
.c11 { page-break-before: always; }
</STYLE>
</HEAD>
<BODY>
<BR><DIV CLASS="c0"><P CLASS="c1"><SPAN CLASS="c2">44 of 935 DOCUMENTS</SPAN></P>
</DIV>
<BR><DIV CLASS="c0"><BR><P CLASS="c1"><IMG SRC="http://www.lexisnexis.com/lnacui2api/results/docview/attachRetrieve.do?smi=LOGOS&key=38401&componentseq=1&type=logo&inline=y" ALT="http://www.lexisnexis.com/lnacui2api/results/docview/attachRetrieve.do?smi=LOGOS&key=38401&componentseq=1&type=logo&inline=y"><BR><SPAN CLASS="c2">El Pais</SPAN></P>
</DIV>
<BR><DIV CLASS="c3"><P CLASS="c1"><SPAN CLASS="c4">November</SPAN><SPAN CLASS="c2"> 30, 2015 Monday</SPAN><SPAN CLASS="c2">&nbsp;</SPAN><SPAN CLASS="c2">&nbsp;<BR>2&ordf; Ed. Madrid Edici&oacute;n</SPAN></P>
</DIV>
<BR><DIV CLASS="c5"><P CLASS="c6"><SPAN CLASS="c7">El PP usa su programa para compararse con </SPAN><SPAN CLASS="c8">Ciudadanos</SPAN></P>
</DIV>
<BR><DIV CLASS="c5"><P CLASS="c6"><SPAN CLASS="c9">BYLINE: </SPAN><SPAN CLASS="c2">JAVIER CASQUEIRO</SPAN></P>
</DIV>
<BR><DIV CLASS="c5"><P CLASS="c6"><SPAN CLASS="c9">SECTION: </SPAN><SPAN CLASS="c2">ESPA&ntilde;A; Base; P&aacute;g. 20</SPAN></P>
</DIV>
<BR><DIV CLASS="c5"><P CLASS="c6"><SPAN CLASS="c9">LENGTH: </SPAN><SPAN CLASS="c2">606 words</SPAN></P>
</DIV>
<BR><DIV CLASS="c5"><P CLASS="c6"><SPAN CLASS="c9">DATELINE: </SPAN><SPAN CLASS="c2">Madrid </SPAN></P>
</DIV>
<BR><DIV CLASS="c5"><P CLASS="c10"><SPAN CLASS="c2">El auge en las encuestas, como la de ayer de Metroscopia para EL PA&Iacute;S que situaba a </SPAN><SPAN CLASS="c4">Ciudadanos</SPAN><SPAN CLASS="c2"> unas d&eacute;cimas por delante del PP y con posibilidades de ganar, y la valoraci&oacute;n y el papel que su l&iacute;der, </SPAN><SPAN CLASS="c4">Albert</SPAN><SPAN CLASS="c2">&nbsp;</SPAN><SPAN CLASS="c4">Rivera</SPAN><SPAN CLASS="c2">, est&aacute; adquiriendo en los debates electorales preocupa e inquieta en el PP. Tanto que los populares han ideado incluso un &quot;comparador&quot; de programas que pondr&aacute;n en marcha el 7 de diciembre para desenmascarar &quot;las ambig&uuml;edades&quot; e ideas &quot;modernas&quot; de su rival. El PP ya ataca directamente a </SPAN><SPAN CLASS="c4">Ciudadanos</SPAN><SPAN CLASS="c2"> cuando presenta su propuesta.</SPAN><SPAN CLASS="c2">&nbsp;</SPAN></P>
<P CLASS="c10"><SPAN CLASS="c2">La batalla electoral se aprieta y el PP es consciente del da&ntilde;o que le est&aacute; ocasionando el empuje de </SPAN><SPAN CLASS="c4">Ciudadanos</SPAN><SPAN CLASS="c2"> y su cabeza de lista. El sondeo de Metroscopia publicado por EL PA&Iacute;S, en el que la formaci&oacute;n de </SPAN><SPAN CLASS="c4">Albert</SPAN><SPAN CLASS="c2">&nbsp;</SPAN><SPAN CLASS="c4">Rivera</SPAN><SPAN CLASS="c2"> se coloca empatada con PP y PSOE con un 22% de los votos y opciones de ganar, caus&oacute; conmoci&oacute;n y gener&oacute; incredulidad. Las encuestas propias siguen d&aacute;ndole al PP entre el 26% y el 29% de los votos, que supondr&iacute;an entre 110 y 135 esca&ntilde;os, y sobre todo, le ubican en primera posici&oacute;n con m&aacute;s de seis puntos de ventaja sobre los socialistas. Ese panorama le permitir&iacute;a gobernar. Pero en el PP constatan tambi&eacute;n que estas elecciones son diferentes, que </SPAN><SPAN CLASS="c4">Ciudadanos</SPAN><SPAN CLASS="c2"> y Podemos no tienen recuerdo de voto de los electores sobre lo que sucedi&oacute; en 2011, y que la campa&ntilde;a ser&aacute; determinante para movilizar el voto vol&aacute;til que ahora parece decantarse por Rivera, quien parece m&aacute;s joven, fresco y nuevo.</SPAN></P>
<P CLASS="c10"><SPAN CLASS="c2">El candidato Rajoy lleva d&iacute;as remarcando que gobernar no es f&aacute;cil y que es m&aacute;s complicado que opinar en una tertulia. Luego completa el aserto con su promoci&oacute;n y la de su partido como un equipo completo, serio y experimentado, con un programa y un bagaje detr&aacute;s. Los teloneros, se llamen Andrea Levy o Dolores de Cospedal, remachan la estrategia apuntando que &quot;no todos los partidos ni todos los l&iacute;deres ni todas las ideolog&iacute;as son lo mismo, aunque se disfracen y vayan de modernos&quot;. Levy lo dice para referirse a otros, en alusi&oacute;n a </SPAN><SPAN CLASS="c4">Ciudadanos</SPAN><SPAN CLASS="c2">, y Cospedal les cita expresamente para compararse: &quot;</SPAN><SPAN CLASS="c4">Ciudadanos</SPAN><SPAN CLASS="c2"> no son como nosotros porque nosotros no vamos con ambig&uuml;edades por la vida; tenemos ideas y hemos gobernado&quot;.</SPAN></P>
<P CLASS="c10"><SPAN CLASS="c2">Levy reconoci&oacute; ayer, en la presentaci&oacute;n del bloque de propuestas de regeneraci&oacute;n, el da&ntilde;o que les est&aacute;n infligiendo </SPAN><SPAN CLASS="c4">Ciudadanos</SPAN><SPAN CLASS="c2"> y Rivera al anunciar que el PP pondr&aacute; en marcha el 7 de diciembre en su web, ya en campa&ntilde;a, un &quot;comparador de programas&quot;.</SPAN></P>
<P CLASS="c10"><SPAN CLASS="c2">&quot;Solo venden humo&quot;</SPAN></P>
<P CLASS="c10"><SPAN CLASS="c2">El PP cree as&iacute; que si los electores estudian las diferentes alternativas pol&iacute;ticas se dar&aacute;n cuenta &quot;de que no hay comparaci&oacute;n posible entre los que solo venden humo y palabras y los que tienen experiencia de gesti&oacute;n y responsabilidad con Espa&ntilde;a&quot;.</SPAN></P>
<P CLASS="c10"><SPAN CLASS="c2">El cap&iacute;tulo del programa La Espa&ntilde;a que queremos, en el que el PP engloba sus propuestas sobre regeneraci&oacute;n de las instituciones, la justicia y la corrupci&oacute;n, sirvi&oacute; de cancha para exponer algunas diferencias con los dem&aacute;s grupos, y especialmente con </SPAN><SPAN CLASS="c4">Ciudadanos</SPAN><SPAN CLASS="c2">. &quot;El programa del PP no es de extravagancias ni imposible de cumplir, aunque tenga algunas ideas llamativas&quot;, reconoci&oacute; Cospedal tras alabar la bater&iacute;a de planes, estrategias y retoques legislativos para modernizar la justicia que acababa de glosar de un tir&oacute;n el ministro del ramo, Rafael Catal&aacute;.</SPAN></P>
<P CLASS="c10"><SPAN CLASS="c2">Levy y Cospedal coincidieron tambi&eacute;n al descalificar como &quot;modernos&quot; a los que abogan por reformar la Constituci&oacute;n de 1978. El PP no quiere tocarla y menos ahora &quot;para destrozarla por la puerta de atr&aacute;s&quot;, dijo Cospedal. Su programa se reafirma en reforzar los valores de ese texto. Si otros partidos, en la pr&oacute;xima legislatura, impulsan su revisi&oacute;n el PP estar&aacute; en esa ponencia y llevar&aacute; sus alternativas.</SPAN></P>
</DIV>
<BR><DIV CLASS="c5"><P CLASS="c6"><SPAN CLASS="c9">LANGUAGE: </SPAN><SPAN CLASS="c2">SPANISH; ESPA&Ntilde;OL</SPAN></P>
</DIV>
<BR><DIV CLASS="c5"><P CLASS="c6"><SPAN CLASS="c9">PUBLICATION-TYPE: </SPAN><SPAN CLASS="c2">Peri&oacute;dico</SPAN></P>
</DIV>
<BR><DIV CLASS="c5"><P CLASS="c6"><SPAN CLASS="c9">SUBJECT: </SPAN><SPAN CLASS="c2">Pol&iacute;tica (93%)</SPAN></P>
</DIV>
<BR><DIV CLASS="c5"><P CLASS="c6"><SPAN CLASS="c9">IPTC SUBJECT: </SPAN><SPAN CLASS="c2">Politica</SPAN></P>
</DIV>
<BR><DIV CLASS="c5"><P CLASS="c6"><SPAN CLASS="c9">LOAD-DATE: </SPAN><SPAN CLASS="c2">November 29, 2015</SPAN></P>
</DIV>
<BR><DIV CLASS="c0"><BR><P CLASS="c1"><SPAN CLASS="c2">Copyright 2015 El Pais Internacional S.A.<BR>All Rights Reserved</SPAN></P>
</DIV>
</BODY>
</HTML>