<HTML>
<HEAD>
<STYLE TYPE="text/css">
.c0 { text-align: center; }
.c1 { text-align: center; margin-top: 0em; margin-bottom: 0em; }
.c2 { font-family: 'Courier New',Courier; font-size: 10pt; font-style: normal; font-weight: normal; color: #000000; text-decoration: none; }
.c3 { text-align: center; margin-left: 13%; margin-right: 13%; }
.c4 { font-family: 'Courier New',Courier; font-size: 10pt; font-style: normal; font-weight: bold; color: #CC0033; text-decoration: none; }
.c5 { text-align: left; }
.c6 { text-align: left; margin-top: 0em; margin-bottom: 0em; }
.c7 { font-family: 'Courier New',Courier; font-size: 14pt; font-style: normal; font-weight: bold; color: #000000; text-decoration: none; }
.c8 { font-family: 'Courier New',Courier; font-size: 14pt; font-style: normal; font-weight: bold; color: #CC0033; text-decoration: none; }
.c9 { font-family: 'Courier New',Courier; font-size: 10pt; font-style: normal; font-weight: bold; color: #000000; text-decoration: none; }
.c10 { text-align: left; margin-top: 1em; margin-bottom: 0em; }
.c11 { page-break-before: always; }
</STYLE>
</HEAD>
<BODY>
<BR><DIV CLASS="c0"><P CLASS="c1"><SPAN CLASS="c2">164 of 935 DOCUMENTS</SPAN></P>
</DIV>
<BR><DIV CLASS="c0"><BR><P CLASS="c1"><IMG SRC="http://www.lexisnexis.com/lnacui2api/results/docview/attachRetrieve.do?smi=LOGOS&key=38401&componentseq=1&type=logo&inline=y" ALT="http://www.lexisnexis.com/lnacui2api/results/docview/attachRetrieve.do?smi=LOGOS&key=38401&componentseq=1&type=logo&inline=y"><BR><SPAN CLASS="c2">El Pais</SPAN></P>
</DIV>
<BR><DIV CLASS="c3"><P CLASS="c1"><SPAN CLASS="c4">November</SPAN><SPAN CLASS="c2"> 24, 2015 Tuesday</SPAN><SPAN CLASS="c2">&nbsp;</SPAN><SPAN CLASS="c2">&nbsp;<BR>Nacional Edici&oacute;n</SPAN></P>
</DIV>
<BR><DIV CLASS="c5"><P CLASS="c6"><SPAN CLASS="c7">Rivera: &quot;Le pido a Mariano Rajoy que no se esconda&quot;</SPAN></P>
</DIV>
<BR><DIV CLASS="c5"><P CLASS="c6"><SPAN CLASS="c9">BYLINE: </SPAN><SPAN CLASS="c2">JUAN JOS&Eacute; MATEO</SPAN></P>
</DIV>
<BR><DIV CLASS="c5"><P CLASS="c6"><SPAN CLASS="c9">SECTION: </SPAN><SPAN CLASS="c2">ESPA&ntilde;A; Base; P&aacute;g. 22</SPAN></P>
</DIV>
<BR><DIV CLASS="c5"><P CLASS="c6"><SPAN CLASS="c9">LENGTH: </SPAN><SPAN CLASS="c2">518 words</SPAN></P>
</DIV>
<BR><DIV CLASS="c5"><P CLASS="c6"><SPAN CLASS="c9">DATELINE: </SPAN><SPAN CLASS="c2">Madrid </SPAN></P>
</DIV>
<BR><DIV CLASS="c5"><P CLASS="c10"><SPAN CLASS="c4">Albert Rivera</SPAN><SPAN CLASS="c2">, l&iacute;der de </SPAN><SPAN CLASS="c4">Ciudadanos</SPAN><SPAN CLASS="c2">, acus&oacute; ayer a Mariano Rajoy de esconderse y de no querer &quot;dar la cara&quot; por no asistir al debate entre los candidatos a la presidencia del Gobierno que EL PA&Iacute;S celebrar&aacute; el pr&oacute;ximo lunes. La cita, un hito informativo en Espa&ntilde;a al ser el primer encuentro retransmitido por Internet, reunir&aacute; al l&iacute;der del PSOE, Pedro S&aacute;nchez; a su hom&oacute;logo en Podemos, Pablo Iglesias, y al propio Rivera. El presidente del Gobierno ha declinado la invitaci&oacute;n de este diario para confrontar sus propuestas con las del resto de candidatos.</SPAN><SPAN CLASS="c2">&nbsp;</SPAN></P>
<P CLASS="c10"><SPAN CLASS="c2">&quot;Le pido al se&ntilde;or Rajoy que no se esconda, que venga a los debates, que no pasa nada por debatir. Que si tan satisfecho est&aacute; de su gesti&oacute;n, que venga a defenderla&quot;, ret&oacute; ayer Rivera, al que una encuesta de Metroscopia para EL PA&Iacute;S concede el 21,5% de los votos en las elecciones generales del 20-D. &quot;Uno no puede ser presidente del Gobierno sin debatir con sus adversarios&quot;, sigui&oacute; el candidato de </SPAN><SPAN CLASS="c4">Ciudadanos</SPAN><SPAN CLASS="c2">. &quot;Asistir a todos los debates es lo m&iacute;nimo que podemos hacer para recobrar la confianza en la pol&iacute;tica&quot;, subray&oacute;. &quot;La vieja pol&iacute;tica sigue teniendo miedo al debate, sigue teniendo miedo al cuerpo a cuerpo y a dar la cara ante los </SPAN><SPAN CLASS="c4">ciudadanos</SPAN><SPAN CLASS="c2">, y por eso seguramente los espa&ntilde;oles est&aacute;n decidiendo votar a otros partidos, porque no nos sirve un modelo en el que no se da la cara&quot;.</SPAN></P>
<P CLASS="c10"><SPAN CLASS="c2">El presidente Rajoy ha declinado la invitaci&oacute;n de este diario para participar en el debate. No fue, sin embargo, el &uacute;nico candidato criticado ayer por Rivera. El l&iacute;der de </SPAN><SPAN CLASS="c4">Ciudadanos</SPAN><SPAN CLASS="c2"> tambi&eacute;n afe&oacute; a S&aacute;nchez que, seg&uacute;n su versi&oacute;n, no haya aceptado por ahora otras propuestas de debate a las que &eacute;l s&iacute; est&aacute; dispuesto a acudir, como la de Antena 3, o que haya rechazado una entrevista en La Sexta.</SPAN></P>
<P CLASS="c10"><SPAN CLASS="c2">&quot;Vieja&quot; y &quot;nueva pol&iacute;tica&quot;</SPAN></P>
<P CLASS="c10"><SPAN CLASS="c4">Ciudadanos</SPAN><SPAN CLASS="c2"> y Podemos han aceptado todas las propuestas de debate multipartido que han recibido hasta ahora. Rivera y Pablo Iglesias, l&iacute;deres de las dos formaciones emergentes, protagonizaron en octubre un programa en La Sexta en el que compararon sus propuestas electorales. Que ni el PP ni el PSOE se hayan mostrado dispuestos a hacer lo mismo permiti&oacute; ayer que Rivera distinguiera entre &quot;vieja&quot; y &quot;nueva pol&iacute;tica&quot; y que advirtiera de &quot;un problema de regeneraci&oacute;n democr&aacute;tica profundo en esos partidos&quot;. &quot;La regeneraci&oacute;n pol&iacute;tica tambi&eacute;n es dar la cara, dar cuentas&quot;, dijo el candidato. Y a&ntilde;adi&oacute;: &quot;Le pido a S&aacute;nchez que en lugar de hablar de </SPAN><SPAN CLASS="c4">Ciudadanos</SPAN><SPAN CLASS="c2"> desde las entrevistas o los mon&oacute;logos, hagamos un debate y podamos hablar de nuestro programa y del suyo, contrastando y argumentando&quot;.</SPAN></P>
<P CLASS="c10"><SPAN CLASS="c2">EL PA&Iacute;S emitir&aacute; el pr&oacute;ximo 30 de noviembre, de 21:00 a 22:30, el primer gran debate electoral de la democracia a trav&eacute;s de Internet. La retransmisi&oacute;n ser&aacute; desde un plat&oacute; con p&uacute;blico y los espectadores que lo presencien en directo podr&aacute;n formular preguntas a los candidatos, al igual que los usuarios conectados a la web de EL PA&Iacute;S.</SPAN></P>
<P CLASS="c10"><SPAN CLASS="c2">La emisi&oacute;n mezclar&aacute; el atractivo de la retransmisi&oacute;n televisiva con las posibilidades de interacci&oacute;n que ofrece Internet, en un formato jam&aacute;s empleado en Espa&ntilde;a y que supondr&aacute; el pistoletazo de salida para la campa&ntilde;a electoral del 20-D.</SPAN></P>
</DIV>
<BR><DIV CLASS="c5"><P CLASS="c6"><SPAN CLASS="c9">LANGUAGE: </SPAN><SPAN CLASS="c2">SPANISH; ESPA&Ntilde;OL</SPAN></P>
</DIV>
<BR><DIV CLASS="c5"><P CLASS="c6"><SPAN CLASS="c9">PUBLICATION-TYPE: </SPAN><SPAN CLASS="c2">Peri&oacute;dico</SPAN></P>
</DIV>
<BR><DIV CLASS="c5"><P CLASS="c6"><SPAN CLASS="c9">SUBJECT: </SPAN><SPAN CLASS="c2">Pol&iacute;tica (94%)</SPAN></P>
</DIV>
<BR><DIV CLASS="c5"><P CLASS="c6"><SPAN CLASS="c9">IPTC SUBJECT: </SPAN><SPAN CLASS="c2">Politica</SPAN></P>
</DIV>
<BR><DIV CLASS="c5"><P CLASS="c6"><SPAN CLASS="c9">LOAD-DATE: </SPAN><SPAN CLASS="c2">November 23, 2015</SPAN></P>
</DIV>
<BR><DIV CLASS="c0"><BR><P CLASS="c1"><SPAN CLASS="c2">Copyright 2015 El Pais Internacional S.A.<BR>All Rights Reserved</SPAN></P>
</DIV>
</BODY>
</HTML>