<HTML>
<HEAD>
<STYLE TYPE="text/css">
.c0 { text-align: center; }
.c1 { text-align: center; margin-top: 0em; margin-bottom: 0em; }
.c2 { font-family: 'Courier New',Courier; font-size: 10pt; font-style: normal; font-weight: normal; color: #000000; text-decoration: none; }
.c3 { text-align: center; margin-left: 13%; margin-right: 13%; }
.c4 { font-family: 'Courier New',Courier; font-size: 10pt; font-style: normal; font-weight: bold; color: #CC0033; text-decoration: none; }
.c5 { text-align: left; }
.c6 { text-align: left; margin-top: 0em; margin-bottom: 0em; }
.c7 { font-family: 'Courier New',Courier; font-size: 14pt; font-style: normal; font-weight: bold; color: #000000; text-decoration: none; }
.c8 { font-family: 'Courier New',Courier; font-size: 14pt; font-style: normal; font-weight: bold; color: #CC0033; text-decoration: none; }
.c9 { font-family: 'Courier New',Courier; font-size: 10pt; font-style: normal; font-weight: bold; color: #000000; text-decoration: none; }
.c10 { text-align: left; margin-top: 1em; margin-bottom: 0em; }
.c11 { page-break-before: always; }
</STYLE>
</HEAD>
<BODY>
<BR><DIV CLASS="c0"><P CLASS="c1"><SPAN CLASS="c2">451 of 935 DOCUMENTS</SPAN></P>
</DIV>
<BR><DIV CLASS="c0"><BR><P CLASS="c1"><IMG SRC="http://www.lexisnexis.com/lnacui2api/results/docview/attachRetrieve.do?smi=LOGOS&key=38401&componentseq=1&type=logo&inline=y" ALT="http://www.lexisnexis.com/lnacui2api/results/docview/attachRetrieve.do?smi=LOGOS&key=38401&componentseq=1&type=logo&inline=y"><BR><SPAN CLASS="c2">El Pais</SPAN></P>
</DIV>
<BR><DIV CLASS="c3"><P CLASS="c1"><SPAN CLASS="c4">December</SPAN><SPAN CLASS="c2"> 8, 2015 Tuesday</SPAN><SPAN CLASS="c2">&nbsp;</SPAN><SPAN CLASS="c2">&nbsp;<BR>2&ordf; Ed. Barna Edici&oacute;n</SPAN></P>
</DIV>
<BR><DIV CLASS="c5"><P CLASS="c6"><SPAN CLASS="c7">Los candidatos debaten planes y Santamar&iacute;a defiende la gesti&oacute;n</SPAN></P>
</DIV>
<BR><DIV CLASS="c5"><P CLASS="c6"><SPAN CLASS="c9">BYLINE: </SPAN><SPAN CLASS="c2">FERNANDO GAREA</SPAN></P>
</DIV>
<BR><DIV CLASS="c5"><P CLASS="c6"><SPAN CLASS="c9">SECTION: </SPAN><SPAN CLASS="c2">ESPA&ntilde;A; Base; P&aacute;g. 17</SPAN></P>
</DIV>
<BR><DIV CLASS="c5"><P CLASS="c6"><SPAN CLASS="c9">LENGTH: </SPAN><SPAN CLASS="c2">656 words</SPAN></P>
</DIV>
<BR><DIV CLASS="c5"><P CLASS="c6"><SPAN CLASS="c9">DATELINE: </SPAN><SPAN CLASS="c2">Madrid </SPAN></P>
</DIV>
<BR><DIV CLASS="c5"><P CLASS="c10"><SPAN CLASS="c2">Tres candidatos a la presidencia del Gobierno -Pedro S&aacute;nchez (PSOE), </SPAN><SPAN CLASS="c4">Albert Rivera (Ciudadanos</SPAN><SPAN CLASS="c2">) y Pablo Iglesias (Podemos)- debatieron anoche sobre sus programas y propuestas en Atresmedia, ante la vicepresidenta del Gobierno, Soraya S&aacute;enz de Santamar&iacute;a, quien, en un plano distinto, defendi&oacute; la gesti&oacute;n del Ejecutivo, en ausencia de Mariano Rajoy. Los tres aspirantes a La Moncloa se unieron en acorralar con un duro reproche a la representante del PP por los casos de corrupci&oacute;n que han afectado a su partido y la sacaron del debate.</SPAN></P>
<P CLASS="c10"><SPAN CLASS="c2">Este el segundo debate entre los principales aspirantes a La Moncloa, tras el organizado por EL PA&Iacute;S el 30 de noviembre. No acudi&oacute; el presidente del Gobierno, como tampoco en aquella ocasi&oacute;n, pero en este segundo debate estuvo representado por su n&uacute;mero dos, mientras &eacute;l descansaba en Do&ntilde;ana. S&aacute;enz de Santamar&iacute;a defendi&oacute; la gesti&oacute;n del Ejecutivo casi en cada intervenci&oacute;n.</SPAN><SPAN CLASS="c2">&nbsp;</SPAN></P>
<P CLASS="c10"><SPAN CLASS="c2">Frente a ella, y a otra cosa, los tres candidatos a La Moncloa rivalizaron por presentarse como los &uacute;nicos que pueden liderar el cambio. &quot;Solo si gana el PSOE saldr&aacute; Rajoy de La Moncloa&quot;, explic&oacute; el l&iacute;der socialista desde su primera intervenci&oacute;n para intentar captar el voto &uacute;til frente al PP.</SPAN></P>
<P CLASS="c10"><SPAN CLASS="c2">&quot;La vieja pol&iacute;tica no puede iniciar una nueva etapa pol&iacute;tica&quot;, explic&oacute; el cabeza de lista de </SPAN><SPAN CLASS="c4">Ciudadanos</SPAN><SPAN CLASS="c2">, algo m&aacute;s nervioso. E Iglesias, m&aacute;s emocional, habl&oacute; de la remontada de Podemos en el tramo final de la campa&ntilde;a, contraponiendo tambi&eacute;n a su grupo con los tradicionales, especialmente con el PSOE, contra el que arremeti&oacute; con la idea repetida de que propone una cosa en la oposici&oacute;n y hace otra en el Gobierno.</SPAN></P>
<P CLASS="c10"><SPAN CLASS="c2">En el debate, moderado por Ana Pastor y Vicente Vall&eacute;s, los cuatro abandonaron el tuteo para sustituirlo por expresiones como &quot;se&ntilde;ora S&aacute;enz de Santamar&iacute;a&quot; o &quot;a estos se&ntilde;ores&quot;.</SPAN></P>
<P CLASS="c10"><SPAN CLASS="c2">Sobre econom&iacute;a y empleo, la vicepresidenta defendi&oacute; su gesti&oacute;n con referencias a la situaci&oacute;n que encontr&oacute; cuando llegaron a La Moncloa y varias menciones al rescate evitado en el primer a&ntilde;o en el Gobierno. &quot;&iexcl;C&oacute;mo se nota que no estaban aqu&iacute; hace cuatro a&ntilde;os!&quot;, exclam&oacute;. O &quot;hablar es f&aacute;cil, gobernar es muy dif&iacute;cil&quot;.</SPAN></P>
<P CLASS="c10"><SPAN CLASS="c2">Los tres aspirantes cuestionaron duramente la pol&iacute;tica econ&oacute;mica del PP. El &uacute;nico matiz es que Rivera e Iglesias extendieron la cr&iacute;tica a los &uacute;ltimos 20 a&ntilde;os, es decir, la gesti&oacute;n del PSOE y del PP. Y S&aacute;nchez volvi&oacute; a arremeter contra el contrato &uacute;nico que plantea </SPAN><SPAN CLASS="c4">Ciudadanos</SPAN><SPAN CLASS="c2">. Todos rechazaron m&aacute;s ajustes y los nuevos recortes que plantea Bruselas.</SPAN></P>
<P CLASS="c10"><SPAN CLASS="c2">Muy sola estuvo S&aacute;enz de Santamar&iacute;a en las referencias a la corrupci&oacute;n. &quot;Estamos avergonzados; hemos aprobado el plan m&aacute;s importante de toda la democracia y no hay impunidad&quot;, sostuvo. Se encontr&oacute; de inicio con una intervenci&oacute;n muy dura de Iglesias, quien le record&oacute; el registro en la sede del PP, los papeles de Luis B&aacute;rcenas, el trato a Rodrigo Rato y la amnist&iacute;a fiscal, para concluir que es &quot;el partido de la corrupci&oacute;n&quot;. S&aacute;nchez le recit&oacute; la larga lista de todos los delitos de los que se acusa a miembros del PP y a imputados por el caso G&uuml;rtel. &quot;Este es el motivo por el que el se&ntilde;or Rajoy no est&aacute; aqu&iacute;: los papeles de B&aacute;rcenas incluyen pagos a Rajoy&quot;, remat&oacute; Rivera. El secretario general de Podemos extendi&oacute; la cr&iacute;tica a los socialistas, con el repetido argumento de las puertas giratorias.</SPAN></P>
<P CLASS="c10"><SPAN CLASS="c2">Respecto a Catalu&ntilde;a, los cuatro expusieron sus posiciones conocidas. Iglesias utiliz&oacute; la referencia al refer&eacute;ndum celebrado en la Transici&oacute;n en Andaluc&iacute;a, que, seg&uacute;n &eacute;l, sirvi&oacute; para decidir si esta comunidad segu&iacute;a en Espa&ntilde;a. En realidad, aquella consulta fue para decidir por qu&eacute; v&iacute;a acced&iacute;an los andaluces a la autonom&iacute;a.</SPAN></P>
<P CLASS="c10"><SPAN CLASS="c2">Sobre pactos, Rivera ofreci&oacute; un &quot;Gobierno de apertura con independientes y ministros de otros partidos&quot;. La n&uacute;mero dos del Ejecutivo postul&oacute; que solo gobierne la lista m&aacute;s votada y alert&oacute; de &quot;un tripartito de perdedores&quot;.</SPAN></P>
<P CLASS="c10"><SPAN CLASS="c2">En el &uacute;ltimo mensaje, Iglesias cerr&oacute; con un &quot;no olviden&quot;, repasando la legislatura, dirigido m&aacute;s que el resto a la emoci&oacute;n de los electores.</SPAN></P>
</DIV>
<BR><DIV CLASS="c5"><P CLASS="c6"><SPAN CLASS="c9">LANGUAGE: </SPAN><SPAN CLASS="c2">SPANISH; ESPA&Ntilde;OL</SPAN></P>
</DIV>
<BR><DIV CLASS="c5"><P CLASS="c6"><SPAN CLASS="c9">PUBLICATION-TYPE: </SPAN><SPAN CLASS="c2">Peri&oacute;dico</SPAN></P>
</DIV>
<BR><DIV CLASS="c5"><P CLASS="c6"><SPAN CLASS="c9">SUBJECT: </SPAN><SPAN CLASS="c2">Pol&iacute;tica (93%)</SPAN></P>
</DIV>
<BR><DIV CLASS="c5"><P CLASS="c6"><SPAN CLASS="c9">IPTC SUBJECT: </SPAN><SPAN CLASS="c2">Politica</SPAN></P>
</DIV>
<BR><DIV CLASS="c5"><P CLASS="c6"><SPAN CLASS="c9">LOAD-DATE: </SPAN><SPAN CLASS="c2">December 7, 2015</SPAN></P>
</DIV>
<BR><DIV CLASS="c0"><BR><P CLASS="c1"><SPAN CLASS="c2">Copyright 2015 El Pais Internacional S.A.<BR>All Rights Reserved</SPAN></P>
</DIV>
</BODY>
</HTML>