<HTML>
<HEAD>
<STYLE TYPE="text/css">
.c0 { text-align: center; }
.c1 { text-align: center; margin-top: 0em; margin-bottom: 0em; }
.c2 { font-family: 'Courier New',Courier; font-size: 10pt; font-style: normal; font-weight: normal; color: #000000; text-decoration: none; }
.c3 { text-align: center; margin-left: 13%; margin-right: 13%; }
.c4 { font-family: 'Courier New',Courier; font-size: 10pt; font-style: normal; font-weight: bold; color: #CC0033; text-decoration: none; }
.c5 { text-align: left; }
.c6 { text-align: left; margin-top: 0em; margin-bottom: 0em; }
.c7 { font-family: 'Courier New',Courier; font-size: 14pt; font-style: normal; font-weight: bold; color: #000000; text-decoration: none; }
.c8 { font-family: 'Courier New',Courier; font-size: 14pt; font-style: normal; font-weight: bold; color: #CC0033; text-decoration: none; }
.c9 { font-family: 'Courier New',Courier; font-size: 10pt; font-style: normal; font-weight: bold; color: #000000; text-decoration: none; }
.c10 { text-align: left; margin-top: 1em; margin-bottom: 0em; }
.c11 { page-break-before: always; }
</STYLE>
</HEAD>
<BODY>
<BR><DIV CLASS="c0"><P CLASS="c1"><SPAN CLASS="c2">370 of 935 DOCUMENTS</SPAN></P>
</DIV>
<BR><DIV CLASS="c0"><BR><P CLASS="c1"><IMG SRC="http://www.lexisnexis.com/lnacui2api/results/docview/attachRetrieve.do?smi=LOGOS&key=38401&componentseq=1&type=logo&inline=y" ALT="http://www.lexisnexis.com/lnacui2api/results/docview/attachRetrieve.do?smi=LOGOS&key=38401&componentseq=1&type=logo&inline=y"><BR><SPAN CLASS="c2">El Pais</SPAN></P>
</DIV>
<BR><DIV CLASS="c3"><P CLASS="c1"><SPAN CLASS="c4">December</SPAN><SPAN CLASS="c2"> 30, 2015 Wednesday</SPAN><SPAN CLASS="c2">&nbsp;</SPAN><SPAN CLASS="c2">&nbsp;<BR>1&ordf; Ed. Barna Edici&oacute;n</SPAN></P>
</DIV>
<BR><DIV CLASS="c5"><P CLASS="c6"><SPAN CLASS="c7">Albiol se lanza a renovar el PP tras un a&ntilde;o de fracasos</SPAN></P>
</DIV>
<BR><DIV CLASS="c5"><P CLASS="c6"><SPAN CLASS="c9">BYLINE: </SPAN><SPAN CLASS="c2">&Agrave;NGELS PI&Ntilde;OL</SPAN></P>
</DIV>
<BR><DIV CLASS="c5"><P CLASS="c6"><SPAN CLASS="c9">SECTION: </SPAN><SPAN CLASS="c2">CATALU&ntilde;A; Catalu&ntilde;a; P&aacute;g. 3</SPAN></P>
</DIV>
<BR><DIV CLASS="c5"><P CLASS="c6"><SPAN CLASS="c9">LENGTH: </SPAN><SPAN CLASS="c2">603 words</SPAN></P>
</DIV>
<BR><DIV CLASS="c5"><P CLASS="c6"><SPAN CLASS="c9">DATELINE: </SPAN><SPAN CLASS="c2">Barcelona </SPAN></P>
</DIV>
<BR><DIV CLASS="c5"><P CLASS="c10"><SPAN CLASS="c2">La presidenta del Partido Popular, Alicia S&aacute;nchez-Camacho, alarde&oacute; tras el 20-D de que su formaci&oacute;n qued&oacute; en quinta posici&oacute;n con cinco esca&ntilde;os, los mismos que </SPAN><SPAN CLASS="c4">Ciudadanos</SPAN><SPAN CLASS="c2">. Los populares se agarran a ese clavo ardiendo para maquillar su indiscutible ca&iacute;da libre: han perdido seis diputados y, en solo cinco a&ntilde;os, han pasado de estar en el epicentro de la pol&iacute;tica catalana a retroceder hasta niveles de los a&ntilde;os 90. Xavier Garc&iacute;a Albiol, l&iacute;der de facto de la formaci&oacute;n, aspira a renovar el partido en el congreso de 2016 tomando como ejemplo su gesti&oacute;n en Badalona. Su idea es superar el eje derecha-izquierda y convertir a su partido en referente del antiindependentismo, el modelo que ha catapultado a </SPAN><SPAN CLASS="c4">Ciudadanos</SPAN><SPAN CLASS="c2">. &quot;Todo est&aacute; inventado&quot;, admiten en el partido.</SPAN></P>
<P CLASS="c10"><SPAN CLASS="c2">El desplome del PP pone en cuesti&oacute;n el liderazgo en la sombra que siempre han ejercido los hermanos Jorge y Alberto Fern&aacute;ndez-D&iacute;az: pese a no tener un puesto org&aacute;nico relevante en el partido, poseen una indiscutible influencia en la formaci&oacute;n. Tras el primer aviso de la ca&iacute;da en las europeas de 2014, el PP ha completado este 2015 un ciclo electoral nefasto para sus intereses.</SPAN><SPAN CLASS="c2">&nbsp;</SPAN></P>
<P CLASS="c10"><SPAN CLASS="c2">Alberto Fern&aacute;ndez D&iacute;az, concejal en el Ayuntamiento de Barcelona, pas&oacute; en las municipales de mayo de nueve a tres ediles. El PP, adem&aacute;s, perdi&oacute; sus dos grandes feudos: Badalona y Castelldefels. A Jorge Fern&aacute;ndez D&iacute;az, ministro del Interior en funciones y cabeza visible de los populares el 20-D, tampoco le fue bien. Pas&oacute; de los 715.000 votos de 2011 a 417.000. Por primera vez en una cita electoral, adem&aacute;s, el PP se ha quedado sin diputados en Lleida y Girona. El resultado fue igualmente malo en las auton&oacute;micas, bajo el auspicio de Albiol: de la cuarta plaza (19 diputados) pasaron a ocupa la quinta (con 11) mientras el partido de </SPAN><SPAN CLASS="c4">Albert Rivera</SPAN><SPAN CLASS="c2"> se erig&iacute;a en primer partido de la oposici&oacute;n.</SPAN></P>
<P CLASS="c10"><SPAN CLASS="c2">La direcci&oacute;n admite que las urnas les han pasado varias facturas: la crisis, la corrupci&oacute;n, la gesti&oacute;n del 9-N -vacilante, seg&uacute;n su electorado- y el caso Camarga, que involucr&oacute; a S&aacute;nchez-Camacho en las escuchas de Victoria &Aacute;lvarez, exnovia de Jordi Pujol Ferrusola. El partido admite que </SPAN><SPAN CLASS="c4">Ciudadanos</SPAN><SPAN CLASS="c2"> ha sido el principal beneficiario de esa fuga.</SPAN></P>
<P CLASS="c10"><SPAN CLASS="c2">&quot;Quiero hacer lo mismo que en Badalona: gan&eacute; en 2011 y 2015 porque me votaron desde convergentes hasta socialistas. La sociedad ha evolucionado y ya no es la misma de antes&quot;, sostiene Albiol en los pasillos del Parlament. El diputado, que ha renunciado a ser concejal en Badalona y ha heredado el cargo de senador auton&oacute;mico que ostentaba Camacho, se postular&aacute; como presidente del partido. Fuentes pr&oacute;ximas sostienen que es improbable que haya m&aacute;s candidatos.</SPAN></P>
<P CLASS="c10"><SPAN CLASS="c2">Sometido a un f&eacute;rreo control desde G&eacute;nova -fue Mariano Rajoy el que recurri&oacute; a Camacho para frenar la crisis de 2008 y el que, en 2015, nombr&oacute; a Albiol-, el PP catal&aacute;n admite su end&eacute;mica falta de penetraci&oacute;n y estructura en la Catalu&ntilde;a interior -donde tiene graves dificultades para formar listas en las municipales- y el escaso eco que tienen sus propuestas en Madrid. Hace un a&ntilde;o, los parlamentarios presentaron un documento con decenas de propuestas a La Moncloa y a&uacute;n no se conoce la respuesta. Sin ir m&aacute;s lejos, el mismo Jorge Fern&aacute;ndez defiende el principio de ordinalidad -no perder puestos en el ranking de riqueza tras la aportaci&oacute;n a la caja com&uacute;n- en un modelo de financiaci&oacute;n que fue rechazado por G&eacute;nova. Pero en algo el PP no cambiar&aacute;: Albiol ha defendido varias veces estas semanas que es partidario de aplicar el art&iacute;culo 155 de la Constituci&oacute;n y suspender competencias de la Generalitat si se persiste en ejecutar la declaraci&oacute;n de independencia. Igual que </SPAN><SPAN CLASS="c4">Ciudadanos</SPAN><SPAN CLASS="c2">.</SPAN></P>
</DIV>
<BR><DIV CLASS="c5"><P CLASS="c6"><SPAN CLASS="c9">LANGUAGE: </SPAN><SPAN CLASS="c2">SPANISH; ESPA&Ntilde;OL</SPAN></P>
</DIV>
<BR><DIV CLASS="c5"><P CLASS="c6"><SPAN CLASS="c9">PUBLICATION-TYPE: </SPAN><SPAN CLASS="c2">Peri&oacute;dico</SPAN></P>
</DIV>
<BR><DIV CLASS="c5"><P CLASS="c6"><SPAN CLASS="c9">SUBJECT: </SPAN><SPAN CLASS="c2">Pol&iacute;tica (93%)</SPAN></P>
</DIV>
<BR><DIV CLASS="c5"><P CLASS="c6"><SPAN CLASS="c9">IPTC SUBJECT: </SPAN><SPAN CLASS="c2">Politica; deporte</SPAN></P>
</DIV>
<BR><DIV CLASS="c5"><P CLASS="c6"><SPAN CLASS="c9">LOAD-DATE: </SPAN><SPAN CLASS="c2">December 29, 2015</SPAN></P>
</DIV>
<BR><DIV CLASS="c0"><BR><P CLASS="c1"><SPAN CLASS="c2">Copyright 2015 El Pais Internacional S.A.<BR>All Rights Reserved</SPAN></P>
</DIV>
</BODY>
</HTML>