<HTML>
<HEAD>
<STYLE TYPE="text/css">
.c0 { text-align: center; }
.c1 { text-align: center; margin-top: 0em; margin-bottom: 0em; }
.c2 { font-family: 'Courier New',Courier; font-size: 10pt; font-style: normal; font-weight: normal; color: #000000; text-decoration: none; }
.c3 { text-align: center; margin-left: 13%; margin-right: 13%; }
.c4 { font-family: 'Courier New',Courier; font-size: 10pt; font-style: normal; font-weight: bold; color: #CC0033; text-decoration: none; }
.c5 { text-align: left; }
.c6 { text-align: left; margin-top: 0em; margin-bottom: 0em; }
.c7 { font-family: 'Courier New',Courier; font-size: 14pt; font-style: normal; font-weight: bold; color: #000000; text-decoration: none; }
.c8 { font-family: 'Courier New',Courier; font-size: 14pt; font-style: normal; font-weight: bold; color: #CC0033; text-decoration: none; }
.c9 { font-family: 'Courier New',Courier; font-size: 10pt; font-style: normal; font-weight: bold; color: #000000; text-decoration: none; }
.c10 { text-align: left; margin-top: 1em; margin-bottom: 0em; }
.c11 { page-break-before: always; }
</STYLE>
</HEAD>
<BODY>
<BR><DIV CLASS="c0"><P CLASS="c1"><SPAN CLASS="c2">300 of 935 DOCUMENTS</SPAN></P>
</DIV>
<BR><DIV CLASS="c0"><BR><P CLASS="c1"><IMG SRC="http://www.lexisnexis.com/lnacui2api/results/docview/attachRetrieve.do?smi=LOGOS&key=38401&componentseq=1&type=logo&inline=y" ALT="http://www.lexisnexis.com/lnacui2api/results/docview/attachRetrieve.do?smi=LOGOS&key=38401&componentseq=1&type=logo&inline=y"><BR><SPAN CLASS="c2">El Pais</SPAN></P>
</DIV>
<BR><DIV CLASS="c3"><P CLASS="c1"><SPAN CLASS="c4">November</SPAN><SPAN CLASS="c2"> 23, 2015 Monday</SPAN><SPAN CLASS="c2">&nbsp;</SPAN><SPAN CLASS="c2">&nbsp;<BR>2&ordf; Ed. Madrid Edici&oacute;n</SPAN></P>
</DIV>
<BR><DIV CLASS="c5"><P CLASS="c6"><SPAN CLASS="c7">Rivera acusa a Rajoy de dar &quot;bandazos&quot; en la lucha antiterrorista</SPAN></P>
</DIV>
<BR><DIV CLASS="c5"><P CLASS="c6"><SPAN CLASS="c9">BYLINE: </SPAN><SPAN CLASS="c2">JUAN JOS&Eacute; MATEO</SPAN></P>
</DIV>
<BR><DIV CLASS="c5"><P CLASS="c6"><SPAN CLASS="c9">SECTION: </SPAN><SPAN CLASS="c2">ESPA&ntilde;A; Base; P&aacute;g. 18</SPAN></P>
</DIV>
<BR><DIV CLASS="c5"><P CLASS="c6"><SPAN CLASS="c9">LENGTH: </SPAN><SPAN CLASS="c2">555 words</SPAN></P>
</DIV>
<BR><DIV CLASS="c5"><P CLASS="c6"><SPAN CLASS="c9">DATELINE: </SPAN><SPAN CLASS="c2">Madrid </SPAN></P>
</DIV>
<BR><DIV CLASS="c5"><P CLASS="c10"><SPAN CLASS="c4">Albert Rivera</SPAN><SPAN CLASS="c2"> acus&oacute; ayer al Gobierno de Mariano Rajoy de dar &quot;bandazos&quot; en la pol&iacute;tica antiterrorista porque &quot;piensa en las urnas&quot; del 20-D y pidi&oacute; al PP que no se deje guiar por el &quot;tacticismo electoral&quot;. &quot;Ya jugaron con la pol&iacute;tica antiterrorista en 2004, en ese caso mintiendo, y quieren volver a jugar con esto. Que vayan con cuidado&quot;, dijo el l&iacute;der de </SPAN><SPAN CLASS="c4">Ciudadanos</SPAN><SPAN CLASS="c2">, en referencia a los atentados del 11-M, que el Ejecutivo de Jos&eacute; Mar&iacute;a Aznar atribuy&oacute; en un principio a ETA.</SPAN><SPAN CLASS="c2">&nbsp;</SPAN></P>
<P CLASS="c10"><SPAN CLASS="c2">Esta es la cadena de hechos que, seg&uacute;n Rivera, demuestra el &quot;tacticismo electoral&quot; con el que el Gobierno de Mariano Rajoy afronta la lucha antiterrorista:</SPAN></P>
<P CLASS="c10"><SPAN CLASS="c2">El jueves por la noche, Jos&eacute; Manuel Garc&iacute;a-Margallo, ministro de Exteriores, confirm&oacute; en 13 TV que el Ejecutivo valoraba la posibilidad de enviar tropas espa&ntilde;olas a distintos puntos de &Aacute;frica para relevar a las fuerzas francesas y que estas se pudieran concentrar en Siria, donde opera el autodenominado Estado Isl&aacute;mico. Al d&iacute;a siguiente, la vicepresidenta Soraya S&aacute;enz de Santamar&iacute;a neg&oacute; &quot;rotundamente&quot; que esa opci&oacute;n estuviera sobre la mesa. Entre esas dos declaraciones, un atentado yihadista dej&oacute; 27 muertos en un hotel de Mal&iacute;, pa&iacute;s en el que Espa&ntilde;a habr&iacute;a aumentado su presencia militar de haberse concretado la hip&oacute;tesis asumida por Margallo.</SPAN></P>
<P CLASS="c10"><SPAN CLASS="c2">&quot;Ante la mayor amenaza a nuestro modo de vida, lo que hace falta es estrategia, sentido de Estado, estar juntos y unidos, luchar con cabeza, tambi&eacute;n en Espa&ntilde;a. &iquest;Y qu&eacute; pasa? Que tenemos un Gobierno que dice que las decisiones con respecto al terrorismo las tomar&aacute; despu&eacute;s de las elecciones&quot;, espet&oacute; Rivera ayer en Madrid, durante la presentaci&oacute;n de su lema de campa&ntilde;a (&quot;Con ilusi&oacute;n&quot;), un acto al que asistieron m&aacute;s de 1.000 personas. &quot;&iquest;Alguien piensa que el Estado Isl&aacute;mico, o Al Qaeda, va a tener en cuenta la agenda particular de Rajoy para tomar decisiones sobre el terrorismo?&quot;, se pregunt&oacute; el candidato a La Moncloa. &quot;Me parece muy grave que el Gobierno juegue con esto&quot;, sigui&oacute;. &quot;No tenemos miedo a decir lo que pensamos, ni titubeamos ni hacemos tacticismo local&quot;.</SPAN></P>
<P CLASS="c10"><SPAN CLASS="c2">Desde los atentados yihadistas del 13 de noviembre en Par&iacute;s, </SPAN><SPAN CLASS="c4">Ciudadanos</SPAN><SPAN CLASS="c2"> se ha mostrado a favor de apoyar a Francia por todos los medios y en cualquier &aacute;mbito, siempre que la acci&oacute;n sea &quot;legal, coordinada y bajo el amparo de la UE, la OTAN y la ONU&quot;. La formaci&oacute;n emergente, adem&aacute;s, ha planteado la necesidad de reforzar la lucha contra las redes de captaci&oacute;n yihadista que operan en Espa&ntilde;a; su apoyo a que aumenten los efectivos policiales especializados en detectar a terroristas en las redes sociales; y su disposici&oacute;n a abrir un debate sobre si la Constituci&oacute;n debe recoger art&iacute;culos sobre lucha antiterrorista.</SPAN></P>
<P CLASS="c10"><SPAN CLASS="c2">Pacto antiyihadista</SPAN></P>
<P CLASS="c10"><SPAN CLASS="c2">Rivera envi&oacute; el viernes una carta al presidente Mariano Rajoy y al secretario general del PSOE, Pedro S&aacute;nchez, insistiendo en su petici&oacute;n de incorporarse al pacto antiyihadista, que por ahora solo han firmado los dos principales partidos. El candidato de </SPAN><SPAN CLASS="c4">Ciudadanos</SPAN><SPAN CLASS="c2">, adem&aacute;s, ha conversado por tel&eacute;fono en distintas ocasiones en las &uacute;ltimas semanas con Rajoy, y el presidente se ha mostrado a favor de que la formaci&oacute;n emergente se sume al acuerdo. S&aacute;nchez no se ha pronunciado en p&uacute;blico sobre la cuesti&oacute;n, lo que ha llamado la atenci&oacute;n entre los dirigentes de </SPAN><SPAN CLASS="c4">Ciudadanos</SPAN><SPAN CLASS="c2">, que insisten en su argumento de que las pol&iacute;ticas deben ser &quot;coordinadas&quot;.</SPAN></P>
</DIV>
<BR><DIV CLASS="c5"><P CLASS="c6"><SPAN CLASS="c9">LANGUAGE: </SPAN><SPAN CLASS="c2">SPANISH; ESPA&Ntilde;OL</SPAN></P>
</DIV>
<BR><DIV CLASS="c5"><P CLASS="c6"><SPAN CLASS="c9">PUBLICATION-TYPE: </SPAN><SPAN CLASS="c2">Peri&oacute;dico</SPAN></P>
</DIV>
<BR><DIV CLASS="c5"><P CLASS="c6"><SPAN CLASS="c9">SUBJECT: </SPAN><SPAN CLASS="c2">Pol&iacute;tica (94%); COUNTERTERRORISM (92%); HOTELS &amp; MOTELS (51%)</SPAN></P>
</DIV>
<BR><DIV CLASS="c5"><P CLASS="c6"><SPAN CLASS="c9">IPTC SUBJECT: </SPAN><SPAN CLASS="c2">Politica</SPAN></P>
</DIV>
<BR><DIV CLASS="c5"><P CLASS="c6"><SPAN CLASS="c9">LOAD-DATE: </SPAN><SPAN CLASS="c2">November 22, 2015</SPAN></P>
</DIV>
<BR><DIV CLASS="c0"><BR><P CLASS="c1"><SPAN CLASS="c2">Copyright 2015 El Pais Internacional S.A.<BR>All Rights Reserved</SPAN></P>
</DIV>
</BODY>
</HTML>