<HTML>
<HEAD>
<STYLE TYPE="text/css">
.c0 { text-align: center; }
.c1 { text-align: center; margin-top: 0em; margin-bottom: 0em; }
.c2 { font-family: 'Courier New',Courier; font-size: 10pt; font-style: normal; font-weight: normal; color: #000000; text-decoration: none; }
.c3 { text-align: center; margin-left: 13%; margin-right: 13%; }
.c4 { font-family: 'Courier New',Courier; font-size: 10pt; font-style: normal; font-weight: bold; color: #CC0033; text-decoration: none; }
.c5 { text-align: left; }
.c6 { text-align: left; margin-top: 0em; margin-bottom: 0em; }
.c7 { font-family: 'Courier New',Courier; font-size: 14pt; font-style: normal; font-weight: bold; color: #000000; text-decoration: none; }
.c8 { font-family: 'Courier New',Courier; font-size: 14pt; font-style: normal; font-weight: bold; color: #CC0033; text-decoration: none; }
.c9 { font-family: 'Courier New',Courier; font-size: 10pt; font-style: normal; font-weight: bold; color: #000000; text-decoration: none; }
.c10 { text-align: left; margin-top: 1em; margin-bottom: 0em; }
.c11 { page-break-before: always; }
</STYLE>
</HEAD>
<BODY>
<BR><DIV CLASS="c0"><P CLASS="c1"><SPAN CLASS="c2">346 of 935 DOCUMENTS</SPAN></P>
</DIV>
<BR><DIV CLASS="c0"><BR><P CLASS="c1"><IMG SRC="http://www.lexisnexis.com/lnacui2api/results/docview/attachRetrieve.do?smi=LOGOS&key=38401&componentseq=1&type=logo&inline=y" ALT="http://www.lexisnexis.com/lnacui2api/results/docview/attachRetrieve.do?smi=LOGOS&key=38401&componentseq=1&type=logo&inline=y"><BR><SPAN CLASS="c2">El Pais</SPAN></P>
</DIV>
<BR><DIV CLASS="c3"><P CLASS="c1"><SPAN CLASS="c4">December</SPAN><SPAN CLASS="c2"> 19, 2015 Saturday</SPAN><SPAN CLASS="c2">&nbsp;</SPAN><SPAN CLASS="c2">&nbsp;<BR>Andaluc&iacute;a Edici&oacute;n</SPAN></P>
</DIV>
<BR><DIV CLASS="c5"><P CLASS="c6"><SPAN CLASS="c7">[AN] En el debate constitucional, hace 37 a&ntilde;os, ya se alert&oacute; sobre los inconvenientes del sistema electoral que favorece a los dos principales partidos La importancia de ser segundo</SPAN></P>
</DIV>
<BR><DIV CLASS="c5"><P CLASS="c6"><SPAN CLASS="c9">BYLINE: </SPAN><SPAN CLASS="c2">FERNANDO GAREA</SPAN></P>
</DIV>
<BR><DIV CLASS="c5"><P CLASS="c6"><SPAN CLASS="c9">SECTION: </SPAN><SPAN CLASS="c2">ESPA&ntilde;A; Base; P&aacute;g. 19</SPAN></P>
</DIV>
<BR><DIV CLASS="c5"><P CLASS="c6"><SPAN CLASS="c9">LENGTH: </SPAN><SPAN CLASS="c2">882 words</SPAN></P>
</DIV>
<BR><DIV CLASS="c5"><P CLASS="c6"><SPAN CLASS="c9">DATELINE: </SPAN><SPAN CLASS="c2">Madrid </SPAN></P>
</DIV>
<BR><DIV CLASS="c5"><P CLASS="c10"><SPAN CLASS="c2">&quot;Si el distrito es la provincia, existe un gran n&uacute;mero de provincias con un n&uacute;mero muy peque&ntilde;o de diputados a repartir en cada una, y cuando eso ocurre, la proporcionalidad, especialmente si se usa el m&eacute;todo D'Hont, resulta literalmente imposible. As&iacute; ser&aacute;, por ejemplo, si en una provincia hay s&oacute;lo tres esca&ntilde;os como m&aacute;ximo. Y nos podemos encontrar con que un partido que obtenga un porcentaje del 30% o 35 % de votos, por el juego de este sistema puede llegar a tener la mayor&iacute;a matem&aacute;tica en el Congreso. Y nos encontrar&iacute;amos con que una minor&iacute;a tendr&iacute;a una mayor&iacute;a artificial que no corresponder&iacute;a a la realidad sociol&oacute;gica del pa&iacute;s, y esto nos precipitar&iacute;a a un peligro evidente si la proporci&oacute;n no es estricta, corremos entonces el tremendo peligro del bipartidismo, o, m&aacute;s exactamente, de la creaci&oacute;n de dos grandes bloques&quot;.</SPAN><SPAN CLASS="c2">&nbsp;</SPAN></P>
<P CLASS="c10"><SPAN CLASS="c2">El mismo 12 de julio de 1978 que se aprob&oacute; en el Congreso el sistema electoral incluido en la Constituci&oacute;n, el entonces portavoz del Grupo Comunista, Jordi Sol&eacute;-Tura, ya advirti&oacute; desde la tribuna de las dificultades para cumplir la proporcionalidad considerando la provincia como circunscripci&oacute;n. En todas las elecciones se ha cumplido su profec&iacute;a y este domingo volver&aacute; a ocurrir, incluso m&aacute;s, porque previsiblemente ya no habr&aacute; tanta diferencia en porcentaje de votos entre cuatro partidos -PP, PSOE, </SPAN><SPAN CLASS="c4">Ciudadanos</SPAN><SPAN CLASS="c2"> y Podemos- y, en cambio, los dos primeros ser&aacute;n primados en el reparto de esca&ntilde;os. Es decir, lo que anunci&oacute; Sol&eacute; Tura hace m&aacute;s de 37 a&ntilde;os.</SPAN></P>
<P CLASS="c10"><SPAN CLASS="c2">En ese reparto de esca&ntilde;os que prev&eacute; la Constituci&oacute;n, con porcentajes tan ajustados, es fundamental el orden en el que quedan los partidos casi tanto como el porcentaje de votos que obtengan. Dicho de otra forma, si PP y PSOE siguen siendo los dos m&aacute;s votados tendr&aacute;n mucha m&aacute;s diferencia en n&uacute;mero de esca&ntilde;os con </SPAN><SPAN CLASS="c4">Ciudadanos</SPAN><SPAN CLASS="c2"> y Podemos que en porcentaje de voto si los resultados globales se mantienen uniformes en todas las circunscripciones. Los dos emergentes necesitan superar al PSOE y alterar esa prelaci&oacute;n para lograr m&aacute;s de 50 diputados en el mayor n&uacute;mero posible de circunscripciones.</SPAN></P>
<P CLASS="c10"><SPAN CLASS="c2">Hay unos 28 esca&ntilde;os que solo pueden repartirse entre los tres partidos m&aacute;s votados, con dificultades notables para que los votos del tercero se traduzcan en diputados y donde el que queda cuarto pierde todos sus sufragios. Para empezar, hay dos circunscripciones, Ceuta y Melilla, con un solo esca&ntilde;o, con un sistema mayoritario en la pr&aacute;ctica y que suelen ser para el PP. Soria es un caso singular con dos esca&ntilde;os a repartir entre dos partidos. El PP tiene casi seguro uno y el otro iba al PSOE, pero si </SPAN><SPAN CLASS="c4">Ciudadanos</SPAN><SPAN CLASS="c2"> logra superar los 15.000 votos de 50.000 en juego quedar&aacute; por encima de los socialistas y ser&aacute; para el partido de </SPAN><SPAN CLASS="c4">Albert Rivera.</SPAN></P>
<P CLASS="c10"><SPAN CLASS="c2">El siguiente bloque es el de las ocho provincias -Huesca, Teruel, &Aacute;vila, Palencia, Segovia, Zamora, Cuenca y Guadalajara- con tres esca&ntilde;os en juego, es decir, 24 en total. Obviamente, el que quede cuarto pierde todos sus votos en estas circunscripciones. El primero y el segundo tienen asegurado un diputado cada uno en cada provincia y el &uacute;ltimo esca&ntilde;o suele ser para el primero salvo que la diferencia entre primero y tercero sea menor al 13% aproximadamente; en ese caso, el reparto no ser&iacute;a 2-1, como ocurre casi siempre, sino 1-1-1. Son ocho esca&ntilde;os en el aire si </SPAN><SPAN CLASS="c4">Ciudadanos</SPAN><SPAN CLASS="c2"> o Podemos superan al PSOE en el segundo puesto.</SPAN></P>
<P CLASS="c10"><SPAN CLASS="c2">Provincias medias</SPAN></P>
<P CLASS="c10"><SPAN CLASS="c2">Otras nueve circunscripciones -L&eacute;rida, C&aacute;ceres, Albacete, Burgos, Salamanca, Lugo, &Aacute;lava, Ourense y La Rioja- reparten cuatro esca&ntilde;os. Lo habitual es que sea 2-1-1 y ahora ser&iacute;a raro un 2-2. Es decir, el primero se asegura dos esca&ntilde;os, el segundo uno, el tercero pugna por uno y el cuarto tiene casi imposible alcanzar diputado.</SPAN></P>
<P CLASS="c10"><SPAN CLASS="c2">Con cinco diputados hay ocho provincias -Ja&eacute;n, Navarra, Cantabria, Castell&oacute;n, Valladolid, Huelva, Ciudad Real y Le&oacute;n-. El reparto habitual es de 2-2-1 o 3-1-1. Es decir, el primero se asegura dos y puede lograr tres; el segundo puede tener dos, el tercero casi se asegura uno y el cuarto tiene muy dif&iacute;cil llegar a tener uno. El cuarto partido tendr&iacute;a que llegar al 20% de los votos para lograr un esca&ntilde;o. A partir de ah&iacute;, hay siete circunscripciones que reparten seis esca&ntilde;os -C&oacute;rdoba, Tarragona, Girona, Gipuzkoa, Toledo, Almer&iacute;a y Badajoz- en las que lo normal es un 2-2-1-1. De nuevo ser segundo es vital porque con menos votos que el primero puede igualarle a esca&ntilde;os y pese a que saque escasa ventaja al tercero le sacar&iacute;a un diputado m&aacute;s.</SPAN></P>
<P CLASS="c10"><SPAN CLASS="c2">Entre siete y 12 esca&ntilde;os est&aacute;n Tenerife, Zaragoza, Pontevedra, Granada, Vizcaya, A Coru&ntilde;a, Baleares, Las Palmas, Asturias, C&aacute;diz, Murcia, M&aacute;laga, Sevilla y Alicante. El reparto aqu&iacute; es m&aacute;s abierto, pero el primero puede asegurarse hasta cinco esca&ntilde;os en las m&aacute;s pobladas y el segundo casi tres en cada una.</SPAN></P>
<P CLASS="c10"><SPAN CLASS="c2">Aquel lejano 12 de julio de 1978 un destacado diputado lanz&oacute; en el pleno del Congreso una profec&iacute;a sobre el sistema electoral que se estaba aprobando ese d&iacute;a y que firmar&iacute;a ahora alguno de los partidos nuevos y los cr&iacute;ticos al modelo de representaci&oacute;n actual: &quot;Esto lleva a lo que, con raz&oacute;n, se ha llamado la partitocracia, al predominio de los partidos, que no se convierten en meras cadenas de transmisi&oacute;n, en meros promotores de candidatos y de programas, sino en los que realmente monopolizan el proceso pol&iacute;tico&quot;. Palabras de Manuel Fraga Iribarne.</SPAN></P>
</DIV>
<BR><DIV CLASS="c5"><P CLASS="c6"><SPAN CLASS="c9">LANGUAGE: </SPAN><SPAN CLASS="c2">SPANISH; ESPA&Ntilde;OL</SPAN></P>
</DIV>
<BR><DIV CLASS="c5"><P CLASS="c6"><SPAN CLASS="c9">PUBLICATION-TYPE: </SPAN><SPAN CLASS="c2">Peri&oacute;dico</SPAN></P>
</DIV>
<BR><DIV CLASS="c5"><P CLASS="c6"><SPAN CLASS="c9">SUBJECT: </SPAN><SPAN CLASS="c2">Pol&iacute;tica (93%)</SPAN></P>
</DIV>
<BR><DIV CLASS="c5"><P CLASS="c6"><SPAN CLASS="c9">IPTC SUBJECT: </SPAN><SPAN CLASS="c2">Politica</SPAN></P>
</DIV>
<BR><DIV CLASS="c5"><P CLASS="c6"><SPAN CLASS="c9">LOAD-DATE: </SPAN><SPAN CLASS="c2">December 18, 2015</SPAN></P>
</DIV>
<BR><DIV CLASS="c0"><BR><P CLASS="c1"><SPAN CLASS="c2">Copyright 2015 El Pais Internacional S.A.<BR>All Rights Reserved</SPAN></P>
</DIV>
</BODY>
</HTML>