<HTML>
<HEAD>
<STYLE TYPE="text/css">
.c0 { text-align: center; }
.c1 { text-align: center; margin-top: 0em; margin-bottom: 0em; }
.c2 { font-family: 'Courier New',Courier; font-size: 10pt; font-style: normal; font-weight: normal; color: #000000; text-decoration: none; }
.c3 { text-align: center; margin-left: 13%; margin-right: 13%; }
.c4 { font-family: 'Courier New',Courier; font-size: 10pt; font-style: normal; font-weight: bold; color: #CC0033; text-decoration: none; }
.c5 { text-align: left; }
.c6 { text-align: left; margin-top: 0em; margin-bottom: 0em; }
.c7 { font-family: 'Courier New',Courier; font-size: 14pt; font-style: normal; font-weight: bold; color: #000000; text-decoration: none; }
.c8 { font-family: 'Courier New',Courier; font-size: 14pt; font-style: normal; font-weight: bold; color: #CC0033; text-decoration: none; }
.c9 { font-family: 'Courier New',Courier; font-size: 10pt; font-style: normal; font-weight: bold; color: #000000; text-decoration: none; }
.c10 { text-align: left; margin-top: 1em; margin-bottom: 0em; }
.c11 { page-break-before: always; }
</STYLE>
</HEAD>
<BODY>
<BR><DIV CLASS="c0"><P CLASS="c1"><SPAN CLASS="c2">514 of 935 DOCUMENTS</SPAN></P>
</DIV>
<BR><DIV CLASS="c0"><BR><P CLASS="c1"><IMG SRC="http://www.lexisnexis.com/lnacui2api/results/docview/attachRetrieve.do?smi=LOGOS&key=38401&componentseq=1&type=logo&inline=y" ALT="http://www.lexisnexis.com/lnacui2api/results/docview/attachRetrieve.do?smi=LOGOS&key=38401&componentseq=1&type=logo&inline=y"><BR><SPAN CLASS="c2">El Pais</SPAN></P>
</DIV>
<BR><DIV CLASS="c3"><P CLASS="c1"><SPAN CLASS="c4">November</SPAN><SPAN CLASS="c2"> 22, 2015 Sunday</SPAN><SPAN CLASS="c2">&nbsp;</SPAN><SPAN CLASS="c2">&nbsp;<BR>Andaluc&iacute;a Edici&oacute;n</SPAN></P>
</DIV>
<BR><DIV CLASS="c5"><P CLASS="c6"><SPAN CLASS="c7">EL PA&Iacute;S ofrecer&aacute; la se&ntilde;al del debate del 30-N a las televisiones y webs</SPAN></P>
</DIV>
<BR><DIV CLASS="c5"><P CLASS="c6"><SPAN CLASS="c9">BYLINE: </SPAN><SPAN CLASS="c2">R. G. G&Oacute;MEZ</SPAN></P>
</DIV>
<BR><DIV CLASS="c5"><P CLASS="c6"><SPAN CLASS="c9">SECTION: </SPAN><SPAN CLASS="c2">ESPA&ntilde;A; Base; P&aacute;g. 27</SPAN></P>
</DIV>
<BR><DIV CLASS="c5"><P CLASS="c6"><SPAN CLASS="c9">LENGTH: </SPAN><SPAN CLASS="c2">709 words</SPAN></P>
</DIV>
<BR><DIV CLASS="c5"><P CLASS="c6"><SPAN CLASS="c9">DATELINE: </SPAN><SPAN CLASS="c2">Madrid </SPAN></P>
</DIV>
<BR><DIV CLASS="c5"><P CLASS="c10"><SPAN CLASS="c2">El debate preelectoral organizado por EL PA&Iacute;S, que se celebrar&aacute; el 30 noviembre a las nueve de la noche y en el que comparecer&aacute;n Pedro S&aacute;nchez (PSOE), </SPAN><SPAN CLASS="c4">Albert Rivera (Ciudadanos</SPAN><SPAN CLASS="c2">) y Pablo Iglesias (Podemos), se retransmitir&aacute; por la web del diario (elpais.com) y podr&aacute; verse tambi&eacute;n en televisi&oacute;n. EL PA&Iacute;S ofrecer&aacute; la se&ntilde;al a los operadores que lo soliciten, lo que ha ocurrido ya tanto en Espa&ntilde;a como en Am&eacute;rica Latina.</SPAN></P>
<P CLASS="c10"><SPAN CLASS="c2">La comparecencia ante las c&aacute;maras de los l&iacute;deres de PSOE, </SPAN><SPAN CLASS="c4">Ciudadanos</SPAN><SPAN CLASS="c2"> y Podemos se prolongar&aacute; durante 90 minutos (de 21.00 a 22.30), si bien la emisi&oacute;n especial de EL PA&Iacute;S empezar&aacute; una hora antes (a las 20.00). Como en los grandes partidos de f&uacute;tbol, el predebate servir&aacute; de calentamiento. En este tramo, que incluir&aacute; conexiones con el estudio para ver la llegada de los candidatos, participar&aacute;n periodistas del diario y se emitir&aacute; desde la Redacci&oacute;n de EL PA&Iacute;S. Tras el previo, dar&aacute; comienzo el debate, que se retransmitir&aacute; en directo desde un plat&oacute; de televisi&oacute;n de la Comunidad de Madrid.</SPAN><SPAN CLASS="c2">&nbsp;</SPAN></P>
<P CLASS="c10"><SPAN CLASS="c2">Al finalizar el programa, la emisi&oacute;n online de EL PA&Iacute;S volver&aacute; a conectar con la Redacci&oacute;n para ofrecer el posdebate, un an&aacute;lisis de las intervenciones de los tres pol&iacute;ticos bajo el prisma de periodistas especializados del diario y con las aportaciones de comentaristas externos. Se anunciar&aacute;, adem&aacute;s, el resultado de las votaciones sobre qui&eacute;n consideran los lectores que ha ganado este primer gran choque preelectoral, as&iacute; como el seguimiento en las redes sociales.</SPAN></P>
<P CLASS="c10"><SPAN CLASS="c2">Bloques tem&aacute;ticos</SPAN></P>
<P CLASS="c10"><SPAN CLASS="c2">Moderado por el periodista Carlos de Vega, el programa se estructurar&aacute; en torno a cuatro bloques tem&aacute;ticos. En el primero, los candidatos expondr&aacute;n sus propuestas en Econom&iacute;a y empleo, el segundo versar&aacute; sobre Pol&iacute;tica social y Estado de bienestar, el tercero ahondar&aacute; en Pol&iacute;tica territorial y el &uacute;ltimo estar&aacute; dedicado a Reformas y regeneraci&oacute;n pol&iacute;tica.</SPAN></P>
<P CLASS="c10"><SPAN CLASS="c2">Al inicio de cada uno de los bloques, los candidatos dispondr&aacute;n de dos minutos para presentar sus propuestas y posteriormente se abrir&aacute; un cara a cara entre ellos de nueve minutos en el que podr&aacute;n interrumpirse e interpelarse. Posteriormente, y durante cinco minutos, responder&aacute;n a las preguntas del p&uacute;blico. A&uacute;n tendr&aacute;n los aspirantes a la presidencia del Gobierno un &uacute;ltimo turno, un minuto de oro, para mirar directamente a c&aacute;mara y lanzar los &uacute;ltimos mensajes para convencer a los electores ante la cita con las urnas del pr&oacute;ximo 20 de diciembre.</SPAN></P>
<P CLASS="c10"><SPAN CLASS="c2">Frente a otros cara a cara televisados celebrados en Espa&ntilde;a, en los que no se permit&iacute;a la presencia en el plat&oacute; de personas ajenas a los equipos de campa&ntilde;a, EL PA&Iacute;S invitar&aacute; a un centenar de lectores a presenciar en directo la comparecencia de tres de los cuatro l&iacute;deres con opciones de llegar a La Moncloa. A los candidatos se les trasladar&aacute;n las preguntas formuladas desde las redes sociales.</SPAN></P>
<P CLASS="c10"><SPAN CLASS="c2">La se&ntilde;al de programa se podr&aacute; seguir tambi&eacute;n a trav&eacute;s de la cadena SER, que ofrecer&aacute; la comparecencia de S&aacute;nchez, Rivera e Iglesias, debutantes como cabeza de lista en unas elecciones generales. EL PA&Iacute;S invit&oacute; a la cita al presidente del Gobierno y candidato por el PP a la reelecci&oacute;n, Mariano Rajoy, que ha eludido enfrentarse a sus m&aacute;s directos contrincantes.</SPAN></P>
<P CLASS="c10"><SPAN CLASS="c2">Sobriedad y cercan&iacute;a</SPAN></P>
<P CLASS="c10"><SPAN CLASS="c2">Al mando de la realizaci&oacute;n del programa estar&aacute; Carmelo Herrero, quien apuesta por la sobriedad. &quot;La realizaci&oacute;n de un debate tiene que ser sencilla y austera. No da para muchas filigranas&quot;, comenta, consciente de que los protagonistas son los pol&iacute;ticos. Los tres l&iacute;deres comparecer&aacute;n en el plat&oacute; ante sus respectivos atriles. &quot;Permanecer de pie implica una actitud m&aacute;s cercana, que refuerza el discurso de los candidatos&quot;, a&ntilde;ade.</SPAN></P>
<P CLASS="c10"><SPAN CLASS="c2">El decorado del plat&oacute; ser&aacute;, igualmente, sobrio, con tonos que abarcan una escala de grises y azules, &quot;el color oficial de los informativos&quot;, matiza el realizador. Para que nada falle, se duplicar&aacute;n los equipos t&eacute;cnicos (c&aacute;maras, microfon&iacute;a, iluminaci&oacute;n, grupos electr&oacute;genos), una medida de seguridad que se suele adoptar en los programas en directo, &quot;en los que no hay posibilidad de repetir&quot;, dice Herrero. Para garantizar la igualdad de condiciones, se tender&aacute; a un trato equilibrado en pantalla, con el mismo n&uacute;mero de planos cortos para cada contrincante. Herrero precisa que se compensar&aacute;n las intervenciones para que cada uno consuma el mismo tiempo.</SPAN></P>
</DIV>
<BR><DIV CLASS="c5"><P CLASS="c6"><SPAN CLASS="c9">LANGUAGE: </SPAN><SPAN CLASS="c2">SPANISH; ESPA&Ntilde;OL</SPAN></P>
</DIV>
<BR><DIV CLASS="c5"><P CLASS="c6"><SPAN CLASS="c9">PUBLICATION-TYPE: </SPAN><SPAN CLASS="c2">Peri&oacute;dico</SPAN></P>
</DIV>
<BR><DIV CLASS="c5"><P CLASS="c6"><SPAN CLASS="c9">SUBJECT: </SPAN><SPAN CLASS="c2">Pol&iacute;tica (93%)</SPAN></P>
</DIV>
<BR><DIV CLASS="c5"><P CLASS="c6"><SPAN CLASS="c9">IPTC SUBJECT: </SPAN><SPAN CLASS="c2">Politica</SPAN></P>
</DIV>
<BR><DIV CLASS="c5"><P CLASS="c6"><SPAN CLASS="c9">LOAD-DATE: </SPAN><SPAN CLASS="c2">November 21, 2015</SPAN></P>
</DIV>
<BR><DIV CLASS="c0"><BR><P CLASS="c1"><SPAN CLASS="c2">Copyright 2015 El Pais Internacional S.A.<BR>All Rights Reserved</SPAN></P>
</DIV>
</BODY>
</HTML>