<HTML>
<HEAD>
<STYLE TYPE="text/css">
.c0 { text-align: center; }
.c1 { text-align: center; margin-top: 0em; margin-bottom: 0em; }
.c2 { font-family: 'Courier New',Courier; font-size: 10pt; font-style: normal; font-weight: normal; color: #000000; text-decoration: none; }
.c3 { text-align: center; margin-left: 13%; margin-right: 13%; }
.c4 { font-family: 'Courier New',Courier; font-size: 10pt; font-style: normal; font-weight: bold; color: #CC0033; text-decoration: none; }
.c5 { text-align: left; }
.c6 { text-align: left; margin-top: 0em; margin-bottom: 0em; }
.c7 { font-family: 'Courier New',Courier; font-size: 14pt; font-style: normal; font-weight: bold; color: #000000; text-decoration: none; }
.c8 { font-family: 'Courier New',Courier; font-size: 14pt; font-style: normal; font-weight: bold; color: #CC0033; text-decoration: none; }
.c9 { font-family: 'Courier New',Courier; font-size: 10pt; font-style: normal; font-weight: bold; color: #000000; text-decoration: none; }
.c10 { text-align: left; margin-top: 1em; margin-bottom: 0em; }
.c11 { page-break-before: always; }
</STYLE>
</HEAD>
<BODY>
<BR><DIV CLASS="c0"><P CLASS="c1"><SPAN CLASS="c2">145 of 935 DOCUMENTS</SPAN></P>
</DIV>
<BR><DIV CLASS="c0"><BR><P CLASS="c1"><IMG SRC="http://www.lexisnexis.com/lnacui2api/results/docview/attachRetrieve.do?smi=LOGOS&key=38401&componentseq=1&type=logo&inline=y" ALT="http://www.lexisnexis.com/lnacui2api/results/docview/attachRetrieve.do?smi=LOGOS&key=38401&componentseq=1&type=logo&inline=y"><BR><SPAN CLASS="c2">El Pais</SPAN></P>
</DIV>
<BR><DIV CLASS="c3"><P CLASS="c1"><SPAN CLASS="c4">December</SPAN><SPAN CLASS="c2"> 4, 2015 Friday</SPAN><SPAN CLASS="c2">&nbsp;</SPAN><SPAN CLASS="c2">&nbsp;<BR>2&ordf; Ed. Madrid Edici&oacute;n</SPAN></P>
</DIV>
<BR><DIV CLASS="c5"><P CLASS="c6"><SPAN CLASS="c7">Los cuatro l&iacute;deres se la juegan en la cita m&aacute;s abierta de la democracia</SPAN></P>
</DIV>
<BR><DIV CLASS="c5"><P CLASS="c6"><SPAN CLASS="c9">BYLINE: </SPAN><SPAN CLASS="c2">JAVIER AYUSO</SPAN></P>
</DIV>
<BR><DIV CLASS="c5"><P CLASS="c6"><SPAN CLASS="c9">SECTION: </SPAN><SPAN CLASS="c2">ESPA&ntilde;A; Base; P&aacute;g. 23 [AN] A 16 d&iacute;as de los comicios, con un 41% de indecisos, lo &uacute;nico seguro es que el bipartidismo dar&aacute; paso a un pacto con las fuerzas pol&iacute;ticas emergentes</SPAN></P>
</DIV>
<BR><DIV CLASS="c5"><P CLASS="c6"><SPAN CLASS="c9">LENGTH: </SPAN><SPAN CLASS="c2">880 words</SPAN></P>
</DIV>
<BR><DIV CLASS="c5"><P CLASS="c6"><SPAN CLASS="c9">DATELINE: </SPAN><SPAN CLASS="c2">Madrid </SPAN></P>
</DIV>
<BR><DIV CLASS="c5"><P CLASS="c10"><SPAN CLASS="c2">Los principales candidatos a las elecciones del 20-D inician hoy la campa&ntilde;a m&aacute;s abierta de la democracia. Con m&aacute;s de un 41% de indecisos, lo &uacute;nico seguro a 16 d&iacute;as de los comicios es que el bipartidismo dar&aacute; paso a alg&uacute;n pacto entre dos (o tres) de las cuatro fuerzas pol&iacute;ticas en liza. Mariano Rajoy, que parte como favorito, sabe que no solo tiene que ganar, sino conseguir los suficientes apoyos como para formar Gobierno. Pedro S&aacute;nchez siente la presi&oacute;n de los emergentes, a derecha e izquierda, y de su propio partido, desde el sur. Y los dos nuevos aspirantes, </SPAN><SPAN CLASS="c4">Albert</SPAN><SPAN CLASS="c2">&nbsp;</SPAN><SPAN CLASS="c4">Rivera</SPAN><SPAN CLASS="c2"> y Pablo Iglesias, deben demostrar su capacidad para pasar de ser bisagra a picaporte para abrir la puerta a quien vaya a gobernar el a&ntilde;o pr&oacute;ximo.</SPAN></P>
<P CLASS="c10"><SPAN CLASS="c2">El lunes, tres de los cuatro l&iacute;deres que aspiran a la presidencia del Gobierno llegaban al debate electoral de EL PA&Iacute;S con la mirada tensa. Estaban nerviosos, porque sab&iacute;an lo que se jugaban. S&aacute;nchez, Rivera e Iglesias se iban a enfrentar al primer debate abierto para confrontar sus propuestas, mientras Rajoy elud&iacute;a el cara a cara con sus m&aacute;s directos competidores y optaba por una entrevista convencional.</SPAN><SPAN CLASS="c2">&nbsp;</SPAN></P>
<P CLASS="c10"><SPAN CLASS="c2">La actitud del presidente del Gobierno se explica desde la posici&oacute;n del que se sabe ganador (aunque vaya a perder un tercio de su fuerza en el Parlamento) y quiere conservar el liderazgo sin arriesgar lo m&aacute;s m&iacute;nimo. Las encuestas le auguran un triunfo holgado (aunque insuficiente como para formar Gobierno en solitario), y enfrentarse a quien le est&aacute; robando votos d&iacute;a a d&iacute;a, pero tendr&aacute; el picaporte para abrir la puerta del Palacio de la Moncloa, no le aporta nada. Al rev&eacute;s, tiene m&aacute;s que perder que ganar y se conforma con ser el primero en vez de intentar abrir brecha con los dem&aacute;s partidos.</SPAN></P>
<P CLASS="c10"><SPAN CLASS="c2">El sudoku de G&eacute;nova</SPAN></P>
<P CLASS="c10"><SPAN CLASS="c2">Los asesores de Mariano Rajoy le han preparado una campa&ntilde;a confortable y sin riesgos: actos electorales en ciudades medianas, entrevistas en programas poco conflictivos y un solo cara a cara con su rival del bipartidismo. En el PP saben que si Pedro S&aacute;nchez se hunde es porque Rivera (el competidor real del presidente) e Iglesias (la amenaza de futuro) habr&aacute;n crecido lo suficiente como para acabar de verdad con la alternancia que ha caracterizado la historia democr&aacute;tica en Espa&ntilde;a.</SPAN></P>
<P CLASS="c10"><SPAN CLASS="c2">El sudoku electoral de G&eacute;nova necesita que los populares obtengan m&aacute;s de 125 esca&ntilde;os y el PSOE no baje de 90. Fuentes de la direcci&oacute;n de campa&ntilde;a del PP aseguran que el descalabro de los socialistas supondr&iacute;a un enorme problema para Rajoy, porque situar&iacute;a a </SPAN><SPAN CLASS="c4">Ciudadanos</SPAN><SPAN CLASS="c2"> en la segunda plaza y dificultar&iacute;a un pacto de investidura. En Moncloa ven a </SPAN><SPAN CLASS="c4">Albert</SPAN><SPAN CLASS="c2">&nbsp;</SPAN><SPAN CLASS="c4">Rivera</SPAN><SPAN CLASS="c2"> muy crecido desde las elecciones catalanas y temen que, si hace el sorpasso a Pedro S&aacute;nchez, opte a formar Gobierno desde la segunda posici&oacute;n electoral.</SPAN></P>
<P CLASS="c10"><SPAN CLASS="c2">En Ferraz, los &aacute;nimos cambian de un d&iacute;a para otro. Las encuestas no les son favorables, aunque conf&iacute;an en que tienen un suelo dif&iacute;cil de romper y que finalmente superar&aacute;n los 100 diputados (menos que en 2011 con Alfredo P&eacute;rez Rubalcaba de candidato). P&uacute;blicamente mantienen el mensaje de que se ven ganadores y que ya decidir&aacute;n con qui&eacute;n pactan para formar Gobierno, pero en privado reconocen que la presi&oacute;n a la que est&aacute;n sometidos desde la derecha (</SPAN><SPAN CLASS="c4">Ciudadanos</SPAN><SPAN CLASS="c2">) y la izquierda (Podemos) les puede hacer da&ntilde;o. La otra izquierda, la de Alberto Garz&oacute;n (IU), no les sirve para montar el puzle.</SPAN></P>
<P CLASS="c10"><SPAN CLASS="c2">En el debate del lunes, S&aacute;nchez se sinti&oacute; acosado por sus dos contendientes y, aunque sali&oacute; airoso de los ataques, comprob&oacute; que Rivera e Iglesias van a seguir intentando pescar hasta el &uacute;ltimo d&iacute;a en los caladeros socialistas. Su estrategia es dar valor al legado de los socialistas desde 1982 e insistir en que solo el PSOE es capaz de defender el Estado de bienestar.</SPAN></P>
<P CLASS="c10"><SPAN CLASS="c2">En el cuartel general de </SPAN><SPAN CLASS="c4">Ciudadanos</SPAN><SPAN CLASS="c2"> hay d&iacute;as que creen no solo que pueden adelantar al PSOE, sino tambi&eacute;n al PP, aunque las encuestas les desmientan. La inercia conseguida tras las elecciones catalanas les ha dado una importante velocidad de crucero y </SPAN><SPAN CLASS="c4">Albert</SPAN><SPAN CLASS="c2">&nbsp;</SPAN><SPAN CLASS="c4">Rivera</SPAN><SPAN CLASS="c2"> acepta todos los retos, en forma de debates, que le proponen. El l&iacute;der catal&aacute;n tiene, adem&aacute;s, la ventaja de que tambi&eacute;n gana con una tercera posici&oacute;n, siempre y cuando sea clave para dar la mayor&iacute;a de Gobierno a uno u otro partido.</SPAN></P>
<P CLASS="c10"><SPAN CLASS="c2">Acelerados</SPAN></P>
<P CLASS="c10"><SPAN CLASS="c2">Por su parte, en las oficinas de Podemos, en la calle de la Princesa de Madrid, andan todos acelerados por las redes sociales y el Red Bull. Pablo Iglesias no tira la toalla de subir al podio, aunque todos los sondeos indican que lleva varios meses sin conseguir cerrar la brecha abierta por </SPAN><SPAN CLASS="c4">Ciudadanos</SPAN><SPAN CLASS="c2">. Conf&iacute;a en la campa&ntilde;a, en los debates, en las tertulias de televisi&oacute;n que le encumbraron hace m&aacute;s de un a&ntilde;o y, sobre todo, en las acciones sorpresa que le gusta plantear de vez en cuando. Podemos ha presentado un programa de corte socialdem&oacute;crata (con memoria econ&oacute;mica incluida) para plantar cara al PSOE, aunque saben que la larga y r&aacute;pida marcha desde la izquierda radical al socialismo les puede acarrear problemas de credibilidad.</SPAN></P>
<P CLASS="c10"><SPAN CLASS="c2">Arranca la campa&ntilde;a m&aacute;s abierta de la democracia, en la que los partidos luchar&aacute;n provincia a provincia, esca&ntilde;o a esca&ntilde;o, propuesta a propuesta. Nunca hasta ahora las encuestas hab&iacute;an asignado al vencedor menos del 30% de los votos o al tercero m&aacute;s 10%. Esta vez, la campa&ntilde;a s&iacute; ser&aacute; decisiva en el resultado final de las elecciones.</SPAN></P>
</DIV>
<BR><DIV CLASS="c5"><P CLASS="c6"><SPAN CLASS="c9">LANGUAGE: </SPAN><SPAN CLASS="c2">SPANISH; ESPA&Ntilde;OL</SPAN></P>
</DIV>
<BR><DIV CLASS="c5"><P CLASS="c6"><SPAN CLASS="c9">PUBLICATION-TYPE: </SPAN><SPAN CLASS="c2">Peri&oacute;dico</SPAN></P>
</DIV>
<BR><DIV CLASS="c5"><P CLASS="c6"><SPAN CLASS="c9">SUBJECT: </SPAN><SPAN CLASS="c2">Pol&iacute;tica (93%)</SPAN></P>
</DIV>
<BR><DIV CLASS="c5"><P CLASS="c6"><SPAN CLASS="c9">IPTC SUBJECT: </SPAN><SPAN CLASS="c2">Politica</SPAN></P>
</DIV>
<BR><DIV CLASS="c5"><P CLASS="c6"><SPAN CLASS="c9">LOAD-DATE: </SPAN><SPAN CLASS="c2">December 3, 2015</SPAN></P>
</DIV>
<BR><DIV CLASS="c0"><BR><P CLASS="c1"><SPAN CLASS="c2">Copyright 2015 El Pais Internacional S.A.<BR>All Rights Reserved</SPAN></P>
</DIV>
</BODY>
</HTML>