<HTML>
<HEAD>
<STYLE TYPE="text/css">
.c0 { text-align: center; }
.c1 { text-align: center; margin-top: 0em; margin-bottom: 0em; }
.c2 { font-family: 'Courier New',Courier; font-size: 10pt; font-style: normal; font-weight: normal; color: #000000; text-decoration: none; }
.c3 { text-align: center; margin-left: 13%; margin-right: 13%; }
.c4 { font-family: 'Courier New',Courier; font-size: 10pt; font-style: normal; font-weight: bold; color: #CC0033; text-decoration: none; }
.c5 { text-align: left; }
.c6 { text-align: left; margin-top: 0em; margin-bottom: 0em; }
.c7 { font-family: 'Courier New',Courier; font-size: 14pt; font-style: normal; font-weight: bold; color: #000000; text-decoration: none; }
.c8 { font-family: 'Courier New',Courier; font-size: 14pt; font-style: normal; font-weight: bold; color: #CC0033; text-decoration: none; }
.c9 { font-family: 'Courier New',Courier; font-size: 10pt; font-style: normal; font-weight: bold; color: #000000; text-decoration: none; }
.c10 { text-align: left; margin-top: 1em; margin-bottom: 0em; }
.c11 { page-break-before: always; }
</STYLE>
</HEAD>
<BODY>
<BR><DIV CLASS="c0"><P CLASS="c1"><SPAN CLASS="c2">187 of 935 DOCUMENTS</SPAN></P>
</DIV>
<BR><DIV CLASS="c0"><BR><P CLASS="c1"><IMG SRC="http://www.lexisnexis.com/lnacui2api/results/docview/attachRetrieve.do?smi=LOGOS&key=38401&componentseq=1&type=logo&inline=y" ALT="http://www.lexisnexis.com/lnacui2api/results/docview/attachRetrieve.do?smi=LOGOS&key=38401&componentseq=1&type=logo&inline=y"><BR><SPAN CLASS="c2">El Pais</SPAN></P>
</DIV>
<BR><DIV CLASS="c3"><P CLASS="c1"><SPAN CLASS="c4">December</SPAN><SPAN CLASS="c2"> 10, 2015 Thursday</SPAN><SPAN CLASS="c2">&nbsp;</SPAN><SPAN CLASS="c2">&nbsp;<BR>Nacional Edici&oacute;n</SPAN></P>
</DIV>
<BR><DIV CLASS="c5"><P CLASS="c6"><SPAN CLASS="c7">El PSOE atribuye &quot;intereses&quot; comunes a PP y emergentes</SPAN></P>
</DIV>
<BR><DIV CLASS="c5"><P CLASS="c6"><SPAN CLASS="c9">BYLINE: </SPAN><SPAN CLASS="c2">JOS&Eacute; MARCOS</SPAN></P>
</DIV>
<BR><DIV CLASS="c5"><P CLASS="c6"><SPAN CLASS="c9">SECTION: </SPAN><SPAN CLASS="c2">ESPA&ntilde;A; Base; P&aacute;g. 16</SPAN></P>
</DIV>
<BR><DIV CLASS="c5"><P CLASS="c6"><SPAN CLASS="c9">LENGTH: </SPAN><SPAN CLASS="c2">562 words</SPAN></P>
</DIV>
<BR><DIV CLASS="c5"><P CLASS="c6"><SPAN CLASS="c9">DATELINE: </SPAN><SPAN CLASS="c2">Toledo </SPAN></P>
</DIV>
<BR><DIV CLASS="c5"><P CLASS="c10"><SPAN CLASS="c2">El PSOE atribuye a una &quot;confluencia de intereses&quot; el &quot;ataque combinado&quot; de PP, </SPAN><SPAN CLASS="c4">Ciudadanos</SPAN><SPAN CLASS="c2"> y Podemos a Pedro S&aacute;nchez, provocado por &quot;la fortaleza&quot; del candidato conforme avanza la campa&ntilde;a. La c&uacute;pula socialista cree que su aspirante se impuso en los dos debates celebrados hasta ahora y se diferenci&oacute; como el &uacute;nico candidato &quot;presidenciable&quot;, en contraposici&oacute;n a </SPAN><SPAN CLASS="c4">Albert Rivera</SPAN><SPAN CLASS="c2">. De ah&iacute; la trascendencia que le otorgan al cara a cara de la semana pr&oacute;xima con Mariano Rajoy, donde el l&iacute;der del PP buscar&iacute;a que S&aacute;nchez llegue debilitado.</SPAN></P>
<P CLASS="c10"><SPAN CLASS="c2">Los responsables de la campa&ntilde;a de S&aacute;nchez y los cargos consultados durante la caravana electoral est&aacute;n convencidos de que buena parte del 40% de indecisos es voto oculto del PSOE. Y se aferran a los datos en bruto, previos a la cocina, del Centro de Investigaciones Sociol&oacute;gicas (CIS), que les sit&uacute;a como primera fuerza en la suma de voto m&aacute;s simpat&iacute;a (18,9% de los sufragios, tres d&eacute;cimas por delante del PP). &quot;Eres el adversario, por eso todos se meten contigo&quot;, resumi&oacute; ayer el parecer de los socialistas Emiliano Garc&iacute;a Page, presidente de Castilla-La Mancha, durante un mitin con S&aacute;nchez en Toledo.</SPAN><SPAN CLASS="c2">&nbsp;</SPAN></P>
<P CLASS="c10"><SPAN CLASS="c2">El aspirante del PSOE volvi&oacute; a postularse como el &uacute;nico capaz de impedir que el Partido Popular venza en las elecciones del 20 de diciembre. &quot;No me resigno a que gane el PP, como hacen otras formaciones pol&iacute;ticas que en lo que est&aacute;n es en da&ntilde;ar al PSOE&quot;, observ&oacute; a lo largo del d&iacute;a, en Madrid y La Mancha, en alusi&oacute;n a los emergentes. Un miembro de la Ejecutiva afirmaba que las cr&iacute;ticas compartidas de PP, </SPAN><SPAN CLASS="c4">Ciudadanos</SPAN><SPAN CLASS="c2"> y Podemos hab&iacute;a tenido el efecto contrario al pretendido: &quot;Lo que han hecho es activar a la militancia&quot;.</SPAN></P>
<P CLASS="c10"><SPAN CLASS="c2">Desde que comenz&oacute; la campa&ntilde;a el jueves por la noche en Getafe, S&aacute;nchez no ha dejado de insistir en concentrar en torno suyo &quot;el voto del cambio&quot;. Esto es, los de quienes no quieran que Rajoy repita de presidente. Con ese prop&oacute;sito en mente, enfrascado en lidiar con Podemos por el flanco izquierdo de su electorado y con </SPAN><SPAN CLASS="c4">Ciudadanos</SPAN><SPAN CLASS="c2"> por el derecho, se centr&oacute; hasta el martes -en Ferraz fueron conscientes de que hab&iacute;an descuidado su &quot;patio trasero&quot;- en contener el auge de Rivera, en apogeo tras las elecciones catalanas. La estrategia del PSOE parec&iacute;a l&oacute;gica, teniendo en cuenta la siguiente afirmaci&oacute;n de un miembro de la direcci&oacute;n del PP justo antes de la campa&ntilde;a: &quot;</SPAN><SPAN CLASS="c4">Ciudadanos</SPAN><SPAN CLASS="c2"> ya ha tocado hueso en el centroderecha y ahora busca la carne en el centroizquierda. Ahora, </SPAN><SPAN CLASS="c4">Ciudadanos</SPAN><SPAN CLASS="c2"> es un problema del PSOE&quot;. Tambi&eacute;n Podemos, donde Iglesias habla de &quot;remontada&quot;.</SPAN></P>
<P CLASS="c10"><SPAN CLASS="c2">&quot;Hagamos &uacute;til nuestro voto, apoyando al &uacute;nico partido que es capaz de poner fin a cuatro a&ntilde;os m&aacute;s de resignaci&oacute;n y de Rajoy&quot;, reiter&oacute; S&aacute;nchez por la ma&ntilde;ana en la plaza del Callao, en el coraz&oacute;n de Madrid. All&iacute;, bajo la pantalla gigante de los cines Callao con el lema Un presidente para la mayor&iacute;a, el PSOE busc&oacute; completar la idea lanzada a finales de noviembre de &quot;un futuro para la mayor&iacute;a&quot;, focalizada en los votantes cr&iacute;ticos con el PP, sean indecisos, de Podemos o de </SPAN><SPAN CLASS="c4">Ciudadanos</SPAN><SPAN CLASS="c2">.</SPAN></P>
<P CLASS="c10"><SPAN CLASS="c2">S&aacute;nchez, al que la presi&oacute;n no parece incomodarle -&quot;funciono mejor con ella&quot;, sostiene-, interpreta como favorable acaparar la atenci&oacute;n de las dem&aacute;s fuerzas. &quot;Todos contra S&aacute;nchez... Bueno, algo estaremos haciendo bien&quot;, concluy&oacute; en una entrevista en Los Desayunos de TVE. Su entorno comparte ese an&aacute;lisis: &quot;Cuando alguien polariza as&iacute; la campa&ntilde;a, es porque lidera la campa&ntilde;a&quot;.</SPAN></P>
</DIV>
<BR><DIV CLASS="c5"><P CLASS="c6"><SPAN CLASS="c9">LANGUAGE: </SPAN><SPAN CLASS="c2">SPANISH; ESPA&Ntilde;OL</SPAN></P>
</DIV>
<BR><DIV CLASS="c5"><P CLASS="c6"><SPAN CLASS="c9">PUBLICATION-TYPE: </SPAN><SPAN CLASS="c2">Peri&oacute;dico</SPAN></P>
</DIV>
<BR><DIV CLASS="c5"><P CLASS="c6"><SPAN CLASS="c9">SUBJECT: </SPAN><SPAN CLASS="c2">Pol&iacute;tica (93%)</SPAN></P>
</DIV>
<BR><DIV CLASS="c5"><P CLASS="c6"><SPAN CLASS="c9">IPTC SUBJECT: </SPAN><SPAN CLASS="c2">Politica</SPAN></P>
</DIV>
<BR><DIV CLASS="c5"><P CLASS="c6"><SPAN CLASS="c9">LOAD-DATE: </SPAN><SPAN CLASS="c2">December 9, 2015</SPAN></P>
</DIV>
<BR><DIV CLASS="c0"><BR><P CLASS="c1"><SPAN CLASS="c2">Copyright 2015 El Pais Internacional S.A.<BR>All Rights Reserved</SPAN></P>
</DIV>
</BODY>
</HTML>