<HTML>
<HEAD>
<STYLE TYPE="text/css">
.c0 { text-align: center; }
.c1 { text-align: center; margin-top: 0em; margin-bottom: 0em; }
.c2 { font-family: 'Courier New',Courier; font-size: 10pt; font-style: normal; font-weight: normal; color: #000000; text-decoration: none; }
.c3 { text-align: center; margin-left: 13%; margin-right: 13%; }
.c4 { font-family: 'Courier New',Courier; font-size: 10pt; font-style: normal; font-weight: bold; color: #CC0033; text-decoration: none; }
.c5 { text-align: left; }
.c6 { text-align: left; margin-top: 0em; margin-bottom: 0em; }
.c7 { font-family: 'Courier New',Courier; font-size: 14pt; font-style: normal; font-weight: bold; color: #000000; text-decoration: none; }
.c8 { font-family: 'Courier New',Courier; font-size: 14pt; font-style: normal; font-weight: bold; color: #CC0033; text-decoration: none; }
.c9 { font-family: 'Courier New',Courier; font-size: 10pt; font-style: normal; font-weight: bold; color: #000000; text-decoration: none; }
.c10 { text-align: left; margin-top: 1em; margin-bottom: 0em; }
.c11 { page-break-before: always; }
</STYLE>
</HEAD>
<BODY>
<BR><DIV CLASS="c0"><P CLASS="c1"><SPAN CLASS="c2">12 of 935 DOCUMENTS</SPAN></P>
</DIV>
<BR><DIV CLASS="c0"><BR><P CLASS="c1"><IMG SRC="http://www.lexisnexis.com/lnacui2api/results/docview/attachRetrieve.do?smi=LOGOS&key=38401&componentseq=1&type=logo&inline=y" ALT="http://www.lexisnexis.com/lnacui2api/results/docview/attachRetrieve.do?smi=LOGOS&key=38401&componentseq=1&type=logo&inline=y"><BR><SPAN CLASS="c2">El Pais</SPAN></P>
</DIV>
<BR><DIV CLASS="c3"><P CLASS="c1"><SPAN CLASS="c4">December</SPAN><SPAN CLASS="c2"> 1, 2015 Tuesday</SPAN><SPAN CLASS="c2">&nbsp;</SPAN><SPAN CLASS="c2">&nbsp;<BR>2&ordf; Ed. Madrid Edici&oacute;n</SPAN></P>
</DIV>
<BR><DIV CLASS="c5"><P CLASS="c6"><SPAN CLASS="c7">Rivera, reformas frente a las cr&iacute;ticas socialistas</SPAN></P>
</DIV>
<BR><DIV CLASS="c5"><P CLASS="c6"><SPAN CLASS="c9">BYLINE: </SPAN><SPAN CLASS="c2">JUAN JOS&Eacute; MATEO</SPAN></P>
</DIV>
<BR><DIV CLASS="c5"><P CLASS="c6"><SPAN CLASS="c9">SECTION: </SPAN><SPAN CLASS="c2">ESPA&ntilde;A; Base; P&aacute;g. 17 [AN] </SPAN><SPAN CLASS="c4">CIUDADANOS.</SPAN><SPAN CLASS="c2"> Propuestas de regeneraci&oacute;n y cr&iacute;ticas al bipartidismo</SPAN></P>
</DIV>
<BR><DIV CLASS="c5"><P CLASS="c6"><SPAN CLASS="c9">LENGTH: </SPAN><SPAN CLASS="c2">627 words</SPAN></P>
</DIV>
<BR><DIV CLASS="c5"><P CLASS="c6"><SPAN CLASS="c9">DATELINE: </SPAN><SPAN CLASS="c2">Madrid </SPAN></P>
</DIV>
<BR><DIV CLASS="c5"><BR><P CLASS="c6"><SPAN CLASS="c9">HIGHLIGHT:</SPAN><SPAN CLASS="c2">&nbsp;Pedro S&aacute;nchez intenta asociar al l&iacute;der de </SPAN><SPAN CLASS="c4">Ciudadanos</SPAN><SPAN CLASS="c2"> con el PP<BR></SPAN></P>
</DIV>
<BR><DIV CLASS="c5"><P CLASS="c10"><SPAN CLASS="c4">Albert</SPAN><SPAN CLASS="c2">&nbsp;</SPAN><SPAN CLASS="c4">Rivera</SPAN><SPAN CLASS="c2"> intent&oacute; emplear el debate de EL PA&Iacute;S, que ayer le midi&oacute; con Pedro S&aacute;nchez y Pablo Iglesias, para lanzar el mensaje de que </SPAN><SPAN CLASS="c4">Ciudadanos</SPAN><SPAN CLASS="c2"> ofrece las reformas y las propuestas necesarias para &quot;regenerar Espa&ntilde;a&quot; y solucionar los efectos, dijo, de &quot;la locura del PP y el PSOE&quot;. Sin embargo, el candidato de la formaci&oacute;n emergente vio c&oacute;mo S&aacute;nchez le obligaba a cambiar el paso al equipararle constantemente con &quot;la derecha&quot; del PP para intentar detener la sangr&iacute;a de votantes socialistas que ahora se plantean votar a </SPAN><SPAN CLASS="c4">Ciudadanos</SPAN><SPAN CLASS="c2">. &quot;No estoy de acuerdo con que </SPAN><SPAN CLASS="c4">Albert</SPAN><SPAN CLASS="c2">&nbsp;</SPAN><SPAN CLASS="c4">Rivera</SPAN><SPAN CLASS="c2"> sea de derechas. </SPAN><SPAN CLASS="c4">Albert</SPAN><SPAN CLASS="c2">&nbsp;</SPAN><SPAN CLASS="c4">Rivera</SPAN><SPAN CLASS="c2"> es de lo que haga falta&quot;, remat&oacute; Iglesias.</SPAN></P>
<P CLASS="c10"><SPAN CLASS="c2">Rivera, a solo una d&eacute;cima de la victoria en las elecciones generales, seg&uacute;n una encuesta de Metroscopia para este diario, empez&oacute; el debate al ataque. El presidente de </SPAN><SPAN CLASS="c4">Ciudadanos</SPAN><SPAN CLASS="c2"> se ha convertido en el pol&iacute;tico mejor valorado por los espa&ntilde;oles, seg&uacute;n los sondeos, gracias a que ha conseguido convencer a la mayor&iacute;a de electores de que ocupa el centro ideol&oacute;gico. S&aacute;nchez se esforz&oacute; en destruir esa imagen de moderaci&oacute;n y equilibrio con continuas referencias al programa de su formaci&oacute;n.</SPAN><SPAN CLASS="c2">&nbsp;</SPAN></P>
<P CLASS="c10"><SPAN CLASS="c2">El candidato socialista emple&oacute; varios argumentos para intentar asociar a </SPAN><SPAN CLASS="c4">Ciudadanos</SPAN><SPAN CLASS="c2"> con la derecha. As&iacute;, record&oacute; la alianza que firm&oacute; el partido con Libertas (&quot;de extrema derecha&quot;, dijo S&aacute;nchez) para las elecciones europeas de 2009; critic&oacute; sus propuestas econ&oacute;micas y laborales; y aludi&oacute; a la promesa electoral de Rivera de no introducir nuevos copagos para financiar la sanidad p&uacute;blica, d&aacute;ndole la vuelta a ese compromiso para afirmar que si Rivera es presidente mantendr&aacute; los copagos actualmente existentes en las comunidades aut&oacute;nomas.</SPAN></P>
<P CLASS="c10"><SPAN CLASS="c2">&quot;Los copagos est&aacute;n en las comunidades gobernadas por el PSOE y el PP [en sanidad, les obliga un real decreto del Gobierno de Rajoy]&quot;, contest&oacute; el presidente de </SPAN><SPAN CLASS="c4">Ciudadanos</SPAN><SPAN CLASS="c2">. Rivera insisti&oacute; en sus propuestas -&quot;Espa&ntilde;a no hay que romperla, hay que reformarla. No podemos estar todos los d&iacute;as debatiendo lo que somos, tenemos que centrarnos en lo que queremos ser&quot;-; afe&oacute; a los socialistas las promesas incumplidas por anteriores Gobiernos; y a Iglesias sus cambios de opini&oacute;n.</SPAN></P>
<P CLASS="c10"><SPAN CLASS="c2">Las cr&iacute;ticas del candidato socialista, que lleg&oacute; a acusar a Rivera de &quot;mentir&quot;, provocaron respuestas en su hom&oacute;logo de </SPAN><SPAN CLASS="c4">Ciudadanos</SPAN><SPAN CLASS="c2">. &quot;Te lo inventas&quot;, le contest&oacute; en una ocasi&oacute;n. &quot;&iexcl;Vaya nivel!&quot;, ironiz&oacute; en otra. &quot;Es lamentable&quot;, dej&oacute; como corolario sobre una de las afirmaciones de S&aacute;nchez.</SPAN></P>
<P CLASS="c10"><SPAN CLASS="c2">Rivera, el &uacute;nico de los candidatos con corbata, compareci&oacute; con gesto serio, tenso. Quiso llevar el tim&oacute;n del debate. Al igual que S&aacute;nchez, durante uno de los descansos convers&oacute; con uno de sus asesores de confianza, Fernando de P&aacute;ramo, diputado auton&oacute;mico catal&aacute;n y su secretario de comunicaci&oacute;n. Frente a un Pablo Iglesias relajado, que a veces actu&oacute; de &aacute;rbitro pero acab&oacute; sum&aacute;ndose a las cr&iacute;ticas a Rivera, el candidato de </SPAN><SPAN CLASS="c4">Ciudadanos</SPAN><SPAN CLASS="c2"> intent&oacute; trasladar en muy breve tiempo toda la bater&iacute;a de propuestas que recoge su programa, atacando al bipartidismo.</SPAN></P>
<P CLASS="c10"><SPAN CLASS="c2">Tent&aacute;culos de PP y PSOE</SPAN></P>
<P CLASS="c10"><SPAN CLASS="c2">&quot;El modelo del PP y el PSOE ha sido un fracaso&quot;, afirm&oacute; el l&iacute;der de </SPAN><SPAN CLASS="c4">Ciudadanos</SPAN><SPAN CLASS="c2">, que propuso clarificar las competencias de las Autonom&iacute;as en la reforma de la Constituci&oacute;n, cerrar el Senado y el Consejo General del Poder Judicial. &quot;El PP y el PSOE se dedican a echarse la culpa el uno al otro&quot;, a&ntilde;adi&oacute;. &quot;En lugar de volver a la locura de PP y PSOE, hay que traer propuestas&quot;. Y remat&oacute;: &quot;El problema que tenemos es una partitrocracia con tent&aacute;culos muy amplios. </SPAN><SPAN CLASS="c4">Ciudadanos</SPAN><SPAN CLASS="c2"> quiere darle nuevamente el poder a la sociedad civil&quot;.</SPAN></P>
<P CLASS="c10"><SPAN CLASS="c2">El debate en EL PA&Iacute;S marca un punto de inflexi&oacute;n en la carrera pol&iacute;tica de Rivera. Fue la primera muestra de lo que significa estar tan bien posicionado en las encuestas. Como dijo &eacute;l mismo en la previa: &quot;Ser la diana de todos&quot;.</SPAN></P>
</DIV>
<BR><DIV CLASS="c5"><P CLASS="c6"><SPAN CLASS="c9">LANGUAGE: </SPAN><SPAN CLASS="c2">SPANISH; ESPA&Ntilde;OL</SPAN></P>
</DIV>
<BR><DIV CLASS="c5"><P CLASS="c6"><SPAN CLASS="c9">PUBLICATION-TYPE: </SPAN><SPAN CLASS="c2">Peri&oacute;dico</SPAN></P>
</DIV>
<BR><DIV CLASS="c5"><P CLASS="c6"><SPAN CLASS="c9">SUBJECT: </SPAN><SPAN CLASS="c2">Pol&iacute;tica (93%)</SPAN></P>
</DIV>
<BR><DIV CLASS="c5"><P CLASS="c6"><SPAN CLASS="c9">IPTC SUBJECT: </SPAN><SPAN CLASS="c2">Politica</SPAN></P>
</DIV>
<BR><DIV CLASS="c5"><P CLASS="c6"><SPAN CLASS="c9">LOAD-DATE: </SPAN><SPAN CLASS="c2">November 30, 2015</SPAN></P>
</DIV>
<BR><DIV CLASS="c0"><BR><P CLASS="c1"><SPAN CLASS="c2">Copyright 2015 El Pais Internacional S.A.<BR>All Rights Reserved</SPAN></P>
</DIV>
</BODY>
</HTML>