<HTML>
<HEAD>
<STYLE TYPE="text/css">
.c0 { text-align: center; }
.c1 { text-align: center; margin-top: 0em; margin-bottom: 0em; }
.c2 { font-family: 'Courier New',Courier; font-size: 10pt; font-style: normal; font-weight: normal; color: #000000; text-decoration: none; }
.c3 { text-align: center; margin-left: 13%; margin-right: 13%; }
.c4 { font-family: 'Courier New',Courier; font-size: 10pt; font-style: normal; font-weight: bold; color: #CC0033; text-decoration: none; }
.c5 { text-align: left; }
.c6 { text-align: left; margin-top: 0em; margin-bottom: 0em; }
.c7 { font-family: 'Courier New',Courier; font-size: 14pt; font-style: normal; font-weight: bold; color: #000000; text-decoration: none; }
.c8 { font-family: 'Courier New',Courier; font-size: 14pt; font-style: normal; font-weight: bold; color: #CC0033; text-decoration: none; }
.c9 { font-family: 'Courier New',Courier; font-size: 10pt; font-style: normal; font-weight: bold; color: #000000; text-decoration: none; }
.c10 { text-align: left; margin-top: 1em; margin-bottom: 0em; }
.c11 { page-break-before: always; }
</STYLE>
</HEAD>
<BODY>
<BR><DIV CLASS="c0"><P CLASS="c1"><SPAN CLASS="c2">209 of 935 DOCUMENTS</SPAN></P>
</DIV>
<BR><DIV CLASS="c0"><BR><P CLASS="c1"><IMG SRC="http://www.lexisnexis.com/lnacui2api/results/docview/attachRetrieve.do?smi=LOGOS&key=38401&componentseq=1&type=logo&inline=y" ALT="http://www.lexisnexis.com/lnacui2api/results/docview/attachRetrieve.do?smi=LOGOS&key=38401&componentseq=1&type=logo&inline=y"><BR><SPAN CLASS="c2">El Pais</SPAN></P>
</DIV>
<BR><DIV CLASS="c3"><P CLASS="c1"><SPAN CLASS="c4">November</SPAN><SPAN CLASS="c2"> 22, 2015 Sunday</SPAN><SPAN CLASS="c2">&nbsp;</SPAN><SPAN CLASS="c2">&nbsp;<BR>Andaluc&iacute;a Edici&oacute;n</SPAN></P>
</DIV>
<BR><DIV CLASS="c5"><P CLASS="c6"><SPAN CLASS="c7">S&aacute;nchez sostiene que solo el PSOE puede traer un cambio progresista</SPAN></P>
</DIV>
<BR><DIV CLASS="c5"><P CLASS="c6"><SPAN CLASS="c9">BYLINE: </SPAN><SPAN CLASS="c2">ANABEL D&Iacute;EZ</SPAN></P>
</DIV>
<BR><DIV CLASS="c5"><P CLASS="c6"><SPAN CLASS="c9">SECTION: </SPAN><SPAN CLASS="c2">ESPA&ntilde;A; Base; P&aacute;g. 24</SPAN></P>
</DIV>
<BR><DIV CLASS="c5"><P CLASS="c6"><SPAN CLASS="c9">LENGTH: </SPAN><SPAN CLASS="c2">637 words</SPAN></P>
</DIV>
<BR><DIV CLASS="c5"><P CLASS="c6"><SPAN CLASS="c9">DATELINE: </SPAN><SPAN CLASS="c2">Madrid </SPAN></P>
</DIV>
<BR><DIV CLASS="c5"><P CLASS="c10"><SPAN CLASS="c2">El l&iacute;der del PSOE, Pedro S&aacute;nchez, hizo ayer un llamamiento al electorado progresista previniendo de que solo su partido puede propiciar un cambio tras las elecciones del pr&oacute;ximo 20 de diciembre. La formaci&oacute;n que re&uacute;na m&aacute;s votos, afirm&oacute;, tendr&aacute; m&aacute;s posibilidades y m&aacute;s legitimidad para liderar las negociaciones que conduzcan a una mayor&iacute;a parlamentaria que permita formar Gobierno. Y esa es la meta que se ha fijado S&aacute;nchez: &quot;Solo necesitamos un voto m&aacute;s que el partido de Rajoy para construir el cambio firme y un futuro para la mayor&iacute;a de este pa&iacute;s&quot;, dijo en la presentaci&oacute;n del programa.</SPAN></P>
<P CLASS="c10"><SPAN CLASS="c2">Las transformaciones no vendr&aacute;n de la mano de </SPAN><SPAN CLASS="c4">Ciudadanos</SPAN><SPAN CLASS="c2">, al que S&aacute;nchez llama &quot;la nueva derecha&quot;, que quiere enviar &quot;tropas a Siria&quot; como la &quot;vieja derecha&quot; que particip&oacute; en el &quot;tri&aacute;ngulo de las Azores&quot;. Son los mensajes que lanz&oacute; para tratar de persuadir a votantes progresistas proclives al partido de Rivera.</SPAN><SPAN CLASS="c2">&nbsp;</SPAN></P>
<P CLASS="c10"><SPAN CLASS="c2">Ayer s&iacute; fue posible que el PSOE presentara su programa electoral para las elecciones que se celebrar&aacute;n dentro de 30 d&iacute;as. En el Centro Cultural Conde Duque de Madrid el candidato socialista Pedro S&aacute;nchez, formul&oacute; las l&iacute;neas maestras del programa que pondr&aacute; en marcha si gana las elecciones, despu&eacute;s de que la pasada semana el acto de presentaci&oacute;n se viera truncado por los atentados de Par&iacute;s.</SPAN></P>
<P CLASS="c10"><SPAN CLASS="c2">El acto de ayer fue mucho menos vistoso y numeroso que el previsto la semana pasada, pero sirvi&oacute; para que, por fin, S&aacute;nchez pudiera hacer la presentaci&oacute;n oficial de su programa, expuesto hasta ahora sectorialmente y con anuncios dispersos.</SPAN></P>
<P CLASS="c10"><SPAN CLASS="c2">Se trataba de presentar el programa pero trasluci&oacute; la preocupaci&oacute;n m&aacute;s profunda del PSOE: no ser la fuerza m&aacute;s votada el pr&oacute;ximo 20-D. Programa, pero tambi&eacute;n estrategia que se dej&oacute; ver en apenas una frase, aunque llena de significado: &quot;Solo necesitamos una cosa: un voto m&aacute;s que el partido de Mariano Rajoy&quot;.</SPAN></P>
<P CLASS="c10"><SPAN CLASS="c2">Con esta petici&oacute;n, nueva durante la precampa&ntilde;a, S&aacute;nchez sintetiz&oacute; la preocupaci&oacute;n y ocupaci&oacute;n de su partido y de s&iacute; mismo. Ninguna fuerza pol&iacute;tica obtendr&aacute; mayor&iacute;a absoluta y ser&aacute;n necesarios acuerdos entre partidos para formar una mayor&iacute;a parlamentaria. Ahora bien, quien quede el primero en la carrera llevar&aacute; la voz cantante.</SPAN></P>
<P CLASS="c10"><SPAN CLASS="c2">Este es el objetivo del PSOE, nada f&aacute;cil por cuanto las encuestas dan al PP o a los socialistas la primera posici&oacute;n, pero con </SPAN><SPAN CLASS="c4">Ciudadanos</SPAN><SPAN CLASS="c2"> pis&aacute;ndoles los talones. La precisi&oacute;n de S&aacute;nchez de que quiere sacar &quot;un voto m&aacute;s&quot; que Rajoy da cuenta de que se considerar&aacute; ganador por n&uacute;mero de votos y no por los esca&ntilde;os que obtenga ni los que otros puedan sumar juntos. En l&oacute;gica parlamentaria, cualquier fuerza pol&iacute;tica puede intentar sumar una mayor&iacute;a, pero resultar&aacute; m&aacute;s c&oacute;modo y menos criticado que el primero lidere la negociaci&oacute;n y sean los otros, es decir, Podemos y </SPAN><SPAN CLASS="c4">Ciudadanos</SPAN><SPAN CLASS="c2">, quienes tengan que decidir si votan la investidura de Mariano Rajoy o de Pedro S&aacute;nchez.</SPAN></P>
<P CLASS="c10"><SPAN CLASS="c2">Este esquema sirve siempre que </SPAN><SPAN CLASS="c4">Ciudadanos</SPAN><SPAN CLASS="c2"> no quede por encima del PSOE en n&uacute;mero de votos. Desde el pasado mes de septiembre, tras las elecciones en Catalu&ntilde;a, el partido de </SPAN><SPAN CLASS="c4">Albert Rivera</SPAN><SPAN CLASS="c2"> crece no tanto por el voto que atrae del PP, que ya es mucho, sino por el que capta del PSOE, al menos en las encuestas. </SPAN><SPAN CLASS="c4">Ciudadanos</SPAN><SPAN CLASS="c2">, por tanto, es un rival serio, cuyo impacto ser&aacute; menor si el PSOE logra empujarlo a la derecha en la percepci&oacute;n de los electores. &quot;El cambio no va a venir de la derecha de siempre, o de la nueva derecha, o de la suma de las derechas&quot;, se&ntilde;al&oacute; ayer S&aacute;nchez.</SPAN></P>
<P CLASS="c10"><SPAN CLASS="c2">La reconducci&oacute;n de la campa&ntilde;a hacia el contraste de propuestas es el objetivo del PSOE. El conflicto en Catalu&ntilde;a por el proceso secesionista y el mazazo del terrorismo yihadista ha distorsionado por completo el avance normal de la campa&ntilde;a. El PSOE no ve otro camino en ambos casos que respaldar al Gobierno que preside Rajoy, y es consciente de que, en principio, el presidente es el beneficiado de esa colaboraci&oacute;n.</SPAN></P>
</DIV>
<BR><DIV CLASS="c5"><P CLASS="c6"><SPAN CLASS="c9">LANGUAGE: </SPAN><SPAN CLASS="c2">SPANISH; ESPA&Ntilde;OL</SPAN></P>
</DIV>
<BR><DIV CLASS="c5"><P CLASS="c6"><SPAN CLASS="c9">PUBLICATION-TYPE: </SPAN><SPAN CLASS="c2">Peri&oacute;dico</SPAN></P>
</DIV>
<BR><DIV CLASS="c5"><P CLASS="c6"><SPAN CLASS="c9">SUBJECT: </SPAN><SPAN CLASS="c2">Pol&iacute;tica (93%)</SPAN></P>
</DIV>
<BR><DIV CLASS="c5"><P CLASS="c6"><SPAN CLASS="c9">IPTC SUBJECT: </SPAN><SPAN CLASS="c2">Politica</SPAN></P>
</DIV>
<BR><DIV CLASS="c5"><P CLASS="c6"><SPAN CLASS="c9">LOAD-DATE: </SPAN><SPAN CLASS="c2">November 21, 2015</SPAN></P>
</DIV>
<BR><DIV CLASS="c0"><BR><P CLASS="c1"><SPAN CLASS="c2">Copyright 2015 El Pais Internacional S.A.<BR>All Rights Reserved</SPAN></P>
</DIV>
</BODY>
</HTML>