<HTML>
<HEAD>
<STYLE TYPE="text/css">
.c0 { text-align: center; }
.c1 { text-align: center; margin-top: 0em; margin-bottom: 0em; }
.c2 { font-family: 'Courier New',Courier; font-size: 10pt; font-style: normal; font-weight: normal; color: #000000; text-decoration: none; }
.c3 { text-align: center; margin-left: 13%; margin-right: 13%; }
.c4 { font-family: 'Courier New',Courier; font-size: 10pt; font-style: normal; font-weight: bold; color: #CC0033; text-decoration: none; }
.c5 { text-align: left; }
.c6 { text-align: left; margin-top: 0em; margin-bottom: 0em; }
.c7 { font-family: 'Courier New',Courier; font-size: 14pt; font-style: normal; font-weight: bold; color: #000000; text-decoration: none; }
.c8 { font-family: 'Courier New',Courier; font-size: 14pt; font-style: normal; font-weight: bold; color: #CC0033; text-decoration: none; }
.c9 { font-family: 'Courier New',Courier; font-size: 10pt; font-style: normal; font-weight: bold; color: #000000; text-decoration: none; }
.c10 { text-align: left; margin-top: 1em; margin-bottom: 0em; }
.c11 { page-break-before: always; }
</STYLE>
</HEAD>
<BODY>
<BR><DIV CLASS="c0"><P CLASS="c1"><SPAN CLASS="c2">246 of 935 DOCUMENTS</SPAN></P>
</DIV>
<BR><DIV CLASS="c0"><BR><P CLASS="c1"><IMG SRC="http://www.lexisnexis.com/lnacui2api/results/docview/attachRetrieve.do?smi=LOGOS&key=38401&componentseq=1&type=logo&inline=y" ALT="http://www.lexisnexis.com/lnacui2api/results/docview/attachRetrieve.do?smi=LOGOS&key=38401&componentseq=1&type=logo&inline=y"><BR><SPAN CLASS="c2">El Pais</SPAN></P>
</DIV>
<BR><DIV CLASS="c3"><P CLASS="c1"><SPAN CLASS="c4">December</SPAN><SPAN CLASS="c2"> 20, 2015 Sunday</SPAN><SPAN CLASS="c2">&nbsp;</SPAN><SPAN CLASS="c2">&nbsp;<BR>Nacional Edici&oacute;n</SPAN></P>
</DIV>
<BR><DIV CLASS="c5"><P CLASS="c6"><SPAN CLASS="c7">Las elecciones de hoy abren un escenario pol&iacute;tico in&eacute;dito en Espa&ntilde;a</SPAN></P>
</DIV>
<BR><DIV CLASS="c5"><P CLASS="c6"><SPAN CLASS="c9">BYLINE: </SPAN><SPAN CLASS="c2">FERNANDO GAREA</SPAN></P>
</DIV>
<BR><DIV CLASS="c5"><P CLASS="c6"><SPAN CLASS="c9">SECTION: </SPAN><SPAN CLASS="c2">ESPA&ntilde;A; Base; P&aacute;g. 17</SPAN></P>
</DIV>
<BR><DIV CLASS="c5"><P CLASS="c6"><SPAN CLASS="c9">LENGTH: </SPAN><SPAN CLASS="c2">842 words</SPAN></P>
</DIV>
<BR><DIV CLASS="c5"><P CLASS="c6"><SPAN CLASS="c9">DATELINE: </SPAN><SPAN CLASS="c2">Madrid </SPAN></P>
</DIV>
<BR><DIV CLASS="c5"><P CLASS="c10"><SPAN CLASS="c2">Espa&ntilde;a entra desde hoy en una etapa pol&iacute;tica nueva. Nada ser&aacute; igual porque, seg&uacute;n todas las previsiones, habr&aacute; un Parlamento mucho m&aacute;s fragmentado, con irrupci&oacute;n de dos partidos nuevos, en el que ser&aacute;n necesarios pactos. Se iniciar&aacute; una nueva etapa para poner en hora la democracia constitucional. De una legislatura que se inici&oacute; con mayor&iacute;a absoluta hegem&oacute;nica del PP en todas las instituciones se llega hoy a las elecciones generales con presencia plural en Ayuntamientos y comunidades aut&oacute;nomas y la previsi&oacute;n de un futuro Gobierno que tendr&aacute; que ser consecuencia de acuerdos. El di&aacute;logo y el consenso se abren paso.</SPAN></P>
<P CLASS="c10"><SPAN CLASS="c2">Cuatro partidos -PP, PSOE, </SPAN><SPAN CLASS="c4">Ciudadanos</SPAN><SPAN CLASS="c2"> y Podemos- llegan a las elecciones de hoy en condiciones de provocar un vuelco pol&iacute;tico en Espa&ntilde;a. El bipartidismo, entendido como el poder ampliamente mayoritario en el Congreso de dos partidos que, adem&aacute;s, se alternan en el Gobierno, da paso a un escenario con nuevos actores.</SPAN><SPAN CLASS="c2">&nbsp;</SPAN></P>
<P CLASS="c10"><SPAN CLASS="c2">La campa&ntilde;a y los &uacute;ltimos meses de mandato de Mariano Rajoy se han caracterizado por un nuevo marco de debate pol&iacute;tico en el que el eje de discusi&oacute;n ya no ha sido la izquierda y la derecha, sino la pugna entre lo nuevo y lo viejo. Lo que se aprecia como un enorme salto generacional se concreta en la aparici&oacute;n de nuevos aspirantes a la presidencia del Gobierno como Pablo Iglesias (Podemos) y </SPAN><SPAN CLASS="c4">Albert Rivera (Ciudadanos</SPAN><SPAN CLASS="c2">). De la misma forma que hace unos meses aparecieron otros l&iacute;deres como abanderados de esa nueva pol&iacute;tica y ahora dirigen los Ayuntamientos de Madrid, Barcelona, Valencia o C&aacute;diz entre otros, esa opci&oacute;n de cambio y de fin de ciclo llega a las Cortes y quiz&aacute;s a La Moncloa.</SPAN></P>
<P CLASS="c10"><SPAN CLASS="c2">Rajoy concurre por cuarta vez como cabeza de lista en unas generales. Perdi&oacute; en 2004 y 2008 frente a Jos&eacute; Luis Rodr&iacute;guez Zapatero y gan&oacute; en 2011 a Alfredo P&eacute;rez Rubalcaba. Es el presidente del Gobierno que m&aacute;s poder ha acumulado desde 1978, tanto en el Ejecutivo central como en poder territorial a trav&eacute;s de su partido. Ahora aspira a ser el m&aacute;s votado y poder gobernar, pero con un descenso notable de esca&ntilde;os, consecuencia de la aparici&oacute;n de otros partidos y de su propio desgaste por la crisis y la corrupci&oacute;n.</SPAN></P>
<P CLASS="c10"><SPAN CLASS="c2">Junto con Rajoy, Iglesias y Rivera, el otro actor principal es Pedro S&aacute;nchez, que busca diferenciar al PSOE de la vieja pol&iacute;tica, dar muestra de renovaci&oacute;n en su partido y, al tiempo, hacer valer la experiencia de gesti&oacute;n de los socialistas como la formaci&oacute;n que m&aacute;s a&ntilde;os ha gobernado en la Espa&ntilde;a constitucional.</SPAN></P>
<P CLASS="c10"><SPAN CLASS="c2">En ese nuevo Parlamento, que debe constituirse el 14 de enero, les espera a los 350 diputados que sean elegidos hoy una agenda que incluye las propuestas de reforma de la Constituci&oacute;n, cambios en la ley electoral y, en general la renovaci&oacute;n de instituciones democr&aacute;ticas que, 37 a&ntilde;os despu&eacute;s del inicio de la etapa constitucional, se han demostrado como alejadas de las nuevas generaciones de espa&ntilde;oles.</SPAN></P>
<P CLASS="c10"><SPAN CLASS="c2">La cifra de las pr&oacute;ximas semanas es 176, que es el n&uacute;mero de esca&ntilde;os necesarios para sacar adelante la investidura con mayor&iacute;a absoluta del Congreso. El &uacute;nico medio de llegar a ese dato ser&aacute;, con toda seguridad, la suma de los votos de dos o m&aacute;s partidos, porque el que gane lo puede hacer por debajo del 30% de los votos, el menor porcentaje con el que nunca antes se hab&iacute;an ganado las elecciones.</SPAN></P>
<P CLASS="c10"><SPAN CLASS="c2">El socio </SPAN><SPAN CLASS="c4">Ciudadanos</SPAN></P>
<P CLASS="c10"><SPAN CLASS="c2">Ahora el PP aparece como favorito en todas las encuestas para ser el m&aacute;s votado, pero con dudas sobre la forma en la que sumar&iacute;a los votos necesarios para la investidura. La mayor&iacute;a absoluta que ha disfrutado hasta ahora le ha llevado a no tener pr&aacute;cticamente relaciones con otros partidos y la falta de afinidades ideol&oacute;gicas con los dem&aacute;s se&ntilde;alan a </SPAN><SPAN CLASS="c4">Ciudadanos</SPAN><SPAN CLASS="c2"> como &uacute;nica hip&oacute;tesis de socio parlamentario. No obstante, Rivera ha repetido de todas las formas posibles que no votar&aacute; la investidura de Rajoy, ni la de S&aacute;nchez. Solo ha admitido en el &uacute;ltimo minuto la posibilidad de facilitar la investidura con su abstenci&oacute;n, pero para ello es necesario que el PP supere los 140 diputados.</SPAN></P>
<P CLASS="c10"><SPAN CLASS="c2">Los otros tres partidos pugnan por el segundo puesto, por el liderazgo de la oposici&oacute;n. S&aacute;nchez ha intentado explotar la tesis del voto &uacute;til como &uacute;nica opci&oacute;n para sacar a Rajoy de La Moncloa y su objetivo es tener el n&uacute;mero suficiente de esca&ntilde;os para una mayor&iacute;a alternativa a la del PP con varias opciones pol&iacute;ticas.</SPAN></P>
<P CLASS="c10"><SPAN CLASS="c2">El PSOE se qued&oacute; en 110 esca&ntilde;os en 2011, en su peor resultado en democracia, pero que ahora los socialistas asumen como el objetivo, como consecuencia de la fragmentaci&oacute;n del voto. Para S&aacute;nchez la l&iacute;nea entre el fracaso y el &eacute;xito est&aacute; m&aacute;s bien en ser segundo, porque eso garantiza liderar la oposici&oacute;n y un n&uacute;mero de esca&ntilde;os cercano al centenar.</SPAN></P>
<P CLASS="c10"><SPAN CLASS="c2">Podemos y </SPAN><SPAN CLASS="c4">Ciudadanos</SPAN><SPAN CLASS="c2"> llegan al Congreso con la expectativa p&uacute;blica de m&aacute;ximos de poder gobernar y, en el peor de los casos, la m&aacute;s realista de tener el liderazgo de la oposici&oacute;n. Ambos llegan con la bandera de la profunda regeneraci&oacute;n, en distinto grado, del sistema democr&aacute;tico.</SPAN></P>
<P CLASS="c10"><SPAN CLASS="c2">Unidad Popular-Izquierda Unida de Alberto Garz&oacute;n aspira a poder formar grupo parlamentario y UPyD de Andr&eacute;s Herzog se resiste a ser extraparlamentario.</SPAN></P>
</DIV>
<BR><DIV CLASS="c5"><P CLASS="c6"><SPAN CLASS="c9">LANGUAGE: </SPAN><SPAN CLASS="c2">SPANISH; ESPA&Ntilde;OL</SPAN></P>
</DIV>
<BR><DIV CLASS="c5"><P CLASS="c6"><SPAN CLASS="c9">PUBLICATION-TYPE: </SPAN><SPAN CLASS="c2">Peri&oacute;dico</SPAN></P>
</DIV>
<BR><DIV CLASS="c5"><P CLASS="c6"><SPAN CLASS="c9">SUBJECT: </SPAN><SPAN CLASS="c2">Pol&iacute;tica (93%)</SPAN></P>
</DIV>
<BR><DIV CLASS="c5"><P CLASS="c6"><SPAN CLASS="c9">IPTC SUBJECT: </SPAN><SPAN CLASS="c2">Politica</SPAN></P>
</DIV>
<BR><DIV CLASS="c5"><P CLASS="c6"><SPAN CLASS="c9">LOAD-DATE: </SPAN><SPAN CLASS="c2">December 19, 2015</SPAN></P>
</DIV>
<BR><DIV CLASS="c0"><BR><P CLASS="c1"><SPAN CLASS="c2">Copyright 2015 El Pais Internacional S.A.<BR>All Rights Reserved</SPAN></P>
</DIV>
</BODY>
</HTML>