<HTML>
<HEAD>
<STYLE TYPE="text/css">
.c0 { text-align: center; }
.c1 { text-align: center; margin-top: 0em; margin-bottom: 0em; }
.c2 { font-family: 'Courier New',Courier; font-size: 10pt; font-style: normal; font-weight: normal; color: #000000; text-decoration: none; }
.c3 { text-align: center; margin-left: 13%; margin-right: 13%; }
.c4 { font-family: 'Courier New',Courier; font-size: 10pt; font-style: normal; font-weight: bold; color: #CC0033; text-decoration: none; }
.c5 { text-align: left; }
.c6 { text-align: left; margin-top: 0em; margin-bottom: 0em; }
.c7 { font-family: 'Courier New',Courier; font-size: 14pt; font-style: normal; font-weight: bold; color: #000000; text-decoration: none; }
.c8 { font-family: 'Courier New',Courier; font-size: 14pt; font-style: normal; font-weight: bold; color: #CC0033; text-decoration: none; }
.c9 { font-family: 'Courier New',Courier; font-size: 10pt; font-style: normal; font-weight: bold; color: #000000; text-decoration: none; }
.c10 { text-align: left; margin-top: 1em; margin-bottom: 0em; }
.c11 { page-break-before: always; }
</STYLE>
</HEAD>
<BODY>
<BR><DIV CLASS="c0"><P CLASS="c1"><SPAN CLASS="c2">202 of 935 DOCUMENTS</SPAN></P>
</DIV>
<BR><DIV CLASS="c0"><BR><P CLASS="c1"><IMG SRC="http://www.lexisnexis.com/lnacui2api/results/docview/attachRetrieve.do?smi=LOGOS&key=38401&componentseq=1&type=logo&inline=y" ALT="http://www.lexisnexis.com/lnacui2api/results/docview/attachRetrieve.do?smi=LOGOS&key=38401&componentseq=1&type=logo&inline=y"><BR><SPAN CLASS="c2">El Pais</SPAN></P>
</DIV>
<BR><DIV CLASS="c3"><P CLASS="c1"><SPAN CLASS="c4">December</SPAN><SPAN CLASS="c2"> 7, 2015 Monday</SPAN><SPAN CLASS="c2">&nbsp;</SPAN><SPAN CLASS="c2">&nbsp;<BR>2&ordf; Ed. Madrid Edici&oacute;n</SPAN></P>
</DIV>
<BR><DIV CLASS="c5"><P CLASS="c6"><SPAN CLASS="c7">Rivera e Iglesias confrontan en el Congreso sus planes para Catalu&ntilde;a</SPAN></P>
</DIV>
<BR><DIV CLASS="c5"><P CLASS="c6"><SPAN CLASS="c9">BYLINE: </SPAN><SPAN CLASS="c2">JUAN JOS&Eacute; MATEO / FRANCESCO MANETTO</SPAN></P>
</DIV>
<BR><DIV CLASS="c5"><P CLASS="c6"><SPAN CLASS="c9">SECTION: </SPAN><SPAN CLASS="c2">ESPA&ntilde;A; Base; P&aacute;g. 20</SPAN></P>
</DIV>
<BR><DIV CLASS="c5"><P CLASS="c6"><SPAN CLASS="c9">LENGTH: </SPAN><SPAN CLASS="c2">554 words</SPAN></P>
</DIV>
<BR><DIV CLASS="c5"><P CLASS="c6"><SPAN CLASS="c9">DATELINE: </SPAN><SPAN CLASS="c2">Madrid La primera visita oficial de </SPAN><SPAN CLASS="c4">Albert Rivera</SPAN><SPAN CLASS="c2"> y Pablo Iglesias al Congreso, motivada por la fiesta de la Constituci&oacute;n, sirvi&oacute; ayer para contraponer los planes que tienen para Catalu&ntilde;a sus dos partidos. &quot;Viva la Constituci&oacute;n, Visca la Constituci&oacute;&quot;, dijo el l&iacute;der de </SPAN><SPAN CLASS="c4">Ciudadanos</SPAN><SPAN CLASS="c2"> antes de argumentar que el di&aacute;logo en el marco de la Ley Fundamental es el &uacute;nico camino para afrontar el reto independentista. El candidato de Podemos defendi&oacute; el &quot;derecho a decidir&quot; de los catalanes en refer&eacute;ndum. </SPAN></P>
</DIV>
<BR><DIV CLASS="c5"><P CLASS="c10"><SPAN CLASS="c2">&quot;En este momento en el que hay un jaque a la democracia espa&ntilde;ola en Catalu&ntilde;a, es importante recalcar que tenemos que estar juntos, que se puede dialogar con aquellos que est&aacute;n dentro del marco constitucional. Fuera de la Constituci&oacute;n no hay democracia posible, no hay di&aacute;logo posible&quot;, enfatiz&oacute; </SPAN><SPAN CLASS="c4">Albert Rivera</SPAN><SPAN CLASS="c2"> en su primera declaraci&oacute;n como presidente de </SPAN><SPAN CLASS="c4">Ciudadanos</SPAN><SPAN CLASS="c2"> en el Congreso. Y recalc&oacute;: &quot;En este momento en el que unos quieren romper nuestra Constituci&oacute;n y nuestro pa&iacute;s, los que queremos seguir conviviendo tenemos que reformar nuestras instituciones, no para contentar a los que quieren romper Espa&ntilde;a, sino a la mayor&iacute;a&quot;.</SPAN><SPAN CLASS="c2">&nbsp;</SPAN></P>
<P CLASS="c10"><SPAN CLASS="c2">Rivera habl&oacute; en Madrid, a unos pocos metros del coraz&oacute;n del Congreso, el hemiciclo. Pero su discurso estuvo lleno de referencias a Catalu&ntilde;a. Seg&uacute;n la formaci&oacute;n emergente, no hay mejor ant&iacute;doto frente al independentismo que una reforma de las instituciones &quot;para que Espa&ntilde;a funcione mejor&quot; y de la Constituci&oacute;n de 1978, cuyo legado defiende. </SPAN><SPAN CLASS="c4">Ciudadanos</SPAN><SPAN CLASS="c2"> quiere suprimir el Senado; cambiar la ley electoral; y clarificar las competencias auton&oacute;micas, blindando las del Estado. La defensa de la Constituci&oacute;n que hizo Rivera incluy&oacute; una dura referencia a Pablo Iglesias, ya por la tarde, durante un mitin en Barcelona. &quot;Nosotros no podemos ir en la misma lista que Bildu-Amaiur. &iquest;Se acuerdan de la escena de un se&ntilde;or rompiendo la Constituci&oacute;n con una estelada?&quot;, pregunt&oacute; al p&uacute;blico en referencia al diputado Sabino Cuadra, que arranc&oacute; p&aacute;ginas de un ejemplar de la Ley Fundamental desde la tribuna del Congreso el pasado septiembre. &quot;Esos son los socios del se&ntilde;or Iglesias&quot;, dijo, apoy&aacute;ndose en el pacto alcanzado por Podemos y Bildu en Navarra para las listas al Senado.</SPAN></P>
<P CLASS="c10"><SPAN CLASS="c2">&quot;Pa&iacute;s de pa&iacute;ses&quot;</SPAN></P>
<P CLASS="c10"><SPAN CLASS="c2">Pablo Iglesias, por su parte, reconoci&oacute; en los pasillos del Congreso los logros del acuerdo de convivencia de la Transici&oacute;n pero reclam&oacute; cambios de calado en la Constituci&oacute;n, entre ellos blindar el derecho a &quot;decidir&quot; para que las comunidades puedan convocar referendos de independencia vinculantes. A su llegada al Congreso, el l&iacute;der de Podemos dio la Constituci&oacute;n por superada. &quot;Gracias, 1978. Hola, 2016&quot;, resumi&oacute; sobre un texto que en su art&iacute;culo 1 establece que la soberan&iacute;a es de todo el pueblo espa&ntilde;ol. &quot;Los cambios que ya son una realidad en la sociedad se tienen que plasmar en una nueva Constituci&oacute;n&quot;, afirm&oacute;.</SPAN></P>
<P CLASS="c10"><SPAN CLASS="c2">Iglesias reserv&oacute; la defensa de esa reforma para un acto celebrado por la tarde en el que participaron de forma simult&aacute;nea desde varias ciudades la catalana Ada Colau, la valenciana M&ograve;nica Oltra, la canaria Victoria Rosell y el gallego Xos&eacute; Manuel Beiras. All&iacute; se mostr&oacute; rotundo en la defensa de su estrategia. &quot;Ese pa&iacute;s de pa&iacute;ses es lo que queremos construir&quot;, dijo. &quot;Me dec&iacute;a el otro d&iacute;a Pedro S&aacute;nchez que eso de la autodeterminaci&oacute;n era una cosa de la URSS. No, Pedro, no. Lo llevaba el PSOE en su programa en 1977&quot;.</SPAN></P>
<P CLASS="c10"><SPAN CLASS="c2">Beiras, portavoz de Anova, fue el encargado de la ponencia de Podemos sobre el encaje territorial. &quot;El pueblo gallego es una naci&oacute;n. El pueblo euskald&uacute;n, el pueblo catal&aacute;n, el pueblo valenciano&quot;, enumer&oacute;. &quot;Es necesario que ajustemos la superestructura del edificio institucional de Estado a la realidad sociopol&iacute;tica de la sociedad civil. La soberan&iacute;a reside en los </SPAN><SPAN CLASS="c4">ciudadanos</SPAN><SPAN CLASS="c2">, y evidentemente esa ciudadan&iacute;a tiene que decidir democr&aacute;ticamente y pac&iacute;ficamente qu&eacute; opci&oacute;n escoge&quot;.</SPAN></P>
</DIV>
<BR><DIV CLASS="c5"><P CLASS="c6"><SPAN CLASS="c9">LANGUAGE: </SPAN><SPAN CLASS="c2">SPANISH; ESPA&Ntilde;OL</SPAN></P>
</DIV>
<BR><DIV CLASS="c5"><P CLASS="c6"><SPAN CLASS="c9">PUBLICATION-TYPE: </SPAN><SPAN CLASS="c2">Peri&oacute;dico</SPAN></P>
</DIV>
<BR><DIV CLASS="c5"><P CLASS="c6"><SPAN CLASS="c9">SUBJECT: </SPAN><SPAN CLASS="c2">Pol&iacute;tica (94%)</SPAN></P>
</DIV>
<BR><DIV CLASS="c5"><P CLASS="c6"><SPAN CLASS="c9">IPTC SUBJECT: </SPAN><SPAN CLASS="c2">Politica</SPAN></P>
</DIV>
<BR><DIV CLASS="c5"><P CLASS="c6"><SPAN CLASS="c9">LOAD-DATE: </SPAN><SPAN CLASS="c2">December 6, 2015</SPAN></P>
</DIV>
<BR><DIV CLASS="c0"><BR><P CLASS="c1"><SPAN CLASS="c2">Copyright 2015 El Pais Internacional S.A.<BR>All Rights Reserved</SPAN></P>
</DIV>
</BODY>
</HTML>