<HTML>
<HEAD>
<STYLE TYPE="text/css">
.c0 { text-align: center; }
.c1 { text-align: center; margin-top: 0em; margin-bottom: 0em; }
.c2 { font-family: 'Courier New',Courier; font-size: 10pt; font-style: normal; font-weight: normal; color: #000000; text-decoration: none; }
.c3 { text-align: center; margin-left: 13%; margin-right: 13%; }
.c4 { font-family: 'Courier New',Courier; font-size: 10pt; font-style: normal; font-weight: bold; color: #CC0033; text-decoration: none; }
.c5 { text-align: left; }
.c6 { text-align: left; margin-top: 0em; margin-bottom: 0em; }
.c7 { font-family: 'Courier New',Courier; font-size: 14pt; font-style: normal; font-weight: bold; color: #000000; text-decoration: none; }
.c8 { font-family: 'Courier New',Courier; font-size: 14pt; font-style: normal; font-weight: bold; color: #CC0033; text-decoration: none; }
.c9 { font-family: 'Courier New',Courier; font-size: 10pt; font-style: normal; font-weight: bold; color: #000000; text-decoration: none; }
.c10 { text-align: left; margin-top: 1em; margin-bottom: 0em; }
.c11 { page-break-before: always; }
</STYLE>
</HEAD>
<BODY>
<BR><DIV CLASS="c0"><P CLASS="c1"><SPAN CLASS="c2">323 of 935 DOCUMENTS</SPAN></P>
</DIV>
<BR><DIV CLASS="c0"><BR><P CLASS="c1"><IMG SRC="http://www.lexisnexis.com/lnacui2api/results/docview/attachRetrieve.do?smi=LOGOS&key=38401&componentseq=1&type=logo&inline=y" ALT="http://www.lexisnexis.com/lnacui2api/results/docview/attachRetrieve.do?smi=LOGOS&key=38401&componentseq=1&type=logo&inline=y"><BR><SPAN CLASS="c2">El Pais</SPAN></P>
</DIV>
<BR><DIV CLASS="c3"><P CLASS="c1"><SPAN CLASS="c4">December</SPAN><SPAN CLASS="c2"> 4, 2015 Friday</SPAN><SPAN CLASS="c2">&nbsp;</SPAN><SPAN CLASS="c2">&nbsp;<BR>2&ordf; Ed. Barna Edici&oacute;n</SPAN></P>
</DIV>
<BR><DIV CLASS="c5"><P CLASS="c6"><SPAN CLASS="c7">Chac&oacute;n quiere abrir la brecha con el PP y frenar a </SPAN><SPAN CLASS="c8">Ciudadanos</SPAN></P>
</DIV>
<BR><DIV CLASS="c5"><P CLASS="c6"><SPAN CLASS="c9">BYLINE: </SPAN><SPAN CLASS="c2">PERE R&Iacute;OS</SPAN></P>
</DIV>
<BR><DIV CLASS="c5"><P CLASS="c6"><SPAN CLASS="c9">SECTION: </SPAN><SPAN CLASS="c2">ESPA&ntilde;A; Base; P&aacute;g. 27</SPAN></P>
</DIV>
<BR><DIV CLASS="c5"><P CLASS="c6"><SPAN CLASS="c9">LENGTH: </SPAN><SPAN CLASS="c2">502 words</SPAN></P>
</DIV>
<BR><DIV CLASS="c5"><P CLASS="c6"><SPAN CLASS="c9">DATELINE: </SPAN><SPAN CLASS="c2">Barcelona </SPAN></P>
</DIV>
<BR><DIV CLASS="c5"><BR><P CLASS="c6"><SPAN CLASS="c9">HIGHLIGHT:</SPAN><SPAN CLASS="c2">&nbsp;El PSC se reivindica como la &uacute;nica alternativa de cambio<BR></SPAN></P>
</DIV>
<BR><DIV CLASS="c5"><P CLASS="c10"><SPAN CLASS="c2">Los socialistas catalanes afrontan la campa&ntilde;a electoral en plena sinton&iacute;a con el PSOE y reivindic&aacute;ndose como la &uacute;nica fuerza que puede contribuir al cambio pol&iacute;tico en Espa&ntilde;a. En esa l&iacute;nea, el mensaje del PSC en estos d&iacute;as pasar&aacute; por denunciar que los votos independentistas, sean a Democr&agrave;cia i Llibertat o a Esquerra, no servir&aacute;n para desbloquear la situaci&oacute;n pol&iacute;tica de Catalu&ntilde;a, ni tampoco los de </SPAN><SPAN CLASS="c4">Ciudadanos</SPAN><SPAN CLASS="c2">, que solo se emplear&aacute;n &quot;para apuntalar al PP, como ya ha pasado en la Comunidad de Madrid&quot;, asegura Germ&aacute;n Rodr&iacute;guez, jefe de campa&ntilde;a de Carme Chac&oacute;n y n&uacute;mero dos por Barcelona.</SPAN><SPAN CLASS="c2">&nbsp;</SPAN></P>
<P CLASS="c10"><SPAN CLASS="c2">El partido de </SPAN><SPAN CLASS="c4">Albert Rivera</SPAN><SPAN CLASS="c2"> se disputa buena parte del electorado con el PSC el 20 de diciembre y de ah&iacute; la estrategia de los socialistas de centrar su campa&ntilde;a en el &aacute;rea metropolitana de Barcelona. Es el territorio que a&uacute;n se mantiene como granero de votos del PSC, pero donde </SPAN><SPAN CLASS="c4">Ciudadanos</SPAN><SPAN CLASS="c2"> gan&oacute; en las auton&oacute;micas en ciudades tan importantes como L'Hospitalet, Sant Boi de Llobregat o El Prat.</SPAN></P>
<P CLASS="c10"><SPAN CLASS="c2">Superar a Iceta</SPAN></P>
<P CLASS="c10"><SPAN CLASS="c2">La formaci&oacute;n naranja cuestiona la existencia de un problema pol&iacute;tico en Catalu&ntilde;a y afronta la campa&ntilde;a pensando solo en La Moncloa, por lo que el PSC insistir&aacute; en que el votos a </SPAN><SPAN CLASS="c4">Ciudadanos</SPAN><SPAN CLASS="c2"> solo servir&aacute; para hacer presidente a Mariano Rajoy. Los socialistas catalanes lograron en 2011 tres diputados m&aacute;s que el PP (14 frente a 11) y 200.000 votos m&aacute;s. Ahora persiguen aumentar esa ventaja en papeletas y esca&ntilde;os y de ah&iacute; su contundente lema de campa&ntilde;a: &quot;Somos la soluci&oacute;n, echemos a Rajoy&quot;.</SPAN></P>
<P CLASS="c10"><SPAN CLASS="c2">Son las terceras elecciones en las que Chac&oacute;n es cabeza de cartel en unas generales. Se da por hecho que despu&eacute;s de obtener el mejor resultado del PSC en esas elecciones (25 diputados en 2008 en Catalu&ntilde;a), el socialismo catal&aacute;n cosechar&aacute; ahora su peores cifras desde que hay democracia, pues las encuestas les otorgan entre siete y 10 esca&ntilde;os. En el inicio de la campa&ntilde;a en Badia del Vall&egrave;s ante m&aacute;s de 50 personas Chac&oacute;n se refiri&oacute; a lo sondeos para insistir en que &quot;todos dicen resultados diferentes, pero coinciden en dos cosas: que hay una mayor&iacute;a de espa&ntilde;oles y catalanes que quieren cambio y que el 20 de diciembre solo hay dos presidentes posibles: Rajoy o Pedro S&aacute;nchez&quot;.</SPAN></P>
<P CLASS="c10"><SPAN CLASS="c2">Los resultados de las elecciones generales se leer&aacute;n, adem&aacute;s, en clave interna en el PSC, pues el equipo de Chac&oacute;n tambi&eacute;n se propone superar los 522.209 votos que logr&oacute; Miquel Iceta el 27 de septiembre. Tras las heridas que dej&oacute; la confecci&oacute;n de las listas electorales por la marginaci&oacute;n del exprimer secretario del partido Pere Navarro, los socialistas catalanes afrontan la cita con una aparente paz interna, a la espera de conocer el resultado la noche del 20 de diciembre, que puede desenterrar las aspiraciones de Carme Chac&oacute;n de sumarse a una maniobra de relevo de Pedro S&aacute;nchez al frente del PSOE. Si se produce esa batalla, la exministra tendr&aacute; enfrente a Miquel Iceta, no al lado, como sucediera en el congreso de Sevilla de hace ya casi cuatro a&ntilde;os, que perdi&oacute; la candidata por un pu&ntilde;ado de votos frente al veterano Alfredo P&eacute;rez Rubalcaba.</SPAN></P>
</DIV>
<BR><DIV CLASS="c5"><P CLASS="c6"><SPAN CLASS="c9">LANGUAGE: </SPAN><SPAN CLASS="c2">SPANISH; ESPA&Ntilde;OL</SPAN></P>
</DIV>
<BR><DIV CLASS="c5"><P CLASS="c6"><SPAN CLASS="c9">PUBLICATION-TYPE: </SPAN><SPAN CLASS="c2">Peri&oacute;dico</SPAN></P>
</DIV>
<BR><DIV CLASS="c5"><P CLASS="c6"><SPAN CLASS="c9">SUBJECT: </SPAN><SPAN CLASS="c2">Pol&iacute;tica (94%)</SPAN></P>
</DIV>
<BR><DIV CLASS="c5"><P CLASS="c6"><SPAN CLASS="c9">IPTC SUBJECT: </SPAN><SPAN CLASS="c2">Politica</SPAN></P>
</DIV>
<BR><DIV CLASS="c5"><P CLASS="c6"><SPAN CLASS="c9">LOAD-DATE: </SPAN><SPAN CLASS="c2">December 3, 2015</SPAN></P>
</DIV>
<BR><DIV CLASS="c0"><BR><P CLASS="c1"><SPAN CLASS="c2">Copyright 2015 El Pais Internacional S.A.<BR>All Rights Reserved</SPAN></P>
</DIV>
</BODY>
</HTML>