<HTML>
<HEAD>
<STYLE TYPE="text/css">
.c0 { text-align: center; }
.c1 { text-align: center; margin-top: 0em; margin-bottom: 0em; }
.c2 { font-family: 'Courier New',Courier; font-size: 10pt; font-style: normal; font-weight: normal; color: #000000; text-decoration: none; }
.c3 { text-align: center; margin-left: 13%; margin-right: 13%; }
.c4 { font-family: 'Courier New',Courier; font-size: 10pt; font-style: normal; font-weight: bold; color: #CC0033; text-decoration: none; }
.c5 { text-align: left; }
.c6 { text-align: left; margin-top: 0em; margin-bottom: 0em; }
.c7 { font-family: 'Courier New',Courier; font-size: 14pt; font-style: normal; font-weight: bold; color: #000000; text-decoration: none; }
.c8 { font-family: 'Courier New',Courier; font-size: 14pt; font-style: normal; font-weight: bold; color: #CC0033; text-decoration: none; }
.c9 { font-family: 'Courier New',Courier; font-size: 10pt; font-style: normal; font-weight: bold; color: #000000; text-decoration: none; }
.c10 { text-align: left; margin-top: 1em; margin-bottom: 0em; }
.c11 { page-break-before: always; }
</STYLE>
</HEAD>
<BODY>
<BR><DIV CLASS="c0"><P CLASS="c1"><SPAN CLASS="c2">263 of 935 DOCUMENTS</SPAN></P>
</DIV>
<BR><DIV CLASS="c0"><BR><P CLASS="c1"><IMG SRC="http://www.lexisnexis.com/lnacui2api/results/docview/attachRetrieve.do?smi=LOGOS&key=38401&componentseq=1&type=logo&inline=y" ALT="http://www.lexisnexis.com/lnacui2api/results/docview/attachRetrieve.do?smi=LOGOS&key=38401&componentseq=1&type=logo&inline=y"><BR><SPAN CLASS="c2">El Pais</SPAN></P>
</DIV>
<BR><DIV CLASS="c3"><P CLASS="c1"><SPAN CLASS="c4">January</SPAN><SPAN CLASS="c2"> 9, 2016 Saturday</SPAN><SPAN CLASS="c2">&nbsp;</SPAN><SPAN CLASS="c2">&nbsp;<BR>Comunidad Valenciana Edici&oacute;n</SPAN></P>
</DIV>
<BR><DIV CLASS="c5"><P CLASS="c6"><SPAN CLASS="c7">S&aacute;nchez y Rajoy anunciar&aacute;n el lunes sus candidatos a la Mesa</SPAN></P>
</DIV>
<BR><DIV CLASS="c5"><P CLASS="c6"><SPAN CLASS="c9">BYLINE: </SPAN><SPAN CLASS="c2">F. G. / A. D. / J. J. M.</SPAN></P>
</DIV>
<BR><DIV CLASS="c5"><P CLASS="c6"><SPAN CLASS="c9">SECTION: </SPAN><SPAN CLASS="c2">ESPA&ntilde;A; Base; P&aacute;g. 13</SPAN></P>
</DIV>
<BR><DIV CLASS="c5"><P CLASS="c6"><SPAN CLASS="c9">LENGTH: </SPAN><SPAN CLASS="c2">295 words</SPAN></P>
</DIV>
<BR><DIV CLASS="c5"><P CLASS="c6"><SPAN CLASS="c9">DATELINE: </SPAN><SPAN CLASS="c2">Madrid </SPAN></P>
</DIV>
<BR><DIV CLASS="c5"><P CLASS="c10"><SPAN CLASS="c2">El PSOE y el PP comunicar&aacute;n en las pr&oacute;ximas 72 horas a </SPAN><SPAN CLASS="c4">Ciudadanos</SPAN><SPAN CLASS="c2"> y Podemos qui&eacute;nes son sus candidatos a presidir la Mesa del Congreso, que empieza a trabajar el d&iacute;a 13. Ese es el compromiso adoptado ayer por Pedro S&aacute;nchez, secretario general socialista, que se reuni&oacute; con </SPAN><SPAN CLASS="c4">Albert Rivera</SPAN><SPAN CLASS="c2"> en Madrid y coincidi&oacute; en su decisi&oacute;n con la del partido del Gobierno, que no transmitir&aacute; al resto de partidos el nombre de su candidato hasta despu&eacute;s de su ejecutiva del lunes.</SPAN><SPAN CLASS="c2">&nbsp;</SPAN></P>
<P CLASS="c10"><SPAN CLASS="c2">&quot;Me he reunido con Pedro S&aacute;nchez por primera vez desde las elecciones&quot;, tuite&oacute; Rivera. &quot;Mantendremos di&aacute;logo para reformas democr&aacute;ticas y sociales esta legislatura&quot;, a&ntilde;adi&oacute; tras avanzar con el secretario general de los socialistas en posibles compromisos sobre presidencias de comisiones del Congreso, y en su intenci&oacute;n de que PP, PSOE, Podemos y </SPAN><SPAN CLASS="c4">Ciudadanos</SPAN><SPAN CLASS="c2"> se distribuyan una vicepresidencia y una secretar&iacute;a de la Mesa cada uno. La composici&oacute;n final podr&iacute;a ser de dos miembros para PP, otros dos para PSOE, otros dos para Podemos y otros dos para </SPAN><SPAN CLASS="c4">Ciudadanos</SPAN><SPAN CLASS="c2">.</SPAN></P>
<P CLASS="c10"><SPAN CLASS="c2">&quot;Independientemente de que [el presidente del Congreso] sea del PSOE, de Podemos, de </SPAN><SPAN CLASS="c4">Ciudadanos</SPAN><SPAN CLASS="c2"> o del PP, lo que queremos es analizar su perfil, conocer su actitud y trayectoria&quot;, dijo antes Rivera, que reclam&oacute; en el Congreso que PP y PSOE pongan ya nombres encima de la mesa.</SPAN></P>
<P CLASS="c10"><SPAN CLASS="c2">El PP se ha quedado solo en su decisi&oacute;n de que el presidente de la C&aacute;mara y el del Gobierno pertenezcan al mismo partido. PSOE, </SPAN><SPAN CLASS="c4">Ciudadanos</SPAN><SPAN CLASS="c2"> y Podemos est&aacute;n de acuerdo en que el carn&eacute; pol&iacute;tico del presidente de la Mesa no coincida con el del Ejecutivo. Estos tres partidos, adem&aacute;s, convienen en reformar el reglamento del Congreso. Les separa, sin embargo, la pretensi&oacute;n de Podemos de que En Com&uacute; Podem, las Mareas y Comprom&iacute;s, sus aliados electorales, formen grupos propios.</SPAN></P>
</DIV>
<BR><DIV CLASS="c5"><P CLASS="c6"><SPAN CLASS="c9">LANGUAGE: </SPAN><SPAN CLASS="c2">SPANISH; ESPA&Ntilde;OL</SPAN></P>
</DIV>
<BR><DIV CLASS="c5"><P CLASS="c6"><SPAN CLASS="c9">PUBLICATION-TYPE: </SPAN><SPAN CLASS="c2">Peri&oacute;dico</SPAN></P>
</DIV>
<BR><DIV CLASS="c5"><P CLASS="c6"><SPAN CLASS="c9">SUBJECT: </SPAN><SPAN CLASS="c2">Pol&iacute;tica (92%); Organizaciones Legislativas (82%)</SPAN></P>
</DIV>
<BR><DIV CLASS="c5"><P CLASS="c6"><SPAN CLASS="c9">IPTC SUBJECT: </SPAN><SPAN CLASS="c2">parlamento; Politica; gobierno</SPAN></P>
</DIV>
<BR><DIV CLASS="c5"><P CLASS="c6"><SPAN CLASS="c9">LOAD-DATE: </SPAN><SPAN CLASS="c2">January 8, 2016</SPAN></P>
</DIV>
<BR><DIV CLASS="c0"><BR><P CLASS="c1"><SPAN CLASS="c2">Copyright 2016 El Pais Internacional S.A.<BR>All Rights Reserved</SPAN></P>
</DIV>
</BODY>
</HTML>