<HTML>
<HEAD>
<STYLE TYPE="text/css">
.c0 { text-align: center; }
.c1 { text-align: center; margin-top: 0em; margin-bottom: 0em; }
.c2 { font-family: 'Courier New',Courier; font-size: 10pt; font-style: normal; font-weight: normal; color: #000000; text-decoration: none; }
.c3 { text-align: center; margin-left: 13%; margin-right: 13%; }
.c4 { font-family: 'Courier New',Courier; font-size: 10pt; font-style: normal; font-weight: bold; color: #CC0033; text-decoration: none; }
.c5 { text-align: left; }
.c6 { text-align: left; margin-top: 0em; margin-bottom: 0em; }
.c7 { font-family: 'Courier New',Courier; font-size: 14pt; font-style: normal; font-weight: bold; color: #000000; text-decoration: none; }
.c8 { font-family: 'Courier New',Courier; font-size: 14pt; font-style: normal; font-weight: bold; color: #CC0033; text-decoration: none; }
.c9 { font-family: 'Courier New',Courier; font-size: 10pt; font-style: normal; font-weight: bold; color: #000000; text-decoration: none; }
.c10 { text-align: left; margin-top: 1em; margin-bottom: 0em; }
.c11 { page-break-before: always; }
</STYLE>
</HEAD>
<BODY>
<BR><DIV CLASS="c0"><P CLASS="c1"><SPAN CLASS="c2">247 of 935 DOCUMENTS</SPAN></P>
</DIV>
<BR><DIV CLASS="c0"><BR><P CLASS="c1"><IMG SRC="http://www.lexisnexis.com/lnacui2api/results/docview/attachRetrieve.do?smi=LOGOS&key=38401&componentseq=1&type=logo&inline=y" ALT="http://www.lexisnexis.com/lnacui2api/results/docview/attachRetrieve.do?smi=LOGOS&key=38401&componentseq=1&type=logo&inline=y"><BR><SPAN CLASS="c2">El Pais</SPAN></P>
</DIV>
<BR><DIV CLASS="c3"><P CLASS="c1"><SPAN CLASS="c4">December</SPAN><SPAN CLASS="c2"> 21, 2015 Monday</SPAN><SPAN CLASS="c2">&nbsp;</SPAN><SPAN CLASS="c2">&nbsp;<BR>Andaluc&iacute;a Edici&oacute;n</SPAN></P>
</DIV>
<BR><DIV CLASS="c5"><P CLASS="c6"><SPAN CLASS="c7">S&aacute;nchez acepta que Rajoy &quot;intente&quot; formar una mayor&iacute;a de Gobierno</SPAN></P>
</DIV>
<BR><DIV CLASS="c5"><P CLASS="c6"><SPAN CLASS="c9">BYLINE: </SPAN><SPAN CLASS="c2">ANABEL D&Iacute;EZ</SPAN></P>
</DIV>
<BR><DIV CLASS="c5"><P CLASS="c6"><SPAN CLASS="c9">SECTION: </SPAN><SPAN CLASS="c2">ESPA&ntilde;A; Base; P&aacute;g. 26</SPAN></P>
</DIV>
<BR><DIV CLASS="c5"><P CLASS="c6"><SPAN CLASS="c9">LENGTH: </SPAN><SPAN CLASS="c2">738 words</SPAN></P>
</DIV>
<BR><DIV CLASS="c5"><P CLASS="c6"><SPAN CLASS="c9">DATELINE: </SPAN><SPAN CLASS="c2">Madrid Con 90 esca&ntilde;os y por encima del 22% de los votos, el PSOE se qued&oacute; anoche al l&iacute;mite de lo que hubiera sido un rotundo fracaso. </SPAN></P>
</DIV>
<BR><DIV CLASS="c5"><P CLASS="c10"><SPAN CLASS="c2">Este resultado por encima de lo que previeron fue acogido con aparente satisfacci&oacute;n en la direcci&oacute;n del PSOE, cuyo candidato, Pedro S&aacute;nchez, proclam&oacute; anoche que &quot;Espa&ntilde;a quiere izquierda; quiere cambio&quot;. Aun as&iacute;, el l&iacute;der socialista reconoce que le corresponde al PP, como fuerza m&aacute;s votada, &quot;intentar formar Gobierno&quot;.</SPAN></P>
<P CLASS="c10"><SPAN CLASS="c2">Antes de las ocho de la noche, el secretario general del PSOE, Pedro S&aacute;nchez, llegaba a la sede federal de su partido en la madrile&ntilde;a calle de Ferraz donde le esperaban su n&uacute;cleo de confianza y buena parte de los miembros de la ejecutiva federal.</SPAN><SPAN CLASS="c2">&nbsp;</SPAN></P>
<P CLASS="c10"><SPAN CLASS="c2">Pasadas las 23.40, el dirigente socialista comparec&iacute;a para felicitarse por los resultados, anunciar el nacimiento de una nueva etapa -de di&aacute;logo y acuerdo- y reconocer que corresponde a Mariano Rajoy, al frente del partido que ha ganado las elecciones, intentar formar Gobierno. Paso a paso.</SPAN></P>
<P CLASS="c10"><SPAN CLASS="c2">Del discurso inicial de S&aacute;nchez parec&iacute;a desprenderse casi que hubiera ganado las elecciones, toda vez que resalt&oacute; la fuerza de su organizaci&oacute;n. Pero aunque proclam&oacute; que la sociedad espa&ntilde;ola hab&iacute;a votado &quot;cambio&quot;, reconoci&oacute; que los espa&ntilde;oles mayoritariamente hab&iacute;an dado su respaldo al PP; a este partido le corresponde el intento de formar gobierno. No adelant&oacute; qu&eacute; pasar&aacute; si el PP no lo consigue. Su despedida, sin embargo, dej&oacute; abiertas todas las posibilidades. &quot;Hemos hecho historia, hemos hecho presente y el futuro es nuestro&quot;.</SPAN></P>
<P CLASS="c10"><SPAN CLASS="c2">Pero como al propio S&aacute;nchez le gusta decir, nada est&aacute; escrito. Sus alusiones a la necesidad de di&aacute;logo y pacto, podr&iacute;an corresponder a tratar de intentar formar una mayor&iacute;a si el PP no lo consiguiera o incluso participar en una gran coalici&oacute;n aunque sobre esta &uacute;ltima su rechazo ha sido siempre rotundo.</SPAN></P>
<P CLASS="c10"><SPAN CLASS="c2">A partir de hoy, los socialistas analizar&aacute;n los resultados de manera pormenorizada y por territorios. El l&iacute;der socialista resalt&oacute; y agradeci&oacute; que hubieran votado a sus candidaturas 5.540.000 </SPAN><SPAN CLASS="c4">ciudadanos</SPAN><SPAN CLASS="c2">, un mill&oacute;n y medio de votos menos que hace cuatro a&ntilde;os, cuando a&uacute;n no exist&iacute;a Podemos y </SPAN><SPAN CLASS="c4">Ciudadanos</SPAN><SPAN CLASS="c2">.</SPAN></P>
<P CLASS="c10"><SPAN CLASS="c2">&quot;Una nueva etapa pol&iacute;tica, basada en el di&aacute;logo y en el acuerdo&quot; interpret&oacute; el l&iacute;der del PSOE en su comparecencia en la sede del partido donde fue recibido por un centenar de militantes al grito de &quot;presidente, presidente&quot;. Junto a &eacute;l, los miembros de su ejecutiva y flanqueado por el secretario de Organizaci&oacute;n y coordinador de la campa&ntilde;a, C&eacute;sar Luena, y la presidenta del PSOE, Micaela Navarra, que tambi&eacute;n lo es del partido en Andaluc&iacute;a.</SPAN></P>
<P CLASS="c10"><SPAN CLASS="c2">Ahora queda la opini&oacute;n individual y colegiada de todo el partido, y singularmente de quienes tienen poder: los barones territoriales, presidentes de comunidades aut&oacute;nomas y, a la cabeza, la presidenta andaluza Susana D&iacute;az. De momento se va a imponer un comp&aacute;s de espera para ver qu&eacute; resultado tendr&aacute; las negociaciones que emprenda el ganador de las elecciones, Mariano Rajoy, para formar gobierno.</SPAN></P>
<P CLASS="c10"><SPAN CLASS="c2">Negociaciones de familia</SPAN></P>
<P CLASS="c10"><SPAN CLASS="c2">El an&aacute;lisis de la campa&ntilde;a inmediato induce a S&aacute;nchez a congratularse por lo consiguido. A pesar de las dificultades ha sido la primera fuerza pol&iacute;tica de la izquierda y consigui&oacute; parar a </SPAN><SPAN CLASS="c4">Ciudadanos</SPAN><SPAN CLASS="c2">. Este es el principal logro del PSOE ya que consigui&oacute; que calara su mensaje de que &quot;las derechas&quot; se unir&iacute;an y </SPAN><SPAN CLASS="c4">Albert Rivera</SPAN><SPAN CLASS="c2"> apuntalar&aacute; a Mariano Rajoy en La Moncloa&quot;.</SPAN></P>
<P CLASS="c10"><SPAN CLASS="c2">Esta machacona afirmaci&oacute;n del candidato socialista tuvo efecto como se ha demostrado. </SPAN><SPAN CLASS="c4">Ciudadanos</SPAN><SPAN CLASS="c2"> dej&oacute; de morder en el espacio potencial del PSOE y continu&oacute; con su marcha hacia los votantes del PP.</SPAN></P>
<P CLASS="c10"><SPAN CLASS="c2">Los esfuerzos por levantar un dique fuerte para detener el avance de </SPAN><SPAN CLASS="c4">Ciudadanos</SPAN><SPAN CLASS="c2"> se hicieron igualmente frente a Podemos pero con mucho menor &eacute;xito. El PSOE no ha podido anular a la formaci&oacute;n de Pablo Iglesias en la pugna por la representaci&oacute;n del electorado de la izquierda. O no del todo. Hasta el final del escrutinio, el l&iacute;der del PSOE confiaba en que su partido superara a Podemos tanto en esca&ntilde;os como en porcentaje. Los datos le han dado la raz&oacute;n. Pero Pedro S&aacute;nchez no ha conseguido el objetivo fundamnetal cual era erigirse como representa genuino del cambio.</SPAN></P>
<P CLASS="c10"><SPAN CLASS="c2">Ni una sola palabra se dijo ayer oficialmente sobre la propuesta en campa&ntilde;a de Pedro S&aacute;nchez de tejer &quot;un programa com&uacute;n&quot; con otras fuerzas pol&iacute;ticas. Incluso si el PP no lo consiguera no ser&iacute;a sencillo por cuanto que el PSOE no podr&iacute;a aceptar un acuerdo con Podemos si insiste en promover un refer&eacute;ndum en Catalu&ntilde;a aunque sea para propugnar el no. Las negociaciones de S&aacute;nchez tendr&iacute;an que empezar primero, en su propio partido, con su propia familia.</SPAN></P>
</DIV>
<BR><DIV CLASS="c5"><P CLASS="c6"><SPAN CLASS="c9">LANGUAGE: </SPAN><SPAN CLASS="c2">SPANISH; ESPA&Ntilde;OL</SPAN></P>
</DIV>
<BR><DIV CLASS="c5"><P CLASS="c6"><SPAN CLASS="c9">PUBLICATION-TYPE: </SPAN><SPAN CLASS="c2">Peri&oacute;dico</SPAN></P>
</DIV>
<BR><DIV CLASS="c5"><P CLASS="c6"><SPAN CLASS="c9">SUBJECT: </SPAN><SPAN CLASS="c2">Pol&iacute;tica (93%)</SPAN></P>
</DIV>
<BR><DIV CLASS="c5"><P CLASS="c6"><SPAN CLASS="c9">IPTC SUBJECT: </SPAN><SPAN CLASS="c2">Politica</SPAN></P>
</DIV>
<BR><DIV CLASS="c5"><P CLASS="c6"><SPAN CLASS="c9">LOAD-DATE: </SPAN><SPAN CLASS="c2">December 20, 2015</SPAN></P>
</DIV>
<BR><DIV CLASS="c0"><BR><P CLASS="c1"><SPAN CLASS="c2">Copyright 2015 El Pais Internacional S.A.<BR>All Rights Reserved</SPAN></P>
</DIV>
</BODY>
</HTML>