<HTML>
<HEAD>
<STYLE TYPE="text/css">
.c0 { text-align: center; }
.c1 { text-align: center; margin-top: 0em; margin-bottom: 0em; }
.c2 { font-family: 'Courier New',Courier; font-size: 10pt; font-style: normal; font-weight: normal; color: #000000; text-decoration: none; }
.c3 { text-align: center; margin-left: 13%; margin-right: 13%; }
.c4 { font-family: 'Courier New',Courier; font-size: 10pt; font-style: normal; font-weight: bold; color: #CC0033; text-decoration: none; }
.c5 { text-align: left; }
.c6 { text-align: left; margin-top: 0em; margin-bottom: 0em; }
.c7 { font-family: 'Courier New',Courier; font-size: 14pt; font-style: normal; font-weight: bold; color: #000000; text-decoration: none; }
.c8 { font-family: 'Courier New',Courier; font-size: 14pt; font-style: normal; font-weight: bold; color: #CC0033; text-decoration: none; }
.c9 { font-family: 'Courier New',Courier; font-size: 10pt; font-style: normal; font-weight: bold; color: #000000; text-decoration: none; }
.c10 { text-align: left; margin-top: 1em; margin-bottom: 0em; }
.c11 { page-break-before: always; }
</STYLE>
</HEAD>
<BODY>
<BR><DIV CLASS="c0"><P CLASS="c1"><SPAN CLASS="c2">222 of 935 DOCUMENTS</SPAN></P>
</DIV>
<BR><DIV CLASS="c0"><BR><P CLASS="c1"><IMG SRC="http://www.lexisnexis.com/lnacui2api/results/docview/attachRetrieve.do?smi=LOGOS&key=38401&componentseq=1&type=logo&inline=y" ALT="http://www.lexisnexis.com/lnacui2api/results/docview/attachRetrieve.do?smi=LOGOS&key=38401&componentseq=1&type=logo&inline=y"><BR><SPAN CLASS="c2">El Pais</SPAN></P>
</DIV>
<BR><DIV CLASS="c3"><P CLASS="c1"><SPAN CLASS="c4">November</SPAN><SPAN CLASS="c2"> 28, 2015 Saturday</SPAN><SPAN CLASS="c2">&nbsp;</SPAN><SPAN CLASS="c2">&nbsp;<BR>Andaluc&iacute;a Edici&oacute;n</SPAN></P>
</DIV>
<BR><DIV CLASS="c5"><P CLASS="c6"><SPAN CLASS="c7">Rivera e Iglesias calientan el debate con un choque sobre el pacto antiyihadista</SPAN></P>
</DIV>
<BR><DIV CLASS="c5"><P CLASS="c6"><SPAN CLASS="c9">BYLINE: </SPAN><SPAN CLASS="c2">F. MANETTO / J. J. MATEO</SPAN></P>
</DIV>
<BR><DIV CLASS="c5"><P CLASS="c6"><SPAN CLASS="c9">SECTION: </SPAN><SPAN CLASS="c2">ESPA&ntilde;A; Base; P&aacute;g. 18</SPAN></P>
</DIV>
<BR><DIV CLASS="c5"><P CLASS="c6"><SPAN CLASS="c9">LENGTH: </SPAN><SPAN CLASS="c2">612 words</SPAN></P>
</DIV>
<BR><DIV CLASS="c5"><P CLASS="c6"><SPAN CLASS="c9">DATELINE: </SPAN><SPAN CLASS="c2">Madrid </SPAN></P>
</DIV>
<BR><DIV CLASS="c5"><P CLASS="c10"><SPAN CLASS="c4">Albert Rivera</SPAN><SPAN CLASS="c2"> y Pablo Iglesias comenzaron a medir ayer sus fuerzas en un cara a cara en la Universidad Carlos III que reflej&oacute; coincidencias en su proyecto de renovaci&oacute;n pol&iacute;tica y certific&oacute; diferencias insalvables en asuntos como la lucha contra el yihadismo. El lunes, en el debate que organiza EL PA&Iacute;S desde las 21.00, ahondar&aacute;n en esas diferencias con un tercer participante: el l&iacute;der socialista, Pedro S&aacute;nchez. Los candidatos de </SPAN><SPAN CLASS="c4">Ciudadanos</SPAN><SPAN CLASS="c2"> y Podemos lamentaron ayer la ausencia del presidente del Gobierno, Mariano Rajoy, de la pr&aacute;ctica totalidad de debates.</SPAN></P>
<P CLASS="c10"><SPAN CLASS="c2">&quot;El terrorismo se vence cuando t&uacute; y yo, Pablo, digamos lo mismo&quot;. Esta fue la cr&iacute;tica que Rivera dirigi&oacute; a Iglesias en un abierto enfrentamiento sobre el apoyo al pacto antiyihadista. Los dos l&iacute;deres que en el &uacute;ltimo a&ntilde;o han cambiado el mapa pol&iacute;tico de Espa&ntilde;a esgrimieron una distinta interpretaci&oacute;n de la unidad contra el terrorismo, un d&iacute;a despu&eacute;s de que </SPAN><SPAN CLASS="c4">Ciudadanos</SPAN><SPAN CLASS="c2"> se sumara al acuerdo impulsado en febrero por PP y PSOE y de que Podemos rechazara firmarlo pese a acudir a la reuni&oacute;n en el Ministerio del Interior. Ese pacto ser&aacute; una de las cuestiones centrales del debate que organizar&aacute; EL PA&Iacute;S el lunes a partir de las 21.00.</SPAN><SPAN CLASS="c2">&nbsp;</SPAN></P>
<P CLASS="c10"><SPAN CLASS="c2">Iglesias rechaza la intervenci&oacute;n militar y defiende la propuesta alternativa enviada por su partido a las dem&aacute;s fuerzas, centrada en los mecanismos para cortar la financiaci&oacute;n internacional al ISIS y en la coordinaci&oacute;n de los servicios de inteligencia europeos. Pero Rivera censur&oacute; ayer, sin ning&uacute;n tipo de matiz, su negativa a sumarse al pacto. Puso un ejemplo muy pr&oacute;ximo. &quot;Ganamos a ETA con un pacto de Estado&quot;, le record&oacute; el l&iacute;der de </SPAN><SPAN CLASS="c4">Ciudadanos</SPAN><SPAN CLASS="c2">. &quot;En el pacto no se dice nada de guerras, se dice algo de prevenci&oacute;n&quot;, agreg&oacute; antes de insistir: &quot;Ir con Bildu en las listas electorales no es la mejor manera de luchar contra el terrorismo&quot;. &quot;No creo que se pueda ser presidente del Gobierno o llegar a serlo sin estar en el pacto&quot;, zanj&oacute; Rivera durante el debate organizado por la asociaci&oacute;n universitaria Demos. El candidato de Podemos se centr&oacute;, en cambio, en la hip&oacute;tesis de intervenci&oacute;n militar de Espa&ntilde;a para apoyar a Francia y argument&oacute; que &quot;la pol&iacute;tica de bombardeos en Irak no funcion&oacute;&quot;. En su opini&oacute;n, las de Irak y Afganist&aacute;n fueron &quot;guerras ineficaces&quot;.</SPAN></P>
<P CLASS="c10"><SPAN CLASS="c2">Los l&iacute;deres de Podemos y </SPAN><SPAN CLASS="c4">Ciudadanos</SPAN><SPAN CLASS="c2"> abordar&aacute;n el lunes, adem&aacute;s del pacto antiyihadista, sus propuestas econ&oacute;micas, de regeneraci&oacute;n, su proyecto de reforma de la Constituci&oacute;n, pol&iacute;tica territorial y, previsiblemente, centrar&aacute;n sus cr&iacute;ticas en Pedro S&aacute;nchez, puesto que ambos aspiran a seducir a votantes socialistas. El jefe del Ejecutivo, Mariano Rajoy, gran ausente, ser&aacute;, en cambio, el blanco com&uacute;n de las tres principales formaciones de la oposici&oacute;n.</SPAN></P>
<P CLASS="c10"><SPAN CLASS="c2">Efecto de las ausencias</SPAN></P>
<P CLASS="c10"><SPAN CLASS="c2">El efecto de su negativa a participar en debates a cuatro qued&oacute; reflejado ya ayer. La cita de Rivera e Iglesias se convirti&oacute; en una pugna por demostrar qu&eacute; formaci&oacute;n representa mejor el giro pol&iacute;tico que se espera a partir del pr&oacute;ximo 20 de diciembre, cuando el futuro presidente se ver&aacute; abocado al di&aacute;logo con las dem&aacute;s fuerzas en un Parlamento muy fragmentado. &quot;Se respira ambiente de cambio. Se necesita un nuevo proyecto para Espa&ntilde;a&quot;, afirm&oacute; Rivera. &quot;Quiz&aacute; sea el momento para decir 'muchas gracias, 1978', pero toca avanzar&quot;, agreg&oacute; Iglesias.</SPAN></P>
<P CLASS="c10"><SPAN CLASS="c2">El objetivo declarado de </SPAN><SPAN CLASS="c4">Ciudadanos</SPAN><SPAN CLASS="c2"> y de Podemos es el de ir m&aacute;s all&aacute; del bronce en las elecciones generales. En el complejo equilibrio entre pasado y futuro, atrevimiento y responsabilidad, se situar&aacute; en las pr&oacute;ximas semanas el pulso entre las dos formaciones emergentes. El debate de EL PA&Iacute;S resultar&aacute; crucial para dirimir el alcance de sus expectativas de cambio en la pr&oacute;xima legislatura.</SPAN></P>
</DIV>
<BR><DIV CLASS="c5"><P CLASS="c6"><SPAN CLASS="c9">LANGUAGE: </SPAN><SPAN CLASS="c2">SPANISH; ESPA&Ntilde;OL</SPAN></P>
</DIV>
<BR><DIV CLASS="c5"><P CLASS="c6"><SPAN CLASS="c9">PUBLICATION-TYPE: </SPAN><SPAN CLASS="c2">Peri&oacute;dico</SPAN></P>
</DIV>
<BR><DIV CLASS="c5"><P CLASS="c6"><SPAN CLASS="c9">SUBJECT: </SPAN><SPAN CLASS="c2">Pol&iacute;tica (94%)</SPAN></P>
</DIV>
<BR><DIV CLASS="c5"><P CLASS="c6"><SPAN CLASS="c9">IPTC SUBJECT: </SPAN><SPAN CLASS="c2">Politica</SPAN></P>
</DIV>
<BR><DIV CLASS="c5"><P CLASS="c6"><SPAN CLASS="c9">LOAD-DATE: </SPAN><SPAN CLASS="c2">November 27, 2015</SPAN></P>
</DIV>
<BR><DIV CLASS="c0"><BR><P CLASS="c1"><SPAN CLASS="c2">Copyright 2015 El Pais Internacional S.A.<BR>All Rights Reserved</SPAN></P>
</DIV>
</BODY>
</HTML>