<HTML>
<HEAD>
<STYLE TYPE="text/css">
.c0 { text-align: center; }
.c1 { text-align: center; margin-top: 0em; margin-bottom: 0em; }
.c2 { font-family: 'Courier New',Courier; font-size: 10pt; font-style: normal; font-weight: normal; color: #000000; text-decoration: none; }
.c3 { text-align: center; margin-left: 13%; margin-right: 13%; }
.c4 { font-family: 'Courier New',Courier; font-size: 10pt; font-style: normal; font-weight: bold; color: #CC0033; text-decoration: none; }
.c5 { text-align: left; }
.c6 { text-align: left; margin-top: 0em; margin-bottom: 0em; }
.c7 { font-family: 'Courier New',Courier; font-size: 14pt; font-style: normal; font-weight: bold; color: #000000; text-decoration: none; }
.c8 { font-family: 'Courier New',Courier; font-size: 14pt; font-style: normal; font-weight: bold; color: #CC0033; text-decoration: none; }
.c9 { font-family: 'Courier New',Courier; font-size: 10pt; font-style: normal; font-weight: bold; color: #000000; text-decoration: none; }
.c10 { text-align: left; margin-top: 1em; margin-bottom: 0em; }
.c11 { page-break-before: always; }
</STYLE>
</HEAD>
<BODY>
<BR><DIV CLASS="c0"><P CLASS="c1"><SPAN CLASS="c2">480 of 935 DOCUMENTS</SPAN></P>
</DIV>
<BR><DIV CLASS="c0"><BR><P CLASS="c1"><IMG SRC="http://www.lexisnexis.com/lnacui2api/results/docview/attachRetrieve.do?smi=LOGOS&key=38401&componentseq=1&type=logo&inline=y" ALT="http://www.lexisnexis.com/lnacui2api/results/docview/attachRetrieve.do?smi=LOGOS&key=38401&componentseq=1&type=logo&inline=y"><BR><SPAN CLASS="c2">El Pais</SPAN></P>
</DIV>
<BR><DIV CLASS="c3"><P CLASS="c1"><SPAN CLASS="c4">December</SPAN><SPAN CLASS="c2"> 17, 2015 Thursday</SPAN><SPAN CLASS="c2">&nbsp;</SPAN><SPAN CLASS="c2">&nbsp;<BR>1&ordf; Ed. Barna Edici&oacute;n</SPAN></P>
</DIV>
<BR><DIV CLASS="c5"><P CLASS="c6"><SPAN CLASS="c7">La vida sigue igual; <BR>Los debates han ratificado punto por punto la percepci&oacute;n que este va a ser un pa&iacute;s remolque durante mucho tiempo. Un pa&iacute;s de consumo interno, sin grandes aspiraciones, de ir tirando lo justo</SPAN></P>
</DIV>
<BR><DIV CLASS="c5"><P CLASS="c6"><SPAN CLASS="c9">BYLINE: </SPAN><SPAN CLASS="c2">FRANCESC SER&Eacute;S</SPAN></P>
</DIV>
<BR><DIV CLASS="c5"><P CLASS="c6"><SPAN CLASS="c9">SECTION: </SPAN><SPAN CLASS="c2">CATALU&ntilde;A; Catalu&ntilde;a; P&aacute;g. 2</SPAN></P>
</DIV>
<BR><DIV CLASS="c5"><P CLASS="c6"><SPAN CLASS="c9">LENGTH: </SPAN><SPAN CLASS="c2">722 words</SPAN></P>
</DIV>
<BR><DIV CLASS="c5"><P CLASS="c10"><SPAN CLASS="c2">Hay poco que contar, de esta campa&ntilde;a electoral. No hemos le&iacute;do ni un solo proyecto con cara y ojos. Espa&ntilde;a est&aacute; mucho m&aacute;s tocada de lo que parece.</SPAN></P>
<P CLASS="c10"><SPAN CLASS="c2">La situaci&oacute;n no tiene que ver con la macroeconom&iacute;a. Ni tan solo con la micro, el mayor periodo de bonanza econ&oacute;mica fue solo la antesala de una crisis que sacaba a flote lo peor de un pa&iacute;s: paro estructural, corrupci&oacute;n sist&eacute;mica, infraestructuras innecesarias que contrastan con reclamaciones hist&oacute;ricas y lo peor: el fracaso escolar que sepulta el porvenir de varias generaciones y un conflicto irresoluble en Catalu&ntilde;a. La lista ser&iacute;a m&aacute;s larga, pero a tenor de lo que hemos visto en campa&ntilde;a, no hace falta a&ntilde;adir problemas puesto que tampoco se ven soluciones.</SPAN></P>
<P CLASS="c10"><SPAN CLASS="c2">Los debates, todos, han ratificado punto por punto la percepci&oacute;n que este va a ser un pa&iacute;s remolque durante mucho tiempo. Un pa&iacute;s de consumo interno, sin grandes aspiraciones, de ir tirando lo justo. Sol y playa, que inventen ellos y a mandar que para eso estamos. Rajoy, que es quien mejor encarna todas estas virtudes, </SPAN><SPAN CLASS="c4">ciudadano</SPAN><SPAN CLASS="c2"> medio donde los haya, volver&aacute; a ser presidente. Lo malo no es que esto ya no d&eacute; m&aacute;s de s&iacute;, lo malo es que el mundo gira pero Espa&ntilde;a contin&uacute;a en su sitio.</SPAN><SPAN CLASS="c2">&nbsp;</SPAN></P>
<P CLASS="c10"><SPAN CLASS="c2">El producto estrella de estas elecciones ha sido el fin del bipartidismo. Nominalmente, puede que sea as&iacute;, pero da lo mismo, en Espa&ntilde;a el bipartidismo ha existido solo como una excusa. En realidad, hasta la fecha, lo que ha habido ha sido un partido &uacute;nico, ib&eacute;xico, bifaz, con algunas notas al pie de p&aacute;gina y pocos mecanismos correctores para que la bestia no se desmadrara, que es lo que les pasa a socialistas y populares con mayor&iacute;a absoluta. &iquest;C&oacute;mo podemos apuntalar desde dentro los dos partidos una vez desaparecida la muleta de CiU? Creando un Podemos de derechas y &iquest;Nueva pol&iacute;tica? Buen intento.</SPAN></P>
<P CLASS="c10"><SPAN CLASS="c4">Ciudadanos</SPAN><SPAN CLASS="c2"> es un partido perfecto para arreglar una de las dos crisis, la que preocupa de verdad al poder. Un partido nacido en Catalu&ntilde;a que nace con la vocaci&oacute;n de acabar con cualquier tipo de anomal&iacute;a cultural y social en su tierra, que se traga el concierto vasco y que entiende la Constituci&oacute;n como l&iacute;mite: al poder le va como anillo al dedo. Limpitos pero con pinta de anhelar un consejo de administraci&oacute;n y con la misma cara de palo cuando les preguntan por los toros o por la violencia de g&eacute;nero. Es el sue&ntilde;o h&uacute;medo del nacionalismo espa&ntilde;ol, un l&iacute;der catal&aacute;n que habiendo trabajado en La Caixa cuente con el aval del Sabadell y que reniegue de la inmersi&oacute;n ling&uuml;&iacute;stica. Una Espa&ntilde;a que se ahonda en s&iacute; misma, todav&iacute;a no sabemos cu&aacute;n profundo, aunque nos lo imaginamos.</SPAN></P>
<P CLASS="c10"><SPAN CLASS="c2">Podemos por ah&iacute; anda, rectific&aacute;ndose a s&iacute; mismo. Ahora que sabe que no va a gobernar puede volver a prometer lo que se dej&oacute; por el camino. Incluso un refer&eacute;ndum porque puede que as&iacute; recupere en Catalu&ntilde;a lo que perdi&oacute; en las municipales. Podemos es el tono de la pregunta de si otra Espa&ntilde;a es posible. Pero ni en clave espa&ntilde;ola encontramos respuestas, ah&iacute; est&aacute; la humillaci&oacute;n a la que somete a Alberto Garz&oacute;n mientras, Felipe Gonz&aacute;lez ataca a Iglesias porque el parecido es tan grande que se le vuelve insoportable. &iquest;Qui&eacute;n se acuerda de sus primeras promesas?</SPAN></P>
<P CLASS="c10"><SPAN CLASS="c2">La discusi&oacute;n sobre el bipartidismo es vieja, por eso los nuevos partidos se aferran a ella. Poco m&aacute;s pueden ofrecer. Desde la comodidad, </SPAN><SPAN CLASS="c4">Ciudadanos</SPAN><SPAN CLASS="c2"> se sabe heredero de la s&iacute;ntesis de PP y PSOE. Desde la incomodidad, Podemos ha reconocido ya que esto no hay quien lo cambie.</SPAN></P>
<P CLASS="c10"><SPAN CLASS="c2">La derivada catalana tampoco ayuda. O mejor dicho, ayuda a que todo se quede como est&aacute;, que es lo que ha sucedido siempre. Como sujetos pacientes, los discursos de Rufi&aacute;n y Homs y el desastre de la CUP marcan el l&iacute;mite de lo que somos capaces de dar. En los activos, lo &uacute;nico que se sale de la foto de la Constituci&oacute;n es el nuevo &quot;apoyar&eacute;&quot;, antes el Estatuto ahora en refer&eacute;ndum. L&aacute;stima que Iglesias vino a recordar a los nietos de andaluces que ten&iacute;an que apretar los dientes porque la paradoja es que muchos de ellos los apretaron para votar </SPAN><SPAN CLASS="c4">Albert Rivera.</SPAN><SPAN CLASS="c2"> En fin, cap&iacute;tulos nacionales, tan le&iacute;dos como el de la p&oacute;lvora mojada de los revolucionarios catalanes, que se marcan solos. Nada nuevo bajo el sol.</SPAN></P>
<P CLASS="c10"><SPAN CLASS="c2">Lo mejor del caso es que es posible que la &uacute;nica manera que todo esto sea puesto en cuesti&oacute;n es que las elecciones den unos resultados que hagan ingobernable el Estado. El resto todo es &Iacute;bex.</SPAN></P>
<P CLASS="c10"><SPAN CLASS="c2">. [PG] Francesc Ser&eacute;s es escritor</SPAN></P>
</DIV>
<BR><DIV CLASS="c5"><P CLASS="c6"><SPAN CLASS="c9">LANGUAGE: </SPAN><SPAN CLASS="c2">SPANISH; ESPA&Ntilde;OL</SPAN></P>
</DIV>
<BR><DIV CLASS="c5"><P CLASS="c6"><SPAN CLASS="c9">PUBLICATION-TYPE: </SPAN><SPAN CLASS="c2">Peri&oacute;dico</SPAN></P>
</DIV>
<BR><DIV CLASS="c5"><P CLASS="c6"><SPAN CLASS="c9">SUBJECT: </SPAN><SPAN CLASS="c2">Pol&iacute;tica (94%)</SPAN></P>
</DIV>
<BR><DIV CLASS="c5"><P CLASS="c6"><SPAN CLASS="c9">IPTC SUBJECT: </SPAN><SPAN CLASS="c2">Politica</SPAN></P>
</DIV>
<BR><DIV CLASS="c5"><P CLASS="c6"><SPAN CLASS="c9">LOAD-DATE: </SPAN><SPAN CLASS="c2">December 16, 2015</SPAN></P>
</DIV>
<BR><DIV CLASS="c0"><BR><P CLASS="c1"><SPAN CLASS="c2">Copyright 2015 El Pais Internacional S.A.<BR>All Rights Reserved</SPAN></P>
</DIV>
</BODY>
</HTML>