<HTML>
<HEAD>
<STYLE TYPE="text/css">
.c0 { text-align: center; }
.c1 { text-align: center; margin-top: 0em; margin-bottom: 0em; }
.c2 { font-family: 'Courier New',Courier; font-size: 10pt; font-style: normal; font-weight: normal; color: #000000; text-decoration: none; }
.c3 { text-align: center; margin-left: 13%; margin-right: 13%; }
.c4 { font-family: 'Courier New',Courier; font-size: 10pt; font-style: normal; font-weight: bold; color: #CC0033; text-decoration: none; }
.c5 { text-align: left; }
.c6 { text-align: left; margin-top: 0em; margin-bottom: 0em; }
.c7 { font-family: 'Courier New',Courier; font-size: 14pt; font-style: normal; font-weight: bold; color: #000000; text-decoration: none; }
.c8 { font-family: 'Courier New',Courier; font-size: 14pt; font-style: normal; font-weight: bold; color: #CC0033; text-decoration: none; }
.c9 { font-family: 'Courier New',Courier; font-size: 10pt; font-style: normal; font-weight: bold; color: #000000; text-decoration: none; }
.c10 { text-align: left; margin-top: 1em; margin-bottom: 0em; }
.c11 { page-break-before: always; }
</STYLE>
</HEAD>
<BODY>
<BR><DIV CLASS="c0"><P CLASS="c1"><SPAN CLASS="c2">206 of 935 DOCUMENTS</SPAN></P>
</DIV>
<BR><DIV CLASS="c0"><BR><P CLASS="c1"><IMG SRC="http://www.lexisnexis.com/lnacui2api/results/docview/attachRetrieve.do?smi=LOGOS&key=38401&componentseq=1&type=logo&inline=y" ALT="http://www.lexisnexis.com/lnacui2api/results/docview/attachRetrieve.do?smi=LOGOS&key=38401&componentseq=1&type=logo&inline=y"><BR><SPAN CLASS="c2">El Pais</SPAN></P>
</DIV>
<BR><DIV CLASS="c3"><P CLASS="c1"><SPAN CLASS="c4">December</SPAN><SPAN CLASS="c2"> 21, 2015 Monday</SPAN><SPAN CLASS="c2">&nbsp;</SPAN><SPAN CLASS="c2">&nbsp;<BR>Nacional Edici&oacute;n</SPAN></P>
</DIV>
<BR><DIV CLASS="c5"><P CLASS="c6"><SPAN CLASS="c7">La hora de la aritm&eacute;tica... y de la ideolog&iacute;a</SPAN></P>
</DIV>
<BR><DIV CLASS="c5"><P CLASS="c6"><SPAN CLASS="c9">BYLINE: </SPAN><SPAN CLASS="c2">JAVIER AYUSO</SPAN></P>
</DIV>
<BR><DIV CLASS="c5"><P CLASS="c6"><SPAN CLASS="c9">SECTION: </SPAN><SPAN CLASS="c2">ESPA&ntilde;A; Base; P&aacute;g. 23 [AN] AN&Aacute;LISIS</SPAN></P>
</DIV>
<BR><DIV CLASS="c5"><P CLASS="c6"><SPAN CLASS="c9">LENGTH: </SPAN><SPAN CLASS="c2">737 words</SPAN></P>
</DIV>
<BR><DIV CLASS="c5"><P CLASS="c10"><SPAN CLASS="c2">Con una victoria insuficiente del PP y una ligera ventaja de las izquierdas sobre las derechas, las elecciones generales arrojan unos resultados inciertos para la gobernabilidad de Espa&ntilde;a para los pr&oacute;ximos cuatro a&ntilde;os. PP y </SPAN><SPAN CLASS="c4">Ciudadanos</SPAN><SPAN CLASS="c2"> suman 163 esca&ntilde;os en el nuevo Parlamento, dos m&aacute;s que la suma de PSOE, Podemos e IU; m&aacute;s de diez millones de votos (un 42%) a cada lado. Lo que quiere decir que los partidos perif&eacute;ricos tienen algo que decir a la hora de formar Gobierno y que va a ser complicado lograr una investidura.</SPAN></P>
<P CLASS="c10"><SPAN CLASS="c2">En las noches electorales, muchos l&iacute;deres suelen adjudicarse una victoria, pero en esta ocasi&oacute;n no hay ning&uacute;n ganador claro. Hay dos que pueden presumir: Mariano Rajoy, que ha obtenido m&aacute;s votos que nadie (aunque haya perdido un tercio de votos y esca&ntilde;os respecto a 2011) y Pablo Iglesias, que con 69 esca&ntilde;os no toma el cielo, pero se asegura una c&oacute;moda posici&oacute;n en el Congreso. Pedro S&aacute;nchez ha perdido votos y esca&ntilde;os, pero podr&iacute;a tener la oportunidad de formar un Gobierno a la portuguesa. Y, por &uacute;ltimo, </SPAN><SPAN CLASS="c4">Albert Rivera</SPAN><SPAN CLASS="c2">, que ha defraudado las expectativas, aunque tendr&aacute; algo que decir en las largas negociaciones que se producir&aacute;n en las pr&oacute;ximas semanas.</SPAN><SPAN CLASS="c2">&nbsp;</SPAN></P>
<P CLASS="c10"><SPAN CLASS="c2">Es la hora de la aritm&eacute;tica,; de sumar y restar para ver qui&eacute;n es capaz de conseguir 176 votos favorables en una investidura (o algunos menos, si hay abstenciones interesadas en respaldar a uno o a otro). La l&oacute;gica dice que el PP deber&iacute;a intentar formar Gobierno en el mes de enero. Para ello necesitar&iacute;a los votos de </SPAN><SPAN CLASS="c4">Ciudadanos</SPAN><SPAN CLASS="c2"> y de algunas otras fuerzas pol&iacute;ticas perif&eacute;ricas, algo realmente complicado y que le mantendr&iacute;a en el poder en un escenario de m&aacute;xima inestabilidad.</SPAN></P>
<P CLASS="c10"><SPAN CLASS="c2">En el otro lado, el t&aacute;ndem PSOE-Podemos se enfrenta a un dilema: &iquest;formar un Ejecutivo dif&iacute;cil de gestionar que les costar&iacute;a un enorme desgaste o estar en una fort&iacute;sima oposici&oacute;n de izquierdas? El ejemplo reciente de Portugal, en el que la derecha ganadora no pudo llegar al poder, dando paso a un tripartito de izquierdas, estar&aacute; presente en las conversaciones de S&aacute;nchez, Iglesias, Garz&oacute;n y algunos partidos de Catalu&ntilde;a y el Pa&iacute;s Vasco.</SPAN></P>
<P CLASS="c10"><SPAN CLASS="c2">Adem&aacute;s de la aritm&eacute;tica, es la hora de la ideolog&iacute;a. Los cuatro grandes l&iacute;deres pol&iacute;ticos espa&ntilde;oles han estado remoloneando durante los &uacute;ltimos dos meses sobre los posibles pactos que aseguren la gobernabilidad en Espa&ntilde;a. Es l&oacute;gico que, en plena campa&ntilde;a, los partidos no quieran desvelar su estrategia de acuerdos poselectorales, porque podr&iacute;a afectar a la captaci&oacute;n de votos. Pero al d&iacute;a siguiente de las elecciones Rajoy, S&aacute;nchez, Iglesias y Rivera tendr&aacute;n que mostrar sus cartas y sentarse a dialogar para intentar formar un Gobierno de uno u otro signo. Hasta las &uacute;ltimas elecciones municipales y auton&oacute;micas, en Espa&ntilde;a hab&iacute;a poca costumbre de llegar a acuerdos de gobernabilidad. No estamos entrenados para ello, porque no era necesario. Pero ahora la negociaci&oacute;n es la palabra clave en el diccionario pol&iacute;tico espa&ntilde;ol.</SPAN></P>
<P CLASS="c10"><SPAN CLASS="c2">El bipartidismo mayoritario ha muerto (PP y PSOE han perdido 5,2 millones de votos y apenas superan el 50% del total) y ahora hay que buscar combinaciones de cuatro o cinco elementos tomados de dos en dos, o de tres en tres. Nos encontramos con dos posibles escenarios: un Gobierno de centroderecha o de centroizquierda. Y en ambos casos no sirve con una coalici&oacute;n de dos partidos; es necesario que PP-</SPAN><SPAN CLASS="c4">Ciudadanos</SPAN><SPAN CLASS="c2"> o PSOE-Podemos consigan otros aliados perif&eacute;ricos que les aseguren la mayor&iacute;a necesaria para la investidura.</SPAN></P>
<P CLASS="c10"><SPAN CLASS="c2">Por el lado de la derecha, </SPAN><SPAN CLASS="c4">Albert Rivera</SPAN><SPAN CLASS="c2"> ha querido dejar claro que nunca votar&aacute; a favor de investir a Mariano Rajoy. Y la abstenci&oacute;n no le basta al actual presidente para mantenerse en el poder, aunque ya se sabe que una cosa es predicar y otra dar trigo, y </SPAN><SPAN CLASS="c4">Ciudadanos</SPAN><SPAN CLASS="c2"> puede cambiar de opini&oacute;n a &uacute;ltima hora.</SPAN></P>
<P CLASS="c10"><SPAN CLASS="c2">A la izquierda, los acuerdos parecen igualmente complicados. PSOE y Podemos pueden quedarse a las puertas de una mayor&iacute;a conjunta, pero necesitar&iacute;an los esca&ntilde;os de IU, ERC o PNV. Y aqu&iacute; surge otro dilema: &iquest;aceptar&iacute;a S&aacute;nchez incluir en su programa de Gobierno un refer&eacute;ndum sobre la independencia de Catalu&ntilde;a? &iquest;Y los barones socialistas? Eso, contando con que Iglesias acepte al l&iacute;der socialista como presidente en vez de intentar serlo &eacute;l alegando la fuerza de sus votos.</SPAN></P>
<P CLASS="c10"><SPAN CLASS="c2">No hay que perder de vista un &uacute;ltimo detalle: el PP ha ganado holgadamente las elecciones al Senado y, aunque algunos defiendan su desaparici&oacute;n, es una C&aacute;mara importante para discutir y aprobar las leyes.</SPAN></P>
</DIV>
<BR><DIV CLASS="c5"><P CLASS="c6"><SPAN CLASS="c9">LANGUAGE: </SPAN><SPAN CLASS="c2">SPANISH; ESPA&Ntilde;OL</SPAN></P>
</DIV>
<BR><DIV CLASS="c5"><P CLASS="c6"><SPAN CLASS="c9">PUBLICATION-TYPE: </SPAN><SPAN CLASS="c2">Peri&oacute;dico</SPAN></P>
</DIV>
<BR><DIV CLASS="c5"><P CLASS="c6"><SPAN CLASS="c9">SUBJECT: </SPAN><SPAN CLASS="c2">Pol&iacute;tica (94%)</SPAN></P>
</DIV>
<BR><DIV CLASS="c5"><P CLASS="c6"><SPAN CLASS="c9">IPTC SUBJECT: </SPAN><SPAN CLASS="c2">Politica</SPAN></P>
</DIV>
<BR><DIV CLASS="c5"><P CLASS="c6"><SPAN CLASS="c9">LOAD-DATE: </SPAN><SPAN CLASS="c2">December 20, 2015</SPAN></P>
</DIV>
<BR><DIV CLASS="c0"><BR><P CLASS="c1"><SPAN CLASS="c2">Copyright 2015 El Pais Internacional S.A.<BR>All Rights Reserved</SPAN></P>
</DIV>
</BODY>
</HTML>