<HTML>
<HEAD>
<STYLE TYPE="text/css">
.c0 { text-align: center; }
.c1 { text-align: center; margin-top: 0em; margin-bottom: 0em; }
.c2 { font-family: 'Courier New',Courier; font-size: 10pt; font-style: normal; font-weight: normal; color: #000000; text-decoration: none; }
.c3 { text-align: center; margin-left: 13%; margin-right: 13%; }
.c4 { font-family: 'Courier New',Courier; font-size: 10pt; font-style: normal; font-weight: bold; color: #CC0033; text-decoration: none; }
.c5 { text-align: left; }
.c6 { text-align: left; margin-top: 0em; margin-bottom: 0em; }
.c7 { font-family: 'Courier New',Courier; font-size: 14pt; font-style: normal; font-weight: bold; color: #000000; text-decoration: none; }
.c8 { font-family: 'Courier New',Courier; font-size: 14pt; font-style: normal; font-weight: bold; color: #CC0033; text-decoration: none; }
.c9 { font-family: 'Courier New',Courier; font-size: 10pt; font-style: normal; font-weight: bold; color: #000000; text-decoration: none; }
.c10 { text-align: left; margin-top: 1em; margin-bottom: 0em; }
.c11 { page-break-before: always; }
</STYLE>
</HEAD>
<BODY>
<BR><DIV CLASS="c0"><P CLASS="c1"><SPAN CLASS="c2">4 of 935 DOCUMENTS</SPAN></P>
</DIV>
<BR><DIV CLASS="c0"><BR><P CLASS="c1"><IMG SRC="http://www.lexisnexis.com/lnacui2api/results/docview/attachRetrieve.do?smi=LOGOS&key=38401&componentseq=1&type=logo&inline=y" ALT="http://www.lexisnexis.com/lnacui2api/results/docview/attachRetrieve.do?smi=LOGOS&key=38401&componentseq=1&type=logo&inline=y"><BR><SPAN CLASS="c2">El Pais</SPAN></P>
</DIV>
<BR><DIV CLASS="c3"><P CLASS="c1"><SPAN CLASS="c4">December</SPAN><SPAN CLASS="c2"> 6, 2015 Sunday</SPAN><SPAN CLASS="c2">&nbsp;</SPAN><SPAN CLASS="c2">&nbsp;<BR>Andaluc&iacute;a Edici&oacute;n</SPAN></P>
</DIV>
<BR><DIV CLASS="c5"><P CLASS="c6"><SPAN CLASS="c7">PP y PSOE hacen campa&ntilde;a contra el enemigo com&uacute;n: </SPAN><SPAN CLASS="c8">Ciudadanos</SPAN></P>
</DIV>
<BR><DIV CLASS="c5"><P CLASS="c6"><SPAN CLASS="c9">BYLINE: </SPAN><SPAN CLASS="c2">NATALIA JUNQUERA / JOS&Eacute; MARCOS</SPAN></P>
</DIV>
<BR><DIV CLASS="c5"><P CLASS="c6"><SPAN CLASS="c9">SECTION: </SPAN><SPAN CLASS="c2">ESPA&ntilde;A; Base; P&aacute;g. 21</SPAN></P>
</DIV>
<BR><DIV CLASS="c5"><P CLASS="c6"><SPAN CLASS="c9">LENGTH: </SPAN><SPAN CLASS="c2">573 words</SPAN></P>
</DIV>
<BR><DIV CLASS="c5"><P CLASS="c6"><SPAN CLASS="c9">DATELINE: </SPAN><SPAN CLASS="c2">Madrid / Inca El bipartidismo dedic&oacute; ayer buena parte de sus actos de campa&ntilde;a a atacar al enemigo com&uacute;n mejor situado en las encuestas: </SPAN><SPAN CLASS="c4">Ciudadanos.</SPAN><SPAN CLASS="c2"> Tanto al PP como al PSOE les preocupa que el partido de </SPAN><SPAN CLASS="c4">Albert Rivera</SPAN><SPAN CLASS="c2"> les siga mordiendo votos y desplace a los socialistas hasta convertirlos en tercera fuerza pol&iacute;tica. Los populares tildan el voto a </SPAN><SPAN CLASS="c4">Ciudadanos</SPAN><SPAN CLASS="c2"> de &quot;alto riesgo&quot; y Pedro S&aacute;nchez pide a los indecisos que no se confundan: &quot;Rivera es de derechas. Tendr&aacute; 20 a&ntilde;os menos, &iexcl;pero es del PP!&quot;. </SPAN></P>
</DIV>
<BR><DIV CLASS="c5"><P CLASS="c10"><SPAN CLASS="c2">Una cifra explica el temor compartido de populares y socialistas: el 41,6% de espa&ntilde;oles que, seg&uacute;n el &uacute;ltimo bar&oacute;metro del CIS, a&uacute;n no ha decidido a qui&eacute;n votar&aacute; el 20-D. El partido de </SPAN><SPAN CLASS="c4">Albert Rivera</SPAN><SPAN CLASS="c2"> muerde votos sobre todo a la derecha, pero tambi&eacute;n a la izquierda, y el bipartidismo dedic&oacute; buena parte de sus actos de campa&ntilde;a de ayer a atacar al enemigo com&uacute;n, aunque desde diferentes &aacute;ngulos.</SPAN></P>
<P CLASS="c10"><SPAN CLASS="c2">&quot;Algunos pueden pensar que votar a </SPAN><SPAN CLASS="c4">Ciudadanos</SPAN><SPAN CLASS="c2"> va a ser lo mismo que votar al PP, pero no es as&iacute;. Votar a </SPAN><SPAN CLASS="c4">Ciudadanos</SPAN><SPAN CLASS="c2"> es un voto de alto riesgo porque puede acabar ese voto en el PSOE, dando La Moncloa al Zapatero II, que es Pedro S&aacute;nchez&quot;, afirm&oacute; la vicesecretaria de Estudios y Programas del PP, Andrea Levy. &quot;Los se&ntilde;ores de </SPAN><SPAN CLASS="c4">Ciudadanos</SPAN><SPAN CLASS="c2"> no tienen ning&uacute;n proyecto pol&iacute;tico para el futuro de Espa&ntilde;a; tienen ocurrencias, parches. Si los pusi&eacute;ramos al mando del Gobierno de Espa&ntilde;a no sabemos lo que pasar&iacute;a. Es un experimento. &iquest;Por qu&eacute; jugarnos el futuro de Espa&ntilde;a con los experimentos de </SPAN><SPAN CLASS="c4">Ciudadanos</SPAN><SPAN CLASS="c2">?&quot;, a&ntilde;adi&oacute;.</SPAN><SPAN CLASS="c2">&nbsp;</SPAN></P>
<P CLASS="c10"><SPAN CLASS="c2">Levy pronunci&oacute; estas palabras en un acto con Nuevas Generaciones en Alicante. El votante joven del PP se ha ido &quot;en masa&quot; al partido de Rivera, seg&uacute;n el analista de Metroscopia Francisco Camas, y el PP trata de frenar la sangr&iacute;a con actos como el de ayer, donde la joven secretaria de programas, de 31 a&ntilde;os, presentaba las propuestas del partido para la juventud si ganan las elecciones.</SPAN></P>
<P CLASS="c10"><SPAN CLASS="c2">El arranque de campa&ntilde;a del PSOE tampoco arroja dudas: el PP es el enemigo a batir, pero el rival directo es </SPAN><SPAN CLASS="c4">Ciudadanos</SPAN><SPAN CLASS="c2">. &quot;Rivera permite castigar al bipartidismo con una opci&oacute;n m&aacute;s c&oacute;moda que Podemos para el votante de centro del PSOE. Mientras nosotros tenemos una fuga de votos, los socialistas tienen dos, con Podemos a la baja pero con </SPAN><SPAN CLASS="c4">Ciudadanos</SPAN><SPAN CLASS="c2"> en su apogeo tras las elecciones catalanas&quot;. La reflexi&oacute;n, que parte de la direcci&oacute;n nacional del PP y que comparten en buena medida en la sede del PSOE, explica la estrategia de Pedro S&aacute;nchez de advertir a potenciales votantes de que la dispersi&oacute;n a los partidos emergentes, sobre todo a </SPAN><SPAN CLASS="c4">Ciudadanos</SPAN><SPAN CLASS="c2">, a quien beneficia es al PP.</SPAN></P>
<P CLASS="c10"><SPAN CLASS="c2">&quot;Hoy el voto &uacute;til es m&aacute;s &uacute;til que nunca, y es votar al PSOE. Concentremos el voto en el &uacute;nico partido que puede ganar a Mariano Rajoy&quot;, apel&oacute; ayer el candidato socialista durante un mitin en Inca (Palma de Mallorca). S&aacute;nchez se esfuerza en contener la fuga de sufragios, sobre todo por la derecha. Seg&uacute;n el CIS, un 9,1% de los que tienen intenci&oacute;n de ir a votar el 20-D y a&uacute;n no saben a qui&eacute;n dudan entre PSOE y </SPAN><SPAN CLASS="c4">Ciudadanos</SPAN><SPAN CLASS="c2">, y otro 7,7% se sit&uacute;a entre PSOE y Podemos.</SPAN></P>
<P CLASS="c10"><SPAN CLASS="c2">Ante la amenaza creciente de Rivera, el aspirante socialista trata de diferenciar al PSOE como un partido de centroizquierda y que engloba el llamado centro ideol&oacute;gico. &quot;Si apoyas los copagos y propones el contrato &uacute;nico, eres de derechas&quot;, repite S&aacute;nchez como un mantra refiri&eacute;ndose a </SPAN><SPAN CLASS="c4">Ciudadanos</SPAN><SPAN CLASS="c2">.</SPAN></P>
<P CLASS="c10"><SPAN CLASS="c2">El viernes, en un acto en L'Hospitalet, que siempre ha tenido alcalde socialista pero donde </SPAN><SPAN CLASS="c4">Ciudadanos</SPAN><SPAN CLASS="c2"> fue el partido m&aacute;s votado en las elecciones catalanas del pasado septiembre, S&aacute;nchez tambi&eacute;n dijo: &quot;Tendr&aacute; 20 a&ntilde;os menos, &iexcl;pero Rivera es del PP!&quot;. La cabeza de lista por Barcelona, Carme Chac&oacute;n, a&ntilde;adi&oacute;, en la misma l&iacute;nea: &quot;No representan el cambio: han dado el Gobierno de Madrid al PP de la G&uuml;rtel cuando pod&iacute;an hab&eacute;rselo dado a una persona ejemplar como &Aacute;ngel Gabilondo&quot;.</SPAN></P>
<P CLASS="c10"><SPAN CLASS="c4">Ciudadanos</SPAN><SPAN CLASS="c2"> ha firmado pactos de investidura con los socialistas en Andaluc&iacute;a y con el PP en Madrid, La Rioja, Murcia y Castilla y Le&oacute;n.</SPAN></P>
</DIV>
<BR><DIV CLASS="c5"><P CLASS="c6"><SPAN CLASS="c9">LANGUAGE: </SPAN><SPAN CLASS="c2">SPANISH; ESPA&Ntilde;OL</SPAN></P>
</DIV>
<BR><DIV CLASS="c5"><P CLASS="c6"><SPAN CLASS="c9">PUBLICATION-TYPE: </SPAN><SPAN CLASS="c2">Peri&oacute;dico</SPAN></P>
</DIV>
<BR><DIV CLASS="c5"><P CLASS="c6"><SPAN CLASS="c9">SUBJECT: </SPAN><SPAN CLASS="c2">Pol&iacute;tica (93%)</SPAN></P>
</DIV>
<BR><DIV CLASS="c5"><P CLASS="c6"><SPAN CLASS="c9">IPTC SUBJECT: </SPAN><SPAN CLASS="c2">Politica</SPAN></P>
</DIV>
<BR><DIV CLASS="c5"><P CLASS="c6"><SPAN CLASS="c9">LOAD-DATE: </SPAN><SPAN CLASS="c2">December 5, 2015</SPAN></P>
</DIV>
<BR><DIV CLASS="c0"><BR><P CLASS="c1"><SPAN CLASS="c2">Copyright 2015 El Pais Internacional S.A.<BR>All Rights Reserved</SPAN></P>
</DIV>
</BODY>
</HTML>