<HTML>
<HEAD>
<STYLE TYPE="text/css">
.c0 { text-align: center; }
.c1 { text-align: center; margin-top: 0em; margin-bottom: 0em; }
.c2 { font-family: 'Courier New',Courier; font-size: 10pt; font-style: normal; font-weight: normal; color: #000000; text-decoration: none; }
.c3 { text-align: center; margin-left: 13%; margin-right: 13%; }
.c4 { font-family: 'Courier New',Courier; font-size: 10pt; font-style: normal; font-weight: bold; color: #CC0033; text-decoration: none; }
.c5 { text-align: left; }
.c6 { text-align: left; margin-top: 0em; margin-bottom: 0em; }
.c7 { font-family: 'Courier New',Courier; font-size: 14pt; font-style: normal; font-weight: bold; color: #000000; text-decoration: none; }
.c8 { font-family: 'Courier New',Courier; font-size: 14pt; font-style: normal; font-weight: bold; color: #CC0033; text-decoration: none; }
.c9 { font-family: 'Courier New',Courier; font-size: 10pt; font-style: normal; font-weight: bold; color: #000000; text-decoration: none; }
.c10 { text-align: left; margin-top: 1em; margin-bottom: 0em; }
.c11 { page-break-before: always; }
</STYLE>
</HEAD>
<BODY>
<BR><DIV CLASS="c0"><P CLASS="c1"><SPAN CLASS="c2">409 of 935 DOCUMENTS</SPAN></P>
</DIV>
<BR><DIV CLASS="c0"><BR><P CLASS="c1"><IMG SRC="http://www.lexisnexis.com/lnacui2api/results/docview/attachRetrieve.do?smi=LOGOS&key=38401&componentseq=1&type=logo&inline=y" ALT="http://www.lexisnexis.com/lnacui2api/results/docview/attachRetrieve.do?smi=LOGOS&key=38401&componentseq=1&type=logo&inline=y"><BR><SPAN CLASS="c2">El Pais</SPAN></P>
</DIV>
<BR><DIV CLASS="c3"><P CLASS="c1"><SPAN CLASS="c4">November</SPAN><SPAN CLASS="c2"> 25, 2015 Wednesday</SPAN><SPAN CLASS="c2">&nbsp;</SPAN><SPAN CLASS="c2">&nbsp;<BR>Andaluc&iacute;a Edici&oacute;n</SPAN></P>
</DIV>
<BR><DIV CLASS="c5"><P CLASS="c6"><SPAN CLASS="c7">Los emergentes tendr&aacute;n los mismos espacios que partidos desconocidos</SPAN></P>
</DIV>
<BR><DIV CLASS="c5"><P CLASS="c6"><SPAN CLASS="c9">BYLINE: </SPAN><SPAN CLASS="c2">F. GAREA</SPAN></P>
</DIV>
<BR><DIV CLASS="c5"><P CLASS="c6"><SPAN CLASS="c9">SECTION: </SPAN><SPAN CLASS="c2">ESPA&ntilde;A; Base; P&aacute;g. 19</SPAN></P>
</DIV>
<BR><DIV CLASS="c5"><P CLASS="c6"><SPAN CLASS="c9">LENGTH: </SPAN><SPAN CLASS="c2">373 words</SPAN></P>
</DIV>
<BR><DIV CLASS="c5"><P CLASS="c6"><SPAN CLASS="c9">DATELINE: </SPAN><SPAN CLASS="c2">Madrid </SPAN></P>
</DIV>
<BR><DIV CLASS="c5"><P CLASS="c10"><SPAN CLASS="c4">Ciudadanos</SPAN><SPAN CLASS="c2"> y Podemos, los dos nuevos partidos que concurren por primera vez a unas elecciones generales, tendr&aacute;n casi la quinta parte de los espacios gratuitos en los medios p&uacute;blicos que PP y PSOE. Los partidos de </SPAN><SPAN CLASS="c4">Albert Rivera</SPAN><SPAN CLASS="c2"> y Pablo Iglesias, que dicen aspirar a ganar las elecciones, tendr&aacute;n los mismos espacios gratuitos que las candidaturas de Recortes Cero y de PACMA (Partido Animalista).</SPAN><SPAN CLASS="c2">&nbsp;</SPAN></P>
<P CLASS="c10"><SPAN CLASS="c2">Este reparto lo hicieron los representantes de los grupos parlamentarios ya presentes en el Congreso que se reunieron ayer en la C&aacute;mara para hacer una propuesta que hoy deber&aacute; ratificar la Junta Electoral Central. Seg&uacute;n ese reparto, el PP y el PSOE son los partidos que tendr&aacute;n m&aacute;s espacios gratuitos. Ser&aacute;n 90 anuncios electorales para cada uno en las emisiones nacionales de Televisi&oacute;n Espa&ntilde;ola y Radio Nacional.</SPAN></P>
<P CLASS="c10"><SPAN CLASS="c2">A continuaci&oacute;n, IU tendr&aacute; 60 espacios, y UPyD 30. Estos dos &uacute;ltimos partidos se ven favorecidos por el hecho de que ya tienen representaci&oacute;n y, adem&aacute;s, se presentan en m&aacute;s del 75% de las circunscripciones. El siguiente bloque es el de los cuatro nuevos partidos: </SPAN><SPAN CLASS="c4">Ciudadanos</SPAN><SPAN CLASS="c2">, Podemos, Recortes Cero y PACMA, que tendr&aacute;n derecho a 20 espacios gratuitos cada uno.</SPAN></P>
<P CLASS="c10"><SPAN CLASS="c2">En proporci&oacute;n id&eacute;ntica se reparten los espacios gratuitos en las programaciones locales de la radio televisi&oacute;n p&uacute;blica, con presencia tambi&eacute;n de otras fuerzas como los nacionalistas, PSC, Foro Asturias y UPN, entre otros.</SPAN></P>
<P CLASS="c10"><SPAN CLASS="c2">&quot;Fuerzas significativas&quot;</SPAN></P>
<P CLASS="c10"><SPAN CLASS="c2">Hasta ahora, los espacios gratuitos se repart&iacute;an solo entre los que ya hab&iacute;an concurrido a elecciones anteriores, pero la Junta Electoral rompi&oacute; esa doctrina en las auton&oacute;micas andaluzas y despu&eacute;s en las municipales y auton&oacute;micas cuando incluy&oacute; el concepto de &quot;fuerzas significativas&quot; para permitir que </SPAN><SPAN CLASS="c4">Ciudadanos</SPAN><SPAN CLASS="c2"> y Podemos entraran en el reparto. IU qued&oacute; entonces fuera por tener diferentes siglas.</SPAN></P>
<P CLASS="c10"><SPAN CLASS="c2">Algo parecido le ha ocurrido a CiU, que ha perdido ahora casi toda su cuota para la programaci&oacute;n auton&oacute;mica al concurrir por separado Converg&egrave;ncia -como Democr&agrave;cia y Llibertat- y Uni&oacute;.</SPAN></P>
<P CLASS="c10"><SPAN CLASS="c2">Adem&aacute;s, el consejo de RTVE aprobar&aacute; ma&ntilde;ana el plan de cobertura de las elecciones, en el que se fija un criterio proporcional de la informaci&oacute;n sobre las distintas candidaturas, con un reparto similar al de los espacios gratuitos pactado ayer.</SPAN></P>
</DIV>
<BR><DIV CLASS="c5"><P CLASS="c6"><SPAN CLASS="c9">LANGUAGE: </SPAN><SPAN CLASS="c2">SPANISH; ESPA&Ntilde;OL</SPAN></P>
</DIV>
<BR><DIV CLASS="c5"><P CLASS="c6"><SPAN CLASS="c9">PUBLICATION-TYPE: </SPAN><SPAN CLASS="c2">Peri&oacute;dico</SPAN></P>
</DIV>
<BR><DIV CLASS="c5"><P CLASS="c6"><SPAN CLASS="c9">SUBJECT: </SPAN><SPAN CLASS="c2">Pol&iacute;tica (93%)</SPAN></P>
</DIV>
<BR><DIV CLASS="c5"><P CLASS="c6"><SPAN CLASS="c9">IPTC SUBJECT: </SPAN><SPAN CLASS="c2">Politica</SPAN></P>
</DIV>
<BR><DIV CLASS="c5"><P CLASS="c6"><SPAN CLASS="c9">LOAD-DATE: </SPAN><SPAN CLASS="c2">November 25, 2015</SPAN></P>
</DIV>
<BR><DIV CLASS="c0"><BR><P CLASS="c1"><SPAN CLASS="c2">Copyright 2015 El Pais Internacional S.A.<BR>All Rights Reserved</SPAN></P>
</DIV>
</BODY>
</HTML>