<HTML>
<HEAD>
<STYLE TYPE="text/css">
.c0 { text-align: center; }
.c1 { text-align: center; margin-top: 0em; margin-bottom: 0em; }
.c2 { font-family: 'Courier New',Courier; font-size: 10pt; font-style: normal; font-weight: normal; color: #000000; text-decoration: none; }
.c3 { text-align: center; margin-left: 13%; margin-right: 13%; }
.c4 { font-family: 'Courier New',Courier; font-size: 10pt; font-style: normal; font-weight: bold; color: #CC0033; text-decoration: none; }
.c5 { text-align: left; }
.c6 { text-align: left; margin-top: 0em; margin-bottom: 0em; }
.c7 { font-family: 'Courier New',Courier; font-size: 14pt; font-style: normal; font-weight: bold; color: #000000; text-decoration: none; }
.c8 { font-family: 'Courier New',Courier; font-size: 14pt; font-style: normal; font-weight: bold; color: #CC0033; text-decoration: none; }
.c9 { font-family: 'Courier New',Courier; font-size: 10pt; font-style: normal; font-weight: bold; color: #000000; text-decoration: none; }
.c10 { text-align: left; margin-top: 1em; margin-bottom: 0em; }
.c11 { page-break-before: always; }
</STYLE>
</HEAD>
<BODY>
<BR><DIV CLASS="c0"><P CLASS="c1"><SPAN CLASS="c2">316 of 935 DOCUMENTS</SPAN></P>
</DIV>
<BR><DIV CLASS="c0"><BR><P CLASS="c1"><IMG SRC="http://www.lexisnexis.com/lnacui2api/results/docview/attachRetrieve.do?smi=LOGOS&key=38401&componentseq=1&type=logo&inline=y" ALT="http://www.lexisnexis.com/lnacui2api/results/docview/attachRetrieve.do?smi=LOGOS&key=38401&componentseq=1&type=logo&inline=y"><BR><SPAN CLASS="c2">El Pais</SPAN></P>
</DIV>
<BR><DIV CLASS="c3"><P CLASS="c1"><SPAN CLASS="c4">December</SPAN><SPAN CLASS="c2"> 1, 2015 Tuesday</SPAN><SPAN CLASS="c2">&nbsp;</SPAN><SPAN CLASS="c2">&nbsp;<BR>Andaluc&iacute;a Edici&oacute;n</SPAN></P>
</DIV>
<BR><DIV CLASS="c5"><P CLASS="c6"><SPAN CLASS="c7">Rajoy solo debate con su rival socialista para obviar a </SPAN><SPAN CLASS="c8">Ciudadanos</SPAN></P>
</DIV>
<BR><DIV CLASS="c5"><P CLASS="c6"><SPAN CLASS="c9">BYLINE: </SPAN><SPAN CLASS="c2">JAVIER CASQUEIRO / NATALIA JUNQUERA</SPAN></P>
</DIV>
<BR><DIV CLASS="c5"><P CLASS="c6"><SPAN CLASS="c9">SECTION: </SPAN><SPAN CLASS="c2">ESPA&ntilde;A; Base; P&aacute;g. 23 [AN] SIN EL PRESIDENTE. El aspirante del atril vac&iacute;o</SPAN></P>
</DIV>
<BR><DIV CLASS="c5"><P CLASS="c6"><SPAN CLASS="c9">LENGTH: </SPAN><SPAN CLASS="c2">712 words</SPAN></P>
</DIV>
<BR><DIV CLASS="c5"><P CLASS="c6"><SPAN CLASS="c9">DATELINE: </SPAN><SPAN CLASS="c2">Madrid </SPAN></P>
</DIV>
<BR><DIV CLASS="c5"><P CLASS="c10"><SPAN CLASS="c2">. Su comit&eacute; de campa&ntilde;a sostiene que Rajoy es el &uacute;nico que gestiona su doble condici&oacute;n y agenda de candidato y presidente y que debe medirse solo con el principal aspirante a relevarle. El PP aprovecha as&iacute; para obviar el auge de </SPAN><SPAN CLASS="c4">Ciudadanos</SPAN><SPAN CLASS="c2">.</SPAN></P>
<P CLASS="c10"><SPAN CLASS="c2">El PP ya no cita nunca a Podemos ni a su l&iacute;der, Pablo Iglesias, ni el peligro de los pactos del PSOE con los &quot;radicales, extremistas y antisistema&quot;, uno de sus guiones preferidos en la campa&ntilde;a municipal de mayo y la catalana de septiembre. Los dirigentes populares y su candidato buscan ahora, sobre todo, alertar contra el riesgo de &quot;dar marcha atr&aacute;s hacia las recetas fracasadas del PSOE&quot; y evitar los &quot;experimentos de plat&oacute;&quot; que identifican, sin citarle, con </SPAN><SPAN CLASS="c4">Albert Rivera</SPAN><SPAN CLASS="c2">, l&iacute;der de </SPAN><SPAN CLASS="c4">Ciudadanos</SPAN><SPAN CLASS="c2">.</SPAN><SPAN CLASS="c2">&nbsp;</SPAN></P>
<P CLASS="c10"><SPAN CLASS="c2">En el dise&ntilde;o de la campa&ntilde;a del PP, de su programa, de las provincias por las que pasar&aacute; su caravana, de sus principales mensajes y de las participaciones de Rajoy en televisi&oacute;n se tiene en mente a S&aacute;nchez como gran adversario a batir y luego el pujante perfil de Rivera, un pol&iacute;tico de 36 a&ntilde;os que ha trastocado todos sus planes.</SPAN></P>
<P CLASS="c10"><SPAN CLASS="c2">El jefe de campa&ntilde;a del PP, Jorge Moragas, dedic&oacute; ayer casi dos horas a detallar sus estrategias, mensajes audiovisuales y lemas para las redes sociales que el partido ha preparado para su l&iacute;der. Moragas sostiene que todo se debe a que el PP y Rajoy quieren &quot;explicarse, escuchar y dialogar&quot;. Otra cosa es debatir, de cualquier forma, en todos los medios y con cualquiera.</SPAN></P>
<P CLASS="c10"><SPAN CLASS="c2">Rajoy solo quiere debatir con S&aacute;nchez. &quot;Es el debate que siempre se ha hecho con el l&iacute;der de la oposici&oacute;n&quot;, razon&oacute; Moragas e insisti&oacute; en esa idea el propio Rajoy en una entrevista en Tele 5. No le sorprendi&oacute; al jefe de campa&ntilde;a del PP que las preguntas girasen sobre la silla vac&iacute;a dejada por Rajoy en varios foros, entre ellos el debate de EL PA&Iacute;S. El PP sab&iacute;a a lo que se expon&iacute;a cuando decidi&oacute; que solo se enfrentar&iacute;a al l&iacute;der del principal partido de la oposici&oacute;n, que es el cara a cara &quot;fundamental como alternativa real de Gobierno y no con otras fuerzas a&uacute;n extraparlamentarias&quot;. Moragas utiliz&oacute; ayer la expresi&oacute;n de que &quot;el tiempo del presidente no es chicle ilimitado&quot;.</SPAN></P>
<P CLASS="c10"><SPAN CLASS="c2">Rajoy insisti&oacute; en Tele 5: &quot;Llego donde llego. Soy el presidente y no estoy solo en campa&ntilde;a, aunque comprendo a los que tienen todo el tiempo&quot;. El l&iacute;der popular sostiene que le gustar&iacute;a explicar su gesti&oacute;n en persona a los 46 millones de espa&ntilde;oles. Moragas defiende que &quot;f&iacute;sica y metaf&iacute;sicamente es imposible&quot; por esa doble condici&oacute;n de candidato y presidente de Rajoy, algo que mantendr&aacute; hasta el final de la campa&ntilde;a, que coincide con una cumbre en Bruselas.</SPAN></P>
<P CLASS="c10"><SPAN CLASS="c2">Los responsables del PP improvisaron ayer nuevos argumentos para intentar explicar la raz&oacute;n por la que su cabeza de cartel eludi&oacute; acudir al primer debate digital en una campa&ntilde;a en Espa&ntilde;a y opt&oacute; por una entrevista a la misma hora en Telecinco, en la que apenas aport&oacute; novedades a su discurso habitual.</SPAN></P>
<P CLASS="c10"><SPAN CLASS="c2">Moragas neg&oacute; que hubiese tras esa decisi&oacute;n un deseo de contraprogramar a ning&uacute;n medio. El jefe de campa&ntilde;a del PP afirm&oacute; que la oferta para la entrevista a Telecinco lleg&oacute; marcada para ese d&iacute;a antes que la de EL PA&Iacute;S y que no le parec&iacute;a apropiado cancelarla. Luego a&ntilde;adi&oacute; que un presidente solo debe debatir en las democracias asentadas con el l&iacute;der de la oposici&oacute;n, como si existiese tal regla.</SPAN></P>
<P CLASS="c10"><SPAN CLASS="c2">La edad del l&iacute;der</SPAN></P>
<P CLASS="c10"><SPAN CLASS="c2">Los populares son plenamente conscientes de que los comicios del 20-D son especiales, porque existen de entrada cuatro partidos con opci&oacute;n de ganar, porque ser&aacute;n m&aacute;s medi&aacute;ticas e interactivas que nunca, con muchos canales enfocados a la informaci&oacute;n pol&iacute;tica y l&iacute;deres m&aacute;s televisivos y el apogeo de las redes sociales.</SPAN></P>
<P CLASS="c10"><SPAN CLASS="c2">Rajoy ah&iacute; presenta m&aacute;s carencias que sus rivales. Para empezar, el aspirante del PP tiene 60 a&ntilde;os, frente a los 36 de Rivera, los 37 de Iglesias y los 43 de S&aacute;nchez. Rajoy ha mantenido ya debates cara a cara y presidenciales contra los socialistas Alfredo P&eacute;rez Rubalcaba y Jos&eacute; Luis Rodr&iacute;guez Zapatero y muchos en el Parlamento, pero todos con las reglas muy marcadas. No est&aacute; acostumbrado ni le gustan los duelos m&aacute;s libres.</SPAN></P>
<P CLASS="c10"><SPAN CLASS="c2">El PP ha previsto que su jefe de filas vaya a todas las televisiones y est&eacute; en todos los medios informativos, pero en programas y entrevistas donde est&eacute; m&aacute;s c&oacute;modo, aunque el s&aacute;bado se estrenar&aacute; en laSexta Noche en un encuentro directo con </SPAN><SPAN CLASS="c4">ciudadanos</SPAN><SPAN CLASS="c2">.</SPAN></P>
</DIV>
<BR><DIV CLASS="c5"><P CLASS="c6"><SPAN CLASS="c9">LANGUAGE: </SPAN><SPAN CLASS="c2">SPANISH; ESPA&Ntilde;OL</SPAN></P>
</DIV>
<BR><DIV CLASS="c5"><P CLASS="c6"><SPAN CLASS="c9">PUBLICATION-TYPE: </SPAN><SPAN CLASS="c2">Peri&oacute;dico</SPAN></P>
</DIV>
<BR><DIV CLASS="c5"><P CLASS="c6"><SPAN CLASS="c9">SUBJECT: </SPAN><SPAN CLASS="c2">Pol&iacute;tica (93%)</SPAN></P>
</DIV>
<BR><DIV CLASS="c5"><P CLASS="c6"><SPAN CLASS="c9">IPTC SUBJECT: </SPAN><SPAN CLASS="c2">Politica</SPAN></P>
</DIV>
<BR><DIV CLASS="c5"><P CLASS="c6"><SPAN CLASS="c9">LOAD-DATE: </SPAN><SPAN CLASS="c2">November 30, 2015</SPAN></P>
</DIV>
<BR><DIV CLASS="c0"><BR><P CLASS="c1"><SPAN CLASS="c2">Copyright 2015 El Pais Internacional S.A.<BR>All Rights Reserved</SPAN></P>
</DIV>
</BODY>
</HTML>