<HTML>
<HEAD>
<STYLE TYPE="text/css">
.c0 { text-align: center; }
.c1 { text-align: center; margin-top: 0em; margin-bottom: 0em; }
.c2 { font-family: 'Courier New',Courier; font-size: 10pt; font-style: normal; font-weight: normal; color: #000000; text-decoration: none; }
.c3 { text-align: center; margin-left: 13%; margin-right: 13%; }
.c4 { font-family: 'Courier New',Courier; font-size: 10pt; font-style: normal; font-weight: bold; color: #CC0033; text-decoration: none; }
.c5 { text-align: left; }
.c6 { text-align: left; margin-top: 0em; margin-bottom: 0em; }
.c7 { font-family: 'Courier New',Courier; font-size: 14pt; font-style: normal; font-weight: bold; color: #000000; text-decoration: none; }
.c8 { font-family: 'Courier New',Courier; font-size: 14pt; font-style: normal; font-weight: bold; color: #CC0033; text-decoration: none; }
.c9 { font-family: 'Courier New',Courier; font-size: 10pt; font-style: normal; font-weight: bold; color: #000000; text-decoration: none; }
.c10 { text-align: left; margin-top: 1em; margin-bottom: 0em; }
.c11 { page-break-before: always; }
</STYLE>
</HEAD>
<BODY>
<BR><DIV CLASS="c0"><P CLASS="c1"><SPAN CLASS="c2">348 of 935 DOCUMENTS</SPAN></P>
</DIV>
<BR><DIV CLASS="c0"><BR><P CLASS="c1"><IMG SRC="http://www.lexisnexis.com/lnacui2api/results/docview/attachRetrieve.do?smi=LOGOS&key=38401&componentseq=1&type=logo&inline=y" ALT="http://www.lexisnexis.com/lnacui2api/results/docview/attachRetrieve.do?smi=LOGOS&key=38401&componentseq=1&type=logo&inline=y"><BR><SPAN CLASS="c2">El Pais</SPAN></P>
</DIV>
<BR><DIV CLASS="c3"><P CLASS="c1"><SPAN CLASS="c4">December</SPAN><SPAN CLASS="c2"> 19, 2015 Saturday</SPAN><SPAN CLASS="c2">&nbsp;</SPAN><SPAN CLASS="c2">&nbsp;<BR>Nacional Edici&oacute;n</SPAN></P>
</DIV>
<BR><DIV CLASS="c5"><P CLASS="c6"><SPAN CLASS="c9">BYLINE: </SPAN><SPAN CLASS="c2">JOHN CARLIN</SPAN></P>
</DIV>
<BR><DIV CLASS="c5"><P CLASS="c6"><SPAN CLASS="c9">SECTION: </SPAN><SPAN CLASS="c2">ESPA&ntilde;A; Base; P&aacute;g. 19 La vieja contra la nueva Espa&ntilde;a</SPAN></P>
</DIV>
<BR><DIV CLASS="c5"><P CLASS="c6"><SPAN CLASS="c9">LENGTH: </SPAN><SPAN CLASS="c2">1138 words</SPAN></P>
</DIV>
<BR><DIV CLASS="c5"><P CLASS="c10"><SPAN CLASS="c2">&quot;Salud a un a&ntilde;o nuevo y otra oportunidad de acertar&quot;.</SPAN></P>
<P CLASS="c10"><SPAN CLASS="c2">Oprah Winfrey.</SPAN></P>
<P CLASS="c10"><SPAN CLASS="c2">Cuatro d&iacute;as, cuatro m&iacute;tines electorales, dos mil kil&oacute;metros recorridos. Muchos castillos, murallas, iglesias, olivos; jam&oacute;n, morcilla, lech&oacute;n y vino. Espa&ntilde;a es un antiguo pa&iacute;s de antiguas tradiciones -en lo cultural y tambi&eacute;n en los h&aacute;bitos pol&iacute;ticos-. Se fue Franco y vino la Transici&oacute;n pero la payasesca reverencia ante el poder, el abuso descarado de los que lo controlan y el h&aacute;bito clientelista de la ciudadan&iacute;a ah&iacute; han seguido, m&aacute;s &eacute;poca medieval que siglo XXI.</SPAN></P>
<P CLASS="c10"><SPAN CLASS="c2">La aparici&oacute;n en la contienda electoral de dos partidos j&oacute;venes, </SPAN><SPAN CLASS="c4">Ciudadanos</SPAN><SPAN CLASS="c2"> y Podemos, sacude la vieja arquitectura. Los espa&ntilde;oles van a votar debati&eacute;ndose entre quedarse con su ancestral conservadurismo o dar un salto a lo desconocido.</SPAN></P>
<P CLASS="c10"><SPAN CLASS="c2">El lunes estuve en &Aacute;vila, con </SPAN><SPAN CLASS="c4">Ciudadanos</SPAN><SPAN CLASS="c2">; martes con el PSOE en Badajoz; mi&eacute;rcoles con Podemos en Valladolid; jueves con el PP en Barcelona. En la radio en el coche o&iacute; la noticia del pu&ntilde;etazo que le dio un joven de 17 a&ntilde;os al presidente del Gobierno y l&iacute;der del Partido Popular, Mariano Rajoy, met&aacute;fora salvaje de la disputa esencial de estas elecciones entre lo joven y lo viejo.</SPAN><SPAN CLASS="c2">&nbsp;</SPAN></P>
<P CLASS="c10"><SPAN CLASS="c4">Ciudadanos</SPAN><SPAN CLASS="c2">: Cola durante tres cuartos de hora para entrar en el peque&ntilde;o teatro de la Caja de &Aacute;vila; aforo: unas 500 personas. Un altavoz montado en un coche intenta lavarme el cerebro con consignas grabadas, repetidas una y otra vez: &quot;Se acabaron los privilegios; Gobierno de manos limpias; nuevo proyecto; un pa&iacute;s de oportunidades; ilusi&oacute;n; se acabaron los privilegios...&quot; M&uacute;sica de Coldplay y un hombre con aire sereno sube al escenario. Aludiendo sin confesarlo al famoso anuncio de la marca Nike dice que &quot;imposible solo es una opini&oacute;n&quot;; que su partido propone &quot;reformas para que Espa&ntilde;a por fin entre en la modernidad&quot;, que &quot;la ilusi&oacute;n va a vencer el miedo&quot;. Pero que nadie se asuste: &quot;El programa electoral es realizable, el cambio ser&aacute; sensato&quot;.</SPAN></P>
<P CLASS="c10"><SPAN CLASS="c2">El l&iacute;der </SPAN><SPAN CLASS="c4">Albert Rivera,</SPAN><SPAN CLASS="c2"> que lleva zapatos marrones con cordones rojos, profundiza en la idea. &quot;Reforma pero no ruptura; cambio, pero no revoluci&oacute;n&quot;. Y nos recuerda: &quot;la nueva pol&iacute;tica vence a la vieja&quot;, &quot;llega la segunda transici&oacute;n&quot;. Rivera es el primo listo de la familia que todos tenemos y en secreto envidiamos pero su lenguaje corporal no transmite la misma convicci&oacute;n que sus palabras. El p&uacute;blico corea &quot;&iexcl;Presidente! &iexcl;Presidente!&quot; pero no est&aacute; claro que &eacute;l mismo, a sus 36 a&ntilde;os, se lo crea.</SPAN></P>
<P CLASS="c10"><SPAN CLASS="c2">PSOE: Un recinto ferial del tama&ntilde;o de medio campo de f&uacute;tbol, a la entrada una mesa donde dos se&ntilde;oras venden merchandising: ositos, paraguas, relojes de color rojo. Adentro, ondean banderas al comp&aacute;s del himno triunfal (pero m&aacute;s anticuado que Coldplay) del partido. El volumen alcanza decibelios que rozan el peligro a la salud. El montaje es m&aacute;s made for TV que pensado para los cinco mil y pico presentes, muchos de los cuales charlan entre s&iacute; durante los discursos, como si se tratara tanto de un gran encuentro familiar como de un acto pol&iacute;tico. Y, efectivamente, alguien les chilla desde el escenario que forman parte de &quot;la familia socialista&quot; cuya cabeza es el telonero en jefe de la noche, el legendario Felipe Gonz&aacute;lez, antiguo presidente del Gobierno al que la multitud hab&iacute;a venido a ver, m&aacute;s el alma del partido, a&uacute;n hoy, que su joven y guapo sucesor Pedro S&aacute;nchez.</SPAN></P>
<P CLASS="c10"><SPAN CLASS="c2">El abuelo Gonz&aacute;lez (&quot;tengo 50 a&ntilde;os de vida pol&iacute;tica&quot;) habla desde el podio como si estuviera ante un grupo de amigos en el sal&oacute;n de su casa. Rebosa la sagacidad de un hombre que permaneci&oacute; en el poder durante 14 a&ntilde;os y la astucia de un viejo zorro curtido en mil batallas pol&iacute;ticas. Como tal, ataca sin piedad al peligroso rival del PSOE, Podemos, en su flanco m&aacute;s d&eacute;bil, la asociaci&oacute;n de sus l&iacute;deres con el catastr&oacute;fico Gobierno chavista de Venezuela, de la que se han querido distanciar. Lo cual le sugiere la desde&ntilde;osa frase, &quot;el baile de disfraces de Podemos&quot;. El mensaje queda claro: el PSOE es digno de fiar; Podemos, no. El problema para los votantes indecisos que lo ven en televisi&oacute;n es que Gonz&aacute;lez no solo no compite en las elecciones, sino que representa a la tambi&eacute;n desde&ntilde;ada &quot;casta&quot; de la que Podemos se r&iacute;e.</SPAN></P>
<P CLASS="c10"><SPAN CLASS="c2">Podemos: Un teatro moderno de madera color claro. Hablan tres antes del l&iacute;der, Pablo Iglesias, todos con aspecto rebelde veintea&ntilde;ero: pelo largo, o pendiente en la oreja, o minifalda. Cada vez que uno menciona a Felipe Gonz&aacute;lez el p&uacute;blico (joven, muchos selfies) abuchea, como cuando Cristiano Ronaldo toca el bal&oacute;n en el Camp Nou. Gritan &quot;&iexcl;remontada! &iexcl;remontada&quot;, lo cual refleja una sorprendente fe en los sondeos, y cantan A por ellos, &iexcl;o&eacute;! El profesor Iglesias acabar&iacute;a con una sesuda y did&aacute;ctica exposici&oacute;n de su pol&iacute;tica econ&oacute;mica (utilizar&iacute;a la palabra &quot;ontol&oacute;gico&quot;) pero el ambiente que generan sus animadores es ferviente, moral y futbolero. Rom&aacute;ntico tambi&eacute;n, siempre con un trasfondo impl&iacute;cito religioso. Van, como Jesucristo, &quot;contra los poderosos&quot; y a favor de los pobres, los hambrientos y la igualdad. &quot;Esto trasciende la pol&iacute;tica, es una actitud frente a la vida&quot;, anuncia uno; &quot;en la lucha para ser felices somos invencibles&quot;, proclama otro.</SPAN></P>
<P CLASS="c10"><SPAN CLASS="c2">Partido Popular: A mitad de camino entre el plasma y el mundo real, Rajoy se presenta en un sal&oacute;n estilo Versalles en el Hotel Palace (anteriormente Ritz) de Barcelona. Alfombra espesa y sobria de colores pastel, grandes l&aacute;mparas de cristal, cortinas gruesas de tres metros de altura y un p&uacute;blico acorde con la est&eacute;tica del lugar, la mayor&iacute;a hombres vestidos con traje oscuro y corbata sentados en mesas con manteles que llegan al suelo. Es el medioambiente natural de Rajoy, que aparece, apenas 16 horas despu&eacute;s del pu&ntilde;etazo por el que esta campa&ntilde;a electoral siempre ser&aacute; recordada, fresco como una lechuga, sin da&ntilde;os f&iacute;sicos o an&iacute;micos a la vista. Resaltando el &eacute;xito de su gesti&oacute;n durante los &uacute;ltimos cuatro a&ntilde;os, recitar&iacute;a una estad&iacute;stica econ&oacute;mica tras otro en un admirable ejercicio de memoria.</SPAN></P>
<P CLASS="c10"><SPAN CLASS="c2">El que lo presenta, Jorge Fern&aacute;ndez D&iacute;az, nos prepara para la gesta recordando una an&eacute;cdota personal: durante el Mundial de f&uacute;tbol de 1982 Rajoy le hab&iacute;a sabido decir todos los nombres del once titular de la selecci&oacute;n griega. Fern&aacute;ndez D&iacute;az, el ministro del Interior, aprovecha el asalto de la tarde anterior para recordar al electorado espa&ntilde;ol ante las c&aacute;maras de televisi&oacute;n que Rajoy es un l&iacute;der cl&aacute;sico. &quot;En un momento como el de ayer, demuestra lo que es, que tiene altura de miras, serenidad y templanza&quot;, dice Fern&aacute;ndez D&iacute;az. Y agrega: &quot;Ama a su pa&iacute;s, Espa&ntilde;a, y tiene una idea de Espa&ntilde;a en la cabeza y en el coraz&oacute;n&quot;.</SPAN></P>
<P CLASS="c10"><SPAN CLASS="c2">Rajoy representa una idea conservadora de una vieja Espa&ntilde;a; el PSOE, una idea m&aacute;s progresista de la misma. La nueva Espa&ntilde;a que promete </SPAN><SPAN CLASS="c4">Ciudadanos</SPAN><SPAN CLASS="c2"> se construir&iacute;a con reformas pragm&aacute;ticas, la que pinta Podemos promete una vida feliz basada en un principio moral de igualdad. Muy pronto sabremos con qui&eacute;n van los corazones y las cabezas de los espa&ntilde;oles.</SPAN></P>
</DIV>
<BR><DIV CLASS="c5"><P CLASS="c6"><SPAN CLASS="c9">LANGUAGE: </SPAN><SPAN CLASS="c2">SPANISH; ESPA&Ntilde;OL</SPAN></P>
</DIV>
<BR><DIV CLASS="c5"><P CLASS="c6"><SPAN CLASS="c9">PUBLICATION-TYPE: </SPAN><SPAN CLASS="c2">Peri&oacute;dico</SPAN></P>
</DIV>
<BR><DIV CLASS="c5"><P CLASS="c6"><SPAN CLASS="c9">SUBJECT: </SPAN><SPAN CLASS="c2">Pol&iacute;tica (93%)</SPAN></P>
</DIV>
<BR><DIV CLASS="c5"><P CLASS="c6"><SPAN CLASS="c9">IPTC SUBJECT: </SPAN><SPAN CLASS="c2">Politica</SPAN></P>
</DIV>
<BR><DIV CLASS="c5"><P CLASS="c6"><SPAN CLASS="c9">LOAD-DATE: </SPAN><SPAN CLASS="c2">December 18, 2015</SPAN></P>
</DIV>
<BR><DIV CLASS="c0"><BR><P CLASS="c1"><SPAN CLASS="c2">Copyright 2015 El Pais Internacional S.A.<BR>All Rights Reserved</SPAN></P>
</DIV>
</BODY>
</HTML>