<HTML>
<HEAD>
<STYLE TYPE="text/css">
.c0 { text-align: center; }
.c1 { text-align: center; margin-top: 0em; margin-bottom: 0em; }
.c2 { font-family: 'Courier New',Courier; font-size: 10pt; font-style: normal; font-weight: normal; color: #000000; text-decoration: none; }
.c3 { text-align: center; margin-left: 13%; margin-right: 13%; }
.c4 { font-family: 'Courier New',Courier; font-size: 10pt; font-style: normal; font-weight: bold; color: #CC0033; text-decoration: none; }
.c5 { text-align: left; }
.c6 { text-align: left; margin-top: 0em; margin-bottom: 0em; }
.c7 { font-family: 'Courier New',Courier; font-size: 14pt; font-style: normal; font-weight: bold; color: #000000; text-decoration: none; }
.c8 { font-family: 'Courier New',Courier; font-size: 14pt; font-style: normal; font-weight: bold; color: #CC0033; text-decoration: none; }
.c9 { font-family: 'Courier New',Courier; font-size: 10pt; font-style: normal; font-weight: bold; color: #000000; text-decoration: none; }
.c10 { text-align: left; margin-top: 1em; margin-bottom: 0em; }
.c11 { page-break-before: always; }
</STYLE>
</HEAD>
<BODY>
<BR><DIV CLASS="c0"><P CLASS="c1"><SPAN CLASS="c2">289 of 935 DOCUMENTS</SPAN></P>
</DIV>
<BR><DIV CLASS="c0"><BR><P CLASS="c1"><IMG SRC="http://www.lexisnexis.com/lnacui2api/results/docview/attachRetrieve.do?smi=LOGOS&key=38401&componentseq=1&type=logo&inline=y" ALT="http://www.lexisnexis.com/lnacui2api/results/docview/attachRetrieve.do?smi=LOGOS&key=38401&componentseq=1&type=logo&inline=y"><BR><SPAN CLASS="c2">El Pais</SPAN></P>
</DIV>
<BR><DIV CLASS="c3"><P CLASS="c1"><SPAN CLASS="c4">January</SPAN><SPAN CLASS="c2"> 6, 2016 Wednesday</SPAN><SPAN CLASS="c2">&nbsp;</SPAN><SPAN CLASS="c2">&nbsp;<BR>Nacional Edici&oacute;n</SPAN></P>
</DIV>
<BR><DIV CLASS="c5"><P CLASS="c6"><SPAN CLASS="c7">El PSOE responde a Rajoy con un &quot;no definitivo&quot;</SPAN></P>
</DIV>
<BR><DIV CLASS="c5"><P CLASS="c6"><SPAN CLASS="c9">BYLINE: </SPAN><SPAN CLASS="c2">FERNANDO GAREA</SPAN></P>
</DIV>
<BR><DIV CLASS="c5"><P CLASS="c6"><SPAN CLASS="c9">SECTION: </SPAN><SPAN CLASS="c2">ESPA&ntilde;A; Base; P&aacute;g. 16</SPAN></P>
</DIV>
<BR><DIV CLASS="c5"><P CLASS="c6"><SPAN CLASS="c9">LENGTH: </SPAN><SPAN CLASS="c2">825 words</SPAN></P>
</DIV>
<BR><DIV CLASS="c5"><P CLASS="c6"><SPAN CLASS="c9">DATELINE: </SPAN><SPAN CLASS="c2">Madrid </SPAN></P>
</DIV>
<BR><DIV CLASS="c5"><P CLASS="c10"><SPAN CLASS="c2">El PSOE respondi&oacute; ayer con un rotundo &quot;no definitivo&quot; a la nueva oferta de Mariano Rajoy para llegar a un acuerdo que permita la investidura del l&iacute;der del PP como presidente del Gobierno. Rajoy reiter&oacute; la oferta en la Cope, sobre la idea de la coincidencia con el PSOE y </SPAN><SPAN CLASS="c4">Ciudadanos</SPAN><SPAN CLASS="c2"> en la defensa de la unidad de Espa&ntilde;a, y pocas horas despu&eacute;s le respondi&oacute; en nombre de los socialistas el portavoz en el Congreso, Antonio Hernando. &quot;Que deje de hablar de grandes coaliciones con el PSOE. No es no&quot;, le dijo.</SPAN></P>
<P CLASS="c10"><SPAN CLASS="c2">A los 16 d&iacute;as desde las elecciones generales, la &uacute;nica opci&oacute;n de salida pol&iacute;tica que ya tiene un rotundo no es la de un acuerdo que incluya al PP y al PSOE. Quedan la de un pacto alternativo con el PSOE y Podemos y, como &uacute;ltimo recurso, la de los comicios repetidos el pr&oacute;ximo mes de mayo si ning&uacute;n candidato logra una mayor&iacute;a suficiente para ser investido presidente del Gobierno.</SPAN><SPAN CLASS="c2">&nbsp;</SPAN></P>
<P CLASS="c10"><SPAN CLASS="c2">Por la ma&ntilde;ana, el presidente en funciones, Mariano Rajoy, reiter&oacute; en la Cope la oferta a los socialistas y hasta sum&oacute; los 253 diputados que completar&iacute;an PP, PSOE y </SPAN><SPAN CLASS="c4">Ciudadanos</SPAN><SPAN CLASS="c2">. Lo dijo a pesar de que hace una semana el propio secretario general de los socialistas, Pedro S&aacute;nchez, fue a La Moncloa a decirle directamente que no y a pesar de que el l&iacute;der de </SPAN><SPAN CLASS="c4">Ciudadanos</SPAN><SPAN CLASS="c2">, </SPAN><SPAN CLASS="c4">Albert Rivera,</SPAN><SPAN CLASS="c2"> nunca ha pasado de admitir la abstenci&oacute;n en la investidura, lo que ser&iacute;a insuficiente para elegir a Rajoy.</SPAN></P>
<P CLASS="c10"><SPAN CLASS="c2">Su objetivo sigue siendo, seg&uacute;n explic&oacute; &eacute;l mismo, el de sumar a los partidos de </SPAN><SPAN CLASS="c4">Albert Rivera</SPAN><SPAN CLASS="c2"> y Pedro S&aacute;nchez, con la idea de que los tres tienen en com&uacute;n la defensa de la Espa&ntilde;a constitucional.</SPAN></P>
<P CLASS="c10"><SPAN CLASS="c2">El l&iacute;der del PP dijo, incluso, que no se cierra a abordar una reforma de la Constituci&oacute;n de 1978 en sus negociaciones con el PSOE para poder superar la votaci&oacute;n para su investidura de nuevo como jefe del Ejecutivo. &quot;Yo no me cierro a nada. Con m&aacute;s de 200 diputados se puede hacer una reforma de consenso&quot;, asegur&oacute;, para a&ntilde;adir: &quot;Es una gran oportunidad, estar&iacute;amos obligados a pactar y a ceder&quot;.</SPAN></P>
<P CLASS="c10"><SPAN CLASS="c2">Esas declaraciones son coincidentes con la presi&oacute;n desarrollada por el PP sobre el PSOE en los &uacute;ltimos d&iacute;as para lograr ese apoyo en la investidura. Por el momento, esos intentos se han estrellado con la negativa de los socialistas.</SPAN></P>
<P CLASS="c10"><SPAN CLASS="c2">&quot;No es no y es un no definitivo&quot;, respondi&oacute; el PSOE a Rajoy sobre la posibilidad de un acuerdo para investir presidente del Gobierno al l&iacute;der del PP. El portavoz parlamentario de los socialistas, Antonio Hernando, fue el encargado de responder oficialmente a las propuestas del presidente en funciones y lo hizo de forma rotunda para pedirle que &quot;deje de hablar de gran coalici&oacute;n, que se olvide de enso&ntilde;aciones&quot;.</SPAN></P>
<P CLASS="c10"><SPAN CLASS="c2">Hernando explic&oacute; que los socialistas fueron a las elecciones para propiciar un cambio pol&iacute;tico y de la forma de gobernar, y eso no puede venir de la mano del PP. Por tanto, el PSOE no facilitar&aacute; un Gobierno de los populares con su voto o su abstenci&oacute;n, en la l&iacute;nea de lo recogido expresamente en el documento aprobado por su Comit&eacute; Federal. En esa reuni&oacute;n del m&aacute;ximo &oacute;rgano de gobierno del PSOE nadie defendi&oacute; la opci&oacute;n de permitir que se invista a un candidato del PP. El no del PSOE, verbalizado ayer de nuevo por Hernando, se extiende no solo a Rajoy, sino a cualquier otro candidato que el PP pueda presentar a la investidura.</SPAN></P>
<P CLASS="c10"><SPAN CLASS="c2">&quot;Que deje de hablar de grandes coaliciones con el partido socialista porque con el PP no va a haber ni grandes coaliciones, ni peque&ntilde;as ni mediopensionistas. No es no&quot;, asegur&oacute; rotundo Hernando. Al PSOE no le vale ninguna concesi&oacute;n, incluida la posibilidad de que Rajoy acepte negociar una reforma de la Constituci&oacute;n. La aritm&eacute;tica de las nuevas Cortes permite que dos grupos puedan forzar la creaci&oacute;n de la ponencia de reforma constitucional, pero permite al PP bloquear cualquier cambio de la ley fundamental.</SPAN></P>
<P CLASS="c10"><SPAN CLASS="c2">Mayor&iacute;a alternativa</SPAN></P>
<P CLASS="c10"><SPAN CLASS="c2">En los pr&oacute;ximos d&iacute;as Rajoy volver&aacute; a convocar en La Moncloa a S&aacute;nchez y, seg&uacute;n fuentes socialistas, la respuesta volver&aacute; a ser la misma, es decir, la negativa sin matices. El l&iacute;der del PSOE no ha descartado a&uacute;n la opci&oacute;n de intentar un pacto con Podemos que sume a otros partidos para lograr la investidura de un candidato alternativo al del PP.</SPAN></P>
<P CLASS="c10"><SPAN CLASS="c2">Antonio Hernando reiter&oacute; que el PP debe intentar un acuerdo como partido m&aacute;s votado, pero ha insistido en que los socialistas no tienen derecho &quot;a tirar la toalla ni abdicar de sus responsabilidades&quot;.</SPAN></P>
<P CLASS="c10"><SPAN CLASS="c2">En todo caso, el procedimiento legal exige que el d&iacute;a 13 de enero se constituyan el Congreso y el Senado. En los siguientes d&iacute;as el Rey llamar&aacute; a consultas a los l&iacute;deres de todas las candidaturas con representaci&oacute;n parlamentaria y tendr&aacute; que proponer al presidente del Congreso un candidato para que se someta al debate de investidura.</SPAN></P>
<P CLASS="c10"><SPAN CLASS="c2">Fuentes del Congreso y del Gobierno consideran que antes de convocar nuevas elecciones debe intentarse esa votaci&oacute;n, primero por mayor&iacute;a absoluta y luego por mayor&iacute;a simple. Dos meses despu&eacute;s de la primera votaci&oacute;n deben convocarse nuevas elecciones si no es elegido ning&uacute;n candidato, es decir, para mayo.</SPAN></P>
</DIV>
<BR><DIV CLASS="c5"><P CLASS="c6"><SPAN CLASS="c9">LANGUAGE: </SPAN><SPAN CLASS="c2">SPANISH; ESPA&Ntilde;OL</SPAN></P>
</DIV>
<BR><DIV CLASS="c5"><P CLASS="c6"><SPAN CLASS="c9">PUBLICATION-TYPE: </SPAN><SPAN CLASS="c2">Peri&oacute;dico</SPAN></P>
</DIV>
<BR><DIV CLASS="c5"><P CLASS="c6"><SPAN CLASS="c9">SUBJECT: </SPAN><SPAN CLASS="c2">Pol&iacute;tica (92%); Gobierno y Administraci&oacute;n P&uacute;blica (89%); Organizaciones Legislativas (76%)</SPAN></P>
</DIV>
<BR><DIV CLASS="c5"><P CLASS="c6"><SPAN CLASS="c9">IPTC SUBJECT: </SPAN><SPAN CLASS="c2">gobierno; Politica; parlamento</SPAN></P>
</DIV>
<BR><DIV CLASS="c5"><P CLASS="c6"><SPAN CLASS="c9">LOAD-DATE: </SPAN><SPAN CLASS="c2">January 5, 2016</SPAN></P>
</DIV>
<BR><DIV CLASS="c0"><BR><P CLASS="c1"><SPAN CLASS="c2">Copyright 2016 El Pais Internacional S.A.<BR>All Rights Reserved</SPAN></P>
</DIV>
</BODY>
</HTML>