<HTML>
<HEAD>
<STYLE TYPE="text/css">
.c0 { text-align: center; }
.c1 { text-align: center; margin-top: 0em; margin-bottom: 0em; }
.c2 { font-family: 'Courier New',Courier; font-size: 10pt; font-style: normal; font-weight: normal; color: #000000; text-decoration: none; }
.c3 { text-align: center; margin-left: 13%; margin-right: 13%; }
.c4 { font-family: 'Courier New',Courier; font-size: 10pt; font-style: normal; font-weight: bold; color: #CC0033; text-decoration: none; }
.c5 { text-align: left; }
.c6 { text-align: left; margin-top: 0em; margin-bottom: 0em; }
.c7 { font-family: 'Courier New',Courier; font-size: 14pt; font-style: normal; font-weight: bold; color: #000000; text-decoration: none; }
.c8 { font-family: 'Courier New',Courier; font-size: 14pt; font-style: normal; font-weight: bold; color: #CC0033; text-decoration: none; }
.c9 { font-family: 'Courier New',Courier; font-size: 10pt; font-style: normal; font-weight: bold; color: #000000; text-decoration: none; }
.c10 { text-align: left; margin-top: 1em; margin-bottom: 0em; }
.c11 { page-break-before: always; }
</STYLE>
</HEAD>
<BODY>
<BR><DIV CLASS="c0"><P CLASS="c1"><SPAN CLASS="c2">333 of 935 DOCUMENTS</SPAN></P>
</DIV>
<BR><DIV CLASS="c0"><BR><P CLASS="c1"><IMG SRC="http://www.lexisnexis.com/lnacui2api/results/docview/attachRetrieve.do?smi=LOGOS&key=38401&componentseq=1&type=logo&inline=y" ALT="http://www.lexisnexis.com/lnacui2api/results/docview/attachRetrieve.do?smi=LOGOS&key=38401&componentseq=1&type=logo&inline=y"><BR><SPAN CLASS="c2">El Pais</SPAN></P>
</DIV>
<BR><DIV CLASS="c3"><P CLASS="c1"><SPAN CLASS="c4">December</SPAN><SPAN CLASS="c2"> 16, 2015 Wednesday</SPAN><SPAN CLASS="c2">&nbsp;</SPAN><SPAN CLASS="c2">&nbsp;<BR>2&ordf; Ed. Barna Edici&oacute;n</SPAN></P>
</DIV>
<BR><DIV CLASS="c5"><P CLASS="c6"><SPAN CLASS="c7">&quot;Puse voz a los espa&ntilde;oles que creen que Rajoy debi&oacute; dimitir&quot;</SPAN></P>
</DIV>
<BR><DIV CLASS="c5"><P CLASS="c6"><SPAN CLASS="c9">BYLINE: </SPAN><SPAN CLASS="c2">ANABEL D&Iacute;EZ</SPAN></P>
</DIV>
<BR><DIV CLASS="c5"><P CLASS="c6"><SPAN CLASS="c9">SECTION: </SPAN><SPAN CLASS="c2">ESPA&ntilde;A; Base; P&aacute;g. 17 [AN] PEDRO S&Aacute;NCHEZ Candidato del PSOE</SPAN></P>
</DIV>
<BR><DIV CLASS="c5"><P CLASS="c6"><SPAN CLASS="c9">LENGTH: </SPAN><SPAN CLASS="c2">1207 words</SPAN></P>
</DIV>
<BR><DIV CLASS="c5"><P CLASS="c6"><SPAN CLASS="c9">DATELINE: </SPAN><SPAN CLASS="c2">Madrid </SPAN></P>
</DIV>
<BR><DIV CLASS="c5"><P CLASS="c10"><SPAN CLASS="c2">Pedro S&aacute;nchez P&eacute;rez-Castej&oacute;n, (Madrid, 1972) no se arrepiente del tono ni del contenido empleado en su cara a cara de anteanoche con el presidente del Gobierno. &quot;Ten&iacute;a que desmontar las mentiras de Mariano Rajoy y poner voz a los millones de espa&ntilde;oles que piensan que deb&iacute;a haber dimitido&quot;, enfatiza.</SPAN></P>
<P CLASS="c10"><SPAN CLASS="c2">Pregunta. &iquest;Era necesario ese tono bronco y agresivo en el debate con Mariano Rajoy?</SPAN></P>
<P CLASS="c10"><SPAN CLASS="c2">Respuesta. No lo comparto. No fue un debate bronco. Creo que fue vibrante y yo ten&iacute;a la necesidad de desmontar las mentiras de Rajoy. Mi intervenci&oacute;n fue directa y se corresponde con un juicio muy severo sobre las graves responsabilidades pol&iacute;ticas que comprometen al presidente del Gobierno tras m&aacute;s de seis a&ntilde;os, con una catarata de casos de corrupci&oacute;n a cada cual m&aacute;s grave y en la que siempre aparece el PP.</SPAN><SPAN CLASS="c2">&nbsp;</SPAN></P>
<P CLASS="c10"><SPAN CLASS="c2">P. &iquest;Sopes&oacute; usted las consecuencias de decir que el presidente del Gobierno no es una persona decente?</SPAN></P>
<P CLASS="c10"><SPAN CLASS="c2">R. S&iacute;, y pens&eacute; en un art&iacute;culo del fil&oacute;sofo Emilio Lled&oacute; en el que dec&iacute;a que la decencia ten&iacute;a que volver a las instituciones. Me inspir&eacute; en esa frase al decir que el presidente del Gobierno ten&iacute;a que ser una persona decente... y Rajoy no lo es. Dije y puse voz a lo que piensan millones de espa&ntilde;oles: que deb&iacute;a haber dimitido hace dos a&ntilde;os cuando salieron los papeles de B&aacute;rcenas.</SPAN></P>
<P CLASS="c10"><SPAN CLASS="c2">P. En el PP dicen que fue usted maleducado.</SPAN></P>
<P CLASS="c10"><SPAN CLASS="c2">R. Hacer del presidente del Gobierno una v&iacute;ctima no es lo m&aacute;s inteligente, pero ellos sabr&aacute;n. El problema no es el candidato del PSOE, sino el del PP. Solo le dije lo que piensan la mayor&iacute;a de los espa&ntilde;oles; no pod&iacute;a pasar de puntillas por asuntos tan graves como los que han afectado y manchado la vida p&uacute;blica espa&ntilde;ola. Ten&iacute;a la obligaci&oacute;n de exigir responsabilidades. No concibo de otra manera el liderazgo pol&iacute;tico.</SPAN></P>
<P CLASS="c10"><SPAN CLASS="c2">P. &iquest;Se dirig&iacute;a usted al electorado proclive a Podemos?</SPAN></P>
<P CLASS="c10"><SPAN CLASS="c2">R. Me imagino lo que estar&aacute;n diciendo hoy de m&iacute; muchos de los que me acusan de dureza. Hay reacciones que son previsibles, aunque no deja de ser chocante la diferente vara de medir que se aplica para juzgarse a s&iacute; mismo o juzgar a sus compa&ntilde;eros de viaje. Eso forma parte de la m&aacute;s vieja pol&iacute;tica. No compliquemos lo que es sencillo. La &uacute;nica estrategia de mi campa&ntilde;a es decirle la verdad a los </SPAN><SPAN CLASS="c4">ciudadanos</SPAN><SPAN CLASS="c2">, guste o no guste al presidente Rajoy, a Podemos o a </SPAN><SPAN CLASS="c4">Ciudadanos</SPAN><SPAN CLASS="c2">. Y tengo la seguridad de que los espa&ntilde;oles lo aprecian y ellos, y nadie m&aacute;s, son los que deciden.</SPAN></P>
<P CLASS="c10"><SPAN CLASS="c2">P. Las encuestas dan la victoria al PP. El PSOE quedar&iacute;a cuatro o cinco puntos por detr&aacute;s. Ninguna le da ganador.</SPAN></P>
<P CLASS="c10"><SPAN CLASS="c2">R. Yo creo que estamos en empate t&eacute;cnico, y ahora el voto &uacute;til va a ser m&aacute;s &uacute;til que nunca para poner fin al Gobierno de los recortes sociales, al que no tiene voz en el mundo, para que la recuperaci&oacute;n sea justa y resolvamos la crisis de convivencia que hay en Espa&ntilde;a.</SPAN></P>
<P CLASS="c10"><SPAN CLASS="c2">P. &iquest;Cree que los espa&ntilde;oles han perdonado al PSOE los recortes de la &uacute;ltima legislatura, que les llevaron a sufrir varias severas derrotas electorales?</SPAN></P>
<P CLASS="c10"><SPAN CLASS="c2">R. Esos Gobiernos nunca recortaron en sanidad, educaci&oacute;n y servicios sociales y no bajaron las pensiones m&aacute;s bajas.</SPAN></P>
<P CLASS="c10"><SPAN CLASS="c2">P. Pablo Iglesias, l&iacute;der de Podemos, acusa al PSOE de no hacer en el Gobierno lo que predica en la oposici&oacute;n.</SPAN></P>
<P CLASS="c10"><SPAN CLASS="c2">R. Tambi&eacute;n dice Iglesias que el cambio empezaba en Grecia. Nosotros estamos haciendo ahora desde los Gobiernos aut&oacute;nomos lo que dijimos en campa&ntilde;a: aumento de los presupuestos para educaci&oacute;n con la contrataci&oacute;n de miles de profesores, el aumento de plazas para los comedores escolares, paliar el drama de los desahucios...</SPAN></P>
<P CLASS="c10"><SPAN CLASS="c2">P. La Plataforma de Afectados por la Hipoteca (PAH) se ha manifestado ante sedes del PP, </SPAN><SPAN CLASS="c4">Ciudadanos</SPAN><SPAN CLASS="c2"> y tambi&eacute;n del PSC.</SPAN></P>
<P CLASS="c10"><SPAN CLASS="c2">R. Nuestros alcaldes han abierto oficinas para tratar los desahucios y como dice el alcalde de Vigo, Abel Caballero, la oficina antidesahucios es &eacute;l. Nosotros estamos cambiando la realidad municipal y auton&oacute;mica.</SPAN></P>
<P CLASS="c10"><SPAN CLASS="c2">P. &iquest;En esta campa&ntilde;a conf&iacute;a en su programa, en las siglas o en usted mismo?</SPAN></P>
<P CLASS="c10"><SPAN CLASS="c2">R. Conf&iacute;o, desde luego, en el programa y en el partido. Y en el proyecto socialdem&oacute;crata que est&aacute; cambiando Europa y que est&aacute; en Portugal, Francia e Italia y ahora estar&aacute; en Espa&ntilde;a.</SPAN></P>
<P CLASS="c10"><SPAN CLASS="c2">P. En algunos de esos pa&iacute;ses lo que avanza es el populismo.</SPAN></P>
<P CLASS="c10"><SPAN CLASS="c2">R. S&iacute;, avanza en Francia, en Italia, en Reino Unido a causa de la crisis econ&oacute;mica, social y pol&iacute;tica. Hay que dar respuesta a esos tres desaf&iacute;os y es lo que queremos hacer. Nosotros, por programa, historia y proyecto, podemos representar los valores mayoritarios de la sociedad.</SPAN></P>
<P CLASS="c10"><SPAN CLASS="c2">P. La elaboraci&oacute;n de su programa electoral le ha llevado meses y se ha rodeado de especialistas en distintos campos. &iquest;Qu&eacute; debilidades y deficiencias son perentorias en Espa&ntilde;a?</SPAN></P>
<P CLASS="c10"><SPAN CLASS="c2">R. En muchos terrenos Espa&ntilde;a debe recuperar el impulso modernizador y transformador de 1982. Yo lo quiero recuperar. Modernizar la econom&iacute;a y dejar atr&aacute;s el capitalismo de amiguetes del PP; alejar la corrupci&oacute;n; reconstruir el Estado de bienestar y revitalizar la confianza en las instituciones.</SPAN></P>
<P CLASS="c10"><SPAN CLASS="c2">P. &iquest;Y la reforma constitucional para cambiar el modelo territorial? Al moderador del debate del lunes, Manuel Campo Vidal, le cost&oacute; que usted y Mariano Rajoy hablasen de Catalu&ntilde;a. Parece que lo rehuyen.</SPAN></P>
<P CLASS="c10"><SPAN CLASS="c2">R. Yo s&iacute; hablo mucho de Catalu&ntilde;a, pero los catalanes tienen los mismos problemas que el resto de los espa&ntilde;oles, incluida la corrupci&oacute;n. Pero lo negativo ser&iacute;a que solo se hablara del desaf&iacute;o de los independentistas.</SPAN></P>
<P CLASS="c10"><SPAN CLASS="c2">P. En estos 17 meses al frente del partido ha debido tomar decisiones importantes. &iquest;Le hubiera venido bien tener alguna experiencia de gesti&oacute;n?</SPAN></P>
<P CLASS="c10"><SPAN CLASS="c2">R. En estos momentos tener un partido con historia y experiencia es fundamental, pero tambi&eacute;n ser un l&iacute;der nuevo con una visi&oacute;n fresca ante los desaf&iacute;os que hay por delante.</SPAN></P>
<P CLASS="c10"><SPAN CLASS="c2">P. Novedad y frescura es lo que tienen Podemos y </SPAN><SPAN CLASS="c4">Ciudadanos</SPAN><SPAN CLASS="c2">. &iquest;Cu&aacute;ndo tom&oacute; conciencia de que llegaban para quedarse?</SPAN></P>
<P CLASS="c10"><SPAN CLASS="c2">R. Les reconozco m&eacute;rito, pero ahora tendr&aacute;n que decidir qu&eacute; quieren ser y salir de la ambig&uuml;edad, porque despu&eacute;s del 20 de diciembre esto es una cuesti&oacute;n de dos: Rajoy o yo. Y por eso es fundamental que el voto no se divida y que se aglutine en torno al PSOE, que es el &uacute;nico partido que de verdad puede llevar adelante el cambio.</SPAN></P>
<P CLASS="c10"><SPAN CLASS="c2">P. </SPAN><SPAN CLASS="c4">Albert Rivera</SPAN><SPAN CLASS="c2"> ha dicho que no le apoyar&aacute;; tampoco a Rajoy.</SPAN></P>
<P CLASS="c10"><SPAN CLASS="c2">R. Rivera miente y, si puede, apuntalar&aacute; a Rajoy en La Moncloa. Y Podemos ha renunciado a ganar las elecciones; solo va contra el PSOE. Por eso es fundamental que el voto no se divida.</SPAN></P>
<P CLASS="c10"><SPAN CLASS="c2">P. Si no gana las elecciones, &iquest;peligra su futuro como l&iacute;der del partido socialista?</SPAN></P>
<P CLASS="c10"><SPAN CLASS="c2">R. Es conmovedor el inter&eacute;s por mi futuro... Mi futuro lo decidir&aacute;n los espa&ntilde;oles y los militantes del partido. Est&eacute; donde est&eacute;, servir&eacute; siempre a mi pa&iacute;s y despu&eacute;s a mi partido.</SPAN></P>
<P CLASS="c10"><SPAN CLASS="c2">P. Pero si no consigue gobernar, &iquest;cree que el poder territorial de su partido no propiciar&aacute; su dimisi&oacute;n?</SPAN></P>
<P CLASS="c10"><SPAN CLASS="c2">R. Aspiro a ganar y a gobernar. Y formar&eacute; un Gobierno monocolor, socialista y paritario, con la mano tendida para llegar a pactos esenciales.</SPAN></P>
<P CLASS="c10"><SPAN CLASS="c2">P. Y si no gana, &iquest;intentar&aacute; formar una mayor&iacute;a alternativa?</SPAN></P>
<P CLASS="c10"><SPAN CLASS="c2">R. Aspiro a ganar las elecciones.</SPAN></P>
<P CLASS="c10"><SPAN CLASS="c2">P. &iquest;Se presentar&aacute; a la reelecci&oacute;n como secretario general del PSOE en un pr&oacute;ximo congreso aunque no logre gobernar?</SPAN></P>
<P CLASS="c10"><SPAN CLASS="c2">R. Me presentar&eacute; como candidato a la secretar&iacute;a general como presidente del Gobierno y me comprometo a gobernar ocho a&ntilde;os. Por ley dejar&eacute; el l&iacute;mite de los mandatos presidenciales en ocho a&ntilde;os.</SPAN></P>
<P CLASS="c10"><SPAN CLASS="c2">P. &iquest;En qu&eacute; actividad se ve usted en el futuro?</SPAN></P>
<P CLASS="c10"><SPAN CLASS="c2">R. Sin duda, como profesor universitario.</SPAN></P>
</DIV>
<BR><DIV CLASS="c5"><P CLASS="c6"><SPAN CLASS="c9">LANGUAGE: </SPAN><SPAN CLASS="c2">SPANISH; ESPA&Ntilde;OL</SPAN></P>
</DIV>
<BR><DIV CLASS="c5"><P CLASS="c6"><SPAN CLASS="c9">PUBLICATION-TYPE: </SPAN><SPAN CLASS="c2">Peri&oacute;dico</SPAN></P>
</DIV>
<BR><DIV CLASS="c5"><P CLASS="c6"><SPAN CLASS="c9">SUBJECT: </SPAN><SPAN CLASS="c2">Pol&iacute;tica (93%)</SPAN></P>
</DIV>
<BR><DIV CLASS="c5"><P CLASS="c6"><SPAN CLASS="c9">IPTC SUBJECT: </SPAN><SPAN CLASS="c2">Politica</SPAN></P>
</DIV>
<BR><DIV CLASS="c5"><P CLASS="c6"><SPAN CLASS="c9">LOAD-DATE: </SPAN><SPAN CLASS="c2">December 15, 2015</SPAN></P>
</DIV>
<BR><DIV CLASS="c0"><BR><P CLASS="c1"><SPAN CLASS="c2">Copyright 2015 El Pais Internacional S.A.<BR>All Rights Reserved</SPAN></P>
</DIV>
</BODY>
</HTML>