<HTML>
<HEAD>
<STYLE TYPE="text/css">
.c0 { text-align: center; }
.c1 { text-align: center; margin-top: 0em; margin-bottom: 0em; }
.c2 { font-family: 'Courier New',Courier; font-size: 10pt; font-style: normal; font-weight: normal; color: #000000; text-decoration: none; }
.c3 { text-align: center; margin-left: 13%; margin-right: 13%; }
.c4 { font-family: 'Courier New',Courier; font-size: 10pt; font-style: normal; font-weight: bold; color: #CC0033; text-decoration: none; }
.c5 { text-align: left; }
.c6 { text-align: left; margin-top: 0em; margin-bottom: 0em; }
.c7 { font-family: 'Courier New',Courier; font-size: 14pt; font-style: normal; font-weight: bold; color: #000000; text-decoration: none; }
.c8 { font-family: 'Courier New',Courier; font-size: 14pt; font-style: normal; font-weight: bold; color: #CC0033; text-decoration: none; }
.c9 { font-family: 'Courier New',Courier; font-size: 10pt; font-style: normal; font-weight: bold; color: #000000; text-decoration: none; }
.c10 { text-align: left; margin-top: 1em; margin-bottom: 0em; }
.c11 { page-break-before: always; }
</STYLE>
</HEAD>
<BODY>
<BR><DIV CLASS="c0"><P CLASS="c1"><SPAN CLASS="c2">190 of 935 DOCUMENTS</SPAN></P>
</DIV>
<BR><DIV CLASS="c0"><BR><P CLASS="c1"><IMG SRC="http://www.lexisnexis.com/lnacui2api/results/docview/attachRetrieve.do?smi=LOGOS&key=38401&componentseq=1&type=logo&inline=y" ALT="http://www.lexisnexis.com/lnacui2api/results/docview/attachRetrieve.do?smi=LOGOS&key=38401&componentseq=1&type=logo&inline=y"><BR><SPAN CLASS="c2">El Pais</SPAN></P>
</DIV>
<BR><DIV CLASS="c3"><P CLASS="c1"><SPAN CLASS="c4">December</SPAN><SPAN CLASS="c2"> 14, 2015 Monday</SPAN><SPAN CLASS="c2">&nbsp;</SPAN><SPAN CLASS="c2">&nbsp;<BR>Comunidad Valenciana Edici&oacute;n</SPAN></P>
</DIV>
<BR><DIV CLASS="c5"><P CLASS="c6"><SPAN CLASS="c7">Otro sistema pol&iacute;tico Un escenario de minor&iacute;as no es una revoluci&oacute;n, pero s&iacute; un fuerte cambio</SPAN></P>
</DIV>
<BR><DIV CLASS="c5"><P CLASS="c6"><SPAN CLASS="c9">SECTION: </SPAN><SPAN CLASS="c2">OPINI&Oacute;N; Base; P&aacute;g. 10</SPAN></P>
</DIV>
<BR><DIV CLASS="c5"><P CLASS="c6"><SPAN CLASS="c9">LENGTH: </SPAN><SPAN CLASS="c2">799 words</SPAN></P>
</DIV>
<BR><DIV CLASS="c5"><P CLASS="c10"><SPAN CLASS="c2">A menos de una semana de las elecciones, el sondeo de Metroscopia publicado hoy por EL PA&Iacute;S confirma una situaci&oacute;n &uacute;nica respecto a todas las anteriores. Ya no estamos ante un sistema de dos partidos muy destacados sobre el resto, en el que la incertidumbre resid&iacute;a en cu&aacute;l de ellos iba a obtener mayor&iacute;a absoluta o una minor&iacute;a muy potente al borde de aquella. Ahora hay cuatro opciones en pugna por definir su peso y sus respectivos per&iacute;metros en un nuevo sistema en el que, salvo enormes sorpresas, todas van a ser minoritarias.</SPAN></P>
<P CLASS="c10"><SPAN CLASS="c2">Es verdad que subsisten diferencias entre ellas. El Partido Popular aparece en cabeza de la carrera electoral, distanciado del PSOE, al que Podemos le pisa los talones y con </SPAN><SPAN CLASS="c4">Ciudadanos</SPAN><SPAN CLASS="c2"> como cuarta fuerza. Con estos datos es f&aacute;cil lanzarse al juego de proclamar ganadores y perdedores, pero esta circunstancia tiene una importancia relativa cuando el mejor situado, en este caso el PP, sufre una brutal ca&iacute;da respecto a los resultados de las anteriores elecciones generales y puede quedarse a decenas de diputados de la mayor&iacute;a absoluta. El combate de Mariano Rajoy es para salvar los muebles, a base de movilizar a los abstencionistas del centro derecha y cortar la hemorragia de sus simpatizantes hacia </SPAN><SPAN CLASS="c4">Ciudadanos</SPAN><SPAN CLASS="c2">, pero sin reservas capaces de llevarle en volandas hacia una victoria como la de 2011.</SPAN><SPAN CLASS="c2">&nbsp;</SPAN></P>
<P CLASS="c10"><SPAN CLASS="c2">Dos de los que corren en cabeza, Podemos y </SPAN><SPAN CLASS="c4">Ciudadanos</SPAN><SPAN CLASS="c2">, son fuerzas de nuevo cu&ntilde;o, que consiguen abrirse huecos suficientes como para presentarse entre los cuatro primeros en v&iacute;speras de las votaciones. La ca&iacute;da actual del partido de </SPAN><SPAN CLASS="c4">Albert Rivera</SPAN><SPAN CLASS="c2"> se corresponde con la relativa mejor&iacute;a del PP, lo mismo que el empuje de Podemos afecta a los votantes que dudan entre Pedro S&aacute;nchez o Pablo Iglesias.</SPAN></P>
<P CLASS="c10"><SPAN CLASS="c2">Ganar o perder tiene un significado ambiguo cuando la opci&oacute;n mejor situada solo puede aspirar a intentar un Gobierno minoritario, necesitado del apoyo de otros partidos no solo para la investidura de la persona que presida el futuro Ejecutivo, sino para todos y cada uno de los pasos pol&iacute;ticos importantes que hayan de darse en la legislatura. Nada que ver, desde luego, con el funcionamiento conocido de los sucesivos rodillos mayoritarios, ni tampoco con las t&aacute;cticas de echar abajo las reformas o las pol&iacute;ticas del Gobierno anterior para que el siguiente vuelva a revocarlas, con el uso inmoderado del decreto ley como t&eacute;cnica frecuente. Un Ejecutivo en minor&iacute;a que pretenda gobernar de la misma forma se ver&aacute; expuesto a una moci&oacute;n de censura, de manera que ese camino no conduce a la estabilidad.</SPAN></P>
<P CLASS="c10"><SPAN CLASS="c2">Por el momento, el PSOE es la segunda fuerza en la carrera electoral hacia el 20-D. Ni los socialistas ni los partidos emergentes consiguen convertirse en alternativa a un PP acosado por el desgaste. El PSOE no ha podido llenar el espacio de centro y de izquierda que ocupaba hist&oacute;ricamente. Podemos tampoco es alternativa, pero no se va al hoyo. </SPAN><SPAN CLASS="c4">Ciudadanos</SPAN><SPAN CLASS="c2"> ha perdido algo de fuelle durante la campa&ntilde;a, sin haberse descolgado de una carrera donde contin&uacute;a cerca de los anteriores. Ninguna de estas minor&iacute;as parece capaz de crear una verdadera din&aacute;mica de ganador; sin embargo, los </SPAN><SPAN CLASS="c4">ciudadanos</SPAN><SPAN CLASS="c2"> parecen deseosos de colocarles a los cuatro en el escenario, dispuestos a ver c&oacute;mo se organiza otra forma de conducir la pol&iacute;tica espa&ntilde;ola.</SPAN></P>
<P CLASS="c10"><SPAN CLASS="c2">En lo que se refiere a los efectos de la campa&ntilde;a, es interesante observar tanto la enorme expectaci&oacute;n creada por los debates serios entre dirigentes como el abuso de su participaci&oacute;n en programas televisivos de entretenimiento, sin precedentes en anteriores elecciones, con la presunta intenci&oacute;n de abarcar p&uacute;blicos muy amplios. La banalizaci&oacute;n de la campa&ntilde;a introducida por esas f&oacute;rmulas, a la que se han prestado los l&iacute;deres, ha contribuido a difuminar o confundir im&aacute;genes y mensajes, haci&eacute;ndoles moverse bajo los focos como personajes famosos, pero sin nada serio que explicar a los votantes en su calidad de pol&iacute;ticos. Los excesos cometidos con estos espect&aacute;culos no tienen parang&oacute;n con los que ocasionalmente se producen en otras democracias serias.</SPAN></P>
<P CLASS="c10"><SPAN CLASS="c2">Tras los aciertos y los errores, llegar&aacute; la decisi&oacute;n de los votantes en las urnas del 20 de diciembre. El nuevo sistema de partidos alumbrado por el sondeo de Metroscopia no supone una revoluci&oacute;n, pero s&iacute; un cambio de envergadura en respuesta a los deseos de los espa&ntilde;oles que, encuesta tras encuesta, piden negociaci&oacute;n y consenso, en gran parte hartos de enfrentamientos est&eacute;riles en un sistema pol&iacute;tico muy polarizado.</SPAN></P>
<P CLASS="c10"><SPAN CLASS="c2">Hay que aprender a convivir en un escenario de minor&iacute;as parlamentarias, en el que nadie pueda proclamar la humillaci&oacute;n de los contrarios porque carece de fuerzas suficientes por s&iacute; mismo. Los </SPAN><SPAN CLASS="c4">ciudadanos</SPAN><SPAN CLASS="c2"> quieren que se consens&uacute;en las pol&iacute;ticas, y no que cada nuevo equipo en el poder utilice las cuentas pendientes del pasado para bloquear las soluciones de futuro.</SPAN></P>
</DIV>
<BR><DIV CLASS="c5"><P CLASS="c6"><SPAN CLASS="c9">LANGUAGE: </SPAN><SPAN CLASS="c2">SPANISH; ESPA&Ntilde;OL</SPAN></P>
</DIV>
<BR><DIV CLASS="c5"><P CLASS="c6"><SPAN CLASS="c9">PUBLICATION-TYPE: </SPAN><SPAN CLASS="c2">Peri&oacute;dico</SPAN></P>
</DIV>
<BR><DIV CLASS="c5"><P CLASS="c6"><SPAN CLASS="c9">SUBJECT: </SPAN><SPAN CLASS="c2">Pol&iacute;tica (94%)</SPAN></P>
</DIV>
<BR><DIV CLASS="c5"><P CLASS="c6"><SPAN CLASS="c9">IPTC SUBJECT: </SPAN><SPAN CLASS="c2">Politica</SPAN></P>
</DIV>
<BR><DIV CLASS="c5"><P CLASS="c6"><SPAN CLASS="c9">LOAD-DATE: </SPAN><SPAN CLASS="c2">December 13, 2015</SPAN></P>
</DIV>
<BR><DIV CLASS="c0"><BR><P CLASS="c1"><SPAN CLASS="c2">Copyright 2015 El Pais Internacional S.A.<BR>All Rights Reserved</SPAN></P>
</DIV>
</BODY>
</HTML>