<HTML>
<HEAD>
<STYLE TYPE="text/css">
.c0 { text-align: center; }
.c1 { text-align: center; margin-top: 0em; margin-bottom: 0em; }
.c2 { font-family: 'Courier New',Courier; font-size: 10pt; font-style: normal; font-weight: normal; color: #000000; text-decoration: none; }
.c3 { text-align: center; margin-left: 13%; margin-right: 13%; }
.c4 { font-family: 'Courier New',Courier; font-size: 10pt; font-style: normal; font-weight: bold; color: #CC0033; text-decoration: none; }
.c5 { text-align: left; }
.c6 { text-align: left; margin-top: 0em; margin-bottom: 0em; }
.c7 { font-family: 'Courier New',Courier; font-size: 14pt; font-style: normal; font-weight: bold; color: #000000; text-decoration: none; }
.c8 { font-family: 'Courier New',Courier; font-size: 14pt; font-style: normal; font-weight: bold; color: #CC0033; text-decoration: none; }
.c9 { font-family: 'Courier New',Courier; font-size: 10pt; font-style: normal; font-weight: bold; color: #000000; text-decoration: none; }
.c10 { text-align: left; margin-top: 1em; margin-bottom: 0em; }
.c11 { page-break-before: always; }
</STYLE>
</HEAD>
<BODY>
<BR><DIV CLASS="c0"><P CLASS="c1"><SPAN CLASS="c2">121 of 935 DOCUMENTS</SPAN></P>
</DIV>
<BR><DIV CLASS="c0"><BR><P CLASS="c1"><IMG SRC="http://www.lexisnexis.com/lnacui2api/results/docview/attachRetrieve.do?smi=LOGOS&key=38401&componentseq=1&type=logo&inline=y" ALT="http://www.lexisnexis.com/lnacui2api/results/docview/attachRetrieve.do?smi=LOGOS&key=38401&componentseq=1&type=logo&inline=y"><BR><SPAN CLASS="c2">El Pais</SPAN></P>
</DIV>
<BR><DIV CLASS="c3"><P CLASS="c1"><SPAN CLASS="c4">December</SPAN><SPAN CLASS="c2"> 23, 2015 Wednesday</SPAN><SPAN CLASS="c2">&nbsp;</SPAN><SPAN CLASS="c2">&nbsp;<BR>1&ordf; Ed. Madrid Edici&oacute;n</SPAN></P>
</DIV>
<BR><DIV CLASS="c5"><P CLASS="c6"><SPAN CLASS="c7">Madrid eliminar&aacute; del callejero antes del verano 30 nombres franquistas</SPAN></P>
</DIV>
<BR><DIV CLASS="c5"><P CLASS="c6"><SPAN CLASS="c9">BYLINE: </SPAN><SPAN CLASS="c2">BRUNO GARC&Iacute;A GALLO</SPAN></P>
</DIV>
<BR><DIV CLASS="c5"><P CLASS="c6"><SPAN CLASS="c9">SECTION: </SPAN><SPAN CLASS="c2">MADRID; Madrid; P&aacute;g. 1</SPAN></P>
</DIV>
<BR><DIV CLASS="c5"><P CLASS="c6"><SPAN CLASS="c9">LENGTH: </SPAN><SPAN CLASS="c2">845 words</SPAN></P>
</DIV>
<BR><DIV CLASS="c5"><P CLASS="c6"><SPAN CLASS="c9">DATELINE: </SPAN><SPAN CLASS="c2">Madrid </SPAN></P>
</DIV>
<BR><DIV CLASS="c5"><P CLASS="c10"><SPAN CLASS="c2">El Ayuntamiento de Madrid decidi&oacute; ayer, a iniciativa del Partido Socialista, la eliminaci&oacute;n del callejero de los nombres y &quot;vestigios&quot; que supongan &quot;una exaltaci&oacute;n de la dictadura, la Guerra Civil y la represi&oacute;n franquista&quot;. Ahora Madrid, con la alcaldesa, Manuela Carmena, al frente, no solo vot&oacute; a favor, sino que anunci&oacute; la retirada en seis meses de cinco monumentos y 30 nombres de calles. </SPAN><SPAN CLASS="c4">Ciudadanos</SPAN><SPAN CLASS="c2"> tambi&eacute;n apoy&oacute; la propuesta, a la que solo se opuso el PP. Su portavoz, Esperanza Aguirre, rechaz&oacute; el texto al no permit&iacute;rsele hacer menci&oacute;n expl&iacute;cita a los represaliados &quot;por razones pol&iacute;ticas, ideol&oacute;gicas o de creencia religiosa&quot;. Ahora Madrid y el PSOE se negaron para no &quot;sumergirse en un debate entre partidos&quot;.</SPAN></P>
<P CLASS="c10"><SPAN CLASS="c2">La concejal de Cultura, Celia Mayer (Ahora Madrid), explic&oacute; ayer en el pleno: &quot;Cuando el PSOE nos propuso la creaci&oacute;n de una comisi&oacute;n para cumplir la ley de memoria hist&oacute;rica</SPAN><SPAN CLASS="c2">&nbsp;</SPAN></P>
<P CLASS="c10"><SPAN CLASS="c2">[aprobada por el socialista Jos&eacute; Luis Rodr&iacute;guez Zapatero en 2007], pensamos que era una oportunidad &uacute;nica para elaborar un plan integral que vaya mucho m&aacute;s all&aacute; que el estricto cumplimiento de la ley&quot;.</SPAN></P>
<P CLASS="c10"><SPAN CLASS="c2">Ese plan ser&aacute; &quot;un marco de trabajo sobre conmemoraciones, narraciones y memoria de Madrid desde una &oacute;ptica plural, democr&aacute;tica y diversa&quot;. &quot;Adoptar&aacute; los procedimientos, mecanismos y criterios objetivos y transparentes para la construcci&oacute;n colectiva de la imagen y memoria&quot;. Y contar&aacute; &quot;con la colaboraci&oacute;n de entidades externas y expertas&quot; como la c&aacute;tedra de Memoria Hist&oacute;rica de la Universidad Complutense y asociaciones de memoria hist&oacute;rica.</SPAN></P>
<P CLASS="c10"><SPAN CLASS="c2">Quiz&aacute; el aspecto m&aacute;s llamativo (habr&aacute; otros, como la creaci&oacute;n de recorridos guiados y la instalaci&oacute;n de placas explicativas) sea la elaboraci&oacute;n de una gu&iacute;a con los nombres de las calles que hay que quitar, los procedimientos y el calendario para hacerlo y los criterios para elegir los nombres que sustituyan a los eliminados.</SPAN></P>
<P CLASS="c10"><SPAN CLASS="c2">Incluir&aacute; una memoria de costes y una gu&iacute;a para los </SPAN><SPAN CLASS="c4">ciudadanos</SPAN><SPAN CLASS="c2"> sobre los tr&aacute;mites a realizar. El Ayuntamiento cifr&oacute; en julio en 60.000 euros el gasto de adaptar el callejero.</SPAN></P>
<P CLASS="c10"><SPAN CLASS="c2">El plan se presentar&aacute; antes de cuatro meses y se debatir&aacute; en el pleno una declaraci&oacute;n institucional de condena al franquismo y reconocimiento a las v&iacute;ctimas.</SPAN></P>
<P CLASS="c10"><SPAN CLASS="c2">Antes de seis meses se quitar&aacute;n cinco &quot;vestigios&quot; y 30 calles &quot;en cumplimiento de la ley de memoria hist&oacute;rica y siguiendo estrictamente su criterio: escudos, insignias, placas y otros objetos de exaltaci&oacute;n, personal o colectiva de la dictadura franquista, de la Guerra Civil y de la represi&oacute;n&quot;.</SPAN></P>
<P CLASS="c10"><SPAN CLASS="c2">Se cambiar&aacute;n las calles dedicadas a &quot;incitadores del golpe de Estado o ejecutores de delitos de lesa humanidad&quot;. Y se tomar&aacute;n de referencia un informe de la Direcci&oacute;n General de Patrimonio de 2013 (bajo gobierno del PP) y, &quot;en las calles, un informe justificativo avalado por la c&aacute;tedra de Memoria Hist&oacute;rica de la Complutense&quot;.</SPAN></P>
<P CLASS="c10"><SPAN CLASS="c4">Ciudadanos</SPAN><SPAN CLASS="c2"> s&iacute;, el PP no</SPAN></P>
<P CLASS="c10"><SPAN CLASS="c2">El PSOE, que dirige Purificaci&oacute;n Causapi&eacute;, resalt&oacute; que &quot;Madrid tiene la obligaci&oacute;n moral de liderar este campo, que va m&aacute;s all&aacute; de la Ley de Memoria&quot;. &quot;Hay mucho trabajo por hacer, es urgente empezar, llevamos d&eacute;cadas de retraso&quot;, dijo el edil socialista Ram&oacute;n Silva, que mencion&oacute; la &quot;deuda de Madrid con los alcaldes republicanos represaliados&quot; y &quot;el compromiso para reabrir las fosas&quot;.</SPAN></P>
<P CLASS="c10"><SPAN CLASS="c2">El PP present&oacute; una enmienda para a&ntilde;adir al texto del PSOE el art&iacute;culo primero de la ley, reconociendo expl&iacute;citamente a los represaliados &quot;por razones ideol&oacute;gicas o de creencia religiosa&quot;. &quot;Aunque la ley tiene partes que no nos gustan, nos hubiera gustado votar a favor para que fuera un&aacute;nime, pero la proposici&oacute;n no tiene el esp&iacute;ritu de erradicar definitivamente el odio entre espa&ntilde;oles por motivos ideol&oacute;gicos, religiosos, pol&iacute;ticos y, yo a&ntilde;ado, raciales y de orientaci&oacute;n sexual. Uno de los mayores &eacute;xitos de la Transici&oacute;n fue esa renuncia sin reservas al odio. No han querido que el PP vote a favor, parece que es una reivindicaci&oacute;n de las asociaciones de memoria hist&oacute;rica&quot;, dijo Aguirre.</SPAN></P>
<P CLASS="c10"><SPAN CLASS="c2">El PSOE y Ahora Madrid rechazaron la enmienda (</SPAN><SPAN CLASS="c4">Ciudadanos</SPAN><SPAN CLASS="c2"> la apoy&oacute;). Seg&uacute;n Mayer, porque al mencionarse la ley en la proposici&oacute;n ya no era necesario citar su articulado, y eso &quot;sumerg&iacute;a en un debate entre partidos&quot;. Causapi&eacute; dijo que era &quot;una excusa&quot; del PP para no votar a favor.</SPAN></P>
<P CLASS="c10"><SPAN CLASS="c2">La concejal Sof&iacute;a Miranda (</SPAN><SPAN CLASS="c4">Ciudadanos</SPAN><SPAN CLASS="c2">), familiar de represaliados, afirm&oacute;: &quot;80 a&ntilde;os despu&eacute;s, se sigue usando la memoria hist&oacute;rica como arma arrojadiza entre partidos. Tenemos la obligaci&oacute;n moral y legal de cerrar heridas; queremos que este cambio de calles se haga de forma paulatina y no atropellada. Ya vale de una Espa&ntilde;a de bandos&quot;. A nivel nacional, </SPAN><SPAN CLASS="c4">Ciudadanos</SPAN><SPAN CLASS="c2"> ha condenado repetidamente el franquismo, pero siempre ha estado en contra de acciones puntuales como esta.</SPAN></P>
<P CLASS="c10"><SPAN CLASS="c2">&quot;Un pa&iacute;s se mide por la dignidad que les da a sus muertos&quot;, explic&oacute; </SPAN><SPAN CLASS="c4">Albert Rivera</SPAN><SPAN CLASS="c2"> en noviembre, &quot;otro debate es el del callejero. A mi juicio, eso no tiene que ver con que los espa&ntilde;oles puedan recuperar la dignidad de sus muertos&quot;, a&ntilde;adi&oacute;. </SPAN><SPAN CLASS="c4">Ciudadanos</SPAN><SPAN CLASS="c2"> se ha abstenido en distintos Ayuntamientos en votaciones como la de ayer en la capital (Santander, Calatayud, Cartagena, etc&eacute;tera), informa Juan Jos&eacute; Mateo.</SPAN></P>
</DIV>
<BR><DIV CLASS="c5"><P CLASS="c6"><SPAN CLASS="c9">LANGUAGE: </SPAN><SPAN CLASS="c2">SPANISH; ESPA&Ntilde;OL</SPAN></P>
</DIV>
<BR><DIV CLASS="c5"><P CLASS="c6"><SPAN CLASS="c9">PUBLICATION-TYPE: </SPAN><SPAN CLASS="c2">Peri&oacute;dico</SPAN></P>
</DIV>
<BR><DIV CLASS="c5"><P CLASS="c6"><SPAN CLASS="c9">SUBJECT: </SPAN><SPAN CLASS="c2">Pol&iacute;tica (93%)</SPAN></P>
</DIV>
<BR><DIV CLASS="c5"><P CLASS="c6"><SPAN CLASS="c9">IPTC SUBJECT: </SPAN><SPAN CLASS="c2">Politica</SPAN></P>
</DIV>
<BR><DIV CLASS="c5"><P CLASS="c6"><SPAN CLASS="c9">LOAD-DATE: </SPAN><SPAN CLASS="c2">December 22, 2015</SPAN></P>
</DIV>
<BR><DIV CLASS="c0"><BR><P CLASS="c1"><SPAN CLASS="c2">Copyright 2015 El Pais Internacional S.A.<BR>All Rights Reserved</SPAN></P>
</DIV>
</BODY>
</HTML>