<HTML>
<HEAD>
<STYLE TYPE="text/css">
.c0 { text-align: center; }
.c1 { text-align: center; margin-top: 0em; margin-bottom: 0em; }
.c2 { font-family: 'Courier New',Courier; font-size: 10pt; font-style: normal; font-weight: normal; color: #000000; text-decoration: none; }
.c3 { text-align: center; margin-left: 13%; margin-right: 13%; }
.c4 { font-family: 'Courier New',Courier; font-size: 10pt; font-style: normal; font-weight: bold; color: #CC0033; text-decoration: none; }
.c5 { text-align: left; }
.c6 { text-align: left; margin-top: 0em; margin-bottom: 0em; }
.c7 { font-family: 'Courier New',Courier; font-size: 14pt; font-style: normal; font-weight: bold; color: #000000; text-decoration: none; }
.c8 { font-family: 'Courier New',Courier; font-size: 14pt; font-style: normal; font-weight: bold; color: #CC0033; text-decoration: none; }
.c9 { font-family: 'Courier New',Courier; font-size: 10pt; font-style: normal; font-weight: bold; color: #000000; text-decoration: none; }
.c10 { text-align: left; margin-top: 1em; margin-bottom: 0em; }
.c11 { page-break-before: always; }
</STYLE>
</HEAD>
<BODY>
<BR><DIV CLASS="c0"><P CLASS="c1"><SPAN CLASS="c2">223 of 935 DOCUMENTS</SPAN></P>
</DIV>
<BR><DIV CLASS="c0"><BR><P CLASS="c1"><IMG SRC="http://www.lexisnexis.com/lnacui2api/results/docview/attachRetrieve.do?smi=LOGOS&key=38401&componentseq=1&type=logo&inline=y" ALT="http://www.lexisnexis.com/lnacui2api/results/docview/attachRetrieve.do?smi=LOGOS&key=38401&componentseq=1&type=logo&inline=y"><BR><SPAN CLASS="c2">El Pais</SPAN></P>
</DIV>
<BR><DIV CLASS="c3"><P CLASS="c1"><SPAN CLASS="c4">December</SPAN><SPAN CLASS="c2"> 2, 2015 Wednesday</SPAN><SPAN CLASS="c2">&nbsp;</SPAN><SPAN CLASS="c2">&nbsp;<BR>Andaluc&iacute;a Edici&oacute;n</SPAN></P>
</DIV>
<BR><DIV CLASS="c5"><P CLASS="c6"><SPAN CLASS="c7">[AN] EL PSOE, SATISFECHO. Su l&iacute;der asumi&oacute; un &quot;riesgo importante&quot; &quot;Marcamos el terreno a los partidos emergentes&quot;</SPAN></P>
</DIV>
<BR><DIV CLASS="c5"><P CLASS="c6"><SPAN CLASS="c9">BYLINE: </SPAN><SPAN CLASS="c2">JOS&Eacute; MARCOS</SPAN></P>
</DIV>
<BR><DIV CLASS="c5"><P CLASS="c6"><SPAN CLASS="c9">SECTION: </SPAN><SPAN CLASS="c2">ESPA&ntilde;A; Base; P&aacute;g. 19</SPAN></P>
</DIV>
<BR><DIV CLASS="c5"><P CLASS="c6"><SPAN CLASS="c9">LENGTH: </SPAN><SPAN CLASS="c2">299 words</SPAN></P>
</DIV>
<BR><DIV CLASS="c5"><P CLASS="c6"><SPAN CLASS="c9">DATELINE: </SPAN><SPAN CLASS="c2">Madrid Pedro S&aacute;nchez afront&oacute; el debate de EL PA&Iacute;S con una doble prioridad: contener la fuga de votos a </SPAN><SPAN CLASS="c4">Ciudadanos</SPAN><SPAN CLASS="c2"> de su electorado de centro, acrecentada desde las elecciones catalanas de septiembre, y recuperar a los votantes m&aacute;s a la izquierda que, antes del boom del partido de </SPAN><SPAN CLASS="c4">Albert Rivera,</SPAN><SPAN CLASS="c2"> hab&iacute;an migrado a Podemos. El secretario general del PSOE se puso como tarea delimitar el espacio lim&iacute;trofe con sus rivales directos el 20 de diciembre. </SPAN></P>
</DIV>
<BR><DIV CLASS="c5"><P CLASS="c10"><SPAN CLASS="c2">El panorama que afronta el PSOE a tres semanas de las elecciones generales recuerda a un &quot;asedio por todos los flancos&quot;, explica un veterano dirigente socialista. &quot;Una de las pocas ventajas del PP es que tiene que prestar atenci&oacute;n a una &uacute;nica v&iacute;a de agua, la de su gente m&aacute;s moderada a </SPAN><SPAN CLASS="c4">Ciudadanos</SPAN><SPAN CLASS="c2">. En nuestro caso tenemos que velar por nuestros dos extremos, y fue lo que conseguimos en el debate: definir nuestra posici&oacute;n como un partido de mayor&iacute;as, equidistante de los partidos emergentes. El lunes les marcamos el terreno&quot;, expone el dirigente.</SPAN><SPAN CLASS="c2">&nbsp;</SPAN></P>
<P CLASS="c10"><SPAN CLASS="c2">Distintas voces consultadas coinciden en que S&aacute;nchez asumi&oacute;, al aceptar el debate, un &quot;riesgo importante&quot;. Los asesores del secretario general del PSOE advirtieron de que, a falta de Mariano Rajoy por voluntad propia, los candidatos de </SPAN><SPAN CLASS="c4">Ciudadanos</SPAN><SPAN CLASS="c2"> y Podemos centrar&iacute;an sus cr&iacute;ticas en el representante socialista. Aunque a priori part&iacute;a en desventaja ante unos contendientes que han hecho bandera de la regeneraci&oacute;n y sin el desgaste que implica la gesti&oacute;n, S&aacute;nchez cerr&oacute; la jornada &quot;fortalecido&quot;, afirman distintos cargos en el escalaf&oacute;n del PSOE.</SPAN></P>
<P CLASS="c10"><SPAN CLASS="c2">S&aacute;nchez se centr&oacute; en desplazar a </SPAN><SPAN CLASS="c4">Ciudadanos</SPAN><SPAN CLASS="c2"> del centro y convertirle en un partido &quot;m&aacute;s de derechas&quot;. La percepci&oacute;n en Ferraz es que S&aacute;nchez &quot;transmiti&oacute; que </SPAN><SPAN CLASS="c4">Ciudadanos</SPAN><SPAN CLASS="c2"> no es un partido socialdem&oacute;crata&quot;. Para ello cuestion&oacute; su defensa del contrato &uacute;nico o su postura respecto al copago.</SPAN></P>
<P CLASS="c10"><SPAN CLASS="c2">La exposici&oacute;n de S&aacute;nchez, que mantuvo el tipo cuando arreciaron las cr&iacute;ticas al bipartidismo, cal&oacute; en el imaginario socialista. Sobre todo cuando reivindic&oacute; el legado del PSOE en derechos sociales y libertades, incluidos los avances con el Ejecutivo de Jos&eacute; Luis Rodr&iacute;guez Zapatero. Fue la mejor manera, pensaban ayer en la sede del PSOE, de hacer frente al llamamiento de Pablo Iglesias a los &quot;socialistas de coraz&oacute;n&quot;.</SPAN></P>
</DIV>
<BR><DIV CLASS="c5"><P CLASS="c6"><SPAN CLASS="c9">LANGUAGE: </SPAN><SPAN CLASS="c2">SPANISH; ESPA&Ntilde;OL</SPAN></P>
</DIV>
<BR><DIV CLASS="c5"><P CLASS="c6"><SPAN CLASS="c9">PUBLICATION-TYPE: </SPAN><SPAN CLASS="c2">Peri&oacute;dico</SPAN></P>
</DIV>
<BR><DIV CLASS="c5"><P CLASS="c6"><SPAN CLASS="c9">SUBJECT: </SPAN><SPAN CLASS="c2">Pol&iacute;tica (93%)</SPAN></P>
</DIV>
<BR><DIV CLASS="c5"><P CLASS="c6"><SPAN CLASS="c9">IPTC SUBJECT: </SPAN><SPAN CLASS="c2">Politica</SPAN></P>
</DIV>
<BR><DIV CLASS="c5"><P CLASS="c6"><SPAN CLASS="c9">LOAD-DATE: </SPAN><SPAN CLASS="c2">December 1, 2015</SPAN></P>
</DIV>
<BR><DIV CLASS="c0"><BR><P CLASS="c1"><SPAN CLASS="c2">Copyright 2015 El Pais Internacional S.A.<BR>All Rights Reserved</SPAN></P>
</DIV>
</BODY>
</HTML>