<HTML>
<HEAD>
<STYLE TYPE="text/css">
.c0 { text-align: center; }
.c1 { text-align: center; margin-top: 0em; margin-bottom: 0em; }
.c2 { font-family: 'Courier New',Courier; font-size: 10pt; font-style: normal; font-weight: normal; color: #000000; text-decoration: none; }
.c3 { text-align: center; margin-left: 13%; margin-right: 13%; }
.c4 { font-family: 'Courier New',Courier; font-size: 10pt; font-style: normal; font-weight: bold; color: #CC0033; text-decoration: none; }
.c5 { text-align: left; }
.c6 { text-align: left; margin-top: 0em; margin-bottom: 0em; }
.c7 { font-family: 'Courier New',Courier; font-size: 14pt; font-style: normal; font-weight: bold; color: #000000; text-decoration: none; }
.c8 { font-family: 'Courier New',Courier; font-size: 14pt; font-style: normal; font-weight: bold; color: #CC0033; text-decoration: none; }
.c9 { font-family: 'Courier New',Courier; font-size: 10pt; font-style: normal; font-weight: bold; color: #000000; text-decoration: none; }
.c10 { text-align: left; margin-top: 1em; margin-bottom: 0em; }
.c11 { page-break-before: always; }
</STYLE>
</HEAD>
<BODY>
<BR><DIV CLASS="c0"><P CLASS="c1"><SPAN CLASS="c2">507 of 935 DOCUMENTS</SPAN></P>
</DIV>
<BR><DIV CLASS="c0"><BR><P CLASS="c1"><IMG SRC="http://www.lexisnexis.com/lnacui2api/results/docview/attachRetrieve.do?smi=LOGOS&key=38401&componentseq=1&type=logo&inline=y" ALT="http://www.lexisnexis.com/lnacui2api/results/docview/attachRetrieve.do?smi=LOGOS&key=38401&componentseq=1&type=logo&inline=y"><BR><SPAN CLASS="c2">El Pais</SPAN></P>
</DIV>
<BR><DIV CLASS="c3"><P CLASS="c1"><SPAN CLASS="c4">January</SPAN><SPAN CLASS="c2"> 14, 2016 Thursday</SPAN><SPAN CLASS="c2">&nbsp;</SPAN><SPAN CLASS="c2">&nbsp;<BR>Nacional Edici&oacute;n</SPAN></P>
</DIV>
<BR><DIV CLASS="c5"><P CLASS="c6"><SPAN CLASS="c7">El PP levanta en el Senado su &uacute;ltima l&iacute;nea de defensa ante la oposici&oacute;n</SPAN></P>
</DIV>
<BR><DIV CLASS="c5"><P CLASS="c6"><SPAN CLASS="c9">BYLINE: </SPAN><SPAN CLASS="c2">JUAN JOS&Eacute; MATEO</SPAN></P>
</DIV>
<BR><DIV CLASS="c5"><P CLASS="c6"><SPAN CLASS="c9">SECTION: </SPAN><SPAN CLASS="c2">ESPA&ntilde;A; Base; P&aacute;g. 26</SPAN></P>
</DIV>
<BR><DIV CLASS="c5"><P CLASS="c6"><SPAN CLASS="c9">LENGTH: </SPAN><SPAN CLASS="c2">847 words</SPAN></P>
</DIV>
<BR><DIV CLASS="c5"><P CLASS="c6"><SPAN CLASS="c9">DATELINE: </SPAN><SPAN CLASS="c2">Madrid </SPAN></P>
</DIV>
<BR><DIV CLASS="c5"><P CLASS="c10"><SPAN CLASS="c2">El Senado recibi&oacute; ayer a sus nuevos integrantes convertido en el &uacute;ltimo fort&iacute;n del PP. Parapetado en la mayor&iacute;a absoluta de la que goza en la C&aacute;mara alta, el partido de Mariano Rajoy podr&aacute; bloquear cualquier reforma constitucional que proponga el Congreso; decidir la aplicaci&oacute;n del art&iacute;culo 155 en Catalu&ntilde;a; o ralentizar la entrada en vigor de las leyes que apruebe la C&aacute;mara baja sin su apoyo. En consecuencia, P&iacute;o Garc&iacute;a Escudero, renovado como presidente, defendi&oacute; ayer la vigencia de la instituci&oacute;n, a la que en el &uacute;ltimo a&ntilde;o se han incorporado Podemos (23 senadores) y </SPAN><SPAN CLASS="c4">Ciudadanos</SPAN><SPAN CLASS="c2"> (3), que piden su reforma o su cierre.</SPAN></P>
<P CLASS="c10"><SPAN CLASS="c2">El PP se ha quedado sin aliados naturales en el Congreso; ha perdido el Gobierno de algunas de las comunidades de las que hizo bandera, como la valenciana o las Islas Baleares; y ha necesitado el apoyo de </SPAN><SPAN CLASS="c4">Ciudadanos</SPAN><SPAN CLASS="c2"> para formar los Ejecutivos de Madrid, La Rioja, Castilla y Le&oacute;n y Murcia, sus bastiones tradicionales. Eso convierte al Senado en el &uacute;ltimo gran fort&iacute;n de poder de la formaci&oacute;n de Mariano Rajoy.</SPAN><SPAN CLASS="c2">&nbsp;</SPAN></P>
<P CLASS="c10"><SPAN CLASS="c2">&quot;Los reglamentos de los Parlamentos est&aacute;n hechos para imponer rodillos&quot;, opin&oacute; Ram&oacute;n Espinar, portavoz de Podemos en la C&aacute;mara alta. &quot;Es probable que el Senado sirva en esta legislatura como blindaje del PP y como freno a cualquier posibilidad de modificaci&oacute;n de la vida pol&iacute;tica espa&ntilde;ola&quot;, a&ntilde;adi&oacute;.</SPAN></P>
<P CLASS="c10"><SPAN CLASS="c2">Como el PP tiene mayor&iacute;a absoluta en el Senado, podr&aacute; ralentizar la aplicaci&oacute;n de las leyes que decidan el resto de partidos sin su consentimiento en el Congreso. El peso de sus 145 votos le permitir&iacute;a incluso vetarlas y meterlas en un caj&oacute;n durante dos meses, porque la C&aacute;mara baja necesitar&iacute;a de una votaci&oacute;n que concitara mayor&iacute;a absoluta para aprobarlas -o esperar ese tiempo para sacarlas adelante con mayor&iacute;a simple-. Los senadores, adem&aacute;s, tienen un poder equiparable al de los diputados en la ratificaci&oacute;n de los tratados internacionales que firme el Gobierno, ya que si las dos C&aacute;maras no se ponen de acuerdo deben formar una Comisi&oacute;n Mixta. Finalmente, es aqu&iacute;, en el Senado, donde se debe votar la aplicaci&oacute;n del art&iacute;culo 155 de la Constituci&oacute;n en el caso de que el Ejecutivo lo invoque para usar &quot;todas las medidas necesarias&quot; para que se cumpla la legalidad frente al reto independentista en Catalu&ntilde;a. En un curso pol&iacute;tico marcado por las tensiones territoriales, la mayor&iacute;a absoluta asegura al PP que tendr&aacute; el control de gran parte de la posible respuesta que den las instituciones al proyecto de Carles Puigdemont, nuevo presidente de la Generalitat catalana.</SPAN></P>
<P CLASS="c10"><SPAN CLASS="c2">As&iacute;, los m&aacute;s de 40 senadores que se sentaron ayer en la C&aacute;mara para defender que se celebren referendos en sus comunidades o que estas sean independientes no tienen capacidad para frenar las decisiones del PP en el Senado. En la instituci&oacute;n encontrar&aacute;n, en cualquier caso, un altavoz para sus reivindicaciones. Los representantes de En Com&uacute; Podem, que concurrieron a las elecciones junto a Podemos, y los de ERC acataron la Constituci&oacute;n &quot;por imperativo legal&quot; y &quot;hasta la constituci&oacute;n de la Rep&uacute;blica catalana&quot;. Eso provoc&oacute; abucheos. Silbidos. Incluso que Xavier Garc&iacute;a Albiol, l&iacute;der del PP en Catalu&ntilde;a y nuevo senador, usara su breve intervenci&oacute;n a modo de contestaci&oacute;n (&quot;Juro acatar la Constituci&oacute;n como catal&aacute;n y orgullosamente espa&ntilde;ol&quot;).</SPAN></P>
<P CLASS="c10"><SPAN CLASS="c2">Los senadores del partido de Pablo Iglesias, Comprom&iacute;s y en Marea coincidieron con los de En Com&uacute; en expresar su deseo de cambiar el texto fundamental y el Senado, que pretenden convertir en</SPAN></P>
<P CLASS="c10"><SPAN CLASS="c2">una C&aacute;mara de representaci&oacute;n territorial que incluya a los presidentes auton&oacute;micos. A ellos se unieron los tres senadores de </SPAN><SPAN CLASS="c4">Ciudadanos</SPAN><SPAN CLASS="c2">, que resumieron su posici&oacute;n en el Sal&oacute;n de los Pasos Perdidos. &quot;Que esta C&aacute;mara desaparezca o se convierta en una C&aacute;mara &uacute;til y de representaci&oacute;n para la ciudadan&iacute;a&quot;, dijeron los representantes de la formaci&oacute;n de </SPAN><SPAN CLASS="c4">Albert Rivera</SPAN><SPAN CLASS="c2"> que proponen cerrar el Senado y sustituirlo por una comisi&oacute;n de presidentes auton&oacute;micos. El PP, sin embargo, ya ten&iacute;a respuesta para las reivindicaciones de los reci&eacute;n llegados.</SPAN></P>
<P CLASS="c10"><SPAN CLASS="c2">El valor del Senado</SPAN></P>
<P CLASS="c10"><SPAN CLASS="c2">&quot;Esta legislatura cuenta con un porcentaje muy significativo de senadores que se incorporan (...) Quisiera decirles que se incorporan a una C&aacute;mara que trabaja a pleno rendimiento, que jam&aacute;s ha dejado, ni va a dejar, de cumplir sus funciones&quot;, advirti&oacute; Garc&iacute;a Escudero a los senadores reci&eacute;n llegados. &quot;Cr&eacute;anme cuando les digo que esta es una realidad palpable que est&aacute; muy por encima de cualquier t&oacute;pico falso&quot;, a&ntilde;adi&oacute; el presidente.</SPAN></P>
<P CLASS="c10"><SPAN CLASS="c2">&quot;Soy un absoluto convencido del gran valor del Senado para el perfeccionamiento de nuestro Estado democr&aacute;tico, fundamentalmente en lo que se refiere a la coordinaci&oacute;n territorial y para servir de cauce para la participaci&oacute;n de las comunidades aut&oacute;nomas&quot;, defendi&oacute; Garc&iacute;a Escudero. &quot;Desde ahora mismo, vuelvo a ponerme a disposici&oacute;n de los grupos parlamentarios para seguir trabajando por la reforma de esta C&aacute;mara. Mi &aacute;nimo es el de contribuir cuanto me sea posible a articular el consenso imprescindible para que salga adelante con &eacute;xito&quot;, manifest&oacute;, se&ntilde;alando como &quot;interesante punto de partida&quot; los trabajos que ya se emprendieron la legislatura pasada.</SPAN></P>
</DIV>
<BR><DIV CLASS="c5"><P CLASS="c6"><SPAN CLASS="c9">LANGUAGE: </SPAN><SPAN CLASS="c2">SPANISH; ESPA&Ntilde;OL</SPAN></P>
</DIV>
<BR><DIV CLASS="c5"><P CLASS="c6"><SPAN CLASS="c9">PUBLICATION-TYPE: </SPAN><SPAN CLASS="c2">Peri&oacute;dico</SPAN></P>
</DIV>
<BR><DIV CLASS="c5"><P CLASS="c6"><SPAN CLASS="c9">SUBJECT: </SPAN><SPAN CLASS="c2">Pol&iacute;tica (93%)</SPAN></P>
</DIV>
<BR><DIV CLASS="c5"><P CLASS="c6"><SPAN CLASS="c9">IPTC SUBJECT: </SPAN><SPAN CLASS="c2">Politica</SPAN></P>
</DIV>
<BR><DIV CLASS="c5"><P CLASS="c6"><SPAN CLASS="c9">LOAD-DATE: </SPAN><SPAN CLASS="c2">January 13, 2016</SPAN></P>
</DIV>
<BR><DIV CLASS="c0"><BR><P CLASS="c1"><SPAN CLASS="c2">Copyright 2016 El Pais Internacional S.A.<BR>All Rights Reserved</SPAN></P>
</DIV>
</BODY>
</HTML>