<HTML>
<HEAD>
<STYLE TYPE="text/css">
.c0 { text-align: center; }
.c1 { text-align: center; margin-top: 0em; margin-bottom: 0em; }
.c2 { font-family: 'Courier New',Courier; font-size: 10pt; font-style: normal; font-weight: normal; color: #000000; text-decoration: none; }
.c3 { text-align: center; margin-left: 13%; margin-right: 13%; }
.c4 { font-family: 'Courier New',Courier; font-size: 10pt; font-style: normal; font-weight: bold; color: #CC0033; text-decoration: none; }
.c5 { text-align: left; }
.c6 { text-align: left; margin-top: 0em; margin-bottom: 0em; }
.c7 { font-family: 'Courier New',Courier; font-size: 14pt; font-style: normal; font-weight: bold; color: #000000; text-decoration: none; }
.c8 { font-family: 'Courier New',Courier; font-size: 14pt; font-style: normal; font-weight: bold; color: #CC0033; text-decoration: none; }
.c9 { font-family: 'Courier New',Courier; font-size: 10pt; font-style: normal; font-weight: bold; color: #000000; text-decoration: none; }
.c10 { text-align: left; margin-top: 1em; margin-bottom: 0em; }
.c11 { page-break-before: always; }
</STYLE>
</HEAD>
<BODY>
<BR><DIV CLASS="c0"><P CLASS="c1"><SPAN CLASS="c2">449 of 935 DOCUMENTS</SPAN></P>
</DIV>
<BR><DIV CLASS="c0"><BR><P CLASS="c1"><IMG SRC="http://www.lexisnexis.com/lnacui2api/results/docview/attachRetrieve.do?smi=LOGOS&key=38401&componentseq=1&type=logo&inline=y" ALT="http://www.lexisnexis.com/lnacui2api/results/docview/attachRetrieve.do?smi=LOGOS&key=38401&componentseq=1&type=logo&inline=y"><BR><SPAN CLASS="c2">El Pais</SPAN></P>
</DIV>
<BR><DIV CLASS="c3"><P CLASS="c1"><SPAN CLASS="c4">December</SPAN><SPAN CLASS="c2"> 7, 2015 Monday</SPAN><SPAN CLASS="c2">&nbsp;</SPAN><SPAN CLASS="c2">&nbsp;<BR>2&ordf; Ed. Madrid Edici&oacute;n</SPAN></P>
</DIV>
<BR><DIV CLASS="c5"><P CLASS="c6"><SPAN CLASS="c7">La envidiable pol&iacute;tica espa&ntilde;ola</SPAN></P>
</DIV>
<BR><DIV CLASS="c5"><P CLASS="c6"><SPAN CLASS="c9">BYLINE: </SPAN><SPAN CLASS="c2">JOHN CARLIN</SPAN></P>
</DIV>
<BR><DIV CLASS="c5"><P CLASS="c6"><SPAN CLASS="c9">SECTION: </SPAN><SPAN CLASS="c2">INTERNACIONAL; Base; P&aacute;g. 7</SPAN></P>
</DIV>
<BR><DIV CLASS="c5"><P CLASS="c6"><SPAN CLASS="c9">LENGTH: </SPAN><SPAN CLASS="c2">1035 words</SPAN></P>
</DIV>
<BR><DIV CLASS="c5"><P CLASS="c10"><SPAN CLASS="c2">El fracaso es la oportunidad de empezar</SPAN></P>
<P CLASS="c10"><SPAN CLASS="c2">de nuevo con m&aacute;s inteligencia</SPAN></P>
<P CLASS="c10"><SPAN CLASS="c2">Henry Ford</SPAN></P>
<P CLASS="c10"><SPAN CLASS="c2">Arranca la campa&ntilde;a electoral espa&ntilde;ola y hay razones para alegrarse.</SPAN></P>
<P CLASS="c10"><SPAN CLASS="c2">Lo viejo de la pol&iacute;tica espa&ntilde;ola es para llorar, y ah&iacute; sigue, personificado en la figura de Mariano Rajoy. Pero lo nuevo, representado por Pablo Iglesias y </SPAN><SPAN CLASS="c4">Albert Rivera</SPAN><SPAN CLASS="c2">, los l&iacute;deres de Podemos y </SPAN><SPAN CLASS="c4">Ciudadanos</SPAN><SPAN CLASS="c2">, nos presenta la grata noticia de que el mundo pol&iacute;tico en Espa&ntilde;a empieza a gozar no solo de buena salud sino de un grado de madurez, decencia y racionalidad que deja en evidencia a las democracias m&aacute;s antiguas.</SPAN></P>
<P CLASS="c10"><SPAN CLASS="c2">Puede que se sorprendan al leer estas palabras aquellos espa&ntilde;oles que tanto disfrutan con la autoflagelaci&oacute;n patria. Me sorprendo a m&iacute; mismo ya que soy de los que lleva a&ntilde;os diciendo que en la pol&iacute;tica espa&ntilde;ola lo que reina es la mediocridad. Part&iacute;a siempre de la premisa de que en el pa&iacute;s donde nac&iacute;, Gran Breta&ntilde;a, en otro donde trabaj&eacute; como corresponsal, Estados Unidos, y en Francia, la cuna de la Ilustraci&oacute;n, la pol&iacute;tica se ejerc&iacute;a con una seriedad y sofisticaci&oacute;n manifiestamente superior a lo que ve&iacute;amos en Espa&ntilde;a.</SPAN><SPAN CLASS="c2">&nbsp;</SPAN></P>
<P CLASS="c10"><SPAN CLASS="c2">Pues ya no. De manera algo inquietante, ya que no hay nada m&aacute;s desgarrador que abandonar una idea fija, iba sospechando &uacute;ltimamente que algo estaba cambiando. Lo que me acab&oacute; de abrir los ojos fue el debate de la semana pasada entre Iglesias, Rivera y el l&iacute;der del PSOE, Pedro S&aacute;nchez.</SPAN></P>
<P CLASS="c10"><SPAN CLASS="c2">La seriedad, la rapidez mental, el manejo de los datos, la agilidad verbal y, pese a sus diferencias, el trato mutuo respetuoso que exhibieron los j&oacute;venes dirigentes indica que estamos frente a una nueva realidad, que el futuro de la democracia en Espa&ntilde;a est&aacute; en buenas manos. Lo que se detecta es no solo un salto de calidad respecto a la podredumbre de la pol&iacute;tica espa&ntilde;ola de los &uacute;ltimos 20 a&ntilde;os, sino un nivel de sensatez y cordura dif&iacute;cil de encontrar hoy en d&iacute;a en cualquier otro lugar del mundo.</SPAN></P>
<P CLASS="c10"><SPAN CLASS="c2">El chulito Aznar; el endeble Zapatero; la momia Rajoy: lamentable que desde 1996 esto fuera lo mejor que la pol&iacute;tica espa&ntilde;ola haya sido capaz de producir. Se presentaban en foros internacionales o se reun&iacute;an cara a cara con los jefes de Gobierno del norte de Europa, o Estados Unidos, y no estaban a la altura. Sabi&eacute;ndose impostores en semejante compa&ntilde;&iacute;a (s&iacute;, Aznar en el fondo tambi&eacute;n), los tres a su manera se achicaban, visiblemente inc&oacute;modos cuando eran invitados a subir a las mesas de la gente grande. A lo largo de estos a&ntilde;os personas que han ocupado altos cargos en la Foreign Office o en el 10 de Downing Street me han dicho que tanto los jefes de Gobierno brit&aacute;nicos como los franceses, alemanes, holandeses y otros han llegado a sentir verg&uuml;enza ajena a la hora de sentarse a dialogar con individuos de tan bananero nivel.</SPAN></P>
<P CLASS="c10"><SPAN CLASS="c2">Hoy todo empieza a cambiar. Quiz&aacute; no lo hayan entendido a&uacute;n, pero los mismos que antes ve&iacute;an a Espa&ntilde;a desde fuera con desprecio hoy deber&iacute;an mirarla con un punto de envidia, particularmente en el contexto del fen&oacute;meno m&aacute;s interesante de nuestros tiempos en Europa y Estados Unidos: la abrupta aparici&oacute;n en el &aacute;mbito pol&iacute;tico de partidos o personalidades -&quot;los insurgentes&quot;, les llama la prensa brit&aacute;nica- que amenazan con romper el orden establecido. Hagamos un repaso de las nuevas figuras equivalentes a Iglesias y Rivera en el panorama internacional.</SPAN></P>
<P CLASS="c10"><SPAN CLASS="c2">En Estados Unidos, un racista mis&oacute;gino que insulta a mexicanos, musulmanes y discapacitados, que es un analfabeto en pol&iacute;tica internacional y que sufre para completar una frase en ingl&eacute;s sin cometer un error gramatical es hoy el favorito para ganar la candidatura presidencial del partido de Abraham Lincoln. El bocazas ignorante del que hablamos es el republicano Donald Trump, que llevaba cinco puntos de ventaja sobre la probable candidata dem&oacute;crata, Hillary Clinton, en una reciente encuesta nacional.</SPAN></P>
<P CLASS="c10"><SPAN CLASS="c2">En Francia, el indisimuladamente xen&oacute;fobo Frente Nacional (FN) de Marine Le Pen gana m&aacute;s apoyo cada d&iacute;a, sacando descarado provecho de los atentados terroristas de Par&iacute;s. Un par de victorias esperadas en elecciones regionales servir&iacute;an como plataforma para que Le Pen monte un asalto plausible a la presidencia de la naci&oacute;n en 2017.</SPAN></P>
<P CLASS="c10"><SPAN CLASS="c2">En Gran Breta&ntilde;a, el partido UKIP, versi&oacute;n Monty Python cervecera del galo FN, consigui&oacute; cuatro millones de votos en las elecciones generales de mayo. La izquierda insurgente ha irrumpido en el antiguo partido laborista a trav&eacute;s de la figura de su nuevo l&iacute;der, Jeremy Corbyn, caricaturesco &quot;antiimperialista&quot; estancado en los dogmas de los a&ntilde;os setenta que exhibe m&aacute;s inter&eacute;s en la protesta callejera que en el poder parlamentario, en aferrarse a su infantil certidumbre ideol&oacute;gica que en ganar elecciones.</SPAN></P>
<P CLASS="c10"><SPAN CLASS="c2">Rivera e Iglesias inspirar&aacute;n rechazo entre aquellos que insisten en considerarlos o reaccionarios o peligrosos radicales, pero son gente moderada y pragm&aacute;tica comparada con los Trump, los Le Pen, los Corbyn o Nigel Farage, el borracho que lidera UKIP. Vale la pena repetirlo: pese al desempleo masivo que hay en Espa&ntilde;a y la ola de inmigrantes que ha llegado a sus fronteras en los &uacute;ltimos 15 a&ntilde;os, ni </SPAN><SPAN CLASS="c4">Ciudadanos</SPAN><SPAN CLASS="c2"> ni Podemos apela a los bajos instintos tribales para ganar votos.</SPAN></P>
<P CLASS="c10"><SPAN CLASS="c2">Es cierto que Iglesias no esconde sus simpat&iacute;as por el corbynismo pero bajo su mando Podemos se ha convertido, a diferencia del suicida laborismo brit&aacute;nico, en un partido que aspira a ganar el centro pol&iacute;tico. Iglesias ha tenido la sensatez de distanciarse del chavismo y de Vlad&iacute;mir Putin, mientras Corbyn no solo sigue sin matizar su apoyo al ca&oacute;tico y dictatorial r&eacute;gimen venezolano sino que tiene un n&uacute;mero dos que el otro d&iacute;a sac&oacute; el Libro Rojo de Mao Zedong durante un debate parlamentario y ha nombrado como director de estrategia y comunicaci&oacute;n de su partido a un periodista que ha sido el principal apologista en Occidente del antidemocr&aacute;tico l&iacute;der ruso.</SPAN></P>
<P CLASS="c10"><SPAN CLASS="c2">Posiblemente Mariano Rajoy vuelva a ganar las elecciones espa&ntilde;olas, por un escaso margen. Pero el futuro pertenece a </SPAN><SPAN CLASS="c4">Ciudadanos</SPAN><SPAN CLASS="c2"> y Podemos, y quiz&aacute; a un PSOE que asimile el dinamismo y algunas ideas de Podemos. El d&iacute;a que Rivera o Iglesias, hombres inteligentes y capaces en cualquier contexto, se sienten en la mesa con los que gobiernan en Estados Unidos, Francia o Gran Breta&ntilde;a -o cualquier otro pa&iacute;s- ni ellos ni los espa&ntilde;oles tendr&aacute;n motivos para sentirse avergonzados.</SPAN></P>
</DIV>
<BR><DIV CLASS="c5"><P CLASS="c6"><SPAN CLASS="c9">LANGUAGE: </SPAN><SPAN CLASS="c2">SPANISH; ESPA&Ntilde;OL</SPAN></P>
</DIV>
<BR><DIV CLASS="c5"><P CLASS="c6"><SPAN CLASS="c9">PUBLICATION-TYPE: </SPAN><SPAN CLASS="c2">Peri&oacute;dico</SPAN></P>
</DIV>
<BR><DIV CLASS="c5"><P CLASS="c6"><SPAN CLASS="c9">SUBJECT: </SPAN><SPAN CLASS="c2">Pol&iacute;tica (94%)</SPAN></P>
</DIV>
<BR><DIV CLASS="c5"><P CLASS="c6"><SPAN CLASS="c9">IPTC SUBJECT: </SPAN><SPAN CLASS="c2">Politica</SPAN></P>
</DIV>
<BR><DIV CLASS="c5"><P CLASS="c6"><SPAN CLASS="c9">LOAD-DATE: </SPAN><SPAN CLASS="c2">December 6, 2015</SPAN></P>
</DIV>
<BR><DIV CLASS="c0"><BR><P CLASS="c1"><SPAN CLASS="c2">Copyright 2015 El Pais Internacional S.A.<BR>All Rights Reserved</SPAN></P>
</DIV>
</BODY>
</HTML>