<HTML>
<HEAD>
<STYLE TYPE="text/css">
.c0 { text-align: center; }
.c1 { text-align: center; margin-top: 0em; margin-bottom: 0em; }
.c2 { font-family: 'Courier New',Courier; font-size: 10pt; font-style: normal; font-weight: normal; color: #000000; text-decoration: none; }
.c3 { text-align: center; margin-left: 13%; margin-right: 13%; }
.c4 { font-family: 'Courier New',Courier; font-size: 10pt; font-style: normal; font-weight: bold; color: #CC0033; text-decoration: none; }
.c5 { text-align: left; }
.c6 { text-align: left; margin-top: 0em; margin-bottom: 0em; }
.c7 { font-family: 'Courier New',Courier; font-size: 14pt; font-style: normal; font-weight: bold; color: #000000; text-decoration: none; }
.c8 { font-family: 'Courier New',Courier; font-size: 14pt; font-style: normal; font-weight: bold; color: #CC0033; text-decoration: none; }
.c9 { font-family: 'Courier New',Courier; font-size: 10pt; font-style: normal; font-weight: bold; color: #000000; text-decoration: none; }
.c10 { text-align: left; margin-top: 1em; margin-bottom: 0em; }
.c11 { page-break-before: always; }
</STYLE>
</HEAD>
<BODY>
<BR><DIV CLASS="c0"><P CLASS="c1"><SPAN CLASS="c2">118 of 935 DOCUMENTS</SPAN></P>
</DIV>
<BR><DIV CLASS="c0"><BR><P CLASS="c1"><IMG SRC="http://www.lexisnexis.com/lnacui2api/results/docview/attachRetrieve.do?smi=LOGOS&key=38401&componentseq=1&type=logo&inline=y" ALT="http://www.lexisnexis.com/lnacui2api/results/docview/attachRetrieve.do?smi=LOGOS&key=38401&componentseq=1&type=logo&inline=y"><BR><SPAN CLASS="c2">El Pais</SPAN></P>
</DIV>
<BR><DIV CLASS="c3"><P CLASS="c1"><SPAN CLASS="c4">December</SPAN><SPAN CLASS="c2"> 16, 2015 Wednesday</SPAN><SPAN CLASS="c2">&nbsp;</SPAN><SPAN CLASS="c2">&nbsp;<BR>Comunidad Valenciana Edici&oacute;n</SPAN></P>
</DIV>
<BR><DIV CLASS="c5"><P CLASS="c6"><SPAN CLASS="c7">Rajoy hace un gui&ntilde;o a </SPAN><SPAN CLASS="c8">Ciudadanos</SPAN><SPAN CLASS="c7"> para un pacto estable de legislatura</SPAN></P>
</DIV>
<BR><DIV CLASS="c5"><P CLASS="c6"><SPAN CLASS="c9">BYLINE: </SPAN><SPAN CLASS="c2">JAVIER CASQUEIRO</SPAN></P>
</DIV>
<BR><DIV CLASS="c5"><P CLASS="c6"><SPAN CLASS="c9">SECTION: </SPAN><SPAN CLASS="c2">ESPA&ntilde;A; Base; P&aacute;g. 15</SPAN></P>
</DIV>
<BR><DIV CLASS="c5"><P CLASS="c6"><SPAN CLASS="c9">LENGTH: </SPAN><SPAN CLASS="c2">687 words</SPAN></P>
</DIV>
<BR><DIV CLASS="c5"><P CLASS="c6"><SPAN CLASS="c9">DATELINE: </SPAN><SPAN CLASS="c2">Santander </SPAN></P>
</DIV>
<BR><DIV CLASS="c5"><P CLASS="c10"><SPAN CLASS="c2">Mariano Rajoy est&aacute; seguro de que va a ganar las elecciones con el margen suficiente para volver a gobernar y est&aacute; pensando ya en la futura negociaci&oacute;n poselectoral que le gustar&iacute;a &quot;m&aacute;s estable&quot; que solo para su investidura. Una decisi&oacute;n que coloca a </SPAN><SPAN CLASS="c4">Ciudadanos</SPAN><SPAN CLASS="c2"> ante el reto de pactar con el PP, ya que ese partido no contempla ning&uacute;n acuerdo con otras formaciones. Rajoy resalt&oacute;, en una charla informal con los periodistas, su apuesta porque ese futuro &quot;acuerdo de gobierno&quot; deber&iacute;a transmitir la confianza internacional y econ&oacute;mica de que podr&iacute;a durar lo m&aacute;ximo posible en la pr&oacute;xima legislatura.</SPAN></P>
<P CLASS="c10"><SPAN CLASS="c2">El aspirante popular se empotr&oacute; en la tarde de ayer durante algo menos de media hora en la caravana de los periodistas que cubren su informaci&oacute;n en esta campa&ntilde;a para transmitir la imagen de que hab&iacute;a superado el baj&oacute;n que le supusieron personalmente las estocadas que le infligi&oacute; en la noche del lunes Pedro S&aacute;nchez durante el debate televisivo. Pero tambi&eacute;n quiso explicar que se siente tranquilo ante el resultado electoral, que tiene claro que el PP va a ganar las elecciones holgadamente y que sus dudas, ahora, pasan por comprobar si el PSOE se mantiene al final en la segunda posici&oacute;n. Dio a entender, sin comentarlo y casi con gestos, que cree que ahora ya no es as&iacute;.</SPAN><SPAN CLASS="c2">&nbsp;</SPAN></P>
<P CLASS="c10"><SPAN CLASS="c2">Rajoy no se atrevi&oacute; a aventurar si el PP alcanzar&aacute; la cota del 30% de los votos que se ha fijado para intentar gobernar en minor&iacute;a y en solitario con apoyos externos. Fuentes de la direcci&oacute;n del PP apuntan que est&aacute; muy cerca de esa cifra (casi 29% y creciendo durante la campa&ntilde;a) y que la dureza del cuerpo a cuerpo con S&aacute;nchez puede movilizar a muchos simpatizantes populares que en las elecciones auton&oacute;micas y municipales de mayo se decantaron por </SPAN><SPAN CLASS="c4">Ciudadanos</SPAN><SPAN CLASS="c2">. Fuentes de la direcci&oacute;n nacional del PP aportaron como dato para sustentar ese optimismo que tras el &quot;bronco&quot; duelo televisivo con S&aacute;nchez hab&iacute;an recibido muchas llamadas en la sede central del partido expresando ese retorno del voto.</SPAN></P>
<P CLASS="c10"><SPAN CLASS="c2">Rajoy no quiere hablar directamente de </SPAN><SPAN CLASS="c4">Ciudadanos</SPAN><SPAN CLASS="c2"> ni de su l&iacute;der, </SPAN><SPAN CLASS="c4">Albert Rivera.</SPAN><SPAN CLASS="c2"> En la conversaci&oacute;n sin grabadoras ni c&aacute;maras con los periodistas descart&oacute; anticipar ning&uacute;n tipo de alianzas con otras formaciones cuando se le reclam&oacute; que opinase sobre diversas quinielas o hipot&eacute;ticos pactos poselectorales: &quot;No es el momento, a&uacute;n, no debo adelantar acontecimientos&quot;.</SPAN></P>
<P CLASS="c10"><SPAN CLASS="c2">Villegas dice 'no'</SPAN></P>
<P CLASS="c10"><SPAN CLASS="c2">Jos&eacute; Manuel Villegas, vicesecretario general de </SPAN><SPAN CLASS="c4">Ciudadanos</SPAN><SPAN CLASS="c2">, declar&oacute; ayer: [Rajoy] &quot;deber&iacute;a preocuparse m&aacute;s del d&iacute;a 20. A ver si no le va a dar para gobernar. En todo caso, no vamos a apuntalar a ninguno de los viejos partidos&quot;, informa Juan Jos&eacute; Mateo.</SPAN></P>
<P CLASS="c10"><SPAN CLASS="c2">Rajoy s&iacute; coment&oacute; claramente cu&aacute;les son sus preferencias antes de las elecciones y sin conocer los resultados sobre el mejor escenario para un futuro Gobierno. El l&iacute;der del PP anticip&oacute; as&iacute; que &eacute;l trabajar&aacute; tras los comicios por lograr un acuerdo que vaya m&aacute;s all&aacute; de la mera investidura, que se alargue m&aacute;s lejos del respaldo a los Presupuestos que dej&oacute; aprobados para 2016 y si es posible que se prolongue hasta el fin de la legislatura, aunque eso pareci&oacute; m&aacute;s un deseo que la constataci&oacute;n de una probabilidad real en la que el PP est&eacute; trabajando.</SPAN></P>
<P CLASS="c10"><SPAN CLASS="c2">El candidato no se&ntilde;al&oacute; expl&iacute;citamente que esa negociaci&oacute;n se tenga que emprender solo con </SPAN><SPAN CLASS="c4">Ciudadanos</SPAN><SPAN CLASS="c2">, pero lo dio a entender cuando descart&oacute; ese tipo de contactos con partidos como Podemos o incluso con el PSOE. Rajoy abog&oacute; por que el mal ambiente generado con S&aacute;nchez ahora no marque su relaci&oacute;n futura.</SPAN></P>
<P CLASS="c10"><SPAN CLASS="c2">El candidato del PP explic&oacute; abiertamente la raz&oacute;n por la que apuesta por &quot;alg&uacute;n tipo de Gobierno estable&quot;. &Eacute;l entiende que &quot;un Gobierno en minor&iacute;a tendr&iacute;a muy dif&iacute;cil manejarse y garantizar la confianza y la estabilidad ante los mercados internacionales&quot; y a los dem&aacute;s socios en un momento complicado en el que cree m&aacute;s necesario que nunca consolidar la recuperaci&oacute;n de la econom&iacute;a. Y se mostr&oacute; especialmente confortado por haber dejado ya aprobados por adelantado los Presupuestos generales para 2016 porque le facilitar&aacute;n una continuidad en las pol&iacute;ticas y las reformas y porque le dar&aacute;n m&aacute;s margen de maniobra para negociar con otras fuerzas y sobre todo con </SPAN><SPAN CLASS="c4">Ciudadanos</SPAN><SPAN CLASS="c2">.</SPAN></P>
</DIV>
<BR><DIV CLASS="c5"><P CLASS="c6"><SPAN CLASS="c9">LANGUAGE: </SPAN><SPAN CLASS="c2">SPANISH; ESPA&Ntilde;OL</SPAN></P>
</DIV>
<BR><DIV CLASS="c5"><P CLASS="c6"><SPAN CLASS="c9">PUBLICATION-TYPE: </SPAN><SPAN CLASS="c2">Peri&oacute;dico</SPAN></P>
</DIV>
<BR><DIV CLASS="c5"><P CLASS="c6"><SPAN CLASS="c9">SUBJECT: </SPAN><SPAN CLASS="c2">Pol&iacute;tica (93%)</SPAN></P>
</DIV>
<BR><DIV CLASS="c5"><P CLASS="c6"><SPAN CLASS="c9">IPTC SUBJECT: </SPAN><SPAN CLASS="c2">Politica</SPAN></P>
</DIV>
<BR><DIV CLASS="c5"><P CLASS="c6"><SPAN CLASS="c9">LOAD-DATE: </SPAN><SPAN CLASS="c2">December 15, 2015</SPAN></P>
</DIV>
<BR><DIV CLASS="c0"><BR><P CLASS="c1"><SPAN CLASS="c2">Copyright 2015 El Pais Internacional S.A.<BR>All Rights Reserved</SPAN></P>
</DIV>
</BODY>
</HTML>