<HTML>
<HEAD>
<STYLE TYPE="text/css">
.c0 { text-align: center; }
.c1 { text-align: center; margin-top: 0em; margin-bottom: 0em; }
.c2 { font-family: 'Courier New',Courier; font-size: 10pt; font-style: normal; font-weight: normal; color: #000000; text-decoration: none; }
.c3 { text-align: center; margin-left: 13%; margin-right: 13%; }
.c4 { font-family: 'Courier New',Courier; font-size: 10pt; font-style: normal; font-weight: bold; color: #CC0033; text-decoration: none; }
.c5 { text-align: left; }
.c6 { text-align: left; margin-top: 0em; margin-bottom: 0em; }
.c7 { font-family: 'Courier New',Courier; font-size: 14pt; font-style: normal; font-weight: bold; color: #000000; text-decoration: none; }
.c8 { font-family: 'Courier New',Courier; font-size: 14pt; font-style: normal; font-weight: bold; color: #CC0033; text-decoration: none; }
.c9 { font-family: 'Courier New',Courier; font-size: 10pt; font-style: normal; font-weight: bold; color: #000000; text-decoration: none; }
.c10 { text-align: left; margin-top: 1em; margin-bottom: 0em; }
.c11 { page-break-before: always; }
</STYLE>
</HEAD>
<BODY>
<BR><DIV CLASS="c0"><P CLASS="c1"><SPAN CLASS="c2">146 of 935 DOCUMENTS</SPAN></P>
</DIV>
<BR><DIV CLASS="c0"><BR><P CLASS="c1"><IMG SRC="http://www.lexisnexis.com/lnacui2api/results/docview/attachRetrieve.do?smi=LOGOS&key=38401&componentseq=1&type=logo&inline=y" ALT="http://www.lexisnexis.com/lnacui2api/results/docview/attachRetrieve.do?smi=LOGOS&key=38401&componentseq=1&type=logo&inline=y"><BR><SPAN CLASS="c2">El Pais</SPAN></P>
</DIV>
<BR><DIV CLASS="c3"><P CLASS="c1"><SPAN CLASS="c4">December</SPAN><SPAN CLASS="c2"> 4, 2015 Friday</SPAN><SPAN CLASS="c2">&nbsp;</SPAN><SPAN CLASS="c2">&nbsp;<BR>2&ordf; Ed. Madrid Edici&oacute;n</SPAN></P>
</DIV>
<BR><DIV CLASS="c5"><P CLASS="c6"><SPAN CLASS="c7">Los partidos comienzan la carrera a La Moncloa en territorio amigo</SPAN></P>
</DIV>
<BR><DIV CLASS="c5"><P CLASS="c6"><SPAN CLASS="c9">BYLINE: </SPAN><SPAN CLASS="c2">EL PA&Iacute;S</SPAN></P>
</DIV>
<BR><DIV CLASS="c5"><P CLASS="c6"><SPAN CLASS="c9">SECTION: </SPAN><SPAN CLASS="c2">ESPA&ntilde;A; Base; P&aacute;g. 22</SPAN></P>
</DIV>
<BR><DIV CLASS="c5"><P CLASS="c6"><SPAN CLASS="c9">LENGTH: </SPAN><SPAN CLASS="c2">874 words</SPAN></P>
</DIV>
<BR><DIV CLASS="c5"><P CLASS="c6"><SPAN CLASS="c9">DATELINE: </SPAN><SPAN CLASS="c2">Madrid </SPAN></P>
</DIV>
<BR><DIV CLASS="c5"><P CLASS="c10"><SPAN CLASS="c2">Los partidos abrieron anoche en territorio amigo la campa&ntilde;a m&aacute;s imprevisible en tres d&eacute;cadas. Frente a la sede del PP en Madrid repartieron chocolate y pidieron el voto con el aval de la &quot;recuperaci&oacute;n econ&oacute;mica&quot;. El candidato del PSOE, Pedro S&aacute;nchez, recibi&oacute; por v&iacute;deo el apoyo de l&iacute;deres europeos. </SPAN><SPAN CLASS="c4">Albert</SPAN><SPAN CLASS="c2">&nbsp;</SPAN><SPAN CLASS="c4">Rivera</SPAN><SPAN CLASS="c2">, de </SPAN><SPAN CLASS="c4">Ciudadanos</SPAN><SPAN CLASS="c2">, pidi&oacute; el respaldo &quot;al &uacute;nico proyecto com&uacute;n para Espa&ntilde;a que genera ilusi&oacute;n&quot; y el l&iacute;der de Podemos, Pablo Iglesias, eligi&oacute; un peque&ntilde;o pueblo zamorano para la pegada de carteles.</SPAN></P>
<P CLASS="c10"><SPAN CLASS="c2">Unas 300 personas acudieron anoche al inicio de campa&ntilde;a electoral del PP, donde hubo chocolate con churros y perritos calientes mientras DJ Pulpo calentaba el ambiente con m&uacute;sica reggaeton. Rajoy insisti&oacute; en su &eacute;pico discurso sobre la salida de la crisis -&quot;El pasado nos avala&quot;- y advirti&oacute; de que la recuperaci&oacute;n depende de que su partido gane. &quot;Este es un partido serio. No somos una coalici&oacute;n de coaliciones cada cual m&aacute;s alejada de la realidad y, desde luego, no somos los que trajeron a Espa&ntilde;a la peor crisis que ha sufrido Espa&ntilde;a en d&eacute;cadas&quot;. Sus palabras sobre Catalu&ntilde;a le brindaron los aplausos m&aacute;s entusiastas: &quot;Con la unidad de la naci&oacute;n no se juega. No es negociable, y mientras el PP gobierne, Espa&ntilde;a seguir&aacute; siendo una gran naci&oacute;n&quot;. Rajoy estar&aacute; hoy en &Aacute;vila con el hijo mayor del presidente Adolfo Su&aacute;rez.</SPAN><SPAN CLASS="c2">&nbsp;</SPAN></P>
<P CLASS="c10"><SPAN CLASS="c2">Los &aacute;nimos no estaban muy elevados anoche en las filas socialistas. El bar&oacute;metro del CIS sit&uacute;a al PSOE en cuarta posici&oacute;n en Madrid, pero una pantalla gigante en un polideportivo de Getafe tra&iacute;a &aacute;nimos desde Italia: &quot;&iexcl;Necesitamos a Pedro!&quot;, proclam&oacute; el primer ministro Matteo Renzi. Federica Mogherini, jefa de la diplomacia europea, y Helle Thorning, primera ministra de Dinamarca, entre otros l&iacute;deres de la socialdemocracia europea, dieron su respaldo al socialismo espa&ntilde;ol con mensajes en v&iacute;deo.</SPAN></P>
<P CLASS="c10"><SPAN CLASS="c2">S&aacute;nchez apel&oacute; al voto unido de la izquierda en torno a sus siglas: &quot;Este Gobierno lo ha manipulado todo: Televisi&oacute;n Espa&ntilde;ola, la justicia, la Agencia Tributaria, y hoy [por ayer] tambi&eacute;n las encuestas del CIS. La mayor&iacute;a quiere cambio, pero si esa mayor&iacute;a se divide, el cambio se frenar&aacute;&quot;, afirm&oacute; en un mitin previo en Tomelloso (Ciudad Real). El l&iacute;der socialista record&oacute; a Pedro Zerolo, figura clave en el avance de los derechos de los homosexuales, fallecido en junio, antes de insistir en que el PSOE es el &quot;&uacute;nico&quot; partido capaz de liderar la oposici&oacute;n al PP.</SPAN></P>
<P CLASS="c10"><SPAN CLASS="c2">El l&iacute;der de </SPAN><SPAN CLASS="c4">Ciudadanos</SPAN><SPAN CLASS="c2">, </SPAN><SPAN CLASS="c4">Albert</SPAN><SPAN CLASS="c2">&nbsp;</SPAN><SPAN CLASS="c4">Rivera</SPAN><SPAN CLASS="c2">, tambi&eacute;n arranc&oacute; la campa&ntilde;a electoral en Madrid. &quot;Los de </SPAN><SPAN CLASS="c4">Ciudadanos</SPAN><SPAN CLASS="c2"> no pedimos permiso, pedimos paso&quot;, sostuvo. Impulsado por las encuestas, a&ntilde;adi&oacute;: &quot;Cuento con el mejor equipo, con las ideas adecuadas, en el momento adecuado y en el lugar adecuado&quot;. &quot;Somos el &uacute;nico proyecto com&uacute;n para Espa&ntilde;a que genera ilusi&oacute;n, y lo estamos palpando en cada provincia. Estamos muy cerca de conseguir algo hist&oacute;rico: que una plataforma civil logre ganarle las elecciones al PP y al PSOE por fin&quot;. Y estallaron los gritos de los seguidores: &quot;Yo soy espa&ntilde;ol, espa&ntilde;ol, espa&ntilde;ol&quot;. El pol&iacute;tico catal&aacute;n respondi&oacute;: &quot;Creo en los espa&ntilde;oles, en que este pa&iacute;s vale la pena y en que no hay que romper Espa&ntilde;a, sino que hay que arreglarla&quot;.</SPAN></P>
<P CLASS="c10"><SPAN CLASS="c2">Podemos, la formaci&oacute;n para la que quiz&aacute; el voto urbano ha sido m&aacute;s determinante, comenz&oacute; la campa&ntilde;a en un municipio de menos de 2.000 habitantes gobernado por IU. Pablo Iglesias y su equipo viajaron a Villaralbo (Zamora), donde tras una cena en el restaurante Casa Aurelia, pegaron carteles. &quot;Yo me comprometo a defender lo que pienso y no a defender lo que me haga subir en las encuestas; a no recordar solo de d&oacute;nde venimos, sino ad&oacute;nde vamos; a que el &uacute;nico argumento que se escuche en la campa&ntilde;a no sea el 'y t&uacute; m&aacute;s&quot;. Con este mensaje arranc&oacute; Iglesias la campa&ntilde;a, acompa&ntilde;ado por su padre, Javier, quien vive en la provincia.</SPAN></P>
<P CLASS="c10"><SPAN CLASS="c2">&quot;Se&ntilde;oras y se&ntilde;ores, les habla el capit&aacute;n y les agradecemos haber elegido nuevamente la ruta del cambio&quot;, lanzaba Iglesias antes, desde el autob&uacute;s en el que viaja con los periodistas. &quot;Nos espera una traves&iacute;a agitada en la que esperamos turbulencias pol&iacute;ticas&quot;, sostuvo en referencia a la disputa electoral, sobre todo con el PSOE, pero tambi&eacute;n con </SPAN><SPAN CLASS="c4">Ciudadanos</SPAN><SPAN CLASS="c2">, con quien pugna por el voto del cambio.</SPAN></P>
<P CLASS="c10"><SPAN CLASS="c2">Pu&ntilde;os en alto</SPAN></P>
<P CLASS="c10"><SPAN CLASS="c2">El candidato de IU-Unidad Popular, Alberto Garz&oacute;n, arranc&oacute; la campa&ntilde;a en Madrid, con la habitual pegada y una militancia animada que core&oacute; el famoso &quot;OTAN no, bases fuera&quot; y acab&oacute; con el pu&ntilde;o en alto. La etiqueta de Twitter #YomesumoUP se convirti&oacute; en trending topic (r&eacute;cord en las redes sociales) frente al resto de fuerzas pol&iacute;ticas. Garz&oacute;n apel&oacute; al 15-M y a la lucha de las mareas ciudadanas. &quot;En nuestras sociedades gobiernan quienes no se presentan a las elecciones&quot;, clam&oacute;. Garz&oacute;n abog&oacute; por nacionalizar &quot;las empresas estrat&eacute;gicas para que nadie pase fr&iacute;o&quot;.</SPAN></P>
<P CLASS="c10"><SPAN CLASS="c2">M&aacute;s discreto fue el acto organizado por UPyD, formaci&oacute;n a la que las encuestas dejan fuera del Congreso. En un local madrile&ntilde;o, con poco p&uacute;blico, su l&iacute;der, Andr&eacute;s Herzog, centr&oacute; parte de su discurso en el desaf&iacute;o separatista en Catalu&ntilde;a. &quot;Porque despu&eacute;s de los golpistas, vendr&aacute;n los vascos&quot;, remach&oacute; antes de criticar lo que consider&oacute; falta de pluralismo en el debate electoral en Espa&ntilde;a. [PG] Con informaci&oacute;n de Natalia Junquera, Jos&eacute; Marcos, Juan Jos&eacute; Mateo, Francesco Manetto, Elsa Garc&iacute;a de Blas y J. J. G&aacute;lvez.</SPAN></P>
</DIV>
<BR><DIV CLASS="c5"><P CLASS="c6"><SPAN CLASS="c9">LANGUAGE: </SPAN><SPAN CLASS="c2">SPANISH; ESPA&Ntilde;OL</SPAN></P>
</DIV>
<BR><DIV CLASS="c5"><P CLASS="c6"><SPAN CLASS="c9">PUBLICATION-TYPE: </SPAN><SPAN CLASS="c2">Peri&oacute;dico</SPAN></P>
</DIV>
<BR><DIV CLASS="c5"><P CLASS="c6"><SPAN CLASS="c9">SUBJECT: </SPAN><SPAN CLASS="c2">Pol&iacute;tica (94%)</SPAN></P>
</DIV>
<BR><DIV CLASS="c5"><P CLASS="c6"><SPAN CLASS="c9">IPTC SUBJECT: </SPAN><SPAN CLASS="c2">Politica</SPAN></P>
</DIV>
<BR><DIV CLASS="c5"><P CLASS="c6"><SPAN CLASS="c9">LOAD-DATE: </SPAN><SPAN CLASS="c2">December 3, 2015</SPAN></P>
</DIV>
<BR><DIV CLASS="c0"><BR><P CLASS="c1"><SPAN CLASS="c2">Copyright 2015 El Pais Internacional S.A.<BR>All Rights Reserved</SPAN></P>
</DIV>
</BODY>
</HTML>