<HTML>
<HEAD>
<STYLE TYPE="text/css">
.c0 { text-align: center; }
.c1 { text-align: center; margin-top: 0em; margin-bottom: 0em; }
.c2 { font-family: 'Courier New',Courier; font-size: 10pt; font-style: normal; font-weight: normal; color: #000000; text-decoration: none; }
.c3 { text-align: center; margin-left: 13%; margin-right: 13%; }
.c4 { font-family: 'Courier New',Courier; font-size: 10pt; font-style: normal; font-weight: bold; color: #CC0033; text-decoration: none; }
.c5 { text-align: left; }
.c6 { text-align: left; margin-top: 0em; margin-bottom: 0em; }
.c7 { font-family: 'Courier New',Courier; font-size: 14pt; font-style: normal; font-weight: bold; color: #000000; text-decoration: none; }
.c8 { font-family: 'Courier New',Courier; font-size: 14pt; font-style: normal; font-weight: bold; color: #CC0033; text-decoration: none; }
.c9 { font-family: 'Courier New',Courier; font-size: 10pt; font-style: normal; font-weight: bold; color: #000000; text-decoration: none; }
.c10 { text-align: left; margin-top: 1em; margin-bottom: 0em; }
.c11 { page-break-before: always; }
</STYLE>
</HEAD>
<BODY>
<BR><DIV CLASS="c0"><P CLASS="c1"><SPAN CLASS="c2">303 of 935 DOCUMENTS</SPAN></P>
</DIV>
<BR><DIV CLASS="c0"><BR><P CLASS="c1"><IMG SRC="http://www.lexisnexis.com/lnacui2api/results/docview/attachRetrieve.do?smi=LOGOS&key=38401&componentseq=1&type=logo&inline=y" ALT="http://www.lexisnexis.com/lnacui2api/results/docview/attachRetrieve.do?smi=LOGOS&key=38401&componentseq=1&type=logo&inline=y"><BR><SPAN CLASS="c2">El Pais</SPAN></P>
</DIV>
<BR><DIV CLASS="c3"><P CLASS="c1"><SPAN CLASS="c4">November</SPAN><SPAN CLASS="c2"> 28, 2015 Saturday</SPAN><SPAN CLASS="c2">&nbsp;</SPAN><SPAN CLASS="c2">&nbsp;<BR>Andaluc&iacute;a Edici&oacute;n</SPAN></P>
</DIV>
<BR><DIV CLASS="c5"><P CLASS="c6"><SPAN CLASS="c7">La imperfecci&oacute;n del candidato</SPAN></P>
</DIV>
<BR><DIV CLASS="c5"><P CLASS="c6"><SPAN CLASS="c9">BYLINE: </SPAN><SPAN CLASS="c2">JUAN JOS&Eacute; MATEO</SPAN></P>
</DIV>
<BR><DIV CLASS="c5"><P CLASS="c6"><SPAN CLASS="c9">SECTION: </SPAN><SPAN CLASS="c2">ESPA&ntilde;A; Base; P&aacute;g. 19 [AN] El l&iacute;der del equipo con el que Rivera gan&oacute; la liga nacional de debate en 2001 repasa las fortalezas y debilidades del pol&iacute;tico</SPAN></P>
</DIV>
<BR><DIV CLASS="c5"><P CLASS="c6"><SPAN CLASS="c9">LENGTH: </SPAN><SPAN CLASS="c2">541 words</SPAN></P>
</DIV>
<BR><DIV CLASS="c5"><P CLASS="c6"><SPAN CLASS="c9">DATELINE: </SPAN><SPAN CLASS="c2">Madrid </SPAN></P>
</DIV>
<BR><DIV CLASS="c5"><P CLASS="c10"><SPAN CLASS="c2">Con 21 a&ntilde;os, </SPAN><SPAN CLASS="c4">Albert</SPAN><SPAN CLASS="c2">&nbsp;</SPAN><SPAN CLASS="c4">Rivera</SPAN><SPAN CLASS="c2"> se enfrent&oacute; a una pregunta: &quot;&iquest;Es la prostituci&oacute;n equiparable al resto de profesiones?&quot;. En la respuesta no import&oacute; su opini&oacute;n. Un sorteo depar&oacute; que la misi&oacute;n de su equipo fuera defender el s&iacute; en la final de la liga nacional de debate universitario de 2001. Rivera tuvo que hablar bajo la presi&oacute;n de un cron&oacute;metro que tasaba el tiempo de su intervenci&oacute;n. Aguantando las interrupciones de sus rivales. Frente al p&uacute;blico que abarrotaba la sala. Gan&oacute;. Este lunes, mientras se mide a Pedro S&aacute;nchez (PSOE) y Pablo Iglesias (Podemos) en el debate de EL PA&Iacute;S, el candidato de </SPAN><SPAN CLASS="c4">Ciudadanos</SPAN><SPAN CLASS="c2"> aplicar&aacute; las t&eacute;cnicas con las que su equipo venci&oacute; entonces.</SPAN><SPAN CLASS="c2">&nbsp;</SPAN></P>
<P CLASS="c10"><SPAN CLASS="c2">&quot;Albert tiene una gran capacidad de an&aacute;lisis y era muy estratega: ve&iacute;a los argumentos y destacaba en el turno de preguntas, donde desestabilizaba a los contrarios desde el punto de vista argumental. Los dejaba KO&quot;, cuenta Gerard Guiu, portavoz de aquel conjunto de la Facultad de Derecho de la Universidad Ram&oacute;n Llull, que se impuso a otros 61 de 37 universidades distintas. &quot;Su fuerte es la oratoria&quot;, a&ntilde;ade el hoy profesor de esta materia en ESADE y directivo del Bar&ccedil;a. &quot;De cara al debate, le recordar&iacute;a que sea natural en la exposici&oacute;n y que, si no sabe algo, lo diga. La gente no quiere pol&iacute;ticos perfectos, sino transparentes, honestos. Esa imperfecci&oacute;n es lo que le hace perfecto&quot;.</SPAN></P>
<P CLASS="c10"><SPAN CLASS="c2">Hay ejemplos de que Rivera aplica esa tesis. La semana pasada, en La Sexta, le preguntaron qu&eacute; har&iacute;a </SPAN><SPAN CLASS="c4">Ciudadanos</SPAN><SPAN CLASS="c2"> con la central nuclear de Garo&ntilde;a (Burgos). &quot;No s&eacute; lo que hemos propuesto en el programa&quot;, contest&oacute;. &quot;Hay que reconocer las imperfecciones y los l&iacute;mites&quot;, insiste Guiu. &quot;Antes que dar una respuesta pol&iacute;ticamente correcta, para despu&eacute;s contradecirse en otra ocasi&oacute;n, es mejor la honestidad&quot;.</SPAN></P>
<P CLASS="c10"><SPAN CLASS="c2">No hay que asumir que este antiguo compa&ntilde;ero de equipo hable desde la complicidad. Tanto Rivera como Guiu pidieron cambiar de bando cuando supieron que compartir&iacute;an vestuario. No se ca&iacute;an bien. Eran dos chicos competitivos, con madera de l&iacute;der y vocaci&oacute;n de capit&aacute;n. Les obligaron a seguir juntos. Firmaron un pacto: trabajar en equipo, ganar la liga y no volver a hablarse nunca m&aacute;s.</SPAN></P>
<P CLASS="c10"><SPAN CLASS="c2">Aquella experiencia, argumenta el campe&oacute;n de debates, se&ntilde;ala las fortalezas de Rivera -&quot;la capacidad de trabajo en equipo&quot;-, y las debilidades - &quot;la gesti&oacute;n de los egos, igual que yo&quot;-.</SPAN></P>
<P CLASS="c10"><SPAN CLASS="c2">&iquest;Qu&eacute; piensa este profesor de oratoria de los contrincantes de Rivera? &quot;Que Iglesias tiene una gran capacidad y coloca bien el mensaje, pero le veo tocado an&iacute;micamente. En esto la palabra es un 6%, y la entonaci&oacute;n, el lenguaje no verbal y la puesta en escena son el 94%&quot;, contesta Guiu, recordando el debate televisivo en que el l&iacute;der de Podemos se describi&oacute; &quot;cansado&quot;. Y a&ntilde;ade: &quot;Pedro S&aacute;nchez deber&iacute;a ser m&aacute;s agresivo. Molestar a determinados sectores. Est&aacute; pecando de ser demasiado diplom&aacute;tico&quot;. No lo fueron aquellos veintea&ntilde;eros que defendieron en la final que la prostituci&oacute;n era equiparable a cualquier otra profesi&oacute;n. Hoy, </SPAN><SPAN CLASS="c4">Ciudadanos</SPAN><SPAN CLASS="c2"> plantea su regulaci&oacute;n con argumentos que Rivera ya manejaba entonces: combatir la trata de mujeres y la prostituci&oacute;n forzada, permitir cotizaciones, recaudar impuestos y asegurar las condiciones sanitarias.</SPAN></P>
<P CLASS="c10"><SPAN CLASS="c2">M&aacute;s de 10 a&ntilde;os despu&eacute;s, el l&iacute;der de </SPAN><SPAN CLASS="c4">Ciudadanos</SPAN><SPAN CLASS="c2"> sigue viviendo para el debate.</SPAN></P>
</DIV>
<BR><DIV CLASS="c5"><P CLASS="c6"><SPAN CLASS="c9">LANGUAGE: </SPAN><SPAN CLASS="c2">SPANISH; ESPA&Ntilde;OL</SPAN></P>
</DIV>
<BR><DIV CLASS="c5"><P CLASS="c6"><SPAN CLASS="c9">PUBLICATION-TYPE: </SPAN><SPAN CLASS="c2">Peri&oacute;dico</SPAN></P>
</DIV>
<BR><DIV CLASS="c5"><P CLASS="c6"><SPAN CLASS="c9">SUBJECT: </SPAN><SPAN CLASS="c2">Pol&iacute;tica (93%)</SPAN></P>
</DIV>
<BR><DIV CLASS="c5"><P CLASS="c6"><SPAN CLASS="c9">IPTC SUBJECT: </SPAN><SPAN CLASS="c2">Politica</SPAN></P>
</DIV>
<BR><DIV CLASS="c5"><P CLASS="c6"><SPAN CLASS="c9">LOAD-DATE: </SPAN><SPAN CLASS="c2">November 27, 2015</SPAN></P>
</DIV>
<BR><DIV CLASS="c0"><BR><P CLASS="c1"><SPAN CLASS="c2">Copyright 2015 El Pais Internacional S.A.<BR>All Rights Reserved</SPAN></P>
</DIV>
</BODY>
</HTML>