<HTML>
<HEAD>
<STYLE TYPE="text/css">
.c0 { text-align: center; }
.c1 { text-align: center; margin-top: 0em; margin-bottom: 0em; }
.c2 { font-family: 'Courier New',Courier; font-size: 10pt; font-style: normal; font-weight: normal; color: #000000; text-decoration: none; }
.c3 { text-align: center; margin-left: 13%; margin-right: 13%; }
.c4 { font-family: 'Courier New',Courier; font-size: 10pt; font-style: normal; font-weight: bold; color: #CC0033; text-decoration: none; }
.c5 { text-align: left; }
.c6 { text-align: left; margin-top: 0em; margin-bottom: 0em; }
.c7 { font-family: 'Courier New',Courier; font-size: 14pt; font-style: normal; font-weight: bold; color: #000000; text-decoration: none; }
.c8 { font-family: 'Courier New',Courier; font-size: 14pt; font-style: normal; font-weight: bold; color: #CC0033; text-decoration: none; }
.c9 { font-family: 'Courier New',Courier; font-size: 10pt; font-style: normal; font-weight: bold; color: #000000; text-decoration: none; }
.c10 { text-align: left; margin-top: 1em; margin-bottom: 0em; }
.c11 { page-break-before: always; }
</STYLE>
</HEAD>
<BODY>
<BR><DIV CLASS="c0"><P CLASS="c1"><SPAN CLASS="c2">273 of 935 DOCUMENTS</SPAN></P>
</DIV>
<BR><DIV CLASS="c0"><BR><P CLASS="c1"><IMG SRC="http://www.lexisnexis.com/lnacui2api/results/docview/attachRetrieve.do?smi=LOGOS&key=38401&componentseq=1&type=logo&inline=y" ALT="http://www.lexisnexis.com/lnacui2api/results/docview/attachRetrieve.do?smi=LOGOS&key=38401&componentseq=1&type=logo&inline=y"><BR><SPAN CLASS="c2">El Pais</SPAN></P>
</DIV>
<BR><DIV CLASS="c3"><P CLASS="c1"><SPAN CLASS="c4">December</SPAN><SPAN CLASS="c2"> 20, 2015 Sunday</SPAN><SPAN CLASS="c2">&nbsp;</SPAN><SPAN CLASS="c2">&nbsp;<BR>Comunidad Valenciana Edici&oacute;n</SPAN></P>
</DIV>
<BR><DIV CLASS="c5"><P CLASS="c6"><SPAN CLASS="c7">El espa&ntilde;olito extraordinario</SPAN></P>
</DIV>
<BR><DIV CLASS="c5"><P CLASS="c6"><SPAN CLASS="c9">BYLINE: </SPAN><SPAN CLASS="c2">&Iacute;&Ntilde;IGO DOM&Iacute;NGUEZ</SPAN></P>
</DIV>
<BR><DIV CLASS="c5"><P CLASS="c6"><SPAN CLASS="c9">SECTION: </SPAN><SPAN CLASS="c2">ESPA&ntilde;A; Base; P&aacute;g. 24 [AN] Rivera ha estado al borde de la desaparici&oacute;n pol&iacute;tica pero ahora es su momento. Lo ha hecho todo para llegar aqu&iacute;</SPAN></P>
</DIV>
<BR><DIV CLASS="c5"><P CLASS="c6"><SPAN CLASS="c9">LENGTH: </SPAN><SPAN CLASS="c2">315 words</SPAN></P>
</DIV>
<BR><DIV CLASS="c5"><P CLASS="c10"><SPAN CLASS="c2">Antes de ser candidato a la presidencia del Gobierno, </SPAN><SPAN CLASS="c4">Albert</SPAN><SPAN CLASS="c2">&nbsp;</SPAN><SPAN CLASS="c4">Rivera</SPAN><SPAN CLASS="c2"> hizo todo para llegar a ser eso, y de ah&iacute; se pueden calibrar las ganas con que la coger&iacute;a. En ambici&oacute;n no le supera ning&uacute;n rival, dicho sin pensar que eso sea malo. Tal vez se le acerca Pablo Iglesias, pero a &eacute;l le ha entrado a &uacute;ltima hora, cuando ha visto que un milagro era posible. Para Rivera fue imposible siempre, pero no se rindi&oacute;.</SPAN><SPAN CLASS="c2">&nbsp;</SPAN></P>
<P CLASS="c10"><SPAN CLASS="c2">Ni Mariano Rajoy, cuyo paso m&aacute;s arriesgado fue dejar su plaza de registrador de la propiedad en Santa Pola, ni Pedro S&aacute;nchez, que sobrevivi&oacute; y encima gan&oacute; unas primarias del PSOE, han demostrado mayor capacidad de sacrificio.</SPAN></P>
<P CLASS="c10"><SPAN CLASS="c4">Albert</SPAN><SPAN CLASS="c2">&nbsp;</SPAN><SPAN CLASS="c4">Rivera</SPAN><SPAN CLASS="c2">, es sabido, es uno que sali&oacute; en bolas en los carteles electorales y fue jurado de El comecocos. Todo un programa de televisi&oacute;n. Tambi&eacute;n se plantaba tan pancho a hablar en castellano en el Parlamento catal&aacute;n mientras todos le hac&iacute;an risitas y ha estado al borde de la desaparici&oacute;n pol&iacute;tica varios meses, o incluso a&ntilde;os, de su carrera. Bien mirado, ha sido as&iacute; la mayor&iacute;a del tiempo. Pero ahora es su momento. Cualquier resultado ser&aacute; bueno y de todos modos sea el que sea lo explicar&aacute; muy bien.</SPAN></P>
<P CLASS="c10"><SPAN CLASS="c2">Lo peor que tiene </SPAN><SPAN CLASS="c4">Albert</SPAN><SPAN CLASS="c2">&nbsp;</SPAN><SPAN CLASS="c4">Rivera</SPAN><SPAN CLASS="c2">, o quiz&aacute; en su oficio es lo mejor, es que no se sabe nunca lo que est&aacute; pensando. Un poco como le pasa a su partido. Pero por alguna raz&oacute;n tiene a veces una mirada triste, como uno que para su edad ha vivido mucho. Eso no se ensaya, lo tienes o no lo tienes.</SPAN></P>
<P CLASS="c10"><SPAN CLASS="c2">Tiene pinta de empoll&oacute;n, de capit&aacute;n del equipo de debate y de empleado de La Caixa, y es normal porque ha sido las tres cosas. Tambi&eacute;n campe&oacute;n de nataci&oacute;n. Pero su mayor &eacute;xito ha sido el de pol&iacute;tico autodidacta y construir su partido, </SPAN><SPAN CLASS="c4">Ciudadanos</SPAN><SPAN CLASS="c2">, en torno a &eacute;l, el </SPAN><SPAN CLASS="c4">ciudadano</SPAN><SPAN CLASS="c2"> Rivera, que es el nuevo espa&ntilde;olito, un tipo normal haciendo cosas extraordinarias, como &eacute;l dice, y hasta ahora es verdad. Habr&aacute; que ver si finalmente llega al poder, que es una ordinariez.</SPAN></P>
</DIV>
<BR><DIV CLASS="c5"><P CLASS="c6"><SPAN CLASS="c9">LANGUAGE: </SPAN><SPAN CLASS="c2">SPANISH; ESPA&Ntilde;OL</SPAN></P>
</DIV>
<BR><DIV CLASS="c5"><P CLASS="c6"><SPAN CLASS="c9">PUBLICATION-TYPE: </SPAN><SPAN CLASS="c2">Peri&oacute;dico</SPAN></P>
</DIV>
<BR><DIV CLASS="c5"><P CLASS="c6"><SPAN CLASS="c9">SUBJECT: </SPAN><SPAN CLASS="c2">Pol&iacute;tica (94%)</SPAN></P>
</DIV>
<BR><DIV CLASS="c5"><P CLASS="c6"><SPAN CLASS="c9">IPTC SUBJECT: </SPAN><SPAN CLASS="c2">Politica; deporte</SPAN></P>
</DIV>
<BR><DIV CLASS="c5"><P CLASS="c6"><SPAN CLASS="c9">LOAD-DATE: </SPAN><SPAN CLASS="c2">December 19, 2015</SPAN></P>
</DIV>
<BR><DIV CLASS="c0"><BR><P CLASS="c1"><SPAN CLASS="c2">Copyright 2015 El Pais Internacional S.A.<BR>All Rights Reserved</SPAN></P>
</DIV>
</BODY>
</HTML>