<HTML>
<HEAD>
<STYLE TYPE="text/css">
.c0 { text-align: center; }
.c1 { text-align: center; margin-top: 0em; margin-bottom: 0em; }
.c2 { font-family: 'Courier New',Courier; font-size: 10pt; font-style: normal; font-weight: normal; color: #000000; text-decoration: none; }
.c3 { text-align: center; margin-left: 13%; margin-right: 13%; }
.c4 { font-family: 'Courier New',Courier; font-size: 10pt; font-style: normal; font-weight: bold; color: #CC0033; text-decoration: none; }
.c5 { text-align: left; }
.c6 { text-align: left; margin-top: 0em; margin-bottom: 0em; }
.c7 { font-family: 'Courier New',Courier; font-size: 14pt; font-style: normal; font-weight: bold; color: #000000; text-decoration: none; }
.c8 { font-family: 'Courier New',Courier; font-size: 14pt; font-style: normal; font-weight: bold; color: #CC0033; text-decoration: none; }
.c9 { font-family: 'Courier New',Courier; font-size: 10pt; font-style: normal; font-weight: bold; color: #000000; text-decoration: none; }
.c10 { text-align: left; margin-top: 1em; margin-bottom: 0em; }
.c11 { page-break-before: always; }
</STYLE>
</HEAD>
<BODY>
<BR><DIV CLASS="c0"><P CLASS="c1"><SPAN CLASS="c2">320 of 935 DOCUMENTS</SPAN></P>
</DIV>
<BR><DIV CLASS="c0"><BR><P CLASS="c1"><IMG SRC="http://www.lexisnexis.com/lnacui2api/results/docview/attachRetrieve.do?smi=LOGOS&key=38401&componentseq=1&type=logo&inline=y" ALT="http://www.lexisnexis.com/lnacui2api/results/docview/attachRetrieve.do?smi=LOGOS&key=38401&componentseq=1&type=logo&inline=y"><BR><SPAN CLASS="c2">El Pais</SPAN></P>
</DIV>
<BR><DIV CLASS="c3"><P CLASS="c1"><SPAN CLASS="c4">December</SPAN><SPAN CLASS="c2"> 3, 2015 Thursday</SPAN><SPAN CLASS="c2">&nbsp;</SPAN><SPAN CLASS="c2">&nbsp;<BR>Nacional Edici&oacute;n</SPAN></P>
</DIV>
<BR><DIV CLASS="c5"><P CLASS="c6"><SPAN CLASS="c7">La caravana del PP huye del gran mitin y las capitales</SPAN></P>
</DIV>
<BR><DIV CLASS="c5"><P CLASS="c6"><SPAN CLASS="c9">BYLINE: </SPAN><SPAN CLASS="c2">NATALIA JUNQUERA / JAVIER CASQUEIRO</SPAN></P>
</DIV>
<BR><DIV CLASS="c5"><P CLASS="c6"><SPAN CLASS="c9">SECTION: </SPAN><SPAN CLASS="c2">ESPA&ntilde;A; Base; P&aacute;g. 20</SPAN></P>
</DIV>
<BR><DIV CLASS="c5"><P CLASS="c6"><SPAN CLASS="c9">LENGTH: </SPAN><SPAN CLASS="c2">430 words</SPAN></P>
</DIV>
<BR><DIV CLASS="c5"><P CLASS="c6"><SPAN CLASS="c9">DATELINE: </SPAN><SPAN CLASS="c2">Madrid </SPAN></P>
</DIV>
<BR><DIV CLASS="c5"><P CLASS="c10"><SPAN CLASS="c2">El PP quiere hacer una campa&ntilde;a distinta. Huir&aacute;n de las capitales y del tradicional mitin en grandes plazas de toros. Han dise&ntilde;ado un plan de actos peque&ntilde;os con los que pretenden dar imagen de cercan&iacute;a; en pueblos donde creen que pueden tener un impacto medi&aacute;tico mayor que en las grandes ciudades. En los pr&oacute;ximos seis d&iacute;as Mariano Rajoy visitar&aacute; tres veces Andaluc&iacute;a, donde se reparten 60 esca&ntilde;os del Congreso. Tambi&eacute;n ir&aacute; en dos ocasiones a la Comunidad Valenciana, uno de sus feudos tradicionales y donde </SPAN><SPAN CLASS="c4">Ciudadanos</SPAN><SPAN CLASS="c2"> les come votos y terreno.</SPAN><SPAN CLASS="c2">&nbsp;</SPAN></P>
<P CLASS="c10"><SPAN CLASS="c2">Entre la precampa&ntilde;a y la campa&ntilde;a electoral, que arranca esta noche, el PP habr&aacute; visitado todas las autonom&iacute;as para pedir el voto el 20 de diciembre. Rajoy comenzar&aacute; su periplo en &Aacute;vila, la misma plaza donde </SPAN><SPAN CLASS="c4">Albert Rivera (Ciudadanos</SPAN><SPAN CLASS="c2">), el hombre que m&aacute;s votos les quita, habl&oacute; por primera vez de &quot;la segunda transici&oacute;n&quot;. El lunes y martes los pasar&aacute; en Andaluc&iacute;a, donde se reparten 60 esca&ntilde;os al Congreso, y donde visitar&aacute; municipios de M&aacute;laga (Estepona) y C&aacute;diz (Algeciras). A Catalu&ntilde;a, donde se reparten 47 esca&ntilde;os, Rajoy ir&aacute; solo el 17 de diciembre.</SPAN></P>
<P CLASS="c10"><SPAN CLASS="c2">En las pasadas elecciones catalanas, los populares han dejado de ser el referente del centro derecha, desplazados por </SPAN><SPAN CLASS="c4">Ciudadanos</SPAN><SPAN CLASS="c2">. Sin embargo, el desaf&iacute;o soberanista es una de las dos grandes ideas -la otra es la recuperaci&oacute;n econ&oacute;mica y la creaci&oacute;n de empleo- de la campa&ntilde;a de Rajoy, o al menos, a las que m&aacute;s tiempo dedica en sus intervenciones.</SPAN></P>
<P CLASS="c10"><SPAN CLASS="c2">El motivo de huir de las grandes capitales y el mitin tradicional es dar una imagen de cercan&iacute;a -el presidente que juega al domin&oacute; con los vecinos de Olmedo o se toma ca&ntilde;as en B&eacute;jar-, pero sobre todo, amarrar el voto rural (15 millones de personas viven en las ciudades de menos de 20.000 habitantes), donde sus competidores tienen menos implantaci&oacute;n y ventaja. Los fines de semana, de momento, Rajoy los dedicar&aacute; a preparar dos intervenciones televisivas: este s&aacute;bado en La Sexta Noche, y el 12 de diciembre en Qu&eacute; tiempo tan feliz, el programa de Mar&iacute;a Teresa Campos.</SPAN></P>
<P CLASS="c10"><SPAN CLASS="c2">En todos sus discursos, el candidato popular alertar&aacute; de los peligros de &quot;volver atr&aacute;s&quot;, es decir, de que gane el PSOE, o &quot;ponerse a hacer experimentos&quot;, en alusi&oacute;n a Podemos y </SPAN><SPAN CLASS="c4">Ciudadanos</SPAN><SPAN CLASS="c2">. Rajoy casi nunca les llama por su nombre, pero siempre hace referencia a las dos nuevas formaciones. Ayer, en Badajoz, los descalific&oacute; como &quot;los que nacieron en una tertulia&quot; o &quot;partidos que son pandillas de cuatro amigos&quot; sin experiencia ni de concejales. El candidato insiste en que con ellos en el Gobierno se torcer&iacute;a la recuperaci&oacute;n y se pondr&iacute;a en peligro la unidad de Espa&ntilde;a.</SPAN></P>
</DIV>
<BR><DIV CLASS="c5"><P CLASS="c6"><SPAN CLASS="c9">LANGUAGE: </SPAN><SPAN CLASS="c2">SPANISH; ESPA&Ntilde;OL</SPAN></P>
</DIV>
<BR><DIV CLASS="c5"><P CLASS="c6"><SPAN CLASS="c9">PUBLICATION-TYPE: </SPAN><SPAN CLASS="c2">Peri&oacute;dico</SPAN></P>
</DIV>
<BR><DIV CLASS="c5"><P CLASS="c6"><SPAN CLASS="c9">SUBJECT: </SPAN><SPAN CLASS="c2">Pol&iacute;tica (94%)</SPAN></P>
</DIV>
<BR><DIV CLASS="c5"><P CLASS="c6"><SPAN CLASS="c9">IPTC SUBJECT: </SPAN><SPAN CLASS="c2">Politica</SPAN></P>
</DIV>
<BR><DIV CLASS="c5"><P CLASS="c6"><SPAN CLASS="c9">LOAD-DATE: </SPAN><SPAN CLASS="c2">December 2, 2015</SPAN></P>
</DIV>
<BR><DIV CLASS="c0"><BR><P CLASS="c1"><SPAN CLASS="c2">Copyright 2015 El Pais Internacional S.A.<BR>All Rights Reserved</SPAN></P>
</DIV>
</BODY>
</HTML>