<HTML>
<HEAD>
<STYLE TYPE="text/css">
.c0 { text-align: center; }
.c1 { text-align: center; margin-top: 0em; margin-bottom: 0em; }
.c2 { font-family: 'Courier New',Courier; font-size: 10pt; font-style: normal; font-weight: normal; color: #000000; text-decoration: none; }
.c3 { text-align: center; margin-left: 13%; margin-right: 13%; }
.c4 { font-family: 'Courier New',Courier; font-size: 10pt; font-style: normal; font-weight: bold; color: #CC0033; text-decoration: none; }
.c5 { text-align: left; }
.c6 { text-align: left; margin-top: 0em; margin-bottom: 0em; }
.c7 { font-family: 'Courier New',Courier; font-size: 14pt; font-style: normal; font-weight: bold; color: #000000; text-decoration: none; }
.c8 { font-family: 'Courier New',Courier; font-size: 14pt; font-style: normal; font-weight: bold; color: #CC0033; text-decoration: none; }
.c9 { font-family: 'Courier New',Courier; font-size: 10pt; font-style: normal; font-weight: bold; color: #000000; text-decoration: none; }
.c10 { text-align: left; margin-top: 1em; margin-bottom: 0em; }
.c11 { page-break-before: always; }
</STYLE>
</HEAD>
<BODY>
<BR><DIV CLASS="c0"><P CLASS="c1"><SPAN CLASS="c2">476 of 935 DOCUMENTS</SPAN></P>
</DIV>
<BR><DIV CLASS="c0"><BR><P CLASS="c1"><IMG SRC="http://www.lexisnexis.com/lnacui2api/results/docview/attachRetrieve.do?smi=LOGOS&key=38401&componentseq=1&type=logo&inline=y" ALT="http://www.lexisnexis.com/lnacui2api/results/docview/attachRetrieve.do?smi=LOGOS&key=38401&componentseq=1&type=logo&inline=y"><BR><SPAN CLASS="c2">El Pais</SPAN></P>
</DIV>
<BR><DIV CLASS="c3"><P CLASS="c1"><SPAN CLASS="c4">December</SPAN><SPAN CLASS="c2"> 14, 2015 Monday</SPAN><SPAN CLASS="c2">&nbsp;</SPAN><SPAN CLASS="c2">&nbsp;<BR>Andaluc&iacute;a Edici&oacute;n</SPAN></P>
</DIV>
<BR><DIV CLASS="c5"><P CLASS="c6"><SPAN CLASS="c7">El tiempo de pactar (con todos)</SPAN></P>
</DIV>
<BR><DIV CLASS="c5"><P CLASS="c6"><SPAN CLASS="c9">BYLINE: </SPAN><SPAN CLASS="c2">JOS&Eacute; JUAN TOHARIA</SPAN></P>
</DIV>
<BR><DIV CLASS="c5"><P CLASS="c6"><SPAN CLASS="c9">SECTION: </SPAN><SPAN CLASS="c2">ESPA&ntilde;A; Base; P&aacute;g. 14 [AN] AN&Aacute;LISIS</SPAN></P>
</DIV>
<BR><DIV CLASS="c5"><P CLASS="c6"><SPAN CLASS="c9">LENGTH: </SPAN><SPAN CLASS="c2">573 words</SPAN></P>
</DIV>
<BR><DIV CLASS="c5"><P CLASS="c10"><SPAN CLASS="c2">Por primera vez en la actual democracia, los dos grandes partidos (PSOE y PP) que han protagonizado de forma pr&aacute;cticamente hegem&oacute;nica casi toda su andadura habr&aacute;n de compartir -y con peso no muy desigual- la escena pol&iacute;tica con dos reci&eacute;n llegados: </SPAN><SPAN CLASS="c4">Ciudadanos</SPAN><SPAN CLASS="c2"> y Podemos. El 21 de diciembre, haber ganado -o perdido- la elecci&oacute;n no va a significar lo mismo que en anteriores ocasiones.</SPAN></P>
<P CLASS="c10"><SPAN CLASS="c2">Con cuatro protagonistas en escena, se abrir&aacute; un tiempo nuevo en el que quien finalmente gobierne habr&aacute; de hacerlo pactando todo, todos los d&iacute;as y con todos. Es decir, ajust&aacute;ndose a unas reglas de juego hasta ahora in&eacute;ditas, y en las que ganar no significar&aacute;, sin m&aacute;s, mandar, sino dialogar, negociar y pactar permanentemente: cintura en vez de m&uacute;sculo, ductilidad en vez de fuerza.</SPAN><SPAN CLASS="c2">&nbsp;</SPAN></P>
<P CLASS="c10"><SPAN CLASS="c2">Una no f&aacute;cil reconversi&oacute;n de nuestra cultura pol&iacute;tica, pero que coincide milim&eacute;tricamente con lo que la ciudadan&iacute;a espa&ntilde;ola lleva a&ntilde;os reclamando: que en la vida p&uacute;blica prime, como norma, la concordia sobre la confrontaci&oacute;n y la reforma sobre el inmovilismo.</SPAN></P>
<P CLASS="c10"><SPAN CLASS="c2">A una semana de las elecciones del 20 de diciembre, y seg&uacute;n este &uacute;ltimo sondeo preelectoral de Metroscopia, el mapa electoral tiende a clarificarse, dentro siempre de una b&aacute;sica -y llamativa- cercan&iacute;a en votos (aunque no por ello en esca&ntilde;os, por mor de nuestro sistema electoral) entre los cuatro principales partidos.</SPAN></P>
<P CLASS="c10"><SPAN CLASS="c2">El PP parece haber cobrado en estos d&iacute;as &uacute;ltimos alguna ventaja, y con un 25,3% de los votos (2,6 puntos m&aacute;s que hace dos semanas) podr&iacute;a conseguir entre 105 y 112 esca&ntilde;os.</SPAN></P>
<P CLASS="c10"><SPAN CLASS="c2">El PSOE lograr&iacute;a seguir segundo, a alguna mayor distancia ahora (4,3 puntos) y con un total de 85 a 94 esca&ntilde;os. Entre los dos partidos emergentes, Podemos muestra en este momento una clara tendencia al alza, que se traducir&iacute;a en un 19,1% de los votos y en 55-64 esca&ntilde;os. Por contra, en este ecuador de la campa&ntilde;a, </SPAN><SPAN CLASS="c4">Ciudadanos</SPAN><SPAN CLASS="c2"> registra una clara interrupci&oacute;n de lo que ven&iacute;a siendo desde el pasado mes de octubre una continuada progresi&oacute;n en apoyo </SPAN><SPAN CLASS="c4">ciudadano</SPAN><SPAN CLASS="c2">: con un 18,2% de los votos (4,4 puntos menos que hace quince d&iacute;as) obtendr&iacute;a entre 53 y 67 esca&ntilde;os. La formaci&oacute;n que preside </SPAN><SPAN CLASS="c4">Albert Rivera</SPAN><SPAN CLASS="c2"> habr&iacute;a redirigido hacia el Partido Popular, e incluso hacia Podemos, a algunos de los potenciales votantes que hab&iacute;a ido atrayendo, pero nada impide pensar que pueda, en los d&iacute;as que quedan hasta las elecciones, recuperarlos, o incluso aumentarlos.</SPAN></P>
<P CLASS="c10"><SPAN CLASS="c2">Porque si algo caracteriza el panorama electoral actual es la persistencia en el mismo de sustanciales dosis de labilidad e intercambiabilidad. Ante un abanico de opciones con probabilidades reales de pesar en la vida p&uacute;blica m&aacute;s diverso y plural que nunca, los espa&ntilde;oles se sienten a la vez m&aacute;s motivados (no es impensable una participaci&oacute;n que se acerque el 80% hist&oacute;rico de 1982) y, al tiempo, m&aacute;s cautelosamente atentos a los detalles y, por ello, vacilantes. Ahora las diferencias entre unas y otras formaciones pol&iacute;ticas tienden a ser en mayor medida de trazo fino que de brocha gorda.</SPAN></P>
<P CLASS="c10"><SPAN CLASS="c2">El perfil final, dentro de una semana, de la foto fija que representan estos datos est&aacute; a&uacute;n por cristalizar. En pocas ocasiones, tan pocos d&iacute;as pueden introducir tantos matices que sin cambiar el dibujo esencial puedan variar su coloratura.</SPAN></P>
<P CLASS="c10"><SPAN CLASS="c2">Tan solo est&aacute; ya meridianamente claro que los espa&ntilde;oles van a conseguir, por fin, lo que, sondeo tras sondeo, insistentemente han reclamado: orientar el rumbo colectivo hacia la cultura del pacto. [PG] Jos&eacute; Juan Toharia es presidente de Metroscopia.</SPAN></P>
</DIV>
<BR><DIV CLASS="c5"><P CLASS="c6"><SPAN CLASS="c9">LANGUAGE: </SPAN><SPAN CLASS="c2">SPANISH; ESPA&Ntilde;OL</SPAN></P>
</DIV>
<BR><DIV CLASS="c5"><P CLASS="c6"><SPAN CLASS="c9">PUBLICATION-TYPE: </SPAN><SPAN CLASS="c2">Peri&oacute;dico</SPAN></P>
</DIV>
<BR><DIV CLASS="c5"><P CLASS="c6"><SPAN CLASS="c9">SUBJECT: </SPAN><SPAN CLASS="c2">Pol&iacute;tica (94%)</SPAN></P>
</DIV>
<BR><DIV CLASS="c5"><P CLASS="c6"><SPAN CLASS="c9">IPTC SUBJECT: </SPAN><SPAN CLASS="c2">Politica</SPAN></P>
</DIV>
<BR><DIV CLASS="c5"><P CLASS="c6"><SPAN CLASS="c9">LOAD-DATE: </SPAN><SPAN CLASS="c2">December 13, 2015</SPAN></P>
</DIV>
<BR><DIV CLASS="c0"><BR><P CLASS="c1"><SPAN CLASS="c2">Copyright 2015 El Pais Internacional S.A.<BR>All Rights Reserved</SPAN></P>
</DIV>
</BODY>
</HTML>