<HTML>
<HEAD>
<STYLE TYPE="text/css">
.c0 { text-align: center; }
.c1 { text-align: center; margin-top: 0em; margin-bottom: 0em; }
.c2 { font-family: 'Courier New',Courier; font-size: 10pt; font-style: normal; font-weight: normal; color: #000000; text-decoration: none; }
.c3 { text-align: center; margin-left: 13%; margin-right: 13%; }
.c4 { font-family: 'Courier New',Courier; font-size: 10pt; font-style: normal; font-weight: bold; color: #CC0033; text-decoration: none; }
.c5 { text-align: left; }
.c6 { text-align: left; margin-top: 0em; margin-bottom: 0em; }
.c7 { font-family: 'Courier New',Courier; font-size: 14pt; font-style: normal; font-weight: bold; color: #000000; text-decoration: none; }
.c8 { font-family: 'Courier New',Courier; font-size: 14pt; font-style: normal; font-weight: bold; color: #CC0033; text-decoration: none; }
.c9 { font-family: 'Courier New',Courier; font-size: 10pt; font-style: normal; font-weight: bold; color: #000000; text-decoration: none; }
.c10 { text-align: left; margin-top: 1em; margin-bottom: 0em; }
.c11 { page-break-before: always; }
</STYLE>
</HEAD>
<BODY>
<BR><DIV CLASS="c0"><P CLASS="c1"><SPAN CLASS="c2">10 of 935 DOCUMENTS</SPAN></P>
</DIV>
<BR><DIV CLASS="c0"><BR><P CLASS="c1"><IMG SRC="http://www.lexisnexis.com/lnacui2api/results/docview/attachRetrieve.do?smi=LOGOS&key=38401&componentseq=1&type=logo&inline=y" ALT="http://www.lexisnexis.com/lnacui2api/results/docview/attachRetrieve.do?smi=LOGOS&key=38401&componentseq=1&type=logo&inline=y"><BR><SPAN CLASS="c2">El Pais</SPAN></P>
</DIV>
<BR><DIV CLASS="c3"><P CLASS="c1"><SPAN CLASS="c4">December</SPAN><SPAN CLASS="c2"> 21, 2015 Monday</SPAN><SPAN CLASS="c2">&nbsp;</SPAN><SPAN CLASS="c2">&nbsp;<BR>1&ordf; Ed. Madrid Edici&oacute;n</SPAN></P>
</DIV>
<BR><DIV CLASS="c5"><P CLASS="c6"><SPAN CLASS="c7">La izquierda cede ante el PP en la capital sin el impulso de Carmena</SPAN></P>
</DIV>
<BR><DIV CLASS="c5"><P CLASS="c6"><SPAN CLASS="c9">BYLINE: </SPAN><SPAN CLASS="c2">BRUNO GARC&Iacute;A GALLO</SPAN></P>
</DIV>
<BR><DIV CLASS="c5"><P CLASS="c6"><SPAN CLASS="c9">SECTION: </SPAN><SPAN CLASS="c2">MADRID; Madrid; P&aacute;g. 3</SPAN></P>
</DIV>
<BR><DIV CLASS="c5"><P CLASS="c6"><SPAN CLASS="c9">LENGTH: </SPAN><SPAN CLASS="c2">1465 words</SPAN></P>
</DIV>
<BR><DIV CLASS="c5"><P CLASS="c6"><SPAN CLASS="c9">DATELINE: </SPAN><SPAN CLASS="c2">Madrid </SPAN></P>
</DIV>
<BR><DIV CLASS="c5"><P CLASS="c10"><SPAN CLASS="c2">El Partido Popular lleva ganando las elecciones generales en la capital desde 1989, y ayer volvi&oacute; a ser la fuerza m&aacute;s votada. Pero lejos quedan ya las mayor&iacute;as absolutas de las que presum&iacute;an sus dirigentes regionales, y en especial su presidenta, Esperanza Aguirre, en la &uacute;ltima d&eacute;cada. El explosivo auge de Podemos y </SPAN><SPAN CLASS="c4">Ciudadanos</SPAN><SPAN CLASS="c2"> en el &uacute;ltimo a&ntilde;o ha limado la supremac&iacute;a del PP, que incluso hubiera perdido la mayor&iacute;a en favor de la izquierda si no fuera por el inagotable desplome socialista y la ausencia de Manuela Carmena. El PSOE no s&oacute;lo consigue incrementar la magnitud de su derrota cada vez que los madrile&ntilde;os acuden a las urnas: ayer qued&oacute; relegado a un irrelevante cuarto puesto, detr&aacute;s de </SPAN><SPAN CLASS="c4">Ciudadanos</SPAN><SPAN CLASS="c2">, que experiment&oacute; la mayor subida.</SPAN></P>
<P CLASS="c10"><SPAN CLASS="c2">Escrutadas anoche el 99% de las papeletas, el Partido Popular logr&oacute; el 35,7% votos en la capital en las elecciones generales del domingo con el presidente del Gobierno, Mariano Rajoy, como candidato. El pasado mes de mayo, Esperanza Aguirre obtuvo el 34,5% de los votos en los comicios municipales; en los meses anteriores, la presidenta regional del Partido Popular hab&iacute;a promocionado su candidatura ante la direcci&oacute;n de su partido destacando un estado de opini&oacute;n que defend&iacute;a que s&oacute;lo ella pod&iacute;a conquistar Madrid, que ten&iacute;a m&aacute;s tir&oacute;n incluso que las siglas.</SPAN><SPAN CLASS="c2">&nbsp;</SPAN></P>
<P CLASS="c10"><SPAN CLASS="c2">Aguirre se qued&oacute; en mayo a 7.000 votos de arrebatar un edil a Manuela Carmena que, con el respaldo de </SPAN><SPAN CLASS="c4">Ciudadanos</SPAN><SPAN CLASS="c2">, le habr&iacute;a dado la mayor&iacute;a absoluta. A&uacute;n no se ha recuperado del mazazo (de exministra y expresidenta regional pas&oacute; a concejal en la oposici&oacute;n, quiz&aacute; el cargo electo m&aacute;s ingrato de la pol&iacute;tica), que probablemente le cueste adem&aacute;s en unas semanas la presidencia de su formaci&oacute;n en Madrid, a la que aspira la pujante Cristina Cifuentes.</SPAN></P>
<P CLASS="c10"><SPAN CLASS="c2">De hecho, ha sido Cifuentes la que, ya como presidenta auton&oacute;mica, ha encabezado la campa&ntilde;a electoral en las &uacute;ltimas semanas, hombro a hombro con Rajoy, al que debe su puesto (la eligi&oacute; como candidata desplazando al entonces presidente regional, Ignacio Gonz&aacute;lez, pero al contrario que con Aguirre, lo hizo a gusto).</SPAN></P>
<P CLASS="c10"><SPAN CLASS="c2">Rajoy tambi&eacute;n super&oacute; ayer el resultado del PP en las elecciones al Parlamento Europeo de mayo de 2014 (32,4%), con Miguel Arias-Ca&ntilde;ete como candidato. A partir de ah&iacute;, las comparativas s&oacute;lo conducen a la desesperanza para la formaci&oacute;n conservadora: en las elecciones generales de 2011, Rajoy obtuvo el 51,6% de votos en la capital; en 2008, el 50,6% (y eso pese a que los comicios los gan&oacute; en esa ocasi&oacute;n el socialista Jos&eacute; Luis Rodr&iacute;guez Zapatero).</SPAN></P>
<P CLASS="c10"><SPAN CLASS="c2">El en&eacute;simo batacazo del PSOE.Al PSOE en la capital no le benefici&oacute; que Podemos e Izquierda Unida se presentaran con una sola candidatura en las pasadas municipales. Fue derrotado cuando lo lideraba Alfredo P&eacute;rez Rubalcaba (2012), con Jos&eacute; Luis Rodr&iacute;guez Zapatero (2008) y Pedro S&aacute;nchez (ayer). Tampoco la candidatura de municipal de Jaime Lissavetzky (2011) o de Antonio Miguel Carmona (2015), enfrentados, evitaron la derrota. No le viene bien que lo comande a nivel regional Tom&aacute;s G&oacute;mez o que &eacute;ste sea defenestrado en favor de una poco desconocida Sara Hern&aacute;ndez. Al PSOE en la capital no le vienen bien las elecciones con la izquierda dividida. De hecho, cada vez le vienen peor.</SPAN></P>
<P CLASS="c10"><SPAN CLASS="c2">Ayer descendi&oacute; un pelda&ntilde;o m&aacute;s, aunque parec&iacute;a dif&iacute;cil conseguirlo, certificando la falta de un liderazgo fuerte y la lucha interna que abocan a un congreso regional en semanas.</SPAN></P>
<P CLASS="c10"><SPAN CLASS="c2">Los socialistas, con Pedro S&aacute;nchez como cabeza de lista, obtuvieron el 17% de los votos. Casi hicieron bueno as&iacute; el 15,3% de las elecciones municipales de mayo (Carmona fue defenestrado tambi&eacute;n por S&aacute;nchez en agosto), en las que al menos el PSOE qued&oacute; en tercera posici&oacute;n: ayer fue cuarta fuerza pol&iacute;tica, por detr&aacute;s de PP, Podemos y </SPAN><SPAN CLASS="c4">Ciudadanos</SPAN><SPAN CLASS="c2">.</SPAN></P>
<P CLASS="c10"><SPAN CLASS="c2">En las europeas de 2014, con Elena Valenciano (de la m&aacute;xima confianza de Rubalcaba) como cabeza de cartel, el PSOE obtuvo el 18,2% de los votos. En 2011, el propio Rubalcaba logr&oacute; en la capital el 25,7%. En 2008, con Zapatero, el 38%. Hay que remontarse a 1986 para encontrar al PSOE por delante del PP en la ciudad.</SPAN></P>
<P CLASS="c10"><SPAN CLASS="c2">Podemos lidera a la izquierda. Con Pablo Iglesias como cabeza de cartel, Podemos desplaz&oacute; ayer al PSOE como segunda fuerza pol&iacute;tica en la capital y puntal de la izquierda, aunque muy lejos a&uacute;n del Partido Popular. Podemos obtuvo el 20,8% de los votos. Duplic&oacute; as&iacute; el porcentaje que obtuvo en su estreno (10,4%), en las elecciones al Parlamento Europeo de 2014. Y mejor&oacute; el 17,7% que logr&oacute; en la capital en las elecciones auton&oacute;micas del mes de mayo.</SPAN></P>
<P CLASS="c10"><SPAN CLASS="c2">En este caso, no se puede comparar el resultado con las elecciones municipales que se celebraron el mismo d&iacute;a porque Podemos no concurri&oacute; en solitario sino dentro de Ahora Madrid, una formaci&oacute;n integrada adem&aacute;s por un sector de Izquierda Unida, Ganemos, Equo y otros movimientos sociales.</SPAN></P>
<P CLASS="c10"><SPAN CLASS="c2">Al frente de esa lista acept&oacute; concurrir Manuela Carmena. La actual alcaldesa (que ha evitado participar en esta campa&ntilde;a electoral) reuni&oacute; el 31,8% de los votos, frente al 34,5% de Aguirre. Gobierna ahora gracias al respaldo del PSOE y a que el PP se qued&oacute; a 7.000 votos de arrebatarle un concejal y sumar as&iacute; una hipot&eacute;tica mayor&iacute;a absoluta con el apoyo de </SPAN><SPAN CLASS="c4">Ciudadanos</SPAN><SPAN CLASS="c2"> (su l&iacute;der, Bego&ntilde;a Villac&iacute;s, dej&oacute; claro que apoyar&iacute;a a la lista m&aacute;s votada).</SPAN></P>
<P CLASS="c10"><SPAN CLASS="c2">Izquierda Unida, con Alberto Garz&oacute;n de candidato, sum&oacute; ayer el 5,3 de los votos, por lo que, en caso de haber concurrido junto a Podemos (como hizo un sector de la formaci&oacute;n en las municipales), habr&iacute;an sumado el 26,1%. Muy lejos incluso as&iacute; del PP (35,7%).</SPAN></P>
<P CLASS="c10"><SPAN CLASS="c2">En las municipales de mayo, el sector de IU que opt&oacute; por concurrir con sus siglas consigui&oacute; el 1,7% de los votos. En las auton&oacute;micas celebradas el mismo d&iacute;a, en las que s&iacute; particip&oacute; unida y s&oacute;lo con sus siglas, logr&oacute; el 4,2%. El auge de Podemos ha alejado al menos de momento resultados como el de las europeas de 2014 (10,3%, ya por detr&aacute;s de la formaci&oacute;n de Pablo Iglesias pese a estar reci&eacute;n nacida). En 2011, IU obtuvo el 7,9%; en 2008, el 4,7%.</SPAN></P>
<P CLASS="c10"><SPAN CLASS="c4">Ciudadanos</SPAN><SPAN CLASS="c2">, auge agridulce.</SPAN></P>
<P CLASS="c10"><SPAN CLASS="c2">La candidatura liderada por </SPAN><SPAN CLASS="c4">Albert Rivera</SPAN><SPAN CLASS="c2"> obtuvo ayer el 17,4% de los votos en la capital. </SPAN><SPAN CLASS="c4">Ciudadanos</SPAN><SPAN CLASS="c2"> es pr&aacute;cticamente irrelevante en t&eacute;rminos de votaciones en el Ayuntamiento de Madrid por la mayor&iacute;a absoluta que ostentan Ahora Madrid y PSOE, pero s&iacute; sostiene con sus diputados regionales a Cristina Cifuentes (PP) al frente del Gobierno auton&oacute;mico. Horas antes de las elecciones del domingo, Rivera insinu&oacute; que apoyar&iacute;a al PP antes que a una hipot&eacute;tica coalici&oacute;n de PSOE y Podemos para llegar a La Moncloa.</SPAN></P>
<P CLASS="c10"><SPAN CLASS="c2">El l&iacute;der de </SPAN><SPAN CLASS="c4">Ciudadanos</SPAN><SPAN CLASS="c2"> mejor&oacute; ayer el 11,28% de votos de su partido en la capital en las elecciones auton&oacute;micas de mayo y el 11,41% logrado en las municipales.</SPAN></P>
<P CLASS="c10"><SPAN CLASS="c2">Muy lejos queda el 4,71% que obtuvo su formaci&oacute;n en las elecciones al Parlamento Europeo de 2014, pr&aacute;cticamente su debut en la pol&iacute;tica nacional. Pero tambi&eacute;n quedan lejos los resultados pronosticados por la mayor&iacute;a de sondeos, que colocaban a </SPAN><SPAN CLASS="c4">Ciudadanos</SPAN><SPAN CLASS="c2"> code&aacute;ndose pr&aacute;cticamente con PP, Podemos y PSOE. Lejos, al menos, en lo que se refiere al PP y, en menor medida, a Podemos, puesto que al PSOE ya le ha rebasado </SPAN><SPAN CLASS="c4">Ciudadanos</SPAN><SPAN CLASS="c2"> en la regi&oacute;n y en la capital.</SPAN></P>
<P CLASS="c10"><SPAN CLASS="c2">La defunci&oacute;n de UPyD.</SPAN></P>
<P CLASS="c10"><SPAN CLASS="c2">Uni&oacute;n Progreso y Democracia cerr&oacute; ayer al menos por ahora su p&aacute;gina en la historia pol&iacute;tica madrile&ntilde;a. Liderada a&uacute;n por Rosa D&iacute;ez, UPyD pas&oacute; del 4% de votos en las elecciones generales de 2008 al 9,8% de cuatro a&ntilde;os despu&eacute;s. En las municipales de 2011 tuvo el 7,8%, pero la quiebra interna del &uacute;ltimo a&ntilde;o le expuls&oacute; en mayo tanto del Ayuntamiento como de la Asamblea regional.</SPAN></P>
<P CLASS="c10"><SPAN CLASS="c2">Ayer, en el &uacute;ltimo acto de este desplome, con Andr&eacute;s Herzog como candidato, obtuvo en la capital 23.000 votos (el 1,3% del total), frente a las 166.588 papeletas (el 9,77%) de las elecciones generales de hace cuatro a&ntilde;os.</SPAN></P>
<P CLASS="c10"><SPAN CLASS="c2">Seis distritos de la izquierda. El Partido Popular fue la fuerza m&aacute;s votada ayer en 15 de los 21 distritos de la capital. El PSOE s&oacute;lo se impuso en Villaverde, pr&aacute;cticamente empatado con Podemos y con el propio PP (con el 25% de los votos cada uno).</SPAN></P>
<P CLASS="c10"><SPAN CLASS="c2">La lista de Pablo Iglesias fue la m&aacute;s votada en cinco distritos: Villa de Vallecas, Vic&aacute;lvaro y Usera (el PP fue segundo en esos tres distritos, por delante del PSOE), en Puente de Vallecas (donde el PSOE fue segundo, antes que el PP), y en Centro (donde el PP fue segundo y </SPAN><SPAN CLASS="c4">Ciudadanos</SPAN><SPAN CLASS="c2"> tercero).</SPAN></P>
<P CLASS="c10"><SPAN CLASS="c2">En Arganzuela, Tetu&aacute;n, y Ciudad Lineal, al PP le siguieron Podemos, </SPAN><SPAN CLASS="c4">Ciudadanos</SPAN><SPAN CLASS="c2"> y PSOE. En Barajas, Retiro, Salamanca, Moncloa-Aravaca, Hortaleza, Fuencarral-El Pardo, Chamber&iacute; y Chamart&iacute;n, </SPAN><SPAN CLASS="c4">Ciudadanos</SPAN><SPAN CLASS="c2">, Podemos y PSOE. En Carabanchel, San Blas, Moratalaz, y Latina, Podemos, PSOE y </SPAN><SPAN CLASS="c4">Ciudadanos</SPAN><SPAN CLASS="c2">.</SPAN></P>
<P CLASS="c10"><SPAN CLASS="c2">El Senado, del PP.</SPAN></P>
<P CLASS="c10"><SPAN CLASS="c2">En la capital, los tres aspirantes con mayor n&uacute;mero de votos fueron los del PP (P&iacute;o Garc&iacute;a-Escudero, Mar&iacute;a Rosa Vindel y Carlos Aragon&eacute;s). Les siguieron dos aspirantes de Podemos, una del PSOE, otro de Podemos, dos del PSOE y los tres de </SPAN><SPAN CLASS="c4">Ciudadanos</SPAN><SPAN CLASS="c2">.</SPAN></P>
</DIV>
<BR><DIV CLASS="c5"><P CLASS="c6"><SPAN CLASS="c9">LANGUAGE: </SPAN><SPAN CLASS="c2">SPANISH; ESPA&Ntilde;OL</SPAN></P>
</DIV>
<BR><DIV CLASS="c5"><P CLASS="c6"><SPAN CLASS="c9">PUBLICATION-TYPE: </SPAN><SPAN CLASS="c2">Peri&oacute;dico</SPAN></P>
</DIV>
<BR><DIV CLASS="c5"><P CLASS="c6"><SPAN CLASS="c9">SUBJECT: </SPAN><SPAN CLASS="c2">Pol&iacute;tica (93%)</SPAN></P>
</DIV>
<BR><DIV CLASS="c5"><P CLASS="c6"><SPAN CLASS="c9">IPTC SUBJECT: </SPAN><SPAN CLASS="c2">Politica</SPAN></P>
</DIV>
<BR><DIV CLASS="c5"><P CLASS="c6"><SPAN CLASS="c9">LOAD-DATE: </SPAN><SPAN CLASS="c2">December 20, 2015</SPAN></P>
</DIV>
<BR><DIV CLASS="c0"><BR><P CLASS="c1"><SPAN CLASS="c2">Copyright 2015 El Pais Internacional S.A.<BR>All Rights Reserved</SPAN></P>
</DIV>
</BODY>
</HTML>