<HTML>
<HEAD>
<STYLE TYPE="text/css">
.c0 { text-align: center; }
.c1 { text-align: center; margin-top: 0em; margin-bottom: 0em; }
.c2 { font-family: 'Courier New',Courier; font-size: 10pt; font-style: normal; font-weight: normal; color: #000000; text-decoration: none; }
.c3 { text-align: center; margin-left: 13%; margin-right: 13%; }
.c4 { font-family: 'Courier New',Courier; font-size: 10pt; font-style: normal; font-weight: bold; color: #CC0033; text-decoration: none; }
.c5 { text-align: left; }
.c6 { text-align: left; margin-top: 0em; margin-bottom: 0em; }
.c7 { font-family: 'Courier New',Courier; font-size: 14pt; font-style: normal; font-weight: bold; color: #000000; text-decoration: none; }
.c8 { font-family: 'Courier New',Courier; font-size: 14pt; font-style: normal; font-weight: bold; color: #CC0033; text-decoration: none; }
.c9 { font-family: 'Courier New',Courier; font-size: 10pt; font-style: normal; font-weight: bold; color: #000000; text-decoration: none; }
.c10 { text-align: left; margin-top: 1em; margin-bottom: 0em; }
.c11 { page-break-before: always; }
</STYLE>
</HEAD>
<BODY>
<BR><DIV CLASS="c0"><P CLASS="c1"><SPAN CLASS="c2">230 of 935 DOCUMENTS</SPAN></P>
</DIV>
<BR><DIV CLASS="c0"><BR><P CLASS="c1"><IMG SRC="http://www.lexisnexis.com/lnacui2api/results/docview/attachRetrieve.do?smi=LOGOS&key=38401&componentseq=1&type=logo&inline=y" ALT="http://www.lexisnexis.com/lnacui2api/results/docview/attachRetrieve.do?smi=LOGOS&key=38401&componentseq=1&type=logo&inline=y"><BR><SPAN CLASS="c2">El Pais</SPAN></P>
</DIV>
<BR><DIV CLASS="c3"><P CLASS="c1"><SPAN CLASS="c4">December</SPAN><SPAN CLASS="c2"> 9, 2015 Wednesday</SPAN><SPAN CLASS="c2">&nbsp;</SPAN><SPAN CLASS="c2">&nbsp;<BR>Andaluc&iacute;a Edici&oacute;n</SPAN></P>
</DIV>
<BR><DIV CLASS="c5"><P CLASS="c6"><SPAN CLASS="c7">&iquest;Se pondr&iacute;a una camiseta del partido?</SPAN></P>
</DIV>
<BR><DIV CLASS="c5"><P CLASS="c6"><SPAN CLASS="c9">BYLINE: </SPAN><SPAN CLASS="c2">&Iacute;&Ntilde;IGO DOM&Iacute;NGUEZ</SPAN></P>
</DIV>
<BR><DIV CLASS="c5"><P CLASS="c6"><SPAN CLASS="c9">SECTION: </SPAN><SPAN CLASS="c2">ESPA&ntilde;A; Base; P&aacute;g. 20 [AN] Las siglas tradicionales se lanzan ahora a Internet, pero Podemos y </SPAN><SPAN CLASS="c4">Ciudadanos</SPAN><SPAN CLASS="c2"> mantienen cl&aacute;sicos como el pin y el folleto, porque les favorece el orgullo de marca</SPAN></P>
</DIV>
<BR><DIV CLASS="c5"><P CLASS="c6"><SPAN CLASS="c9">LENGTH: </SPAN><SPAN CLASS="c2">856 words</SPAN></P>
</DIV>
<BR><DIV CLASS="c5"><P CLASS="c6"><SPAN CLASS="c9">DATELINE: </SPAN><SPAN CLASS="c2">Madrid </SPAN></P>
</DIV>
<BR><DIV CLASS="c5"><P CLASS="c10"><SPAN CLASS="c2">La pegada de carteles que abri&oacute; el pasado jueves por la noche la campa&ntilde;a electoral suena un poco antigua y parece m&aacute;s una liturgia heredada, porque de hecho se fabrican cada vez menos. &quot;Hemos trabajado para varios partidos con carteles y folletos, pero desde hace cinco o seis a&ntilde;os ha bajado bastante, cada vez nos encargan menos&quot;, confirman en una imprenta de Madrid. Ha sido imposible que los dos grandes partidos den datos sobre esto. La crisis ha hecho lo suyo, pero tambi&eacute;n que Internet y las redes sociales sean m&aacute;s baratos y eficaces para trasladar el mensaje de campa&ntilde;a. Los nuevos partidos les deben mucho y tambi&eacute;n los tradicionales se han lanzado al mundo digital.</SPAN></P>
<P CLASS="c10"><SPAN CLASS="c2">Pero aqu&iacute; surge una paradoja interesante: mientras PP y PSOE echan el resto en Internet, Podemos es el &uacute;nico que tiene tiendas y a&uacute;n apuesta por camisetas, pines y pulseritas, lo de toda la vida. </SPAN><SPAN CLASS="c4">Ciudadanos</SPAN><SPAN CLASS="c2"> tambi&eacute;n cree mucho en los folletos. &quot;Dudo de que alguien se pusiera una camiseta del PP o del PSOE. Por eso no las hacen. Si gastas en merchandising es para venderlo. Si te da verg&uuml;enza no te pones la camiseta&quot;, dice Jorge Lago, dirigente de Podemos y responsable de La Morada, el primer local del partido, inaugurado hace dos meses, con bar y tienda, en un barrio del sur de Madrid.</SPAN><SPAN CLASS="c2">&nbsp;</SPAN></P>
<P CLASS="c10"><SPAN CLASS="c2">All&iacute;, junto a libros y revistas, hay camisetas de Podemos a nueve euros, bolsas a siete, chapas a uno y la pulserita, lo que m&aacute;s se vende, a dos euros y medio. Es, en lenguaje publicitario, el orgullo de marca. Lo contrario es lo que hace mentir en las encuestas cuando no se dice a qui&eacute;n se va a votar. &quot;Somos un partido nuevo y las camisetas, los logos, los objetos crean una comunidad y una identificaci&oacute;n. Eso hace ver que nuestros votantes son de carne y hueso, los normaliza. La gente ve que no tienen cuernos y rabo&quot;.</SPAN></P>
<P CLASS="c10"><SPAN CLASS="c2">El PSOE no ha colaborado en este reportaje. El PP, por su parte, ha hecho hasta una rueda de prensa para presentar su ambiciosa campa&ntilde;a digital. En ella Pablo Casado, vicesecretario de Comunicaci&oacute;n, afirm&oacute; que &quot;son las elecciones en las que las redes sociales tienen la importancia m&aacute;s relevante&quot;. Los populares han puesto en marcha varios canales &quot;con una estrategia m&aacute;s directa&quot;. Por ejemplo, entre las series de v&iacute;deos destaca una llamada Piensa sin prejuicios con el siguiente lema: &quot;Nunca sabes cu&aacute;ndo tu mente te puede jugar una mala pasada&quot;. Est&aacute; dedicado a rebatir &quot;ideas preconcebidas&quot; sobre el Gobierno.</SPAN></P>
<P CLASS="c10"><SPAN CLASS="c2">Casado corrobora que carteles y folletos son &quot;un gasto residual, m&iacute;nimo&quot; del presupuesto de campa&ntilde;a del PP. Aun as&iacute; opina que el cartel, sobre todo en provincias, sigue funcionando: &quot;Me presentaron un folleto muy bonito, pero dije que no porque era caro. Adem&aacute;s de que la gente piensa que no es momento de lujos, es que prefiero hacer 50 carteles que 100 folletos. La gente quiere ver la cara del candidato&quot;, se&ntilde;ala.</SPAN></P>
<P CLASS="c10"><SPAN CLASS="c2">Podemos es potente en redes sociales -Pablo Iglesias tiene 1,3 millones de seguidores en Twitter, el l&iacute;der m&aacute;s seguido- y ve con sorna los desvelos de PP y PSOE. &quot;La campa&ntilde;a vertical, un emisor activo y un receptor pasivo, ya no funciona. Con las redes sociales el votante participa y discute. PP y PSOE mandan mensajes, no contestan, no debaten, y cuando acaba la campa&ntilde;a dejan de tuitear&quot;, sostiene Lago. Dentro de su mantra de no tener miedo a la democracia, en Podemos dicen tener &quot;un dise&ntilde;o imprevisto de la campa&ntilde;a&quot;, porque la gente les env&iacute;a material. &quot;Algunos de los carteles de las municipales en Madrid que nos mandaron eran mejores que los nuestros&quot;.</SPAN></P>
<P CLASS="c10"><SPAN CLASS="c2">Estas son las primeras elecciones generales en las que hay claramente dos campos de batalla electoral: el anal&oacute;gico y el digital, que llegan a p&uacute;blicos a menudo distintos. &quot;Son dos mundos diferentes y con una brecha generacional. Los carteles son una campa&ntilde;a vieja de efectos modestos, pero si alguien pone uno t&uacute; lo pones, para no estar en desventaja, porque todos los factores tienen efectos, hasta el buzoneo, por m&iacute;nimo que sea. Est&aacute; estudiado&quot;, explica Lluis Orriols, polit&oacute;logo de la universidad Carlos III.</SPAN></P>
<P CLASS="c10"><SPAN CLASS="c2">&quot;Crean rechazo&quot;</SPAN></P>
<P CLASS="c10"><SPAN CLASS="c4">Ciudadanos</SPAN><SPAN CLASS="c2">, por ejemplo, navega bien en las dos aguas. Fernando de P&aacute;ramo, el cerebro de la comunicaci&oacute;n del partido, nota el orgullo de marca de sus siglas en Internet: &quot;PP y PSOE esconden su marca, porque crea rechazo incluso entre sus votantes&quot;, opina. &quot;Pero la nuestra no. Los usuarios de las redes sociales no piensan que les puede perjudicar. La comparten, mandan im&aacute;genes y comentarios, se mezclan con fotos y mensajes de familia y amigos. Entrar ah&iacute; es dif&iacute;cil y muy importante&quot;. Es una se&ntilde;al de expansi&oacute;n, porque los mensajes de </SPAN><SPAN CLASS="c4">Ciudadanos</SPAN><SPAN CLASS="c2"> circulan entre p&uacute;blico ajeno y potencial.</SPAN></P>
<P CLASS="c10"><SPAN CLASS="c2">De P&aacute;ramo admite que las chapas y dem&aacute;s mandangas ocupan para ellos un lugar &quot;anecd&oacute;tico&quot;, pero apunta que los folletos s&iacute; son importantes. Son la artiller&iacute;a de la campa&ntilde;a en la calle. </SPAN><SPAN CLASS="c4">Ciudadanos</SPAN><SPAN CLASS="c2"> tambi&eacute;n en esto es una v&iacute;a intermedia: huye de las grandes vallas publicitarias, pero ha apostado por cartelones en paradas de autob&uacute;s y estaciones de tren y metro. En todo caso esta vez han dejado en segundo plano la marca del partido en favor de su l&iacute;der. Es una estrategia presidencialista en la que </SPAN><SPAN CLASS="c4">Albert Rivera</SPAN><SPAN CLASS="c2"> lo ocupa todo. &Eacute;l es la marca.</SPAN></P>
</DIV>
<BR><DIV CLASS="c5"><P CLASS="c6"><SPAN CLASS="c9">LANGUAGE: </SPAN><SPAN CLASS="c2">SPANISH; ESPA&Ntilde;OL</SPAN></P>
</DIV>
<BR><DIV CLASS="c5"><P CLASS="c6"><SPAN CLASS="c9">PUBLICATION-TYPE: </SPAN><SPAN CLASS="c2">Peri&oacute;dico</SPAN></P>
</DIV>
<BR><DIV CLASS="c5"><P CLASS="c6"><SPAN CLASS="c9">SUBJECT: </SPAN><SPAN CLASS="c2">Pol&iacute;tica (93%)</SPAN></P>
</DIV>
<BR><DIV CLASS="c5"><P CLASS="c6"><SPAN CLASS="c9">IPTC SUBJECT: </SPAN><SPAN CLASS="c2">Politica</SPAN></P>
</DIV>
<BR><DIV CLASS="c5"><P CLASS="c6"><SPAN CLASS="c9">LOAD-DATE: </SPAN><SPAN CLASS="c2">December 8, 2015</SPAN></P>
</DIV>
<BR><DIV CLASS="c0"><BR><P CLASS="c1"><SPAN CLASS="c2">Copyright 2015 El Pais Internacional S.A.<BR>All Rights Reserved</SPAN></P>
</DIV>
</BODY>
</HTML>