<HTML>
<HEAD>
<STYLE TYPE="text/css">
.c0 { text-align: center; }
.c1 { text-align: center; margin-top: 0em; margin-bottom: 0em; }
.c2 { font-family: 'Courier New',Courier; font-size: 10pt; font-style: normal; font-weight: normal; color: #000000; text-decoration: none; }
.c3 { text-align: center; margin-left: 13%; margin-right: 13%; }
.c4 { font-family: 'Courier New',Courier; font-size: 10pt; font-style: normal; font-weight: bold; color: #CC0033; text-decoration: none; }
.c5 { text-align: left; }
.c6 { text-align: left; margin-top: 0em; margin-bottom: 0em; }
.c7 { font-family: 'Courier New',Courier; font-size: 14pt; font-style: normal; font-weight: bold; color: #000000; text-decoration: none; }
.c8 { font-family: 'Courier New',Courier; font-size: 14pt; font-style: normal; font-weight: bold; color: #CC0033; text-decoration: none; }
.c9 { font-family: 'Courier New',Courier; font-size: 10pt; font-style: normal; font-weight: bold; color: #000000; text-decoration: none; }
.c10 { text-align: left; margin-top: 1em; margin-bottom: 0em; }
.c11 { page-break-before: always; }
</STYLE>
</HEAD>
<BODY>
<BR><DIV CLASS="c0"><P CLASS="c1"><SPAN CLASS="c2">395 of 935 DOCUMENTS</SPAN></P>
</DIV>
<BR><DIV CLASS="c0"><BR><P CLASS="c1"><IMG SRC="http://www.lexisnexis.com/lnacui2api/results/docview/attachRetrieve.do?smi=LOGOS&key=38401&componentseq=1&type=logo&inline=y" ALT="http://www.lexisnexis.com/lnacui2api/results/docview/attachRetrieve.do?smi=LOGOS&key=38401&componentseq=1&type=logo&inline=y"><BR><SPAN CLASS="c2">El Pais</SPAN></P>
</DIV>
<BR><DIV CLASS="c3"><P CLASS="c1"><SPAN CLASS="c4">December</SPAN><SPAN CLASS="c2"> 4, 2015 Friday</SPAN><SPAN CLASS="c2">&nbsp;</SPAN><SPAN CLASS="c2">&nbsp;<BR>Comunidad Valenciana Edici&oacute;n</SPAN></P>
</DIV>
<BR><DIV CLASS="c5"><P CLASS="c6"><SPAN CLASS="c8">Albert Rivera</SPAN><SPAN CLASS="c7"> es el mejor valorado y S&aacute;nchez supera a Iglesias y a Rajoy</SPAN></P>
</DIV>
<BR><DIV CLASS="c5"><P CLASS="c6"><SPAN CLASS="c9">BYLINE: </SPAN><SPAN CLASS="c2">E. G. DE B.</SPAN></P>
</DIV>
<BR><DIV CLASS="c5"><P CLASS="c6"><SPAN CLASS="c9">SECTION: </SPAN><SPAN CLASS="c2">ESPA&ntilde;A; Base; P&aacute;g. 21</SPAN></P>
</DIV>
<BR><DIV CLASS="c5"><P CLASS="c6"><SPAN CLASS="c9">LENGTH: </SPAN><SPAN CLASS="c2">271 words</SPAN></P>
</DIV>
<BR><DIV CLASS="c5"><P CLASS="c6"><SPAN CLASS="c9">DATELINE: </SPAN><SPAN CLASS="c2">Madrid </SPAN></P>
</DIV>
<BR><DIV CLASS="c5"><P CLASS="c10"><SPAN CLASS="c2">La pujanza de </SPAN><SPAN CLASS="c4">Ciudadanos</SPAN><SPAN CLASS="c2"> en las encuestas tiene traslado tambi&eacute;n en la valoraci&oacute;n de su candidato. </SPAN><SPAN CLASS="c4">Albert Rivera</SPAN><SPAN CLASS="c2"> es el l&iacute;der mejor valorado por los espa&ntilde;oles, seg&uacute;n la macroencuesta electoral del CIS conocida ayer, que por primera vez preguntaba por los l&iacute;deres de los partidos emergentes, as&iacute; como por los nuevos candidatos de Izquierda Unida (IU) y Uni&oacute;n Progreso y Democracia (UPyD). Rivera obtiene una nota de un 4,98 sobre 10 -siendo 0 muy mal valorado, y 10 muy bien-, al filo del aprobado; seguido de Alberto Garz&oacute;n, candidato de IU-Unidad Popular, que logra un 4,62; y de Pedro S&aacute;nchez, l&iacute;der del PSOE, con un 4,59.</SPAN><SPAN CLASS="c2">&nbsp;</SPAN></P>
<P CLASS="c10"><SPAN CLASS="c2">En su estreno en el CIS, Pablo Iglesias, l&iacute;der de Podemos, se queda, sin embargo, con una valoraci&oacute;n por debajo del 4 (3,87). El presidente del Gobierno y candidato del PP, Mariano Rajoy, es casi el peor valorado de todos, con un 3,31, solo superado por Enrique &Aacute;lvarez Sostres, l&iacute;der de Foro Asturias, que obtiene un 3,17. Andr&eacute;s Herzog, candidato de UPyD, es puntuado con un 3,82.</SPAN></P>
<P CLASS="c10"><SPAN CLASS="c2">La sobreexposici&oacute;n medi&aacute;tica del candidato de </SPAN><SPAN CLASS="c4">Ciudadanos</SPAN><SPAN CLASS="c2"> -que afronta casi en solitario, a diferencia del resto, la defensa de su proyecto- no le pasa factura, sino todo lo contrario.</SPAN></P>
<P CLASS="c10"><SPAN CLASS="c2">En las encuestas de Metroscopia para EL PA&Iacute;S, Rivera viene situ&aacute;ndose tambi&eacute;n como el dirigente mejor valorado. En la &uacute;ltima, publicada el pasado 29 de noviembre, fue el &uacute;nico pol&iacute;tico con m&aacute;s aprobaci&oacute;n que desaprobaci&oacute;n. En el mismo sentido, la encuesta sobre el debate electoral de EL PA&Iacute;S, celebrado el pasado lunes, le consider&oacute; como el m&aacute;s valorado del cara a cara, aunque por escaso margen con respecto al socialista Pedro S&aacute;nchez.</SPAN></P>
</DIV>
<BR><DIV CLASS="c5"><P CLASS="c6"><SPAN CLASS="c9">LANGUAGE: </SPAN><SPAN CLASS="c2">SPANISH; ESPA&Ntilde;OL</SPAN></P>
</DIV>
<BR><DIV CLASS="c5"><P CLASS="c6"><SPAN CLASS="c9">PUBLICATION-TYPE: </SPAN><SPAN CLASS="c2">Peri&oacute;dico</SPAN></P>
</DIV>
<BR><DIV CLASS="c5"><P CLASS="c6"><SPAN CLASS="c9">SUBJECT: </SPAN><SPAN CLASS="c2">Pol&iacute;tica (93%)</SPAN></P>
</DIV>
<BR><DIV CLASS="c5"><P CLASS="c6"><SPAN CLASS="c9">IPTC SUBJECT: </SPAN><SPAN CLASS="c2">Politica</SPAN></P>
</DIV>
<BR><DIV CLASS="c5"><P CLASS="c6"><SPAN CLASS="c9">LOAD-DATE: </SPAN><SPAN CLASS="c2">December 3, 2015</SPAN></P>
</DIV>
<BR><DIV CLASS="c0"><BR><P CLASS="c1"><SPAN CLASS="c2">Copyright 2015 El Pais Internacional S.A.<BR>All Rights Reserved</SPAN></P>
</DIV>
</BODY>
</HTML>