<HTML>
<HEAD>
<STYLE TYPE="text/css">
.c0 { text-align: center; }
.c1 { text-align: center; margin-top: 0em; margin-bottom: 0em; }
.c2 { font-family: 'Courier New',Courier; font-size: 10pt; font-style: normal; font-weight: normal; color: #000000; text-decoration: none; }
.c3 { text-align: center; margin-left: 13%; margin-right: 13%; }
.c4 { font-family: 'Courier New',Courier; font-size: 10pt; font-style: normal; font-weight: bold; color: #CC0033; text-decoration: none; }
.c5 { text-align: left; }
.c6 { text-align: left; margin-top: 0em; margin-bottom: 0em; }
.c7 { font-family: 'Courier New',Courier; font-size: 14pt; font-style: normal; font-weight: bold; color: #000000; text-decoration: none; }
.c8 { font-family: 'Courier New',Courier; font-size: 14pt; font-style: normal; font-weight: bold; color: #CC0033; text-decoration: none; }
.c9 { font-family: 'Courier New',Courier; font-size: 10pt; font-style: normal; font-weight: bold; color: #000000; text-decoration: none; }
.c10 { text-align: left; margin-top: 1em; margin-bottom: 0em; }
.c11 { page-break-before: always; }
</STYLE>
</HEAD>
<BODY>
<BR><DIV CLASS="c0"><P CLASS="c1"><SPAN CLASS="c2">481 of 935 DOCUMENTS</SPAN></P>
</DIV>
<BR><DIV CLASS="c0"><BR><P CLASS="c1"><IMG SRC="http://www.lexisnexis.com/lnacui2api/results/docview/attachRetrieve.do?smi=LOGOS&key=38401&componentseq=1&type=logo&inline=y" ALT="http://www.lexisnexis.com/lnacui2api/results/docview/attachRetrieve.do?smi=LOGOS&key=38401&componentseq=1&type=logo&inline=y"><BR><SPAN CLASS="c2">El Pais</SPAN></P>
</DIV>
<BR><DIV CLASS="c3"><P CLASS="c1"><SPAN CLASS="c4">December</SPAN><SPAN CLASS="c2"> 19, 2015 Saturday</SPAN><SPAN CLASS="c2">&nbsp;</SPAN><SPAN CLASS="c2">&nbsp;<BR>2&ordf; Ed. Madrid Edici&oacute;n</SPAN></P>
</DIV>
<BR><DIV CLASS="c5"><P CLASS="c6"><SPAN CLASS="c7">Rajoy alerta contra el &quot;juego&quot; de pactos entre Podemos, PSOE e independentistas</SPAN></P>
</DIV>
<BR><DIV CLASS="c5"><P CLASS="c6"><SPAN CLASS="c9">BYLINE: </SPAN><SPAN CLASS="c2">J. CASQUEIRO / N. JUNQUERA</SPAN></P>
</DIV>
<BR><DIV CLASS="c5"><P CLASS="c6"><SPAN CLASS="c9">SECTION: </SPAN><SPAN CLASS="c2">ESPA&ntilde;A; Base; P&aacute;g. 17</SPAN></P>
</DIV>
<BR><DIV CLASS="c5"><P CLASS="c6"><SPAN CLASS="c9">LENGTH: </SPAN><SPAN CLASS="c2">672 words</SPAN></P>
</DIV>
<BR><DIV CLASS="c5"><P CLASS="c6"><SPAN CLASS="c9">DATELINE: </SPAN><SPAN CLASS="c2">Madrid </SPAN></P>
</DIV>
<BR><DIV CLASS="c5"><BR><P CLASS="c6"><SPAN CLASS="c9">HIGHLIGHT:</SPAN><SPAN CLASS="c2">&nbsp;El PP cierra la campa&ntilde;a en el feudo valenciano y viaja a Madrid para una cena-mitin<BR></SPAN></P>
</DIV>
<BR><DIV CLASS="c5"><P CLASS="c10"><SPAN CLASS="c2">Mariano Rajoy cerr&oacute; la campa&ntilde;a con una advertencia: &quot;Hay algunos que juegan a coalici&oacute;n: Podemos, PSOE, unos cuantos nacionalistas y otros cuantos de extrema izquierda&quot;. &quot;Quien quiera que no gobiernen Espa&ntilde;a 8 o 9, que vote al PP&quot;. Lo contrario, amenaza el candidato popular, ser&iacute;a poner en riesgo la recuperaci&oacute;n econ&oacute;mica y la unidad de Espa&ntilde;a. &quot;No estamos para jugar a la ruleta rusa&quot;.</SPAN></P>
<P CLASS="c10"><SPAN CLASS="c2">Antes de la cena-mitin en Madrid con Esperanza Aguirre y Cristina Cifuentes, Rajoy quiso regresar el &uacute;ltimo d&iacute;a de campa&ntilde;a a la Comunidad Valenciana, uno de los feudos del partido. El candidato estuvo 20 minutos saludando a la gente antes de iniciar el mitin en Valencia, el m&aacute;s concurrido de toda su campa&ntilde;a, con unos 6.000 asistentes, seg&uacute;n la organizaci&oacute;n. En las generales de 2011, el PP obtuvo 20 de los 33 esca&ntilde;os que se reparten en esta comunidad, pero las encuestas les dan ahora entre 10 y 11 y en las auton&oacute;micas de pasado mayo un acuerdo entre PSOE, Comprom&iacute;s y Podemos les arrebat&oacute; la Generalitat. La l&iacute;der del PP valenciano, Isabel Bonig -que sustituy&oacute; a Francisco Camps- se refiri&oacute; al nuevo Gobierno valenciano en t&eacute;rminos muy duros: &quot;Necesitan de la pobreza, la miseria y la desesperaci&oacute;n de la gente para sobrevivir (...) No es el momento de populismos comunistas&quot;, dijo.</SPAN><SPAN CLASS="c2">&nbsp;</SPAN></P>
<P CLASS="c10"><SPAN CLASS="c2">Rajoy insisti&oacute; en presentarse como el valor de la experiencia frente a los experimentos de los partidos &quot;creados hace media hora en una tertulia de televisi&oacute;n&quot;. &quot;Yo a los 22 a&ntilde;os ya pegaba carteles del PP&quot;, dijo, mientras presum&iacute;a de historia y militantes frente a las formaciones &quot;de un </SPAN><SPAN CLASS="c4">ciudadano</SPAN><SPAN CLASS="c2">&quot;, en alusi&oacute;n a </SPAN><SPAN CLASS="c4">Albert Rivera</SPAN><SPAN CLASS="c2">. Tambi&eacute;n se jact&oacute; el candidato popular de tener la confianza total de su partido frente a las batallas internas de otras siglas.</SPAN></P>
<P CLASS="c10"><SPAN CLASS="c2">&quot;La &uacute;nica batalla perdida es la que no se da. La victoria es de quien la pelea. Estoy dispuesto a ganar y voy a ganar&quot;, dijo. Le cantaron &quot;Yo soy espa&ntilde;ol, espa&ntilde;ol&quot; en Valencia y &eacute;l, encantado, confes&oacute;: &quot;Esto es lo que m&aacute;s me gusta&quot;. Pero en Madrid, tras 14.000 kil&oacute;metros de campa&ntilde;a, empez&oacute; a acusar el cansancio y la voz le temblaba en su &uacute;ltimo mitin.</SPAN></P>
<P CLASS="c10"><SPAN CLASS="c2">El PP no cree que haya tantos indecisos como sostiene el &uacute;ltimo CIS (41%). Creen que existe mucho voto oculto, favorable a las tesis y al perfil del candidato conservador. Y sobre esa tesis hacen sus cuentas. No es solo una opini&oacute;n. Las encuestas internas les sit&uacute;an entre 135 y 140 esca&ntilde;os, 46 menos que los que tienen ahora y a 36 de la mayor&iacute;a absoluta. En la direcci&oacute;n del comit&eacute; de campa&ntilde;a lo llaman una &quot;mayor&iacute;a holgada, suficiente&quot;, que les permite ser &quot;moderadamente optimistas&quot;.</SPAN></P>
<P CLASS="c10"><SPAN CLASS="c2">Aunque en la direcci&oacute;n del PP tambi&eacute;n admiten que con cuatro partidos en el entorno del 20% de los votos &quot;puede pasar de todo&quot;. Los populares piensan que al final se beneficiar&aacute;n de una corriente de papeletas que se decantar&aacute;n por el bipartidismo. Desde la direcci&oacute;n de campa&ntilde;a recuerdan que las formaciones nuevas se sostienen en los cerca de ocho millones de electores m&aacute;s j&oacute;venes, que sin embargo apenas votan al final en un 40% frente al 80% de los m&aacute;s de ocho millones de jubilados que siempre lo hacen. Ah&iacute; est&aacute; su fuerza casi sin competencia. El candidato Rajoy, que se juega ser el primer presidente de la democracia que no repite mandato, volvi&oacute; ayer a insistir en que se da por satisfecho con &quot;ser primera fuerza pol&iacute;tica y poder gobernar&quot;. En p&uacute;blico, no alimenta las especulaciones.</SPAN></P>
<P CLASS="c10"><SPAN CLASS="c2">La estrategia, dise&ntilde;ada desde el comienzo con el llamado Bertinazo (la aparici&oacute;n en el programa de Bert&iacute;n Osborne), consist&iacute;a en humanizar al candidato, pasearle por la Espa&ntilde;a a la que no llegan los dem&aacute;s, y presionar a </SPAN><SPAN CLASS="c4">Ciudadanos</SPAN><SPAN CLASS="c2"> para que no tuviera m&aacute;s remedio que apoyarle en su investidura. El plan ha salido hasta ahora cuadrado. El PP empez&oacute; la campa&ntilde;a intentando proteger el bipartidismo, pero la encarril&oacute; con ataques hacia la ambig&uuml;edad de </SPAN><SPAN CLASS="c4">Ciudadanos</SPAN><SPAN CLASS="c2"> cuando vio que Rivera sosten&iacute;a que no permitir&iacute;a la continuidad de la vieja pol&iacute;tica de Rajoy. Esa presi&oacute;n ha dado sus frutos. Rivera ya habla de respetar con su abstenci&oacute;n al partido ganador. Lo que quer&iacute;a el PP.</SPAN></P>
</DIV>
<BR><DIV CLASS="c5"><P CLASS="c6"><SPAN CLASS="c9">LANGUAGE: </SPAN><SPAN CLASS="c2">SPANISH; ESPA&Ntilde;OL</SPAN></P>
</DIV>
<BR><DIV CLASS="c5"><P CLASS="c6"><SPAN CLASS="c9">PUBLICATION-TYPE: </SPAN><SPAN CLASS="c2">Peri&oacute;dico</SPAN></P>
</DIV>
<BR><DIV CLASS="c5"><P CLASS="c6"><SPAN CLASS="c9">SUBJECT: </SPAN><SPAN CLASS="c2">Pol&iacute;tica (93%)</SPAN></P>
</DIV>
<BR><DIV CLASS="c5"><P CLASS="c6"><SPAN CLASS="c9">IPTC SUBJECT: </SPAN><SPAN CLASS="c2">Politica</SPAN></P>
</DIV>
<BR><DIV CLASS="c5"><P CLASS="c6"><SPAN CLASS="c9">LOAD-DATE: </SPAN><SPAN CLASS="c2">December 18, 2015</SPAN></P>
</DIV>
<BR><DIV CLASS="c0"><BR><P CLASS="c1"><SPAN CLASS="c2">Copyright 2015 El Pais Internacional S.A.<BR>All Rights Reserved</SPAN></P>
</DIV>
</BODY>
</HTML>