<HTML>
<HEAD>
<STYLE TYPE="text/css">
.c0 { text-align: center; }
.c1 { text-align: center; margin-top: 0em; margin-bottom: 0em; }
.c2 { font-family: 'Courier New',Courier; font-size: 10pt; font-style: normal; font-weight: normal; color: #000000; text-decoration: none; }
.c3 { text-align: center; margin-left: 13%; margin-right: 13%; }
.c4 { font-family: 'Courier New',Courier; font-size: 10pt; font-style: normal; font-weight: bold; color: #CC0033; text-decoration: none; }
.c5 { text-align: left; }
.c6 { text-align: left; margin-top: 0em; margin-bottom: 0em; }
.c7 { font-family: 'Courier New',Courier; font-size: 14pt; font-style: normal; font-weight: bold; color: #000000; text-decoration: none; }
.c8 { font-family: 'Courier New',Courier; font-size: 14pt; font-style: normal; font-weight: bold; color: #CC0033; text-decoration: none; }
.c9 { font-family: 'Courier New',Courier; font-size: 10pt; font-style: normal; font-weight: bold; color: #000000; text-decoration: none; }
.c10 { text-align: left; margin-top: 1em; margin-bottom: 0em; }
.c11 { page-break-before: always; }
</STYLE>
</HEAD>
<BODY>
<BR><DIV CLASS="c0"><P CLASS="c1"><SPAN CLASS="c2">492 of 935 DOCUMENTS</SPAN></P>
</DIV>
<BR><DIV CLASS="c0"><BR><P CLASS="c1"><IMG SRC="http://www.lexisnexis.com/lnacui2api/results/docview/attachRetrieve.do?smi=LOGOS&key=38401&componentseq=1&type=logo&inline=y" ALT="http://www.lexisnexis.com/lnacui2api/results/docview/attachRetrieve.do?smi=LOGOS&key=38401&componentseq=1&type=logo&inline=y"><BR><SPAN CLASS="c2">El Pais</SPAN></P>
</DIV>
<BR><DIV CLASS="c3"><P CLASS="c1"><SPAN CLASS="c4">January</SPAN><SPAN CLASS="c2"> 4, 2016 Monday</SPAN><SPAN CLASS="c2">&nbsp;</SPAN><SPAN CLASS="c2">&nbsp;<BR>Andaluc&iacute;a Edici&oacute;n</SPAN></P>
</DIV>
<BR><DIV CLASS="c5"><P CLASS="c6"><SPAN CLASS="c7">Converg&egrave;ncia: &quot;No hay candidato alternativo&quot;</SPAN></P>
</DIV>
<BR><DIV CLASS="c5"><P CLASS="c6"><SPAN CLASS="c9">BYLINE: </SPAN><SPAN CLASS="c2">EL PA&Iacute;S</SPAN></P>
</DIV>
<BR><DIV CLASS="c5"><P CLASS="c6"><SPAN CLASS="c9">SECTION: </SPAN><SPAN CLASS="c2">ESPA&ntilde;A; Base; P&aacute;g. 14</SPAN></P>
</DIV>
<BR><DIV CLASS="c5"><P CLASS="c6"><SPAN CLASS="c9">LENGTH: </SPAN><SPAN CLASS="c2">679 words</SPAN></P>
</DIV>
<BR><DIV CLASS="c5"><P CLASS="c6"><SPAN CLASS="c9">DATELINE: </SPAN><SPAN CLASS="c2">Barcelona / Madrid Converg&egrave;ncia Democr&agrave;tica de Catalunya (CDC) no ofrecer&aacute; un candidato alternativo a Artur Mas despu&eacute;s de que la CUP rechazara su investidura. La decisi&oacute;n aboca a celebrar nuevas elecciones auton&oacute;micas en marzo, las cuartas en cinco a&ntilde;os, salvo que Junts Pel S&iacute; presente un sustituto. El PP ve esos nuevos comicios como &quot;el mal menor&quot; y la oportunidad de &quot;pasar p&aacute;gina&quot;. El PSOE pide a CUP, CDC y ERC que abandonen el desaf&iacute;o soberanista y </SPAN><SPAN CLASS="c4">Ciudadanos</SPAN><SPAN CLASS="c2"> considera que ya se ha perdido &quot;suficiente tiempo y dinero&quot; en Catalu&ntilde;a. </SPAN></P>
</DIV>
<BR><DIV CLASS="c5"><P CLASS="c10"><SPAN CLASS="c2">La CUP anim&oacute; ayer a Junts pel S&iacute; a &quot;mover ficha&quot; y presentar otro candidato tras rechazar la tercera investidura de Artur Mas, pero dirigentes de Converg&egrave;ncia Democr&aacute;tica de Catalunya confirmaron poco despu&eacute;s que no le sustituir&aacute;n. Las &uacute;ltimas elecciones catalanas se celebraron el pasado 27 de septiembre. &quot;No es una cuesti&oacute;n de personas, es lo que representa&quot;, explicaron a Efe fuentes convergentes.</SPAN></P>
<P CLASS="c10"><SPAN CLASS="c2">ERC. Su ejecutiva nacional analizar&aacute; hoy la situaci&oacute;n. Su l&iacute;der, Oriol Junqueras, se limit&oacute; a opinar ayer a trav&eacute;s de su cuenta de Twitter: &quot;Jam&aacute;s nos cansaremos, jam&aacute;s abandonaremos, jam&aacute;s nos rendiremos. No lo hemos hecho nunca y jam&aacute;s lo haremos. &iexcl;Seguimos!&quot;. La presidenta del Parlament, Carme Forcadell, se mostr&oacute; sorprendida por la decisi&oacute;n de la CUP. &quot;Me equivoqu&eacute; y mucho&quot;, dijo.</SPAN><SPAN CLASS="c2">&nbsp;</SPAN></P>
<P CLASS="c10"><SPAN CLASS="c2">Asamblea Nacional Catalana. El presidente de la entidad independentista, Jordi S&agrave;nchez, se disculp&oacute; por haber pedido el voto para cualquier opci&oacute;n separatista el pasado 27-S y pidi&oacute; perd&oacute;n a los que &quot;se sienten enga&ntilde;ados&quot; despu&eacute;s de que la CUP no apoyara la investidura de Mas.</SPAN></P>
<P CLASS="c10"><SPAN CLASS="c2">PP. El partido considera que la convocatoria de nuevas elecciones en Catalu&ntilde;a es &quot;el mal menor&quot;. &quot;Para nosotros, esas nuevas elecciones no ser&iacute;an una segunda vuelta de ese supuesto plebiscito independentista que planteaban, sino una oportunidad para pasar p&aacute;gina&quot;, asegur&oacute; Andrea Levy, vicesecretaria de Estudios y Programas del PP. Los populares creen que Artur Mas ha agotado su &quot;legitimidad&quot; y debe retirarse. &quot;El culpable es Converg&egrave;ncia y no puede seguir. Ya no es asumible. Todo esto har&iacute;a gracia si no fuera un rid&iacute;culo monumental&quot;, a&ntilde;ade Levy.</SPAN></P>
<P CLASS="c10"><SPAN CLASS="c2">El candidato del PP catal&aacute;n, Xavier Garc&iacute;a Albiol, a&ntilde;adi&oacute; a trav&eacute;s de su perfil de Twitter que su proyecto pasa por devolver Catalu&ntilde;a a la &quot;normalidad&quot; despu&eacute;s de cuatro elecciones auton&oacute;micas en cinco a&ntilde;os.</SPAN></P>
<P CLASS="c10"><SPAN CLASS="c2">PSOE y PSC. Rafael Simancas, diputado del PSOE y de la confianza de la direcci&oacute;n federal de los socialistas, pidi&oacute; a la CUP, Convergencia y ERC que &quot;reflexionen y dejen de avergonzar a la mayor&iacute;a de catalanes y de espa&ntilde;oles con un espect&aacute;culo bochornoso&quot;. Simancas les inst&oacute; a &quot;abandonar&quot; el proceso soberanista, que &quot;no beneficia a nadie&quot;, y &quot;resolver&quot; los problemas de los catalanes, como la precariedad laboral, recortes y privatizaciones que Mas y Rajoy &quot;llevaron a cabo en plena armon&iacute;a&quot;.</SPAN></P>
<P CLASS="c10"><SPAN CLASS="c2">&quot;Llevamos tres meses perdidos en negociaciones que no han sido fruct&iacute;feras&quot;, critic&oacute; la portavoz del PSC, Esther Niub&oacute;, que calific&oacute; de &quot;fracaso pol&iacute;tico&quot; el proyecto soberanista. La responsable de los socialistas catalanes afirm&oacute; que su partido trabajar&aacute; para que Catalu&ntilde;a deje atr&aacute;s el proyecto independentista y opte por un gobierno &quot;de progreso y estable&quot;. En Ferraz recuerdan que el l&iacute;der del PSC, Miquel Iceta, ofreci&oacute; un acuerdo de gobierno de &quot;unidad catalanista y progresista&quot; a Junts pel S&iacute; siempre que la coalici&oacute;n &quot;rectificara su error&quot; y revocara la resoluci&oacute;n secesionista. Ese gobierno de unidad se centrar&iacute;a en &quot;fortalecer el autogobierno, mejorar la financiaci&oacute;n y llegar a un nuevo pacto con el resto de Espa&ntilde;a&quot;. E impulsar&iacute;a un programa de reformas centradas en la creaci&oacute;n de empleo, la defensa del Estado del bienestar y la lucha contra la corrupci&oacute;n, plante&oacute; Iceta en noviembre. &quot;El PSC tiene todo el apoyo del PSOE si finalmente vamos a elecciones&quot;, indicaron desde el entorno del secretario general de los socialistas, Pedro S&aacute;nchez, que se mantuvo en contacto con Iceta.</SPAN></P>
<P CLASS="c10"><SPAN CLASS="c4">Ciudadanos</SPAN><SPAN CLASS="c2">. &quot;Saldremos de esta todos juntos&quot;, opin&oacute; In&eacute;s Arrimadas, de </SPAN><SPAN CLASS="c4">Ciudadanos</SPAN><SPAN CLASS="c2">, a trav&eacute;s de su cuenta de Twitter. &quot;Ya hemos perdido suficiente tiempo, dinero y oportunidades en Catalu&ntilde;a con este debate que nos divide&quot;, a&ntilde;adi&oacute;. Fernando de P&aacute;ramo, diputado auton&oacute;mico catal&aacute;n de la formaci&oacute;n de </SPAN><SPAN CLASS="c4">Albert Rivera,</SPAN><SPAN CLASS="c2"> cree que el portazo de la CUP a Mas plantea &quot;la oportunidad definitiva de poner fin a esta etapa de corrupci&oacute;n, injusticia social y divisi&oacute;n entre los catalanes. Artur Mas ha fracasado. Ya lo dijimos en la noche electoral del 27-S: la mayor&iacute;a de catalanes le hab&iacute;an dado la espalda&quot;. [PG] Con informaci&oacute;n de Natalia Junquera, Jos&eacute; Marcos y Juan Jos&eacute; Mateo.</SPAN></P>
</DIV>
<BR><DIV CLASS="c5"><P CLASS="c6"><SPAN CLASS="c9">LANGUAGE: </SPAN><SPAN CLASS="c2">SPANISH; ESPA&Ntilde;OL</SPAN></P>
</DIV>
<BR><DIV CLASS="c5"><P CLASS="c6"><SPAN CLASS="c9">PUBLICATION-TYPE: </SPAN><SPAN CLASS="c2">Peri&oacute;dico</SPAN></P>
</DIV>
<BR><DIV CLASS="c5"><P CLASS="c6"><SPAN CLASS="c9">SUBJECT: </SPAN><SPAN CLASS="c2">Pol&iacute;tica (94%)</SPAN></P>
</DIV>
<BR><DIV CLASS="c5"><P CLASS="c6"><SPAN CLASS="c9">IPTC SUBJECT: </SPAN><SPAN CLASS="c2">Politica</SPAN></P>
</DIV>
<BR><DIV CLASS="c5"><P CLASS="c6"><SPAN CLASS="c9">LOAD-DATE: </SPAN><SPAN CLASS="c2">January 3, 2016</SPAN></P>
</DIV>
<BR><DIV CLASS="c0"><BR><P CLASS="c1"><SPAN CLASS="c2">Copyright 2016 El Pais Internacional S.A.<BR>All Rights Reserved</SPAN></P>
</DIV>
</BODY>
</HTML>