<HTML>
<HEAD>
<STYLE TYPE="text/css">
.c0 { text-align: center; }
.c1 { text-align: center; margin-top: 0em; margin-bottom: 0em; }
.c2 { font-family: 'Courier New',Courier; font-size: 10pt; font-style: normal; font-weight: normal; color: #000000; text-decoration: none; }
.c3 { text-align: center; margin-left: 13%; margin-right: 13%; }
.c4 { font-family: 'Courier New',Courier; font-size: 10pt; font-style: normal; font-weight: bold; color: #CC0033; text-decoration: none; }
.c5 { text-align: left; }
.c6 { text-align: left; margin-top: 0em; margin-bottom: 0em; }
.c7 { font-family: 'Courier New',Courier; font-size: 14pt; font-style: normal; font-weight: bold; color: #000000; text-decoration: none; }
.c8 { font-family: 'Courier New',Courier; font-size: 14pt; font-style: normal; font-weight: bold; color: #CC0033; text-decoration: none; }
.c9 { font-family: 'Courier New',Courier; font-size: 10pt; font-style: normal; font-weight: bold; color: #000000; text-decoration: none; }
.c10 { text-align: left; margin-top: 1em; margin-bottom: 0em; }
.c11 { page-break-before: always; }
</STYLE>
</HEAD>
<BODY>
<BR><DIV CLASS="c0"><P CLASS="c1"><SPAN CLASS="c2">313 of 935 DOCUMENTS</SPAN></P>
</DIV>
<BR><DIV CLASS="c0"><BR><P CLASS="c1"><IMG SRC="http://www.lexisnexis.com/lnacui2api/results/docview/attachRetrieve.do?smi=LOGOS&key=38401&componentseq=1&type=logo&inline=y" ALT="http://www.lexisnexis.com/lnacui2api/results/docview/attachRetrieve.do?smi=LOGOS&key=38401&componentseq=1&type=logo&inline=y"><BR><SPAN CLASS="c2">El Pais</SPAN></P>
</DIV>
<BR><DIV CLASS="c3"><P CLASS="c1"><SPAN CLASS="c4">December</SPAN><SPAN CLASS="c2"> 1, 2015 Tuesday</SPAN><SPAN CLASS="c2">&nbsp;</SPAN><SPAN CLASS="c2">&nbsp;<BR>2&ordf; Ed. Barna Edici&oacute;n</SPAN></P>
</DIV>
<BR><DIV CLASS="c5"><P CLASS="c6"><SPAN CLASS="c7">&quot;Compa&ntilde;eros, &iquest;una cerveza?&quot;</SPAN></P>
</DIV>
<BR><DIV CLASS="c5"><P CLASS="c6"><SPAN CLASS="c9">BYLINE: </SPAN><SPAN CLASS="c2">ELSA GARC&Iacute;A DE BLAS</SPAN></P>
</DIV>
<BR><DIV CLASS="c5"><P CLASS="c6"><SPAN CLASS="c9">SECTION: </SPAN><SPAN CLASS="c2">ESPA&ntilde;A; Base; P&aacute;g. 20 [AN] Rivera pas&oacute; nervios, S&aacute;nchez recibi&oacute; el apoyo constante de su esposa e Iglesias invit&oacute; a sus colaboradores a relajarse</SPAN></P>
</DIV>
<BR><DIV CLASS="c5"><P CLASS="c6"><SPAN CLASS="c9">LENGTH: </SPAN><SPAN CLASS="c2">563 words</SPAN></P>
</DIV>
<BR><DIV CLASS="c5"><P CLASS="c6"><SPAN CLASS="c9">DATELINE: </SPAN><SPAN CLASS="c2">Madrid </SPAN></P>
</DIV>
<BR><DIV CLASS="c5"><P CLASS="c10"><SPAN CLASS="c2">Pablo Iglesias lleg&oacute; sonriente. &quot;Ya era hora de debatir con Pedro. Ten&iacute;a ganas&quot;, concedi&oacute; al entrar, y se fue relajando durante el debate, en el que se permiti&oacute; el humor -el p&uacute;blico del plat&oacute; se lo agradeci&oacute;, y se oyeron risas incluso durante la emisi&oacute;n- hasta el punto de que, nada m&aacute;s terminar, se acerc&oacute; a sus asesores, entre ellos &Iacute;&ntilde;igo Errej&oacute;n, y les pregunt&oacute;: &quot;Compa&ntilde;eros, &iquest;una cerveza?&quot;</SPAN><SPAN CLASS="c2">&nbsp;</SPAN></P>
<P CLASS="c10"><SPAN CLASS="c2">Fue f&aacute;cil aparentemente para el l&iacute;der de Podemos su primer debate con el secretario general del PSOE y con el l&iacute;der de </SPAN><SPAN CLASS="c4">Ciudadanos</SPAN><SPAN CLASS="c2">, en el que se le vio c&oacute;modo y resuelto. Empez&oacute; con dudas, preguntando a qu&eacute; c&aacute;mara miraba, y consultando mucho sus notas: medias cuartillas, que sacaba de un sobre rojo. Pero a medida que el cara a cara se desarrollaba fue ganando confianza. Ten&iacute;a, adem&aacute;s, un as en la manga: los mensajes de su n&uacute;mero dos, &Iacute;&ntilde;igo Errej&oacute;n, que le enviaba por el tel&eacute;fono m&oacute;vil, y de su jefa de gabinete, Irene Montero, sentados ambos en primera fila del plat&oacute;. Tambi&eacute;n </SPAN><SPAN CLASS="c4">Albert Rivera</SPAN><SPAN CLASS="c2"> recibi&oacute; mensajes con las indicaciones de su responsable de Comunicaci&oacute;n, Fernando de P&aacute;ramo, y se intercambi&oacute; miradas c&oacute;mplices con su pareja, Beatriz Tajuelo, que asisti&oacute; inmutable al primer cara a cara presidencial de esta campa&ntilde;a. Al l&iacute;der de </SPAN><SPAN CLASS="c4">Ciudadanos</SPAN><SPAN CLASS="c2"> se le vio m&aacute;s nervioso: antes de comenzar el debate daba peque&ntilde;os paseos circulares frente al atril y frot&aacute;ndose las manos.</SPAN></P>
<P CLASS="c10"><SPAN CLASS="c2">Bego&ntilde;a G&oacute;mez, la esposa de S&aacute;nchez, se preguntaba en uno de los recesos con intranquilidad si esa comunicaci&oacute;n con los asesores durante el debate no deber&iacute;a haber sido pactada antes. S&aacute;nchez no us&oacute; su tel&eacute;fono m&oacute;vil y tampoco lo quiso cuando se lo ofrecieron en un receso. Su mujer conced&iacute;a, en todo caso, que le ve&iacute;a tranquilo y s&oacute;lido. Ella estuvo atenta al m&aacute;s m&iacute;nimo detalle del candidato, y asent&iacute;a con &eacute;l sus aciertos. El l&iacute;der del PSOE estuvo acompa&ntilde;ado en el plat&oacute; tambi&eacute;n por su responsable de prensa, Maritcha Ruiz. Los asesores vibraron con el debate como lo hicieron los candidatos -los dos de Podemos se permitieron alguna carcajada- y su papel result&oacute; clave en el desarrollo del espacio.</SPAN></P>
<P CLASS="c10"><SPAN CLASS="c2">Por vez primera</SPAN></P>
<P CLASS="c10"><SPAN CLASS="c2">El p&uacute;blico vivi&oacute; con intensidad un debate en el que hubo argumentos, ataques y propuestas, y en el que por primera vez en democracia los </SPAN><SPAN CLASS="c4">ciudadanos</SPAN><SPAN CLASS="c2"> pudieron preguntar. El primer cara a cara de la campa&ntilde;a del 20-D, organizado por este peri&oacute;dico, ha innovado en muchos aspectos frente a los tradicionales debates presidenciales en Espa&ntilde;a: ha sido el primer debate digital, pero tambi&eacute;n el primero con p&uacute;blico, y el primero que ha permitido esa interacci&oacute;n.</SPAN></P>
<P CLASS="c10"><SPAN CLASS="c2">El p&uacute;blico -un centenar de personas entre alumnos del m&aacute;ster de EL PA&Iacute;S y lectores del peri&oacute;dico- pudo preguntar a los tres dirigentes, as&iacute; como los </SPAN><SPAN CLASS="c4">ciudadanos</SPAN><SPAN CLASS="c2"> a trav&eacute;s de las redes sociales. La mexicana Itxaro Arteta, alumna del m&aacute;ster de EL PA&Iacute;S, de 29 a&ntilde;os, inquiri&oacute; por las medidas para asegurar la igualdad salarial entre hombres y mujeres. Antes del debate explicaba: &quot;No es la primera vez que pregunto a un candidato a la presidencia. Cubr&iacute; para el peri&oacute;dico Reforma las presidenciales mexicanas de 2012&quot;.</SPAN></P>
<P CLASS="c10"><SPAN CLASS="c2">Entre el p&uacute;blico, suscriptores como Mar&iacute;a del Puerto Fern&aacute;ndez, jubilada, asistieron con inter&eacute;s a un debate decisivo: &quot;Ya tengo decidido mi voto. Soy votante del PSOE de toda la vida. Pero me interesa mucho este debate por contrastar entre lo nuevo, por los tres candidatos, y lo antiguo, el PP, que espero que se quede en antiguo&quot;.</SPAN></P>
</DIV>
<BR><DIV CLASS="c5"><P CLASS="c6"><SPAN CLASS="c9">LANGUAGE: </SPAN><SPAN CLASS="c2">SPANISH; ESPA&Ntilde;OL</SPAN></P>
</DIV>
<BR><DIV CLASS="c5"><P CLASS="c6"><SPAN CLASS="c9">PUBLICATION-TYPE: </SPAN><SPAN CLASS="c2">Peri&oacute;dico</SPAN></P>
</DIV>
<BR><DIV CLASS="c5"><P CLASS="c6"><SPAN CLASS="c9">SUBJECT: </SPAN><SPAN CLASS="c2">Pol&iacute;tica (93%)</SPAN></P>
</DIV>
<BR><DIV CLASS="c5"><P CLASS="c6"><SPAN CLASS="c9">IPTC SUBJECT: </SPAN><SPAN CLASS="c2">Politica</SPAN></P>
</DIV>
<BR><DIV CLASS="c5"><P CLASS="c6"><SPAN CLASS="c9">LOAD-DATE: </SPAN><SPAN CLASS="c2">November 30, 2015</SPAN></P>
</DIV>
<BR><DIV CLASS="c0"><BR><P CLASS="c1"><SPAN CLASS="c2">Copyright 2015 El Pais Internacional S.A.<BR>All Rights Reserved</SPAN></P>
</DIV>
</BODY>
</HTML>