<HTML>
<HEAD>
<STYLE TYPE="text/css">
.c0 { text-align: center; }
.c1 { text-align: center; margin-top: 0em; margin-bottom: 0em; }
.c2 { font-family: 'Courier New',Courier; font-size: 10pt; font-style: normal; font-weight: normal; color: #000000; text-decoration: none; }
.c3 { text-align: center; margin-left: 13%; margin-right: 13%; }
.c4 { font-family: 'Courier New',Courier; font-size: 10pt; font-style: normal; font-weight: bold; color: #CC0033; text-decoration: none; }
.c5 { text-align: left; }
.c6 { text-align: left; margin-top: 0em; margin-bottom: 0em; }
.c7 { font-family: 'Courier New',Courier; font-size: 14pt; font-style: normal; font-weight: bold; color: #000000; text-decoration: none; }
.c8 { font-family: 'Courier New',Courier; font-size: 14pt; font-style: normal; font-weight: bold; color: #CC0033; text-decoration: none; }
.c9 { font-family: 'Courier New',Courier; font-size: 10pt; font-style: normal; font-weight: bold; color: #000000; text-decoration: none; }
.c10 { text-align: left; margin-top: 1em; margin-bottom: 0em; }
.c11 { page-break-before: always; }
</STYLE>
</HEAD>
<BODY>
<BR><DIV CLASS="c0"><P CLASS="c1"><SPAN CLASS="c2">302 of 935 DOCUMENTS</SPAN></P>
</DIV>
<BR><DIV CLASS="c0"><BR><P CLASS="c1"><IMG SRC="http://www.lexisnexis.com/lnacui2api/results/docview/attachRetrieve.do?smi=LOGOS&key=38401&componentseq=1&type=logo&inline=y" ALT="http://www.lexisnexis.com/lnacui2api/results/docview/attachRetrieve.do?smi=LOGOS&key=38401&componentseq=1&type=logo&inline=y"><BR><SPAN CLASS="c2">El Pais</SPAN></P>
</DIV>
<BR><DIV CLASS="c3"><P CLASS="c1"><SPAN CLASS="c4">November</SPAN><SPAN CLASS="c2"> 26, 2015 Thursday</SPAN><SPAN CLASS="c2">&nbsp;</SPAN><SPAN CLASS="c2">&nbsp;<BR>1&ordf; Ed. Madrid Edici&oacute;n</SPAN></P>
</DIV>
<BR><DIV CLASS="c5"><P CLASS="c6"><SPAN CLASS="c8">Ciudadanos</SPAN><SPAN CLASS="c7"> exige a Cifuentes que abarate un 20% las escuelas infantiles</SPAN></P>
</DIV>
<BR><DIV CLASS="c5"><P CLASS="c6"><SPAN CLASS="c9">BYLINE: </SPAN><SPAN CLASS="c2">ELISA SILI&Oacute;</SPAN></P>
</DIV>
<BR><DIV CLASS="c5"><P CLASS="c6"><SPAN CLASS="c9">SECTION: </SPAN><SPAN CLASS="c2">MADRID; Madrid; P&aacute;g. 1</SPAN></P>
</DIV>
<BR><DIV CLASS="c5"><P CLASS="c6"><SPAN CLASS="c9">LENGTH: </SPAN><SPAN CLASS="c2">754 words</SPAN></P>
</DIV>
<BR><DIV CLASS="c5"><P CLASS="c6"><SPAN CLASS="c9">DATELINE: </SPAN><SPAN CLASS="c2">Madrid </SPAN></P>
</DIV>
<BR><DIV CLASS="c5"><P CLASS="c10"><SPAN CLASS="c2">La presidenta de la Comunidad, Cristina Cifuentes, deber&aacute; bajar un 20% el precio de las escuelas infantiles si quiere lograr el apoyo indispensable de </SPAN><SPAN CLASS="c4">Ciudadanos</SPAN><SPAN CLASS="c2"> a sus presupuestos. No es la &uacute;nica exigencia de este partido, seg&uacute;n muestran sus enmiendas parciales, a las que ha tenido acceso EL PA&Iacute;S. Cifuentes tambi&eacute;n tendr&aacute; que destinar tres millones a un plan de recuperaci&oacute;n de talento; entregar a los desempleados un cheque para formaci&oacute;n; destinar 32 millones m&aacute;s a la sanidad p&uacute;blica recortando 21 millones de los conciertos con la privada, o crear un centro de formaci&oacute;n de polic&iacute;as locales.</SPAN></P>
<P CLASS="c10"><SPAN CLASS="c2">Educaci&oacute;n. El partido de Ignacio Aguado pretende que las familias paguen un 20% menos en las escuelas infantiles, seg&uacute;n su renta per capita. Calcula que la medida tendr&aacute; un sobrecoste de entre 1 y 1,5 millones de euros. En los &uacute;ltimos a&ntilde;os, la Comunidad no ha construido escuelas para los m&aacute;s peque&ntilde;os, sino que ha optado por entregar los llamados &quot;cheques guarder&iacute;a&quot;, de entre 100 y 160 euros mensuales, para matricular a los ni&ntilde;os en centros concertados. La estancia de un beb&eacute; en una guarder&iacute;a p&uacute;blica puede costar unos 300 euros al mes.</SPAN><SPAN CLASS="c2">&nbsp;</SPAN></P>
<P CLASS="c10"><SPAN CLASS="c2">Adem&aacute;s, </SPAN><SPAN CLASS="c4">Ciudadanos</SPAN><SPAN CLASS="c2"> quiere que se inviertan dos millones m&aacute;s en formaci&oacute;n profesional, y que esta incluya nuevos ciclos &quot;con alta inserci&oacute;n laboral&quot;. Tambi&eacute;n propone destinar tres millones a recuperar talento que emigr&oacute; con los recortes en las universidades. La presidenta, Cristina Cifuentes, ya apunt&oacute; durante la campa&ntilde;a electoral un plan parecido. En el cap&iacute;tulo de infraestructuras, el partido de </SPAN><SPAN CLASS="c4">Albert Rivera</SPAN><SPAN CLASS="c2"> exige que se construya un colegio en Valdebebas, que se ampl&iacute;en un instituto y un colegio de Valdemoro saturados y que se invierta en dos complejos deportivos en Alcal&aacute; de Henares y Valdemoro.</SPAN></P>
<P CLASS="c10"><SPAN CLASS="c2">Empleo. En el acuerdo de gobierno con el PP, este se comprometi&oacute; a crear un cheque destinado a mejorar la formaci&oacute;n de cada desempleado. La idea inicial era que fuese de 1.200 euros.</SPAN></P>
<P CLASS="c10"><SPAN CLASS="c2">Pol&iacute;ticas Sociales. Propone que el presupuesto de ayuda al desarrollo pase de 250.000 a cinco millones; que se empleen 500.000 euros en su plan de violencia de g&eacute;nero y que la renta m&iacute;nima de inserci&oacute;n suba de 375 a 395 euros.</SPAN></P>
<P CLASS="c10"><SPAN CLASS="c2">Sanidad. </SPAN><SPAN CLASS="c4">Ciudadanos</SPAN><SPAN CLASS="c2"> aspira a que crezca en 32 millones el presupuesto para los hospitales y la atenci&oacute;n primaria p&uacute;blicos y que se recorten 21 millones de los acuerdos para pruebas diagn&oacute;sticas y operaciones en la sanidad privada. Por el acuerdo de gobierno, el PP se comprometi&oacute; a incrementar la partida de los ambulatorios en 30 millones, pero en la pr&aacute;ctica ha presupuestado solo 18 m&aacute;s de los que finalmente se gast&oacute; en 2014.</SPAN></P>
<P CLASS="c10"><SPAN CLASS="c2">Transporte. Aspira a que aumente en 20 millones, hasta los 48, la partida de mantenimiento de las carreteras. Y no se muestra muy partidario de nuevas infraestructuras: &quot;Afrontar nuevas inversiones solo si los estudios t&eacute;cnicos y de demanda lo justifican t&eacute;cnica y cuantitativamente&quot;. Asimismo, reclama que se destinen cinco millones a terminar con barreras arquitect&oacute;nicas en los transportes p&uacute;blicos y que se dote con 5,5 suplementarios (hasta los 200) el fondo para la Empresa Municipal de Transportes (EMT).</SPAN></P>
<P CLASS="c10"><SPAN CLASS="c2">Paralelamente, quiere renegociar el contrato ruinoso de Metro Ligero, implantando un &quot;sistema mixto que combine kil&oacute;metros recorridos y pasajeros transportados&quot;; y el del servicio de transporte interurbano por carretera, cambiando algunas de las l&iacute;neas.</SPAN></P>
<P CLASS="c10"><SPAN CLASS="c2">Presidencia. Exige que se convoquen 30 plazas de agentes forestales (600.000 euros anuales) y que el Gobierno se comprometa a celebrar oposiciones para 100 bomberos especialistas en 2017.</SPAN></P>
<P CLASS="c10"><SPAN CLASS="c2">Adem&aacute;s, quiere dotar el Plan PRISMA, de inversi&oacute;n en los municipios, con 80 millones anuales, no los 49,7 presupuestados por el PP.</SPAN></P>
<P CLASS="c10"><SPAN CLASS="c2">Cultura. El partido quiere que se cree la Oficina de Rodajes Cinematogr&aacute;ficos de la Comunidad de Madrid, que se elabore un programa teatral para escolares de zonas rurales, que exista un sistema de pr&eacute;stamo de libros desde centros hospitalarios o que se celebre un certamen de recuperaci&oacute;n de m&uacute;sica antigua de Madrid (medieval, renacentista y barroca). Asimismo, pide duplicar el presupuesto del Museo Arqueol&oacute;gico Regional (hasta el mill&oacute;n de euros) &quot;para que pueda exponer todos los fondos guardados&quot; y que la aportaci&oacute;n al Ateneo suba de 60.000 euros a 150.0000.</SPAN></P>
<P CLASS="c10"><SPAN CLASS="c2">Seguridad. Propone que se ponga en marcha &quot;de manera inmediata&quot; un centro de formaci&oacute;n de polic&iacute;as locales que dependa de la Comunidad. Ignacio Gonz&aacute;lez cerr&oacute; la academia en 2013, cuando era presidente. Toda la oposici&oacute;n est&aacute; de acuerdo en la reapertura. Ahora los futuros agentes se forman en &Aacute;vila.</SPAN></P>
</DIV>
<BR><DIV CLASS="c5"><P CLASS="c6"><SPAN CLASS="c9">LANGUAGE: </SPAN><SPAN CLASS="c2">SPANISH; ESPA&Ntilde;OL</SPAN></P>
</DIV>
<BR><DIV CLASS="c5"><P CLASS="c6"><SPAN CLASS="c9">PUBLICATION-TYPE: </SPAN><SPAN CLASS="c2">Peri&oacute;dico</SPAN></P>
</DIV>
<BR><DIV CLASS="c5"><P CLASS="c6"><SPAN CLASS="c9">SUBJECT: </SPAN><SPAN CLASS="c2">Pol&iacute;tica (93%)</SPAN></P>
</DIV>
<BR><DIV CLASS="c5"><P CLASS="c6"><SPAN CLASS="c9">IPTC SUBJECT: </SPAN><SPAN CLASS="c2">Politica</SPAN></P>
</DIV>
<BR><DIV CLASS="c5"><P CLASS="c6"><SPAN CLASS="c9">LOAD-DATE: </SPAN><SPAN CLASS="c2">November 25, 2015</SPAN></P>
</DIV>
<BR><DIV CLASS="c0"><BR><P CLASS="c1"><SPAN CLASS="c2">Copyright 2015 El Pais Internacional S.A.<BR>All Rights Reserved</SPAN></P>
</DIV>
</BODY>
</HTML>