<HTML>
<HEAD>
<STYLE TYPE="text/css">
.c0 { text-align: center; }
.c1 { text-align: center; margin-top: 0em; margin-bottom: 0em; }
.c2 { font-family: 'Courier New',Courier; font-size: 10pt; font-style: normal; font-weight: normal; color: #000000; text-decoration: none; }
.c3 { text-align: center; margin-left: 13%; margin-right: 13%; }
.c4 { font-family: 'Courier New',Courier; font-size: 10pt; font-style: normal; font-weight: bold; color: #CC0033; text-decoration: none; }
.c5 { text-align: left; }
.c6 { text-align: left; margin-top: 0em; margin-bottom: 0em; }
.c7 { font-family: 'Courier New',Courier; font-size: 14pt; font-style: normal; font-weight: bold; color: #000000; text-decoration: none; }
.c8 { font-family: 'Courier New',Courier; font-size: 14pt; font-style: normal; font-weight: bold; color: #CC0033; text-decoration: none; }
.c9 { font-family: 'Courier New',Courier; font-size: 10pt; font-style: normal; font-weight: bold; color: #000000; text-decoration: none; }
.c10 { text-align: left; margin-top: 1em; margin-bottom: 0em; }
.c11 { page-break-before: always; }
</STYLE>
</HEAD>
<BODY>
<BR><DIV CLASS="c0"><P CLASS="c1"><SPAN CLASS="c2">109 of 935 DOCUMENTS</SPAN></P>
</DIV>
<BR><DIV CLASS="c0"><BR><P CLASS="c1"><IMG SRC="http://www.lexisnexis.com/lnacui2api/results/docview/attachRetrieve.do?smi=LOGOS&key=38401&componentseq=1&type=logo&inline=y" ALT="http://www.lexisnexis.com/lnacui2api/results/docview/attachRetrieve.do?smi=LOGOS&key=38401&componentseq=1&type=logo&inline=y"><BR><SPAN CLASS="c2">El Pais</SPAN></P>
</DIV>
<BR><DIV CLASS="c3"><P CLASS="c1"><SPAN CLASS="c4">December</SPAN><SPAN CLASS="c2"> 6, 2015 Sunday</SPAN><SPAN CLASS="c2">&nbsp;</SPAN><SPAN CLASS="c2">&nbsp;<BR>Andaluc&iacute;a Edici&oacute;n</SPAN></P>
</DIV>
<BR><DIV CLASS="c5"><P CLASS="c6"><SPAN CLASS="c7">Rivera rechaza el frente com&uacute;n contra Rajoy ofrecido por S&aacute;nchez</SPAN></P>
</DIV>
<BR><DIV CLASS="c5"><P CLASS="c6"><SPAN CLASS="c9">BYLINE: </SPAN><SPAN CLASS="c2">JUAN JOS&Eacute; MATEO</SPAN></P>
</DIV>
<BR><DIV CLASS="c5"><P CLASS="c6"><SPAN CLASS="c9">SECTION: </SPAN><SPAN CLASS="c2">ESPA&ntilde;A; Base; P&aacute;g. 20</SPAN></P>
</DIV>
<BR><DIV CLASS="c5"><P CLASS="c6"><SPAN CLASS="c9">LENGTH: </SPAN><SPAN CLASS="c2">474 words</SPAN></P>
</DIV>
<BR><DIV CLASS="c5"><P CLASS="c6"><SPAN CLASS="c9">DATELINE: </SPAN><SPAN CLASS="c2">Tarragona </SPAN></P>
</DIV>
<BR><DIV CLASS="c5"><BR><P CLASS="c6"><SPAN CLASS="c9">HIGHLIGHT:</SPAN><SPAN CLASS="c2">&nbsp;</SPAN><SPAN CLASS="c4">Ciudadanos</SPAN><SPAN CLASS="c2"> critica al PSOE por planear pactos con PNV y Podemos<BR></SPAN></P>
</DIV>
<BR><DIV CLASS="c5"><P CLASS="c10"><SPAN CLASS="c4">Albert Rivera</SPAN><SPAN CLASS="c2"> cerr&oacute; ayer de un portazo cualquier opci&oacute;n de que </SPAN><SPAN CLASS="c4">Ciudadanos</SPAN><SPAN CLASS="c2"> participe de la estrategia de pactos poselectorales que plantea el PSOE. La v&iacute;spera, Pedro S&aacute;nchez, candidato socialista, hab&iacute;a anunciado que, si gana las elecciones, ofrecer&aacute; a todas las fuerzas pol&iacute;ticas, excepto al PP, llegar a un acuerdo program&aacute;tico que le convierta a &eacute;l en presidente. Rivera se reafirm&oacute; ayer en que no firmar&aacute; pactos con partidos nacionalistas (S&aacute;nchez lleg&oacute; a citar al PNV) ni con Podemos, y atac&oacute; con virulencia al l&iacute;der del PSOE, su rival por el segundo puesto seg&uacute;n las encuestas.</SPAN><SPAN CLASS="c2">&nbsp;</SPAN></P>
<P CLASS="c10"><SPAN CLASS="c2">&quot;Se&ntilde;or S&aacute;nchez, no cuente con nosotros para llegar a acuerdos con partidos separatistas o con partidos como Podemos, que quieren romper Espa&ntilde;a, que van con Bildu en las listas [de Navarra]&quot;, dijo el l&iacute;der de </SPAN><SPAN CLASS="c4">Ciudadanos</SPAN><SPAN CLASS="c2"> en Tarragona. &quot;Nosotros no gobernaremos a cualquier precio&quot;, insisti&oacute;. &quot;No vamos a pactar con Rajoy y S&aacute;nchez, queremos ganar a Rajoy y a S&aacute;nchez&quot;, a&ntilde;adi&oacute; tras mostrar la sorpresa que siente ante los ataques de PP y PSOE: &quot;Parece que hemos matado a Manolete&quot;. Y sigui&oacute;: &quot;Hay una nueva operaci&oacute;n en marcha. Una operaci&oacute;n en la calle G&eacute;nova y la calle Ferraz: salvar al soldado S&aacute;nchez. Como S&aacute;nchez se hunde, como el PSOE est&aacute; roto, como Susana D&iacute;az est&aacute; esperando ya a ver pasar al [cad&aacute;ver del] soldado S&aacute;nchez, resulta que el PP dice: 'Hombre, necesito a un partido para ir a un cara a cara y fingir que nos peleamos, necesito salvar al soldado S&aacute;nchez&quot;.</SPAN></P>
<P CLASS="c10"><SPAN CLASS="c2">El duro tono con el que Rivera interpel&oacute; al l&iacute;der socialista no tiene precedentes en la relaci&oacute;n entre ambos pol&iacute;ticos. Hasta ahora esos ataques hab&iacute;an quedado reservados para los dirigentes nacionalistas catalanes Artur Mas y Jordi Pujol. La referencia a Susana D&iacute;az, l&iacute;der del PSOE andaluz y contrapoder interno de S&aacute;nchez, no fue el &uacute;nico dardo de Rivera, que ha acudido al cuerpo a cuerpo con S&aacute;nchez desde que interpret&oacute; que este hab&iacute;a &quot;jugado sucio&quot; durante el debate en EL PA&Iacute;S.</SPAN></P>
<P CLASS="c10"><SPAN CLASS="c2">Los dirigentes de </SPAN><SPAN CLASS="c4">Ciudadanos</SPAN><SPAN CLASS="c2"> mencionan ahora en sus discursos que el PSOE de S&aacute;nchez vot&oacute; de forma diferente la misma moci&oacute;n de </SPAN><SPAN CLASS="c4">Ciudadanos</SPAN><SPAN CLASS="c2"> -un texto a favor de la unidad de Espa&ntilde;a y la Constituci&oacute;n difundido en septiembre- seg&uacute;n la comunidad aut&oacute;noma en la que se convocara la votaci&oacute;n. Ese argumento lo usar&aacute; Rivera en campa&ntilde;a para intentar desacreditar el proyecto socialista y asegurar que defiende una cosa distinta en cada autonom&iacute;a.</SPAN></P>
<P CLASS="c10"><SPAN CLASS="c2">Unidad de Espa&ntilde;a</SPAN></P>
<P CLASS="c10"><SPAN CLASS="c2">Los socialistas votaron a favor de la moci&oacute;n de </SPAN><SPAN CLASS="c4">Ciudadanos</SPAN><SPAN CLASS="c2"> en Parlamentos como el de Extremadura; se abstuvieron en otros cinco; y votaron en contra en Baleares, donde consideraron que el texto era &quot;electoralista&quot; por haberse planteado antes de las elecciones catalanas. Un ejemplo, seg&uacute;n </SPAN><SPAN CLASS="c4">Ciudadanos</SPAN><SPAN CLASS="c2">, de que S&aacute;nchez no controla a sus barones auton&oacute;micos. El PSOE, no obstante, s&iacute; se ha manifestado en sus &oacute;rganos internos a favor de la unidad de Espa&ntilde;a.</SPAN></P>
</DIV>
<BR><DIV CLASS="c5"><P CLASS="c6"><SPAN CLASS="c9">LANGUAGE: </SPAN><SPAN CLASS="c2">SPANISH; ESPA&Ntilde;OL</SPAN></P>
</DIV>
<BR><DIV CLASS="c5"><P CLASS="c6"><SPAN CLASS="c9">PUBLICATION-TYPE: </SPAN><SPAN CLASS="c2">Peri&oacute;dico</SPAN></P>
</DIV>
<BR><DIV CLASS="c5"><P CLASS="c6"><SPAN CLASS="c9">SUBJECT: </SPAN><SPAN CLASS="c2">Pol&iacute;tica (94%)</SPAN></P>
</DIV>
<BR><DIV CLASS="c5"><P CLASS="c6"><SPAN CLASS="c9">IPTC SUBJECT: </SPAN><SPAN CLASS="c2">Politica</SPAN></P>
</DIV>
<BR><DIV CLASS="c5"><P CLASS="c6"><SPAN CLASS="c9">LOAD-DATE: </SPAN><SPAN CLASS="c2">December 5, 2015</SPAN></P>
</DIV>
<BR><DIV CLASS="c0"><BR><P CLASS="c1"><SPAN CLASS="c2">Copyright 2015 El Pais Internacional S.A.<BR>All Rights Reserved</SPAN></P>
</DIV>
</BODY>
</HTML>