<HTML>
<HEAD>
<STYLE TYPE="text/css">
.c0 { text-align: center; }
.c1 { text-align: center; margin-top: 0em; margin-bottom: 0em; }
.c2 { font-family: 'Courier New',Courier; font-size: 10pt; font-style: normal; font-weight: normal; color: #000000; text-decoration: none; }
.c3 { text-align: center; margin-left: 13%; margin-right: 13%; }
.c4 { font-family: 'Courier New',Courier; font-size: 10pt; font-style: normal; font-weight: bold; color: #CC0033; text-decoration: none; }
.c5 { text-align: left; }
.c6 { text-align: left; margin-top: 0em; margin-bottom: 0em; }
.c7 { font-family: 'Courier New',Courier; font-size: 14pt; font-style: normal; font-weight: bold; color: #000000; text-decoration: none; }
.c8 { font-family: 'Courier New',Courier; font-size: 14pt; font-style: normal; font-weight: bold; color: #CC0033; text-decoration: none; }
.c9 { font-family: 'Courier New',Courier; font-size: 10pt; font-style: normal; font-weight: bold; color: #000000; text-decoration: none; }
.c10 { text-align: left; margin-top: 1em; margin-bottom: 0em; }
.c11 { page-break-before: always; }
</STYLE>
</HEAD>
<BODY>
<BR><DIV CLASS="c0"><P CLASS="c1"><SPAN CLASS="c2">526 of 935 DOCUMENTS</SPAN></P>
</DIV>
<BR><DIV CLASS="c0"><BR><P CLASS="c1"><IMG SRC="http://www.lexisnexis.com/lnacui2api/results/docview/attachRetrieve.do?smi=LOGOS&key=38401&componentseq=1&type=logo&inline=y" ALT="http://www.lexisnexis.com/lnacui2api/results/docview/attachRetrieve.do?smi=LOGOS&key=38401&componentseq=1&type=logo&inline=y"><BR><SPAN CLASS="c2">El Pais</SPAN></P>
</DIV>
<BR><DIV CLASS="c3"><P CLASS="c1"><SPAN CLASS="c4">November</SPAN><SPAN CLASS="c2"> 27, 2015 Friday</SPAN><SPAN CLASS="c2">&nbsp;</SPAN><SPAN CLASS="c2">&nbsp;<BR>Nacional Edici&oacute;n</SPAN></P>
</DIV>
<BR><DIV CLASS="c5"><P CLASS="c6"><SPAN CLASS="c7">El pacto antiyihadista se ampl&iacute;a sin sus promotores y sin cinco partidos</SPAN></P>
</DIV>
<BR><DIV CLASS="c5"><P CLASS="c6"><SPAN CLASS="c9">BYLINE: </SPAN><SPAN CLASS="c2">F. MANETTO / J. J. MATEO</SPAN></P>
</DIV>
<BR><DIV CLASS="c5"><P CLASS="c6"><SPAN CLASS="c9">SECTION: </SPAN><SPAN CLASS="c2">ESPA&ntilde;A; Base; P&aacute;g. 19</SPAN></P>
</DIV>
<BR><DIV CLASS="c5"><P CLASS="c6"><SPAN CLASS="c9">LENGTH: </SPAN><SPAN CLASS="c2">638 words</SPAN></P>
</DIV>
<BR><DIV CLASS="c5"><P CLASS="c6"><SPAN CLASS="c9">DATELINE: </SPAN><SPAN CLASS="c2">Madrid </SPAN></P>
</DIV>
<BR><DIV CLASS="c5"><P CLASS="c10"><SPAN CLASS="c2">El Gobierno y las principales fuerzas de la oposici&oacute;n sellaron ayer el pacto antiyihadista para escenificar su compromiso en la lucha contra el terrorismo, pero la imagen de unidad qued&oacute; rota por las bajas voluntarias de partidos y l&iacute;deres. Ni las fuerzas nacionalistas m&aacute;s relevantes -PNV, CDC y ERC- ni Podemos e IU se sumaron al acuerdo. Adem&aacute;s, las ausencias de Mariano Rajoy y Pedro S&aacute;nchez restaron solemnidad institucional al acto celebrado en Madrid. &quot;Cada uno decide sus prioridades&quot;, opin&oacute; </SPAN><SPAN CLASS="c4">Albert Rivera</SPAN><SPAN CLASS="c2">, l&iacute;der de </SPAN><SPAN CLASS="c4">Ciudadanos</SPAN><SPAN CLASS="c2">, sobre la incomparecencia del presidente del PP y del secretario general del PSOE.</SPAN></P>
<P CLASS="c10"><SPAN CLASS="c4">Ciudadanos</SPAN><SPAN CLASS="c2">, UPyD, UPN, Uni&oacute;, PAR, Foro Asturias y Coalici&oacute;n Canaria se sumaron ayer al pacto antiyihadista. La cita, en el Ministerio de Interior, reflej&oacute; las tensiones del mapa pol&iacute;tico nacional en la recta final de la precampa&ntilde;a que desembocar&aacute; en las generales del 20-D. Mientras Francia, Alemania, Italia, B&eacute;lgica o el Reino Unido estrechaban lazos en su respuesta a los atentados terroristas de Par&iacute;s, varios partidos espa&ntilde;oles se negaban a firmar el acuerdo y los l&iacute;deres de las dos principales fuerzas pol&iacute;ticas segu&iacute;an su agenda de precampa&ntilde;a en lugar de acudir a la reuni&oacute;n.</SPAN><SPAN CLASS="c2">&nbsp;</SPAN></P>
<P CLASS="c10"><SPAN CLASS="c2">Tanto Converg&egrave;ncia como ERC y el PNV declinaron la invitaci&oacute;n para unirse al acuerdo, al igual que Izquierda Unida. Podemos, por su parte, adopt&oacute; una postura intermedia y acudi&oacute; como &quot;observador&quot;, sin firmar el pacto. &quot;CDC, ERC y el PNV no est&aacute;n aqu&iacute; porque no quieren&quot;, se&ntilde;al&oacute; Jorge Fern&aacute;ndez-D&iacute;az, ministro de Interior, que dej&oacute; la puerta abierta a que estos partidos se incorporen al acuerdo cuando quieran. &quot;Es l&oacute;gico que todos los pa&iacute;ses se unan porque estamos todos amenazados, y no ten&iacute;a sentido que no consigui&eacute;ramos esa unidad a nivel nacional. Cuantos m&aacute;s en la mesa, mejor. Como dice el texto del pacto, nuestra fortaleza est&aacute; en la ley y en la unidad&quot;.</SPAN></P>
<P CLASS="c10"><SPAN CLASS="c2">Sin embargo, las ausencias de Mariano Rajoy y Pedro S&aacute;nchez -explicadas por sus partidos con el argumento de que la reuni&oacute;n solo era para el seguimiento del acuerdo, vigente desde que ambos lo firmaron en febrero- restaron solemnidad a la escenificaci&oacute;n de la unidad. Tras establecer los conceptos de consenso, alianza y coordinaci&oacute;n como ejes de sus respuestas a los ataques de Par&iacute;s, los dos promotores del pacto no acudieron a su ampliaci&oacute;n. Rafael Hernando, portavoz parlamentario del PP, y Antonio Hernando, su hom&oacute;logo del PSOE, representaron a los dos partidos mayoritarios.</SPAN></P>
<P CLASS="c10"><SPAN CLASS="c2">Prioridades de los l&iacute;deres</SPAN></P>
<P CLASS="c10"><SPAN CLASS="c2">&quot;Cada uno decide sus prioridades. Yo he suspendido un acto en Cantabria y otro en Asturias porque creo que lo que estamos haciendo es bueno para Espa&ntilde;a. Hay que pensar m&aacute;s en Espa&ntilde;a que en las elecciones. Hay que pensar m&aacute;s en Espa&ntilde;a que en una urna&quot;, argument&oacute; Rivera sobre las bajas del candidato presidencial del PP, de viaje en Castilla La-Mancha, y del PSOE, en Andaluc&iacute;a. &quot;Logramos convertir la uni&oacute;n de dos [en referencia a PP y PSOE] en pacto de Estado. Hemos firmado una garant&iacute;a, la de que aunque haya cambio de Gobierno, de presidente, de mayor&iacute;as, esto no va a cambiar. Es la garant&iacute;a de que gobierne quien gobierne vamos a seguir juntos&quot;, destac&oacute;. &quot;Ser&iacute;a bueno un acuerdo entre los pa&iacute;ses de la UE para trabajar juntos, para prestar ayuda. No creo que esto sea una guerra entre el terrorismo isl&aacute;mico y Francia. Es un trabajo mundial, y europeo en particular, frente al terrorismo&quot;.</SPAN></P>
<P CLASS="c10"><SPAN CLASS="c2">&quot;Lo deseable es que hubieran estado los m&aacute;ximos l&iacute;deres de todos los partidos. Tiene un valor simb&oacute;lico importante, y ese simbolismo lo dan tambi&eacute;n las personas&quot;, lament&oacute; Andr&eacute;s Herzog, candidato de UPyD, sobre las ausencias. Por su parte, Rafael Mayoral, de Podemos, record&oacute; que su partido ha ofrecido a los dem&aacute;s sumarse al acuerdo alentado por su &quot;consejo de la paz&quot; y que no quiere unirse al pacto porque cree que no es una &quot;herramienta &uacute;til&quot; frente al ISIS.</SPAN></P>
</DIV>
<BR><DIV CLASS="c5"><P CLASS="c6"><SPAN CLASS="c9">LANGUAGE: </SPAN><SPAN CLASS="c2">SPANISH; ESPA&Ntilde;OL</SPAN></P>
</DIV>
<BR><DIV CLASS="c5"><P CLASS="c6"><SPAN CLASS="c9">PUBLICATION-TYPE: </SPAN><SPAN CLASS="c2">Peri&oacute;dico</SPAN></P>
</DIV>
<BR><DIV CLASS="c5"><P CLASS="c6"><SPAN CLASS="c9">SUBJECT: </SPAN><SPAN CLASS="c2">Pol&iacute;tica (94%)</SPAN></P>
</DIV>
<BR><DIV CLASS="c5"><P CLASS="c6"><SPAN CLASS="c9">IPTC SUBJECT: </SPAN><SPAN CLASS="c2">Politica</SPAN></P>
</DIV>
<BR><DIV CLASS="c5"><P CLASS="c6"><SPAN CLASS="c9">LOAD-DATE: </SPAN><SPAN CLASS="c2">November 26, 2015</SPAN></P>
</DIV>
<BR><DIV CLASS="c0"><BR><P CLASS="c1"><SPAN CLASS="c2">Copyright 2015 El Pais Internacional S.A.<BR>All Rights Reserved</SPAN></P>
</DIV>
</BODY>
</HTML>