<HTML>
<HEAD>
<STYLE TYPE="text/css">
.c0 { text-align: center; }
.c1 { text-align: center; margin-top: 0em; margin-bottom: 0em; }
.c2 { font-family: 'Courier New',Courier; font-size: 10pt; font-style: normal; font-weight: normal; color: #000000; text-decoration: none; }
.c3 { text-align: center; margin-left: 13%; margin-right: 13%; }
.c4 { font-family: 'Courier New',Courier; font-size: 10pt; font-style: normal; font-weight: bold; color: #CC0033; text-decoration: none; }
.c5 { text-align: left; }
.c6 { text-align: left; margin-top: 0em; margin-bottom: 0em; }
.c7 { font-family: 'Courier New',Courier; font-size: 14pt; font-style: normal; font-weight: bold; color: #000000; text-decoration: none; }
.c8 { font-family: 'Courier New',Courier; font-size: 14pt; font-style: normal; font-weight: bold; color: #CC0033; text-decoration: none; }
.c9 { font-family: 'Courier New',Courier; font-size: 10pt; font-style: normal; font-weight: bold; color: #000000; text-decoration: none; }
.c10 { text-align: left; margin-top: 1em; margin-bottom: 0em; }
.c11 { page-break-before: always; }
</STYLE>
</HEAD>
<BODY>
<BR><DIV CLASS="c0"><P CLASS="c1"><SPAN CLASS="c2">371 of 935 DOCUMENTS</SPAN></P>
</DIV>
<BR><DIV CLASS="c0"><BR><P CLASS="c1"><IMG SRC="http://www.lexisnexis.com/lnacui2api/results/docview/attachRetrieve.do?smi=LOGOS&key=38401&componentseq=1&type=logo&inline=y" ALT="http://www.lexisnexis.com/lnacui2api/results/docview/attachRetrieve.do?smi=LOGOS&key=38401&componentseq=1&type=logo&inline=y"><BR><SPAN CLASS="c2">El Pais</SPAN></P>
</DIV>
<BR><DIV CLASS="c3"><P CLASS="c1"><SPAN CLASS="c4">January</SPAN><SPAN CLASS="c2"> 2, 2016 Saturday</SPAN><SPAN CLASS="c2">&nbsp;</SPAN><SPAN CLASS="c2">&nbsp;<BR>Andaluc&iacute;a Edici&oacute;n</SPAN></P>
</DIV>
<BR><DIV CLASS="c5"><P CLASS="c6"><SPAN CLASS="c7">El PP y el partido de Rivera negocian ya la Mesa del Congreso</SPAN></P>
</DIV>
<BR><DIV CLASS="c5"><P CLASS="c6"><SPAN CLASS="c9">SECTION: </SPAN><SPAN CLASS="c2">ESPA&ntilde;A; Base; P&aacute;g. 17</SPAN></P>
</DIV>
<BR><DIV CLASS="c5"><P CLASS="c6"><SPAN CLASS="c9">LENGTH: </SPAN><SPAN CLASS="c2">288 words</SPAN></P>
</DIV>
<BR><DIV CLASS="c5"><P CLASS="c6"><SPAN CLASS="c9">DATELINE: </SPAN><SPAN CLASS="c2">Madrid </SPAN></P>
</DIV>
<BR><DIV CLASS="c5"><BR><P CLASS="c6"><SPAN CLASS="c9">HIGHLIGHT:</SPAN><SPAN CLASS="c2">&nbsp;La formaci&oacute;n de Rajoy y la emergente discrepan sobre qui&eacute;n debe presidirla<BR></SPAN></P>
</DIV>
<BR><DIV CLASS="c5"><P CLASS="c10"><SPAN CLASS="c2">J. J. MATEO / F. GAREA</SPAN></P>
<P CLASS="c10"><SPAN CLASS="c2">El PP y </SPAN><SPAN CLASS="c4">Ciudadanos</SPAN><SPAN CLASS="c2"> se reunieron el jueves para negociar la composici&oacute;n de la Mesa del Congreso, que regula el d&iacute;a a d&iacute;a de la C&aacute;mara y debe constituirse el 13 de enero. Ambos partidos, representados por Rafael Hernando y Miguel &Aacute;ngel Guti&eacute;rrez respectivamente, discrepan sobre a qu&eacute; siglas debe pertenecer el presidente de la Mesa.</SPAN><SPAN CLASS="c2">&nbsp;</SPAN></P>
<P CLASS="c10"><SPAN CLASS="c2">Como explic&oacute; Mariano Rajoy, el PP aspira a que la presidencia de la Mesa sea para su partido, que gan&oacute; las elecciones. Pero en </SPAN><SPAN CLASS="c4">Ciudadanos</SPAN><SPAN CLASS="c2"> creen que este organismo debe estar dirigido por una formaci&oacute;n diferente a la que ocupe el Gobierno. </SPAN><SPAN CLASS="c4">Albert Rivera</SPAN><SPAN CLASS="c2"> ha trasladado esta opini&oacute;n tanto a Rajoy como al l&iacute;der del PSOE, Pedro S&aacute;nchez, en las conversaciones mantenidas desde el 20-D.</SPAN></P>
<P CLASS="c10"><SPAN CLASS="c2">&quot;Hemos dicho que ser&iacute;a muy bueno para la regeneraci&oacute;n y para impulsar la vida pol&iacute;tica del Congreso que lo presidiera alguien de color pol&iacute;tico diferente al del Gobierno&quot;, afirman en </SPAN><SPAN CLASS="c4">Ciudadanos</SPAN><SPAN CLASS="c2">. El partido insisti&oacute; durante la reuni&oacute;n con el PP en la necesidad de que la legislatura arranque cuanto antes para que &quot;se empiecen a hacer las reformas que Espa&ntilde;a necesita&quot;.</SPAN></P>
<P CLASS="c10"><SPAN CLASS="c4">Ciudadanos</SPAN><SPAN CLASS="c2">, que sum&oacute; 40 diputados en los comicios, aspira a una de las cuatro vicepresidencias y a una de las otras tantas secretar&iacute;as, seg&uacute;n las fuentes consultadas. El partido parte de la base de que Podemos debe asumir una menor representaci&oacute;n de la que corresponden a sus 69 esca&ntilde;os si la formaci&oacute;n de Pablo Iglesias insiste en que las Mareas gallegas, Comprom&iacute;s y En Com&uacute; Podem tengan grupo propio en el Congreso.</SPAN></P>
<P CLASS="c10"><SPAN CLASS="c2">Podemos a&uacute;n no ha designado a los participantes en las reuniones. El PSOE ya ha avanzado que est&aacute; dispuesto a incluir la reforma del reglamento del Congreso en las negociaciones sobre la composici&oacute;n de la Mesa.</SPAN></P>
</DIV>
<BR><DIV CLASS="c5"><P CLASS="c6"><SPAN CLASS="c9">LANGUAGE: </SPAN><SPAN CLASS="c2">SPANISH; ESPA&Ntilde;OL</SPAN></P>
</DIV>
<BR><DIV CLASS="c5"><P CLASS="c6"><SPAN CLASS="c9">PUBLICATION-TYPE: </SPAN><SPAN CLASS="c2">Peri&oacute;dico</SPAN></P>
</DIV>
<BR><DIV CLASS="c5"><P CLASS="c6"><SPAN CLASS="c9">SUBJECT: </SPAN><SPAN CLASS="c2">Pol&iacute;tica (93%)</SPAN></P>
</DIV>
<BR><DIV CLASS="c5"><P CLASS="c6"><SPAN CLASS="c9">IPTC SUBJECT: </SPAN><SPAN CLASS="c2">Politica</SPAN></P>
</DIV>
<BR><DIV CLASS="c5"><P CLASS="c6"><SPAN CLASS="c9">LOAD-DATE: </SPAN><SPAN CLASS="c2">January 1, 2016</SPAN></P>
</DIV>
<BR><DIV CLASS="c0"><BR><P CLASS="c1"><SPAN CLASS="c2">Copyright 2016 El Pais Internacional S.A.<BR>All Rights Reserved</SPAN></P>
</DIV>
</BODY>
</HTML>