<HTML>
<HEAD>
<STYLE TYPE="text/css">
.c0 { text-align: center; }
.c1 { text-align: center; margin-top: 0em; margin-bottom: 0em; }
.c2 { font-family: 'Courier New',Courier; font-size: 10pt; font-style: normal; font-weight: normal; color: #000000; text-decoration: none; }
.c3 { text-align: center; margin-left: 13%; margin-right: 13%; }
.c4 { font-family: 'Courier New',Courier; font-size: 10pt; font-style: normal; font-weight: bold; color: #CC0033; text-decoration: none; }
.c5 { text-align: left; }
.c6 { text-align: left; margin-top: 0em; margin-bottom: 0em; }
.c7 { font-family: 'Courier New',Courier; font-size: 14pt; font-style: normal; font-weight: bold; color: #000000; text-decoration: none; }
.c8 { font-family: 'Courier New',Courier; font-size: 14pt; font-style: normal; font-weight: bold; color: #CC0033; text-decoration: none; }
.c9 { font-family: 'Courier New',Courier; font-size: 10pt; font-style: normal; font-weight: bold; color: #000000; text-decoration: none; }
.c10 { text-align: left; margin-top: 1em; margin-bottom: 0em; }
.c11 { page-break-before: always; }
</STYLE>
</HEAD>
<BODY>
<BR><DIV CLASS="c0"><P CLASS="c1"><SPAN CLASS="c2">180 of 935 DOCUMENTS</SPAN></P>
</DIV>
<BR><DIV CLASS="c0"><BR><P CLASS="c1"><IMG SRC="http://www.lexisnexis.com/lnacui2api/results/docview/attachRetrieve.do?smi=LOGOS&key=38401&componentseq=1&type=logo&inline=y" ALT="http://www.lexisnexis.com/lnacui2api/results/docview/attachRetrieve.do?smi=LOGOS&key=38401&componentseq=1&type=logo&inline=y"><BR><SPAN CLASS="c2">El Pais</SPAN></P>
</DIV>
<BR><DIV CLASS="c3"><P CLASS="c1"><SPAN CLASS="c4">December</SPAN><SPAN CLASS="c2"> 8, 2015 Tuesday</SPAN><SPAN CLASS="c2">&nbsp;</SPAN><SPAN CLASS="c2">&nbsp;<BR>Comunidad Valenciana Edici&oacute;n</SPAN></P>
</DIV>
<BR><DIV CLASS="c5"><P CLASS="c6"><SPAN CLASS="c7">El sondeo del CIS convierte en prioritarias todas las provincias</SPAN></P>
</DIV>
<BR><DIV CLASS="c5"><P CLASS="c6"><SPAN CLASS="c9">BYLINE: </SPAN><SPAN CLASS="c2">J. C</SPAN></P>
</DIV>
<BR><DIV CLASS="c5"><P CLASS="c6"><SPAN CLASS="c9">SECTION: </SPAN><SPAN CLASS="c2">ESPA&ntilde;A; Base; P&aacute;g. 18</SPAN></P>
</DIV>
<BR><DIV CLASS="c5"><P CLASS="c6"><SPAN CLASS="c9">LENGTH: </SPAN><SPAN CLASS="c2">438 words</SPAN></P>
</DIV>
<BR><DIV CLASS="c5"><P CLASS="c6"><SPAN CLASS="c9">DATELINE: </SPAN><SPAN CLASS="c2">Madrid </SPAN></P>
</DIV>
<BR><DIV CLASS="c5"><BR><P CLASS="c6"><SPAN CLASS="c9">HIGHLIGHT:</SPAN><SPAN CLASS="c2">&nbsp;</SPAN><SPAN CLASS="c4">Ciudadanos</SPAN><SPAN CLASS="c2"> disputa feudos populares hasta en la Espa&ntilde;a rural<BR></SPAN></P>
</DIV>
<BR><DIV CLASS="c5"><P CLASS="c10"><SPAN CLASS="c2">Los datos del &uacute;ltimo sondeo electoral del Centro de Investigaciones Sociol&oacute;gicas (CIS), conocidos el pasado jueves, confirmaron en el PP que ya no existen provincias prioritarias o, incluso, que las denominadas provincias prioritarias &quot;son ya casi todas&quot;, en palabras de uno de los m&aacute;ximos dirigentes del partido.</SPAN><SPAN CLASS="c2">&nbsp;</SPAN></P>
<P CLASS="c10"><SPAN CLASS="c2">Las grandes formaciones reservan parada obligada de las caravanas de sus l&iacute;deres en las siete mayores provincias en poblaci&oacute;n (de Madrid a Murcia), que se reparten 115 esca&ntilde;os y que son, adem&aacute;s, en las que en teor&iacute;a el PP se disputa parte de su electorado m&aacute;s formado y de &aacute;mbito profesional con </SPAN><SPAN CLASS="c4">Ciudadanos</SPAN><SPAN CLASS="c2">. Los estrategas populares pensaban, hasta hace pocas semanas, que en las zonas de la Espa&ntilde;a rural donde el partido de </SPAN><SPAN CLASS="c4">Albert Rivera</SPAN><SPAN CLASS="c2"> no tiene ni dirigentes ni cuadros ni casi bases les ser&iacute;a imposible obtener representaci&oacute;n.</SPAN></P>
<P CLASS="c10"><SPAN CLASS="c2">El candidato Mariano Rajoy ha efectuado en los &uacute;ltimos d&iacute;as de la precampa&ntilde;a sendas giras de promoci&oacute;n por esa Espa&ntilde;a rural que &quot;tambi&eacute;n vota y tiene sus derechos&quot;, como subrayaban sus asesores para justificar los miguelitos, las visitas a molinos y belenes y las partidas de domin&oacute; con ancianos. Cre&iacute;an que las dos Castillas ser&iacute;an su feudo inexpugnable. Y en eso el bar&oacute;metro del CIS apunt&oacute; que el PP podr&iacute;a perder una decena de diputados en favor de </SPAN><SPAN CLASS="c4">Ciudadanos</SPAN><SPAN CLASS="c2"> en Castilla-La Mancha y Castilla y Le&oacute;n.</SPAN></P>
<P CLASS="c10"><SPAN CLASS="c2">El PP a&uacute;n mantiene que a la formaci&oacute;n que lidera Rivera le ser&aacute; pr&aacute;cticamente imposible romper la barrera en las 11 provincias que se reparten solo entre uno y tres esca&ntilde;os y que incluyen las dos ciudades aut&oacute;nomas. Son las circunscripciones en las que el PP y el PSOE llevan acaparando hist&oacute;ricamente esas tres actas (2-1 seg&uacute;n el vencedor). El sondeo de Metroscopia del pasado fin de semana para EL PA&Iacute;S otorgaba a </SPAN><SPAN CLASS="c4">Ciudadanos</SPAN><SPAN CLASS="c2">, por ejemplo en Teruel, m&aacute;s del 20% de papeletas y repart&iacute;a esos tres diputados en uno para cada formaci&oacute;n. No es lo normal. Tampoco era as&iacute; en el siguiente lote de 24 provincias en las que est&aacute;n en juego entre cuatro y seis actas. El reparto proporcional de esca&ntilde;os previsto en la Ley d'Hont prima la distribuci&oacute;n en favor de los grandes partidos, hecho del que siempre se han quejado Izquierda Unida y UPyD.</SPAN></P>
<P CLASS="c10"><SPAN CLASS="c2">Esa situaci&oacute;n tambi&eacute;n parece haber cambiado ahora, seg&uacute;n corrobora el &uacute;ltimo trabajo de Metroscopia. En Badajoz, donde se dilucidan seis esca&ntilde;os, </SPAN><SPAN CLASS="c4">Ciudadanos</SPAN><SPAN CLASS="c2"> entra en la pugna por la tercera posici&oacute;n y Podemos se halla a las puertas de un esca&ntilde;o con el 11% de los votos. En Zaragoza, donde est&aacute;n en pugna siete actas, hasta Podemos podr&iacute;a entrar en la lucha por un diputado con el 14% de los votos y PP, PSOE y </SPAN><SPAN CLASS="c4">Ciudadanos</SPAN><SPAN CLASS="c2"> quedarse con dos cada uno.</SPAN></P>
</DIV>
<BR><DIV CLASS="c5"><P CLASS="c6"><SPAN CLASS="c9">LANGUAGE: </SPAN><SPAN CLASS="c2">SPANISH; ESPA&Ntilde;OL</SPAN></P>
</DIV>
<BR><DIV CLASS="c5"><P CLASS="c6"><SPAN CLASS="c9">PUBLICATION-TYPE: </SPAN><SPAN CLASS="c2">Peri&oacute;dico</SPAN></P>
</DIV>
<BR><DIV CLASS="c5"><P CLASS="c6"><SPAN CLASS="c9">SUBJECT: </SPAN><SPAN CLASS="c2">Pol&iacute;tica (93%)</SPAN></P>
</DIV>
<BR><DIV CLASS="c5"><P CLASS="c6"><SPAN CLASS="c9">IPTC SUBJECT: </SPAN><SPAN CLASS="c2">Politica</SPAN></P>
</DIV>
<BR><DIV CLASS="c5"><P CLASS="c6"><SPAN CLASS="c9">LOAD-DATE: </SPAN><SPAN CLASS="c2">December 7, 2015</SPAN></P>
</DIV>
<BR><DIV CLASS="c0"><BR><P CLASS="c1"><SPAN CLASS="c2">Copyright 2015 El Pais Internacional S.A.<BR>All Rights Reserved</SPAN></P>
</DIV>
</BODY>
</HTML>