<HTML>
<HEAD>
<STYLE TYPE="text/css">
.c0 { text-align: center; }
.c1 { text-align: center; margin-top: 0em; margin-bottom: 0em; }
.c2 { font-family: 'Courier New',Courier; font-size: 10pt; font-style: normal; font-weight: normal; color: #000000; text-decoration: none; }
.c3 { text-align: center; margin-left: 13%; margin-right: 13%; }
.c4 { font-family: 'Courier New',Courier; font-size: 10pt; font-style: normal; font-weight: bold; color: #CC0033; text-decoration: none; }
.c5 { text-align: left; }
.c6 { text-align: left; margin-top: 0em; margin-bottom: 0em; }
.c7 { font-family: 'Courier New',Courier; font-size: 14pt; font-style: normal; font-weight: bold; color: #000000; text-decoration: none; }
.c8 { font-family: 'Courier New',Courier; font-size: 14pt; font-style: normal; font-weight: bold; color: #CC0033; text-decoration: none; }
.c9 { font-family: 'Courier New',Courier; font-size: 10pt; font-style: normal; font-weight: bold; color: #000000; text-decoration: none; }
.c10 { text-align: left; margin-top: 1em; margin-bottom: 0em; }
.c11 { page-break-before: always; }
</STYLE>
</HEAD>
<BODY>
<BR><DIV CLASS="c0"><P CLASS="c1"><SPAN CLASS="c2">353 of 935 DOCUMENTS</SPAN></P>
</DIV>
<BR><DIV CLASS="c0"><BR><P CLASS="c1"><IMG SRC="http://www.lexisnexis.com/lnacui2api/results/docview/attachRetrieve.do?smi=LOGOS&key=38401&componentseq=1&type=logo&inline=y" ALT="http://www.lexisnexis.com/lnacui2api/results/docview/attachRetrieve.do?smi=LOGOS&key=38401&componentseq=1&type=logo&inline=y"><BR><SPAN CLASS="c2">El Pais</SPAN></P>
</DIV>
<BR><DIV CLASS="c3"><P CLASS="c1"><SPAN CLASS="c4">December</SPAN><SPAN CLASS="c2"> 22, 2015 Tuesday</SPAN><SPAN CLASS="c2">&nbsp;</SPAN><SPAN CLASS="c2">&nbsp;<BR>2&ordf; Ed. Madrid Edici&oacute;n</SPAN></P>
</DIV>
<BR><DIV CLASS="c5"><P CLASS="c6"><SPAN CLASS="c7">Rajoy busca los apoyos de S&aacute;nchez y Rivera para un Gobierno estable</SPAN></P>
</DIV>
<BR><DIV CLASS="c5"><P CLASS="c6"><SPAN CLASS="c9">BYLINE: </SPAN><SPAN CLASS="c2">JAVIER CASQUEIRO</SPAN></P>
</DIV>
<BR><DIV CLASS="c5"><P CLASS="c6"><SPAN CLASS="c9">SECTION: </SPAN><SPAN CLASS="c2">ESPA&ntilde;A; Base; P&aacute;g. 13</SPAN></P>
</DIV>
<BR><DIV CLASS="c5"><P CLASS="c6"><SPAN CLASS="c9">LENGTH: </SPAN><SPAN CLASS="c2">770 words</SPAN></P>
</DIV>
<BR><DIV CLASS="c5"><P CLASS="c6"><SPAN CLASS="c9">DATELINE: </SPAN><SPAN CLASS="c2">Madrid </SPAN></P>
</DIV>
<BR><DIV CLASS="c5"><P CLASS="c10"><SPAN CLASS="c2">El presidente en funciones, Mariano Rajoy, va a demandar en persona en los pr&oacute;ximos d&iacute;as, fundamentalmente a los l&iacute;deres del PSOE, Pedro S&aacute;nchez, y </SPAN><SPAN CLASS="c4">Ciudadanos</SPAN><SPAN CLASS="c2">, </SPAN><SPAN CLASS="c4">Albert Rivera,</SPAN><SPAN CLASS="c2"> un apoyo con &quot;sentido de Estado&quot; para formar un Gobierno estable del PP que reafirme el rumbo institucional, europeo y econ&oacute;mico de Espa&ntilde;a. Ese es el plan de Rajoy. No tiene las citas cerradas, pero los contactos se producir&aacute;n antes del 13 de enero para pactar, adem&aacute;s, un presidente del Congreso que gestione la nueva y fragmentada situaci&oacute;n pol&iacute;tica tras el 20-D. Rajoy no quiere hablar por ahora de coaliciones.</SPAN><SPAN CLASS="c2">&nbsp;</SPAN></P>
<P CLASS="c10"><SPAN CLASS="c2">Rajoy reuni&oacute; en la tarde de ayer al centenar de dirigentes que forman el comit&eacute; ejecutivo del PP para compartir durante dos horas reflexiones sobre los resultados del 20-D, que al principio se digirieron sin optimismo, como un &eacute;xito moderado, y que con las horas se convierten en un reto muy complicado. El l&iacute;der popular insiste en agarrarse a los datos para asegurar que su partido ha ganado y es la primera fuerza con m&aacute;s de 7.200.000 votos (28,72%) y 6,7 puntos y casi 1.700.000 papeletas por encima del segundo, el PSOE (22,01%). El dirigente popular remarca mucho que mantiene 123 esca&ntilde;os frente a los 90 socialistas, pero no menciona que ha perdido 63 actas en cuatro a&ntilde;os ni que entonces el PP cosech&oacute; 10.866.000 votos. Esa cifra la sumar&iacute;a pr&aacute;cticamente ahora si se contasen a su lado los escrutinios de </SPAN><SPAN CLASS="c4">Ciudadanos</SPAN><SPAN CLASS="c2">.</SPAN></P>
<P CLASS="c10"><SPAN CLASS="c2">El presidente del PP no hizo autocr&iacute;tica en su discurso interno ni despu&eacute;s ante la prensa y se limit&oacute; a justificar la espectacular bajada en la &quot;herencia recibida&quot; del Gobierno socialista y los recortes que tuvo que aplicar para salvar a Espa&ntilde;a. Poco m&aacute;s.</SPAN></P>
<P CLASS="c10"><SPAN CLASS="c2">Ante el incierto escenario que se abre para gestionar el futuro del pa&iacute;s, Rajoy comenz&oacute; por reafirmar que debe ser el PP el que intente formar Gobierno, y buscar la estabilidad pol&iacute;tica, y se aprest&oacute; a &quot;actuar en consecuencia&quot;. Pero luego no precis&oacute; ning&uacute;n plan concreto. Es m&aacute;s, se&ntilde;al&oacute; que a&uacute;n no hab&iacute;a tenido tiempo ni oportunidad de pensar c&oacute;mo quiere &quot;preparar&quot; los contactos que iniciar&aacute; con algunos l&iacute;deres en los pr&oacute;ximos d&iacute;as.</SPAN></P>
<P CLASS="c10"><SPAN CLASS="c2">Rajoy quiere un Gobierno estable encabezado por el PP como primer partido y ganador, como se ha hecho en Espa&ntilde;a desde las primeras elecciones democr&aacute;ticas, en 1977. Todo lo que ha ocurrido con las fuerzas emergentes, que ya estar&aacute;n presentes en las nuevas Cortes, no var&iacute;an su guion.</SPAN></P>
<P CLASS="c10"><SPAN CLASS="c2">El presidente, desde la noche del lunes en funciones, hace sus propias lecturas de los datos del 20-D. La primera result&oacute; tremendamente optimista. Rajoy considera especialmente relevante en estos momentos que la mayor&iacute;a de los partidos, coaliciones y fuerzas que han logrado representaci&oacute;n en las nuevas C&aacute;maras respalden sus concepciones de la defensa de la Constituci&oacute;n, la unidad de Espa&ntilde;a, la soberan&iacute;a nacional, la igualdad de los espa&ntilde;oles y el papel en Europa y en la lucha antiterrorista. Considera eso un gran avance, al margen de la fragmentaci&oacute;n constatable en el nuevo Parlamento.</SPAN></P>
<P CLASS="c10"><SPAN CLASS="c2">El jefe del Ejecutivo asume que le toca la &quot;responsabilidad y el mandato&quot; de explorar c&oacute;mo se puede llegar a un Gobierno estable &quot;para ofrecer certidumbre dentro y fuera de Espa&ntilde;a&quot;. Y fij&oacute; los ejes del discurso en mantener tres rumbos que ha marcado en la legislatura reci&eacute;n terminada: aplicar las reformas institucionales con consenso, perseverar en las pol&iacute;ticas econ&oacute;micas y mantener la posici&oacute;n en Europa y con los socios y aliados.</SPAN></P>
<P CLASS="c10"><SPAN CLASS="c2">&quot;Sentido de Estado&quot;</SPAN></P>
<P CLASS="c10"><SPAN CLASS="c2">Rajoy es consciente de que el 20-D han cambiado muchas cosas en Espa&ntilde;a y en la pol&iacute;tica nacional, pero quiere perpetuar esos puntos b&aacute;sicos, que son sus l&iacute;neas rojas, con las que abordar&aacute; las conversaciones discretas de los pr&oacute;ximos d&iacute;as. El presidente del PP se niega a decir en p&uacute;blico que sus preferencias son abrir esas charlas con el PSOE y </SPAN><SPAN CLASS="c4">Ciudadanos</SPAN><SPAN CLASS="c2">, aunque no tiene otras opciones realmente viables, pero no quiere meter m&aacute;s presi&oacute;n a&ntilde;adida a ese proceso de di&aacute;logo.</SPAN></P>
<P CLASS="c10"><SPAN CLASS="c2">&quot;Los espa&ntilde;oles han expresado su voluntad y ahora nos toca a los pol&iacute;ticos garantizar que se cumpla con responsabilidad y sentido de Estado&quot;, afirm&oacute;. La divisi&oacute;n nunca vista antes entre cuatro partidos con m&aacute;s de 40 esca&ntilde;os &quot;no puede ser un elemento de par&aacute;lisis y de bloqueo o inacci&oacute;n&quot;.</SPAN></P>
<P CLASS="c10"><SPAN CLASS="c2">El proceso de negociaci&oacute;n para formar Ejecutivo no tiene ni fecha de partida ni de llegada, pero Rajoy demand&oacute; &quot;generosidad y amplitud de miras con la vista puesta en el inter&eacute;s de Espa&ntilde;a&quot; y sostuvo que &eacute;l destinar&aacute; sus mejores esfuerzos a ese fin. Tampoco quiso marcarse prioridades entre una formaci&oacute;n, PSOE, u otra, </SPAN><SPAN CLASS="c4">Ciudadanos</SPAN><SPAN CLASS="c2">. Eso s&iacute;, reclam&oacute; mesura, prudencia y cuidado con lo que se dice estos d&iacute;as &quot;para no arrepentirse&quot;.</SPAN></P>
</DIV>
<BR><DIV CLASS="c5"><P CLASS="c6"><SPAN CLASS="c9">LANGUAGE: </SPAN><SPAN CLASS="c2">SPANISH; ESPA&Ntilde;OL</SPAN></P>
</DIV>
<BR><DIV CLASS="c5"><P CLASS="c6"><SPAN CLASS="c9">PUBLICATION-TYPE: </SPAN><SPAN CLASS="c2">Peri&oacute;dico</SPAN></P>
</DIV>
<BR><DIV CLASS="c5"><P CLASS="c6"><SPAN CLASS="c9">SUBJECT: </SPAN><SPAN CLASS="c2">Pol&iacute;tica (94%)</SPAN></P>
</DIV>
<BR><DIV CLASS="c5"><P CLASS="c6"><SPAN CLASS="c9">IPTC SUBJECT: </SPAN><SPAN CLASS="c2">Politica</SPAN></P>
</DIV>
<BR><DIV CLASS="c5"><P CLASS="c6"><SPAN CLASS="c9">LOAD-DATE: </SPAN><SPAN CLASS="c2">December 21, 2015</SPAN></P>
</DIV>
<BR><DIV CLASS="c0"><BR><P CLASS="c1"><SPAN CLASS="c2">Copyright 2015 El Pais Internacional S.A.<BR>All Rights Reserved</SPAN></P>
</DIV>
</BODY>
</HTML>