<HTML>
<HEAD>
<STYLE TYPE="text/css">
.c0 { text-align: center; }
.c1 { text-align: center; margin-top: 0em; margin-bottom: 0em; }
.c2 { font-family: 'Courier New',Courier; font-size: 10pt; font-style: normal; font-weight: normal; color: #000000; text-decoration: none; }
.c3 { text-align: center; margin-left: 13%; margin-right: 13%; }
.c4 { font-family: 'Courier New',Courier; font-size: 10pt; font-style: normal; font-weight: bold; color: #CC0033; text-decoration: none; }
.c5 { text-align: left; }
.c6 { text-align: left; margin-top: 0em; margin-bottom: 0em; }
.c7 { font-family: 'Courier New',Courier; font-size: 14pt; font-style: normal; font-weight: bold; color: #000000; text-decoration: none; }
.c8 { font-family: 'Courier New',Courier; font-size: 14pt; font-style: normal; font-weight: bold; color: #CC0033; text-decoration: none; }
.c9 { font-family: 'Courier New',Courier; font-size: 10pt; font-style: normal; font-weight: bold; color: #000000; text-decoration: none; }
.c10 { text-align: left; margin-top: 1em; margin-bottom: 0em; }
.c11 { page-break-before: always; }
</STYLE>
</HEAD>
<BODY>
<BR><DIV CLASS="c0"><P CLASS="c1"><SPAN CLASS="c2">177 of 935 DOCUMENTS</SPAN></P>
</DIV>
<BR><DIV CLASS="c0"><BR><P CLASS="c1"><IMG SRC="http://www.lexisnexis.com/lnacui2api/results/docview/attachRetrieve.do?smi=LOGOS&key=38401&componentseq=1&type=logo&inline=y" ALT="http://www.lexisnexis.com/lnacui2api/results/docview/attachRetrieve.do?smi=LOGOS&key=38401&componentseq=1&type=logo&inline=y"><BR><SPAN CLASS="c2">El Pais</SPAN></P>
</DIV>
<BR><DIV CLASS="c3"><P CLASS="c1"><SPAN CLASS="c4">December</SPAN><SPAN CLASS="c2"> 5, 2015 Saturday</SPAN><SPAN CLASS="c2">&nbsp;</SPAN><SPAN CLASS="c2">&nbsp;<BR>Andaluc&iacute;a Edici&oacute;n</SPAN></P>
</DIV>
<BR><DIV CLASS="c5"><P CLASS="c6"><SPAN CLASS="c7">Podemos pierde voto joven y </SPAN><SPAN CLASS="c8">Ciudadanos</SPAN><SPAN CLASS="c7"> lo gana</SPAN></P>
</DIV>
<BR><DIV CLASS="c5"><P CLASS="c6"><SPAN CLASS="c9">SECTION: </SPAN><SPAN CLASS="c2">ESPA&ntilde;A; Base; P&aacute;g. 20</SPAN></P>
</DIV>
<BR><DIV CLASS="c5"><P CLASS="c6"><SPAN CLASS="c9">LENGTH: </SPAN><SPAN CLASS="c2">779 words</SPAN></P>
</DIV>
<BR><DIV CLASS="c5"><P CLASS="c10"><SPAN CLASS="c2">Mariano Rajoy ha pasado en solo cuatro a&ntilde;os de ser el m&aacute;s joven al m&aacute;s viejo aspirante a la presidencia del Gobierno. Hoy saca 30 a&ntilde;os de diferencia a Alberto Garz&oacute;n; es 17 a&ntilde;os mayor que Pedro S&aacute;nchez; le separan 24 de </SPAN><SPAN CLASS="c4">Albert Rivera</SPAN><SPAN CLASS="c2"> y 23 de Pablo Iglesias. Sin embargo, en las elecciones de 2011 ten&iacute;a cuatro a&ntilde;os menos que Alfredo P&eacute;rez Rubalcaba y tres menos que Cayo Lara y Rosa D&iacute;ez. Hay una brecha generacional entre el PP y el resto de partidos y entre los populares y su electorado: los j&oacute;venes, seg&uacute;n las encuestas, les han abandonado.</SPAN></P>
<P CLASS="c10"><SPAN CLASS="c2">Preguntados por qu&eacute; partido elegir&iacute;an si las elecciones fueran ma&ntilde;ana, un 14,2% de los j&oacute;venes entre 18 y 24 a&ntilde;os asegura que a </SPAN><SPAN CLASS="c4">Ciudadanos</SPAN><SPAN CLASS="c2">, seguidos del PSOE (11,2%), Podemos (10,2%) y PP (9,9%). En enero de 2011, los populares llegaron a tener el 30,2% del respaldo de los primeros votantes, seg&uacute;n el CIS.</SPAN><SPAN CLASS="c2">&nbsp;</SPAN></P>
<P CLASS="c10"><SPAN CLASS="c2">El partido de Rajoy es el que m&aacute;s rechazo genera entre los j&oacute;venes: un 58,2% asegura que &quot;con toda seguridad no les votar&iacute;a nunca&quot; y el porcentaje sube hasta el 64,2% en la franja de los 25 a los 34 a&ntilde;os. Mientras, un 21,1% de los mayores de 65 asegura que les votar&iacute;a &quot;siempre&quot;. A 15 d&iacute;as de las elecciones, el PP tiene un grave problema con el voto joven, es decir, con el futuro.</SPAN></P>
<P CLASS="c10"><SPAN CLASS="c2">Crisis y corrupci&oacute;n</SPAN></P>
<P CLASS="c10"><SPAN CLASS="c2">Pablo Casado, de 34 a&ntilde;os, a quien Rajoy confi&oacute; el pasado junio la imagen del partido como vicesecretario de Comunicaci&oacute;n, atribuye los malos datos entre los j&oacute;venes al &quot;desgaste de la crisis y de la corrupci&oacute;n&quot;. El votante joven es &quot;m&aacute;s sensible&quot; a esos temas, asegura. El portavoz popular insiste en que su partido trata de &quot;revertir&quot; esas cifras y niega &quot;el clich&eacute;&quot; de que los j&oacute;venes sean mayoritariamente de izquierdas. &quot;Se identifican mucho con la ideolog&iacute;a liberal y hoy, el &uacute;nico partido que se presenta como liberal sin complejos es el PP, no </SPAN><SPAN CLASS="c4">Ciudadanos</SPAN><SPAN CLASS="c2">&quot;. Pero Francisco Camas, analista de Metroscopia, asegura que los sondeos muestran que ese electorado se ha ido &quot;en masa&quot; al partido de Rivera.</SPAN></P>
<P CLASS="c10"><SPAN CLASS="c2">El apoyo a </SPAN><SPAN CLASS="c4">Ciudadanos</SPAN><SPAN CLASS="c2"> ha subido mucho entre los j&oacute;venes en los &uacute;ltimos 11 meses: en enero pasado, solo el 1,4% de los votantes de entre 18 y 24 a&ntilde;os y el 1,9% hasta los 35 dijo que les votar&iacute;a; en noviembre son el 14%. El ascenso de Rivera entre los primeros votantes es casi tan llamativo como la ca&iacute;da de Podemos, que en ese mismo periodo perdi&oacute; 10,7 puntos entre el voto joven -sum&aacute;ndoles ahora los apoyos de En com&uacute; Podem, En Marea y Comprom&iacute;s-Podemos-Es el Momento-. El PSOE perdi&oacute; 1,8 puntos de apoyo juvenil en lo que va de a&ntilde;o y el PP subi&oacute; 5,6%, pero sigue siendo la &uacute;ltima opci&oacute;n en este electorado.</SPAN></P>
<P CLASS="c10"><SPAN CLASS="c2">&quot;Los socialistas tambi&eacute;n tienen un problema con los j&oacute;venes, pero es menor, porque logran mantener un electorado femenino muy fiel&quot;, asegura Francisco Camas. &quot;El PP no solo cuenta con pocos j&oacute;venes, los que tiene est&aacute;n poco movilizados. Solo un 67% de los que dicen que les votar&iacute;an aseguran que van a participar en las elecciones. Tambi&eacute;n son los m&aacute;s cr&iacute;ticos con Rajoy: un 30% de sus votantes j&oacute;venes le desaprueba frente al 8% del total de votantes del PP&quot;.</SPAN></P>
<P CLASS="c10"><SPAN CLASS="c2">El dirigente pol&iacute;tico mejor valorado por la juventud es Rivera, pero tampoco llega al aprobado (4,97). Le siguen Pedro S&aacute;nchez (4,64), Alberto Garz&oacute;n (4,55), Pablo Iglesias (4,39) y en &uacute;ltimo lugar, Mariano Rajoy (2,95). Pero el partido favorito de los j&oacute;venes es &quot;ninguno&quot;, porque esa fue la respuesta mayoritaria (26,7%) cuando el CIS pregunt&oacute; por qu&eacute; formaci&oacute;n sienten m&aacute;s simpat&iacute;a o ven m&aacute;s cercana a sus ideas. Los j&oacute;venes tienen, adem&aacute;s, el nivel m&aacute;s alto de indecisos (un 52,9% frente al 41,6% de media nacional). Un 10% duda entre votar a PP o </SPAN><SPAN CLASS="c4">Ciudadanos</SPAN><SPAN CLASS="c2">; un 8% entre PSOE y el partido de Rivera y un 7,9% entre socialistas y Podemos.</SPAN></P>
<P CLASS="c10"><SPAN CLASS="c2">&quot;Los partidos emergentes se est&aacute;n haciendo con el voto joven&quot;, asegura Camas, de Metroscopia. &quot;Podemos, con los que est&aacute;n estudiando o en paro, y </SPAN><SPAN CLASS="c4">Ciudadanos</SPAN><SPAN CLASS="c2"> con los que trabajan. Ninguno de los partidos tradicionales podr&aacute; sobrevivir solo con personas mayores e inactivas&quot;.</SPAN></P>
<P CLASS="c10"><SPAN CLASS="c2">Solo el 21, 8% del censo</SPAN></P>
<P CLASS="c10"><SPAN CLASS="c2">Nuevas Generaciones dio un toque de atenci&oacute;n al PP tras las elecciones auton&oacute;micas y municipales de mayo. &quot;Solo escuchando el parecer de los j&oacute;venes y teni&eacute;ndolos en cuenta seremos capaces de volver a conectar con ellos&quot;, rezaba el documento que hicieron llegar a la c&uacute;pula del partido. La organizaci&oacute;n pidi&oacute; estar representada en la direcci&oacute;n general, primarias para elegir candidatos y listas abiertas. El PP promete explotar las redes sociales en campa&ntilde;a para conectar con ese electorado. Pero sabe que antes de reconquistar a los j&oacute;venes deben asegurar a sus votantes mayores. El electorado de entre 18 y 34 a&ntilde;os representa un 21,8% del censo -hay casi 900.000 menos que en 2011- , y los mayores de 55, un 40%.</SPAN></P>
</DIV>
<BR><DIV CLASS="c5"><P CLASS="c6"><SPAN CLASS="c9">LANGUAGE: </SPAN><SPAN CLASS="c2">SPANISH; ESPA&Ntilde;OL</SPAN></P>
</DIV>
<BR><DIV CLASS="c5"><P CLASS="c6"><SPAN CLASS="c9">PUBLICATION-TYPE: </SPAN><SPAN CLASS="c2">Peri&oacute;dico</SPAN></P>
</DIV>
<BR><DIV CLASS="c5"><P CLASS="c6"><SPAN CLASS="c9">SUBJECT: </SPAN><SPAN CLASS="c2">Pol&iacute;tica (93%)</SPAN></P>
</DIV>
<BR><DIV CLASS="c5"><P CLASS="c6"><SPAN CLASS="c9">IPTC SUBJECT: </SPAN><SPAN CLASS="c2">Politica</SPAN></P>
</DIV>
<BR><DIV CLASS="c5"><P CLASS="c6"><SPAN CLASS="c9">LOAD-DATE: </SPAN><SPAN CLASS="c2">December 4, 2015</SPAN></P>
</DIV>
<BR><DIV CLASS="c0"><BR><P CLASS="c1"><SPAN CLASS="c2">Copyright 2015 El Pais Internacional S.A.<BR>All Rights Reserved</SPAN></P>
</DIV>
</BODY>
</HTML>