<HTML>
<HEAD>
<STYLE TYPE="text/css">
.c0 { text-align: center; }
.c1 { text-align: center; margin-top: 0em; margin-bottom: 0em; }
.c2 { font-family: 'Courier New',Courier; font-size: 10pt; font-style: normal; font-weight: normal; color: #000000; text-decoration: none; }
.c3 { text-align: center; margin-left: 13%; margin-right: 13%; }
.c4 { font-family: 'Courier New',Courier; font-size: 10pt; font-style: normal; font-weight: bold; color: #CC0033; text-decoration: none; }
.c5 { text-align: left; }
.c6 { text-align: left; margin-top: 0em; margin-bottom: 0em; }
.c7 { font-family: 'Courier New',Courier; font-size: 14pt; font-style: normal; font-weight: bold; color: #000000; text-decoration: none; }
.c8 { font-family: 'Courier New',Courier; font-size: 14pt; font-style: normal; font-weight: bold; color: #CC0033; text-decoration: none; }
.c9 { font-family: 'Courier New',Courier; font-size: 10pt; font-style: normal; font-weight: bold; color: #000000; text-decoration: none; }
.c10 { text-align: left; margin-top: 1em; margin-bottom: 0em; }
.c11 { page-break-before: always; }
</STYLE>
</HEAD>
<BODY>
<BR><DIV CLASS="c0"><P CLASS="c1"><SPAN CLASS="c2">1 of 935 DOCUMENTS</SPAN></P>
</DIV>
<BR><DIV CLASS="c0"><BR><P CLASS="c1"><IMG SRC="http://www.lexisnexis.com/lnacui2api/results/docview/attachRetrieve.do?smi=LOGOS&key=38401&componentseq=1&type=logo&inline=y" ALT="http://www.lexisnexis.com/lnacui2api/results/docview/attachRetrieve.do?smi=LOGOS&key=38401&componentseq=1&type=logo&inline=y"><BR><SPAN CLASS="c2">El Pais</SPAN></P>
</DIV>
<BR><DIV CLASS="c3"><P CLASS="c1"><SPAN CLASS="c4">December</SPAN><SPAN CLASS="c2"> 6, 2015 Sunday</SPAN><SPAN CLASS="c2">&nbsp;</SPAN><SPAN CLASS="c2">&nbsp;<BR>Nacional Edici&oacute;n</SPAN></P>
</DIV>
<BR><DIV CLASS="c5"><P CLASS="c6"><SPAN CLASS="c7">PP, PSOE, Podemos y </SPAN><SPAN CLASS="c8">Ciudadanos</SPAN><SPAN CLASS="c7"> se igualan en las grandes provincias</SPAN></P>
</DIV>
<BR><DIV CLASS="c5"><P CLASS="c6"><SPAN CLASS="c9">BYLINE: </SPAN><SPAN CLASS="c2">ANABEL D&Iacute;EZ</SPAN></P>
</DIV>
<BR><DIV CLASS="c5"><P CLASS="c6"><SPAN CLASS="c9">SECTION: </SPAN><SPAN CLASS="c2">ESPA&ntilde;A; Base; P&aacute;g. 15</SPAN></P>
</DIV>
<BR><DIV CLASS="c5"><P CLASS="c6"><SPAN CLASS="c9">LENGTH: </SPAN><SPAN CLASS="c2">868 words</SPAN></P>
</DIV>
<BR><DIV CLASS="c5"><P CLASS="c6"><SPAN CLASS="c9">DATELINE: </SPAN><SPAN CLASS="c2">Madrid </SPAN></P>
</DIV>
<BR><DIV CLASS="c5"><P CLASS="c10"><SPAN CLASS="c2">Los cuatro partidos mayoritarios en liza, PP, PSOE, </SPAN><SPAN CLASS="c4">Ciudadanos</SPAN><SPAN CLASS="c2"> y Podemos, se igualan en n&uacute;mero de esca&ntilde;os en las provincias m&aacute;s pobladas, seg&uacute;n el estudio realizado por Metroscopia en cinco demarcaciones estrat&eacute;gicas. La horquilla que se establece en cada una de ellas permite concluir que los cuatro partidos obtendr&aacute;n casi igual n&uacute;mero de diputados en cinco grandes circunscripciones que suman 106 esca&ntilde;os. Las diferencias en alguna de ellas se compensan con otras. En Barcelona, el PP tiene menor representaci&oacute;n que los dem&aacute;s pero lo equilibra con su resultado en Madrid, Valencia, Sevilla y Alicante.</SPAN><SPAN CLASS="c2">&nbsp;</SPAN></P>
<P CLASS="c10"><SPAN CLASS="c2">El 50% de la poblaci&oacute;n espa&ntilde;ola reside en 100 grandes ciudades sobre las que los partidos pol&iacute;ticos se van a volcar en las elecciones del 20-D. La alarma son&oacute; en los dos grandes partidos, PP y PSOE, en las elecciones municipales del pasado mayo porque fue en las grandes urbes donde </SPAN><SPAN CLASS="c4">Ciudadanos</SPAN><SPAN CLASS="c2"> y Podemos irrumpieron de lleno. Desde entonces, el esfuerzo de las principales formaciones se ha centrado en las ciudades que m&aacute;s diputados aportan. En el conjunto de las cinco provincias m&aacute;s pobladas de Espa&ntilde;a, cada uno de los cuatro principales partidos (PP, PSOE, </SPAN><SPAN CLASS="c4">Ciudadanos</SPAN><SPAN CLASS="c2"> y Podemos) obtendr&iacute;an entre 22 y 26 esca&ntilde;os, seg&uacute;n el estudio de Metroscopia. Eso pone de manifiesto que los cuatro caminan muy juntas a pesar de la creencia establecida de que los dos partidos emergentes tienen en las grandes ciudades su m&aacute;xima representaci&oacute;n. Pero tambi&eacute;n en estas el bipartidismo resiste.</SPAN></P>
<P CLASS="c10"><SPAN CLASS="c2">El PP obtendr&iacute;a entre 24 y 25 esca&ntilde;os en esas cinco provincias; 24 el PSOE, y </SPAN><SPAN CLASS="c4">Ciudadanos</SPAN><SPAN CLASS="c2"> oscila entre 22 y 26. Podemos se har&iacute;a con 23 o 24 actas, aunque bajo esas siglas est&aacute;n los esca&ntilde;os que aportar&iacute;an Comprom&iacute;s e Iniciativa per Cataluya-Verds.</SPAN></P>
<P CLASS="c10"><SPAN CLASS="c2">Estos resultados no difieren en gran medida de los aportados el pasado jueves por el Centro de Invesigaciones Sociol&oacute;gicas (CIS), como se aprecia en el cuadro superior, aunque el centro oficial otorga una mayor representaci&oacute;n al PP, menos al PSOE y a </SPAN><SPAN CLASS="c4">Ciudadanos</SPAN><SPAN CLASS="c2"> y con una horquilla m&aacute;s amplia a </SPAN><SPAN CLASS="c4">Ciudadanos</SPAN><SPAN CLASS="c2">.</SPAN></P>
<P CLASS="c10"><SPAN CLASS="c2">Si la comparaci&oacute;n entre los dos sondeos no es demasiado significativa, s&iacute; resulta abrumador para los dos grandes partidos el contraste con el resultado que obtuvieron en 2011 en esas cinco provincias. El PP perder&aacute; la mitad de los esca&ntilde;os que logr&oacute; en las &uacute;ltimas elecciones de 2011, en tanto que los socialistas perder&aacute;n en favor de otros una decena de esca&ntilde;os.</SPAN></P>
<P CLASS="c10"><SPAN CLASS="c2">Los 45 o 50 esca&ntilde;os que sumar&iacute;an </SPAN><SPAN CLASS="c4">Ciudadanos</SPAN><SPAN CLASS="c2"> y Podemos en estas cinco circunscripciones ponen de relieve el dr&aacute;stico cambio que con seguridad va a producirse en la representaci&oacute;n pol&iacute;tica de Espa&ntilde;a tras las elecciones del pr&oacute;ximo 20 de diciembre. Pero no solo PP y PSOE van a verse alterados. En estas cinco provincias, Izquierda Unida consigui&oacute; cinco esca&ntilde;os, mientras que ahora oscila entre 1 y 3. Nada quedar&aacute;n de los 5 con que contaba ahora UPyD, al haber emprendido sus electores muy probablemente el camino hacia </SPAN><SPAN CLASS="c4">Ciudadanos</SPAN><SPAN CLASS="c2">.</SPAN></P>
<P CLASS="c10"><SPAN CLASS="c2">Esto es lo que ha ocurrido en Madrid, donde el PP obtendr&aacute; 11 esca&ntilde;os, cuando hace cuatro a&ntilde;os la candidatura que encabez&oacute; Mariano Rajoy cosech&oacute; 19. UPyD, cuyo cartel electoral fue Rosa D&iacute;ez, llev&oacute; cuatro diputados al Congreso. En el actual estudio el partido de </SPAN><SPAN CLASS="c4">Albert</SPAN><SPAN CLASS="c2">&nbsp;</SPAN><SPAN CLASS="c4">Rivera</SPAN><SPAN CLASS="c2"> obtendr&aacute; entre 9 y 10 diputados, mientras que el PSOE baja de 10 a 7. La fuga de votos hacia Podemos en Madrid proceden del PSOE al conseguir el partido de Pablo Iglesias 7 esca&ntilde;os, que vendr&iacute;an de antiguos votantes socialistas y de IU. Esta &uacute;ltima coalici&oacute;n pasa de tres a uno o dos esca&ntilde;os.</SPAN></P>
<P CLASS="c10"><SPAN CLASS="c2">Estos resultados no son una sorpresa para los dos grandes partidos, tampoco para IU, porque su punto de referencia ya no son las legislativas de 2011, sino las municipales y auton&oacute;micas del pasado mayo. El mazazo lo sufrieron en esos comicios con la irrupci&oacute;n de los partidos que lideran </SPAN><SPAN CLASS="c4">Albert</SPAN><SPAN CLASS="c2">&nbsp;</SPAN><SPAN CLASS="c4">Rivera</SPAN><SPAN CLASS="c2"> y Pablo Iglesias.</SPAN></P>
<P CLASS="c10"><SPAN CLASS="c2">En Barcelona el resultado fue p&eacute;simo para socialistas y populares y as&iacute; se volver&aacute; a reflejar en estas elecciones, si bien el PSC aguanta mejor que el PP. La izquierda en la que est&aacute; integrada Podemos, en torno a En Com&uacute; Podem, ser&iacute;a la fuerza m&aacute;s votada (con 7 u 8 esca&ntilde;os), seguida por Ciutadans con 6 o 7, en tanto que el PSC podr&iacute;a obtener 6 esca&ntilde;os en la lista que encabeza la exministra de Defensa Carme Chac&oacute;n. El PP se quedar&iacute;a con 3 esca&ntilde;os en tanto que Democracia y Llibertad ( antes Covergencia Democr&agrave;tica de Catalunya) empatar&iacute;a a 4 esca&ntilde;os con Esquerra Republicana. De nuevo, el partido de </SPAN><SPAN CLASS="c4">Albert</SPAN><SPAN CLASS="c2">&nbsp;</SPAN><SPAN CLASS="c4">Rivera</SPAN><SPAN CLASS="c2"> revalidar&iacute;a el buen resultado que obtuvo en las elecciones auton&oacute;micas del pasado 27 de septiembre.</SPAN></P>
<P CLASS="c10"><SPAN CLASS="c2">La excepci&oacute;n catalana no se produce en Valencia, donde los cuatro partidos se acercan, aunque el PSOE se descuelga con un esca&ntilde;o menos que el resto. Lo mismo ocurre en Alicante, aunque en esta provincia es </SPAN><SPAN CLASS="c4">Ciudadanos</SPAN><SPAN CLASS="c2"> el que queda algo por debajo de los dem&aacute;s.</SPAN></P>
<P CLASS="c10"><SPAN CLASS="c2">La supremac&iacute;a en Sevilla la ostenta el PSOE, con cinco posibles esca&ntilde;os, seguido del PP con tres, en tanto que los dos emergentes empatar&iacute;an con dos actas cada uno. Andaluc&iacute;a se confirmar&iacute;a como la comunidad aut&oacute;noma en la que el PSOE obtendr&aacute; buenos resultados. El pacto de investidura entre socialistas y </SPAN><SPAN CLASS="c4">Ciudadanos</SPAN><SPAN CLASS="c2"> para hacer presidenta de la Junta de Andaluc&iacute;a a Susana D&iacute;az no ha mermado apoyo a ninguno de los dos</SPAN></P>
</DIV>
<BR><DIV CLASS="c5"><P CLASS="c6"><SPAN CLASS="c9">LANGUAGE: </SPAN><SPAN CLASS="c2">SPANISH; ESPA&Ntilde;OL</SPAN></P>
</DIV>
<BR><DIV CLASS="c5"><P CLASS="c6"><SPAN CLASS="c9">PUBLICATION-TYPE: </SPAN><SPAN CLASS="c2">Peri&oacute;dico</SPAN></P>
</DIV>
<BR><DIV CLASS="c5"><P CLASS="c6"><SPAN CLASS="c9">SUBJECT: </SPAN><SPAN CLASS="c2">Pol&iacute;tica (93%)</SPAN></P>
</DIV>
<BR><DIV CLASS="c5"><P CLASS="c6"><SPAN CLASS="c9">IPTC SUBJECT: </SPAN><SPAN CLASS="c2">Politica</SPAN></P>
</DIV>
<BR><DIV CLASS="c5"><P CLASS="c6"><SPAN CLASS="c9">LOAD-DATE: </SPAN><SPAN CLASS="c2">December 5, 2015</SPAN></P>
</DIV>
<BR><DIV CLASS="c0"><BR><P CLASS="c1"><SPAN CLASS="c2">Copyright 2015 El Pais Internacional S.A.<BR>All Rights Reserved</SPAN></P>
</DIV>
</BODY>
</HTML>