<HTML>
<HEAD>
<STYLE TYPE="text/css">
.c0 { text-align: center; }
.c1 { text-align: center; margin-top: 0em; margin-bottom: 0em; }
.c2 { font-family: 'Courier New',Courier; font-size: 10pt; font-style: normal; font-weight: normal; color: #000000; text-decoration: none; }
.c3 { text-align: center; margin-left: 13%; margin-right: 13%; }
.c4 { font-family: 'Courier New',Courier; font-size: 10pt; font-style: normal; font-weight: bold; color: #CC0033; text-decoration: none; }
.c5 { text-align: left; }
.c6 { text-align: left; margin-top: 0em; margin-bottom: 0em; }
.c7 { font-family: 'Courier New',Courier; font-size: 14pt; font-style: normal; font-weight: bold; color: #000000; text-decoration: none; }
.c8 { font-family: 'Courier New',Courier; font-size: 14pt; font-style: normal; font-weight: bold; color: #CC0033; text-decoration: none; }
.c9 { font-family: 'Courier New',Courier; font-size: 10pt; font-style: normal; font-weight: bold; color: #000000; text-decoration: none; }
.c10 { text-align: left; margin-top: 1em; margin-bottom: 0em; }
.c11 { page-break-before: always; }
</STYLE>
</HEAD>
<BODY>
<BR><DIV CLASS="c0"><P CLASS="c1"><SPAN CLASS="c2">473 of 935 DOCUMENTS</SPAN></P>
</DIV>
<BR><DIV CLASS="c0"><BR><P CLASS="c1"><IMG SRC="http://www.lexisnexis.com/lnacui2api/results/docview/attachRetrieve.do?smi=LOGOS&key=38401&componentseq=1&type=logo&inline=y" ALT="http://www.lexisnexis.com/lnacui2api/results/docview/attachRetrieve.do?smi=LOGOS&key=38401&componentseq=1&type=logo&inline=y"><BR><SPAN CLASS="c2">El Pais</SPAN></P>
</DIV>
<BR><DIV CLASS="c3"><P CLASS="c1"><SPAN CLASS="c4">December</SPAN><SPAN CLASS="c2"> 13, 2015 Sunday</SPAN><SPAN CLASS="c2">&nbsp;</SPAN><SPAN CLASS="c2">&nbsp;<BR>Comunidad Valenciana Edici&oacute;n</SPAN></P>
</DIV>
<BR><DIV CLASS="c5"><P CLASS="c6"><SPAN CLASS="c7">EL PA&Iacute;S ofrecer&aacute; cobertura televisiva del 20-D</SPAN></P>
</DIV>
<BR><DIV CLASS="c5"><P CLASS="c6"><SPAN CLASS="c9">BYLINE: </SPAN><SPAN CLASS="c2">R. G. G.</SPAN></P>
</DIV>
<BR><DIV CLASS="c5"><P CLASS="c6"><SPAN CLASS="c9">SECTION: </SPAN><SPAN CLASS="c2">ESPA&ntilde;A; Base; P&aacute;g. 26 [AN] La web del diario narrar&aacute; la jornada electoral a trav&eacute;s de un programa especial de cinco horas de duraci&oacute;n que comenzar&aacute; a las 19.00</SPAN></P>
</DIV>
<BR><DIV CLASS="c5"><P CLASS="c6"><SPAN CLASS="c9">LENGTH: </SPAN><SPAN CLASS="c2">700 words</SPAN></P>
</DIV>
<BR><DIV CLASS="c5"><P CLASS="c6"><SPAN CLASS="c9">DATELINE: </SPAN><SPAN CLASS="c2">Madrid </SPAN></P>
</DIV>
<BR><DIV CLASS="c5"><P CLASS="c10"><SPAN CLASS="c2">Los sondeos auguran un cambio hist&oacute;rico en el arco parlamentario tras los comicios del 20-D. Las elecciones generales que configurar&aacute;n la XI Legislatura dar&aacute;n entrada a nuevos partidos en un Congreso de los Diputados que contar&aacute; previsiblemente con cuatro actores principales: PP, PSOE, Podemos y </SPAN><SPAN CLASS="c4">Ciudadanos</SPAN><SPAN CLASS="c2">. Para narrar todos los detalles de la cita con las urnas, a la que est&aacute;n convocados 36,5 millones de electores, EL PA&Iacute;S ha dise&ntilde;ado una cobertura informativa sin precedentes, cuyo eje central ser&aacute; un programa de televisi&oacute;n de cinco horas de duraci&oacute;n que se emitir&aacute; a trav&eacute;s de la p&aacute;gina web (el pais.com). Esta experiencia, pionera en la prensa espa&ntilde;ola, comenzar&aacute; a las 19.00, una hora antes del cierre oficial de los colegios electorales, y se prolongar&aacute; hasta la medianoche, cuando se conozcan los resultados definitivos y la composici&oacute;n del nuevo Parlamento.</SPAN></P>
<P CLASS="c10"><SPAN CLASS="c2">Tras el impacto medi&aacute;tico del debate electoral online celebrado el pasado d&iacute;a 30, en el que participaron los candidatos a la presidencia del Gobierno del PSOE, Pedro S&aacute;nchez; </SPAN><SPAN CLASS="c4">Ciudadanos</SPAN><SPAN CLASS="c2">, </SPAN><SPAN CLASS="c4">Albert Rivera</SPAN><SPAN CLASS="c2">, y Podemos, Pablo Iglesias, EL PA&Iacute;S da un salto tecnol&oacute;gico con la difusi&oacute;n a trav&eacute;s de Internet de un programa televisivo en directo que contar&aacute; con la colaboraci&oacute;n de destacados analistas pol&iacute;ticos.</SPAN><SPAN CLASS="c2">&nbsp;</SPAN></P>
<P CLASS="c10"><SPAN CLASS="c2">Con este formato, el diario l&iacute;der en espa&ntilde;ol vuelve a apostar por la innovaci&oacute;n en su estrategia de consolidar la informaci&oacute;n multimedia. Esta retransmisi&oacute;n digital es un avance en la l&iacute;nea audiovisual desarrollada por la p&aacute;gina web de EL PA&Iacute;S y se combina con un extenso seguimiento en las redes sociales, un soporte que atrae la atenci&oacute;n de los j&oacute;venes, muchos de los cuales votar&aacute;n por primera vez en unas elecciones legislativas. Seg&uacute;n datos del Instituto Nacional de Estad&iacute;stica, 1.583.560 personas han cumplido 18 a&ntilde;os desde el 20 de noviembre de 2011, fecha de los anteriores comicios generales.</SPAN></P>
<P CLASS="c10"><SPAN CLASS="c2">El programa sobre el 20-D se emitir&aacute; desde la Redacci&oacute;n del diario, donde se ha levantado un plat&oacute; dotado con las tecnolog&iacute;as m&aacute;s avanzadas y presidido por una pantalla gigante. En ella, se mostrar&aacute;n im&aacute;genes clave de la jornada: la votaci&oacute;n de los principales l&iacute;deres pol&iacute;ticos, porcentajes de participaci&oacute;n, pron&oacute;sticos de los sondeos, cierre de los colegios electorales, recuento de las papeletas y primeras estimaciones de resultados.</SPAN></P>
<P CLASS="c10"><SPAN CLASS="c2">Para la realizaci&oacute;n de este especial, que une el dinamismo de la televisi&oacute;n y la cobertura global de Internet y las redes sociales, se utilizar&aacute;n ocho c&aacute;maras. Al igual que en el debate preelectoral del 30 de noviembre, Javier Ayuso y Carmelo Herrero estar&aacute;n al frente de la direcci&oacute;n y la realizaci&oacute;n, respectivamente, y el productor ser&aacute; Carlos Benito. Carlos de Vega, moderador del hist&oacute;rico debate a tres entre S&aacute;nchez, Rivera e Iglesias (Mariano Rajoy, candidato del PP, declin&oacute; asistir), conducir&aacute; el espacio con la colaboraci&oacute;n de Carlos C&oacute;rdoba.</SPAN></P>
<P CLASS="c10"><SPAN CLASS="c2">Conexiones en directo</SPAN></P>
<P CLASS="c10"><SPAN CLASS="c2">Desde este estudio, donde se habilitar&aacute;n dos mesas de comentaristas, se conectar&aacute; con 10 puntos informativos, entre ellos los cuarteles generales de los partidos para seguir la hist&oacute;rica jornada, el centro de procesamiento de datos del Ministerio del Interior y un set ubicado en el C&iacute;rculo de Bellas Artes, desde donde retransmitir&aacute; Tatiana L&oacute;pez. Adem&aacute;s, habr&aacute; conexiones con las delegaciones de EL PA&Iacute;S en Catalu&ntilde;a y M&eacute;xico.</SPAN></P>
<P CLASS="c10"><SPAN CLASS="c2">La informaci&oacute;n se completar&aacute; con abundantes gr&aacute;ficos, que ir&aacute;n mostrando, a medida que vaya avanzando el escrutinio, el porcentaje de votos obtenidos por las distintas listas en cada una de las 52 circunscripciones y su traducci&oacute;n a esca&ntilde;os. Seg&uacute;n las encuestas, la fragmentaci&oacute;n del voto har&aacute; que un buen n&uacute;mero de diputados se dirima por un pu&ntilde;ado de papeletas, ya que los cuatro principales partidos -PP, PSOE, Podemos y </SPAN><SPAN CLASS="c4">Ciudadanos</SPAN><SPAN CLASS="c2">- compiten ah&iacute; con un margen muy estrecho.</SPAN></P>
<P CLASS="c10"><SPAN CLASS="c2">Asimismo, EL PA&Iacute;S llevar&aacute; a cabo un intenso seguimiento de la jornada electoral en las redes sociales, reproduciendo el modelo que se puso en marcha para el debate presidencial, una cita seguida por m&aacute;s de tres millones de personas. Internet congreg&oacute; a m&aacute;s de 907.000 espectadores digitales, seg&uacute;n datos internos y estimaciones externas, a los que se sumaron 1,5 millones de televidentes y 682.000 oyentes de radio.</SPAN></P>
</DIV>
<BR><DIV CLASS="c5"><P CLASS="c6"><SPAN CLASS="c9">LANGUAGE: </SPAN><SPAN CLASS="c2">SPANISH; ESPA&Ntilde;OL</SPAN></P>
</DIV>
<BR><DIV CLASS="c5"><P CLASS="c6"><SPAN CLASS="c9">PUBLICATION-TYPE: </SPAN><SPAN CLASS="c2">Peri&oacute;dico</SPAN></P>
</DIV>
<BR><DIV CLASS="c5"><P CLASS="c6"><SPAN CLASS="c9">SUBJECT: </SPAN><SPAN CLASS="c2">Pol&iacute;tica (93%)</SPAN></P>
</DIV>
<BR><DIV CLASS="c5"><P CLASS="c6"><SPAN CLASS="c9">IPTC SUBJECT: </SPAN><SPAN CLASS="c2">Politica</SPAN></P>
</DIV>
<BR><DIV CLASS="c5"><P CLASS="c6"><SPAN CLASS="c9">LOAD-DATE: </SPAN><SPAN CLASS="c2">December 12, 2015</SPAN></P>
</DIV>
<BR><DIV CLASS="c0"><BR><P CLASS="c1"><SPAN CLASS="c2">Copyright 2015 El Pais Internacional S.A.<BR>All Rights Reserved</SPAN></P>
</DIV>
</BODY>
</HTML>