<HTML>
<HEAD>
<STYLE TYPE="text/css">
.c0 { text-align: center; }
.c1 { text-align: center; margin-top: 0em; margin-bottom: 0em; }
.c2 { font-family: 'Courier New',Courier; font-size: 10pt; font-style: normal; font-weight: normal; color: #000000; text-decoration: none; }
.c3 { text-align: center; margin-left: 13%; margin-right: 13%; }
.c4 { font-family: 'Courier New',Courier; font-size: 10pt; font-style: normal; font-weight: bold; color: #CC0033; text-decoration: none; }
.c5 { text-align: left; }
.c6 { text-align: left; margin-top: 0em; margin-bottom: 0em; }
.c7 { font-family: 'Courier New',Courier; font-size: 14pt; font-style: normal; font-weight: bold; color: #000000; text-decoration: none; }
.c8 { font-family: 'Courier New',Courier; font-size: 14pt; font-style: normal; font-weight: bold; color: #CC0033; text-decoration: none; }
.c9 { font-family: 'Courier New',Courier; font-size: 10pt; font-style: normal; font-weight: bold; color: #000000; text-decoration: none; }
.c10 { text-align: left; margin-top: 1em; margin-bottom: 0em; }
.c11 { page-break-before: always; }
</STYLE>
</HEAD>
<BODY>
<BR><DIV CLASS="c0"><P CLASS="c1"><SPAN CLASS="c2">168 of 935 DOCUMENTS</SPAN></P>
</DIV>
<BR><DIV CLASS="c0"><BR><P CLASS="c1"><IMG SRC="http://www.lexisnexis.com/lnacui2api/results/docview/attachRetrieve.do?smi=LOGOS&key=38401&componentseq=1&type=logo&inline=y" ALT="http://www.lexisnexis.com/lnacui2api/results/docview/attachRetrieve.do?smi=LOGOS&key=38401&componentseq=1&type=logo&inline=y"><BR><SPAN CLASS="c2">El Pais</SPAN></P>
</DIV>
<BR><DIV CLASS="c3"><P CLASS="c1"><SPAN CLASS="c4">December</SPAN><SPAN CLASS="c2"> 1, 2015 Tuesday</SPAN><SPAN CLASS="c2">&nbsp;</SPAN><SPAN CLASS="c2">&nbsp;<BR>Andaluc&iacute;a Edici&oacute;n</SPAN></P>
</DIV>
<BR><DIV CLASS="c5"><P CLASS="c6"><SPAN CLASS="c7">Los tres candidatos del cambio consolidan sus opciones</SPAN></P>
</DIV>
<BR><DIV CLASS="c5"><P CLASS="c6"><SPAN CLASS="c9">BYLINE: </SPAN><SPAN CLASS="c2">FERNANDO GAREA</SPAN></P>
</DIV>
<BR><DIV CLASS="c5"><P CLASS="c6"><SPAN CLASS="c9">SECTION: </SPAN><SPAN CLASS="c2">ESPA&ntilde;A; Base; P&aacute;g. 15 [AN] EL PRIMER DEBATE PARA EL 20-D. Los rivales de Rajoy a La Moncloa confrontan sus propuestas</SPAN></P>
</DIV>
<BR><DIV CLASS="c5"><P CLASS="c6"><SPAN CLASS="c9">LENGTH: </SPAN><SPAN CLASS="c2">928 words</SPAN></P>
</DIV>
<BR><DIV CLASS="c5"><P CLASS="c6"><SPAN CLASS="c9">DATELINE: </SPAN><SPAN CLASS="c2">Madrid </SPAN></P>
</DIV>
<BR><DIV CLASS="c5"><P CLASS="c10"><SPAN CLASS="c2">Los tres candidatos del cambio, Pedro S&aacute;nchez (PSOE), </SPAN><SPAN CLASS="c4">Albert Rivera (Ciudadanos</SPAN><SPAN CLASS="c2">) y Pablo Iglesias (Podemos) confrontaron ayer durante casi dos horas sus propuestas en el debate organizado por EL PA&Iacute;S, el primero en Internet entre l&iacute;deres con posibilidades de llegar a La Moncloa. Los tres expusieron una bater&iacute;a de propuestas en todos los bloques; tambi&eacute;n mantuvieron duros enfrentamientos cruzados, aunque dentro de un tono y un estilo nuevos con gestos como, por ejemplo, el tuteo entre los tres o las referencias siempre al nombre de pila. Hubo tensi&oacute;n entre S&aacute;nchez y Rivera cuando el primero identific&oacute; a </SPAN><SPAN CLASS="c4">Ciudadanos</SPAN><SPAN CLASS="c2"> con la derecha y el PP y entre el socialista e Iglesias cuando este insisti&oacute; en la presencia de ex altos cargos en consejos de administraci&oacute;n.</SPAN><SPAN CLASS="c2">&nbsp;</SPAN></P>
<P CLASS="c10"><SPAN CLASS="c2">Los tres aspirantes a ser alternativa al PP protagonizaron un debate con propuestas, vivo, &aacute;gil, sin el encorsetamiento de los anteriores y ante el atril vac&iacute;o de Mariano Rajoy, candidato del PP, que se neg&oacute; a participar. Los tres candidatos del cambio consolidaron sus opciones y dejaron al presidente del Gobierno fuera del escenario, al menos de forma moment&aacute;nea y por su propia voluntad. Iglesias y Rivera pugnaron por la bandera de la nueva pol&iacute;tica y se esforzaron en intentar identificar al PSOE con el PP y atribuir a los socialistas muchas de las disfunciones del sistema al cuestionar su credibilidad. S&aacute;nchez procur&oacute; presentarse como el l&iacute;der del partido que m&aacute;s tiempo ha gobernado en Espa&ntilde;a y que levant&oacute; el Estado de bienestar. Y el socialista y el de Podemos coincidieron en buscar empujar al de </SPAN><SPAN CLASS="c4">Ciudadanos</SPAN><SPAN CLASS="c2"> hacia la derecha. Ninguno de los tres cometi&oacute; ning&uacute;n error grave.</SPAN></P>
<P CLASS="c10"><SPAN CLASS="c2">La primera discrepancia se produjo en el bloque del yihadismo y la posibilidad de que Espa&ntilde;a tenga que intervenir en un conflicto b&eacute;lico en Siria y Libia. Iglesias se desmarc&oacute; explicando que los bombardeos no sirvieron para nada en Afganist&aacute;n, Siria, Yemen o Irak y comprometi&eacute;ndose a celebrar un refer&eacute;ndum si es preciso actuar. En este punto lleg&oacute; el primer ataque directo de Iglesias a sus dos oponentes al identificar a Rivera con Aznar y la Guerra de Irak y al contraponer la posici&oacute;n de S&aacute;nchez con la de Jos&eacute; Luis Rodr&iacute;guez Zapatero, reacia a intervenciones militares.</SPAN></P>
<P CLASS="c10"><SPAN CLASS="c2">En el siguiente bloque, el de las propuestas econ&oacute;micas, el principal punto de disconformidad fue el compromiso de Rivera para establecer un contrato &uacute;nico. Tanto los l&iacute;deres del PSOE como el de Podemos rechazaron esta idea con el argumento de que se trata de una propuesta de derechas. Las propuestas econ&oacute;micas del l&iacute;der de </SPAN><SPAN CLASS="c4">Ciudadanos</SPAN><SPAN CLASS="c2"> fueron el complemento salarial, el contrato &uacute;nico, la reforma del r&eacute;gimen de los aut&oacute;nomos, la rebaja del IRPF y el cambio del modelo laboral. Las de Iglesias la lucha contra el fraude fiscal, la bajada del IVA, impuestos a transacciones financieras y la renovaci&oacute;n del modelo productivo, con uso de energ&iacute;a limpia y renovable.</SPAN></P>
<P CLASS="c10"><SPAN CLASS="c2">S&aacute;nchez se comprometi&oacute; de nuevo a derogar la reforma laboral del PP y habl&oacute; de la protecci&oacute;n de los desempleados sin prestaciones, adem&aacute;s de exponer lo que calific&oacute; de logros del PSOE en el estado de bienestar</SPAN></P>
<P CLASS="c10"><SPAN CLASS="c2">La tensi&oacute;n lleg&oacute; cuando Iglesias reproch&oacute; a S&aacute;nchez que la exministra Trinidad Jim&eacute;nez se siente en el consejo de administraci&oacute;n de Telef&oacute;nica y el socialista lo neg&oacute;. Y mucho m&aacute;s adelante sigui&oacute; cuando el l&iacute;der del PSOE record&oacute; al de </SPAN><SPAN CLASS="c4">Ciudadanos</SPAN><SPAN CLASS="c2"> que fue a unas elecciones con la formaci&oacute;n ultraderechista Libertas. &quot;Rivera no es de derechas; es de lo que haga falta&quot;, remat&oacute; Iglesias.</SPAN></P>
<P CLASS="c10"><SPAN CLASS="c2">Otro de los puntos de enfrentamiento fue la pol&iacute;tica territorial: Rivera expuso su idea de Espa&ntilde;a en la que se aplica la ley frente al independentismo; S&aacute;nchez su oferta de reforma constitucional e Iglesias su compromiso de refer&eacute;ndum en Catalu&ntilde;a. El socialista aprovech&oacute; para arremeter contra Iglesias: &quot;Ninguna Constituci&oacute;n recoge el derecho de autodeterminaci&oacute;n, salvo la de la URSS, tu modelo, Pablo&quot;. &quot;Ese es argumento de la caverna medi&aacute;tica&quot;, respondi&oacute; el l&iacute;der de Podemos, utilizando como referencia el refer&eacute;ndum de Escocia aprobado por el brit&aacute;nico conservador David Cameron.</SPAN></P>
<P CLASS="c10"><SPAN CLASS="c2">El cap&iacute;tulo de regeneraci&oacute;n democr&aacute;tica termin&oacute; con un duro cruce entre los tres, arroj&aacute;ndose a la cabeza casos y actuaciones de cada uno sin miramiento alguno. Abri&oacute; Rivera con propuestas como el fin de los aforamientos o listas abiertas, entre otras, que se recoger&iacute;an en un pacto contra la corrupci&oacute;n. S&aacute;nchez se comprometi&oacute; a que se persiga toda la corrupci&oacute;n &quot;afecte a quien afecte&quot;.</SPAN></P>
<P CLASS="c10"><SPAN CLASS="c2">Iglesias insisti&oacute; en la cr&iacute;tica a las puertas giratorias y el proceso revocatorio de altos cargos, entre otros, e incluy&oacute; un reproche al PSOE: &quot;Los que nos han metido en casos como la P&uacute;nica o los ERE no pueden librarnos de la corrupci&oacute;n&quot;. Y el socialista atac&oacute; a Rivera por apoyar al PP en la Comunidad de Madrid, donde se han producido numerosos casos de corrupci&oacute;n. Tambi&eacute;n por tener como asesor a Luis Garicano que estaba en el consejo de administraci&oacute;n de un banco intervenido. Rivera contest&oacute; con la referencia a los ERE; Iglesias con el apoyo de </SPAN><SPAN CLASS="c4">Ciudadanos</SPAN><SPAN CLASS="c2"> al PSOE en Andaluc&iacute;a; S&aacute;nchez al de Podemos por tener por cabeza de lista por Ja&eacute;n a alguien condenado por pegar a un concejal e Iglesias al primero por tener a un diputado auton&oacute;mico en Madrid acusado de falsificar su curr&iacute;culum.</SPAN></P>
<P CLASS="c10"><SPAN CLASS="c2">En el cierre, en el llamado minuto de oro, Rivera apel&oacute; a &quot;recuperar el orgullo de ser espa&ntilde;ol&quot;; Iglesias pidi&oacute; que se lean los programas y se diferencie entre &quot;inmovilistas y los que quieren cambio&quot; y S&aacute;nchez reivindic&oacute; los &quot;avances logrados juntos con gobiernos socialistas para liderar la Espa&ntilde;a de las oportunidades&quot;.</SPAN></P>
</DIV>
<BR><DIV CLASS="c5"><P CLASS="c6"><SPAN CLASS="c9">LANGUAGE: </SPAN><SPAN CLASS="c2">SPANISH; ESPA&Ntilde;OL</SPAN></P>
</DIV>
<BR><DIV CLASS="c5"><P CLASS="c6"><SPAN CLASS="c9">PUBLICATION-TYPE: </SPAN><SPAN CLASS="c2">Peri&oacute;dico</SPAN></P>
</DIV>
<BR><DIV CLASS="c5"><P CLASS="c6"><SPAN CLASS="c9">SUBJECT: </SPAN><SPAN CLASS="c2">Pol&iacute;tica (93%)</SPAN></P>
</DIV>
<BR><DIV CLASS="c5"><P CLASS="c6"><SPAN CLASS="c9">IPTC SUBJECT: </SPAN><SPAN CLASS="c2">Politica</SPAN></P>
</DIV>
<BR><DIV CLASS="c5"><P CLASS="c6"><SPAN CLASS="c9">LOAD-DATE: </SPAN><SPAN CLASS="c2">November 30, 2015</SPAN></P>
</DIV>
<BR><DIV CLASS="c0"><BR><P CLASS="c1"><SPAN CLASS="c2">Copyright 2015 El Pais Internacional S.A.<BR>All Rights Reserved</SPAN></P>
</DIV>
</BODY>
</HTML>