<HTML>
<HEAD>
<STYLE TYPE="text/css">
.c0 { text-align: center; }
.c1 { text-align: center; margin-top: 0em; margin-bottom: 0em; }
.c2 { font-family: 'Courier New',Courier; font-size: 10pt; font-style: normal; font-weight: normal; color: #000000; text-decoration: none; }
.c3 { text-align: center; margin-left: 13%; margin-right: 13%; }
.c4 { font-family: 'Courier New',Courier; font-size: 10pt; font-style: normal; font-weight: bold; color: #CC0033; text-decoration: none; }
.c5 { text-align: left; }
.c6 { text-align: left; margin-top: 0em; margin-bottom: 0em; }
.c7 { font-family: 'Courier New',Courier; font-size: 14pt; font-style: normal; font-weight: bold; color: #000000; text-decoration: none; }
.c8 { font-family: 'Courier New',Courier; font-size: 14pt; font-style: normal; font-weight: bold; color: #CC0033; text-decoration: none; }
.c9 { font-family: 'Courier New',Courier; font-size: 10pt; font-style: normal; font-weight: bold; color: #000000; text-decoration: none; }
.c10 { text-align: left; margin-top: 1em; margin-bottom: 0em; }
.c11 { page-break-before: always; }
</STYLE>
</HEAD>
<BODY>
<BR><DIV CLASS="c0"><P CLASS="c1"><SPAN CLASS="c2">308 of 935 DOCUMENTS</SPAN></P>
</DIV>
<BR><DIV CLASS="c0"><BR><P CLASS="c1"><IMG SRC="http://www.lexisnexis.com/lnacui2api/results/docview/attachRetrieve.do?smi=LOGOS&key=38401&componentseq=1&type=logo&inline=y" ALT="http://www.lexisnexis.com/lnacui2api/results/docview/attachRetrieve.do?smi=LOGOS&key=38401&componentseq=1&type=logo&inline=y"><BR><SPAN CLASS="c2">El Pais</SPAN></P>
</DIV>
<BR><DIV CLASS="c3"><P CLASS="c1"><SPAN CLASS="c4">November</SPAN><SPAN CLASS="c2"> 29, 2015 Sunday</SPAN><SPAN CLASS="c2">&nbsp;</SPAN><SPAN CLASS="c2">&nbsp;<BR>Nacional Edici&oacute;n</SPAN></P>
</DIV>
<BR><DIV CLASS="c5"><P CLASS="c6"><SPAN CLASS="c7">La luna de miel de Rivera</SPAN></P>
</DIV>
<BR><DIV CLASS="c5"><P CLASS="c6"><SPAN CLASS="c9">BYLINE: </SPAN><SPAN CLASS="c2">JUAN JOS&Eacute; MATEO</SPAN></P>
</DIV>
<BR><DIV CLASS="c5"><P CLASS="c6"><SPAN CLASS="c9">SECTION: </SPAN><SPAN CLASS="c2">ESPA&ntilde;A; Base; P&aacute;g. 19</SPAN></P>
</DIV>
<BR><DIV CLASS="c5"><P CLASS="c6"><SPAN CLASS="c9">LENGTH: </SPAN><SPAN CLASS="c2">402 words</SPAN></P>
</DIV>
<BR><DIV CLASS="c5"><P CLASS="c6"><SPAN CLASS="c9">DATELINE: </SPAN><SPAN CLASS="c2">Madrid </SPAN></P>
</DIV>
<BR><DIV CLASS="c5"><BR><P CLASS="c6"><SPAN CLASS="c9">HIGHLIGHT:</SPAN><SPAN CLASS="c2">&nbsp;El candidato de </SPAN><SPAN CLASS="c4">Ciudadanos</SPAN><SPAN CLASS="c2"> acude a la cita con EL PA&Iacute;S lanzado por los sondeos<BR></SPAN></P>
</DIV>
<BR><DIV CLASS="c5"><P CLASS="c10"><SPAN CLASS="c2">El debate de EL PA&Iacute;S abre un cap&iacute;tulo in&eacute;dito en la vida pol&iacute;tica de </SPAN><SPAN CLASS="c4">Albert Rivera</SPAN><SPAN CLASS="c2"> (Barcelona, 1979). La encuesta que publica hoy este peri&oacute;dico coloca a </SPAN><SPAN CLASS="c4">Ciudadanos</SPAN><SPAN CLASS="c2"> como segunda fuerza pol&iacute;tica en Espa&ntilde;a, a solo una d&eacute;cima del PP, y como la primera en intenci&oacute;n directa de voto (16,2%). Eso quiere decir que el candidato afronta su encuentro con Pedro S&aacute;nchez (PSOE) y Pablo Iglesias (Podemos) en el momento m&aacute;s dulce de su carrera, y sabiendo que los sondeos indican que puede luchar por la victoria. Un hito hist&oacute;rico en el pa&iacute;s del bipartidismo. Los soci&oacute;logos tienen un nombre para eso: &quot;Luna de miel&quot;.</SPAN><SPAN CLASS="c2">&nbsp;</SPAN></P>
<P CLASS="c10"><SPAN CLASS="c2">&quot;Rivera llega en un momento dulc&iacute;simo&quot;, explica Luis Arroyo, soci&oacute;logo y presidente de Asesores de Comunicaci&oacute;n P&uacute;blica. &quot;Luna de miel, debate ganado en Salvados a Iglesias, sin mochilas del pasado, entrenado, fresco... El peligro obvio es defraudar&quot;, afirma.</SPAN></P>
<P CLASS="c10"><SPAN CLASS="c2">Rivera es el candidato mejor valorado por los espa&ntilde;oles. Ha capitalizado la firma del pacto antiyihadista; y el reto del independentismo catal&aacute;n, que le vali&oacute; una invitaci&oacute;n a una reuni&oacute;n en La Moncloa. Esas dos fotograf&iacute;as han acentuado su perfil presidenciable ante los electores. Seg&uacute;n los sondeos, los </SPAN><SPAN CLASS="c4">ciudadanos</SPAN><SPAN CLASS="c2"> no le penalizan por desconocer qu&eacute; har&aacute; su partido con la central de Garo&ntilde;a o por apoyar a Francia en su esfuerzo b&eacute;lico contra el Estado Isl&aacute;mico si este es respaldado por la UE, la OTAN y la ONU.</SPAN></P>
<P CLASS="c10"><SPAN CLASS="c2">&quot;Le aconsejar&iacute;a que afrontase el debate interpelando a la audiencia&quot;, valora Gustavo Entrala, presidente de la agencia de publicidad y comunicaci&oacute;n 101. &quot;Su misi&oacute;n es acreditar criterio y capacidad de Gobierno con la mente puesta en un votante al que Rivera le resulta atractivo pero que est&aacute; pensando en votar a los partidos grandes por la sensaci&oacute;n de inseguridad ante dos grandes retos: Catalu&ntilde;a y la yihad&quot;, sigue. &quot;Es el enemigo a batir por Iglesias y S&aacute;nchez. Ambos intentar&aacute;n arrimarle a las posiciones del partido ausente en el debate&quot;, en referencia a Rajoy y al PP, dice el publicista.</SPAN></P>
<P CLASS="c10"><SPAN CLASS="c2">&quot;Preparar&iacute;a muy bien dos tipos de ofensiva: S&aacute;nchez tratar&aacute; de desacreditar a los cuadros de </SPAN><SPAN CLASS="c4">Ciudadanos</SPAN><SPAN CLASS="c2"> y su falta de experiencia. Iglesias hablar&aacute; de moderaci&oacute;n y di&aacute;logo. Rivera cuenta con dos armas: puede cuestionar la calidad de los &uacute;ltimos Gobiernos del PSOE y atacar a Iglesias por su falta de realismo&quot;, sostiene Entrala. Rivera afronta en el debate un cap&iacute;tulo clave: por primera vez lo hace con un sondeo que dice que puede ganar.</SPAN></P>
</DIV>
<BR><DIV CLASS="c5"><P CLASS="c6"><SPAN CLASS="c9">LANGUAGE: </SPAN><SPAN CLASS="c2">SPANISH; ESPA&Ntilde;OL</SPAN></P>
</DIV>
<BR><DIV CLASS="c5"><P CLASS="c6"><SPAN CLASS="c9">PUBLICATION-TYPE: </SPAN><SPAN CLASS="c2">Peri&oacute;dico</SPAN></P>
</DIV>
<BR><DIV CLASS="c5"><P CLASS="c6"><SPAN CLASS="c9">SUBJECT: </SPAN><SPAN CLASS="c2">Pol&iacute;tica (94%)</SPAN></P>
</DIV>
<BR><DIV CLASS="c5"><P CLASS="c6"><SPAN CLASS="c9">IPTC SUBJECT: </SPAN><SPAN CLASS="c2">Politica</SPAN></P>
</DIV>
<BR><DIV CLASS="c5"><P CLASS="c6"><SPAN CLASS="c9">LOAD-DATE: </SPAN><SPAN CLASS="c2">November 28, 2015</SPAN></P>
</DIV>
<BR><DIV CLASS="c0"><BR><P CLASS="c1"><SPAN CLASS="c2">Copyright 2015 El Pais Internacional S.A.<BR>All Rights Reserved</SPAN></P>
</DIV>
</BODY>
</HTML>