<HTML>
<HEAD>
<STYLE TYPE="text/css">
.c0 { text-align: center; }
.c1 { text-align: center; margin-top: 0em; margin-bottom: 0em; }
.c2 { font-family: 'Courier New',Courier; font-size: 10pt; font-style: normal; font-weight: normal; color: #000000; text-decoration: none; }
.c3 { text-align: center; margin-left: 13%; margin-right: 13%; }
.c4 { font-family: 'Courier New',Courier; font-size: 10pt; font-style: normal; font-weight: bold; color: #CC0033; text-decoration: none; }
.c5 { text-align: left; }
.c6 { text-align: left; margin-top: 0em; margin-bottom: 0em; }
.c7 { font-family: 'Courier New',Courier; font-size: 14pt; font-style: normal; font-weight: bold; color: #000000; text-decoration: none; }
.c8 { font-family: 'Courier New',Courier; font-size: 14pt; font-style: normal; font-weight: bold; color: #CC0033; text-decoration: none; }
.c9 { font-family: 'Courier New',Courier; font-size: 10pt; font-style: normal; font-weight: bold; color: #000000; text-decoration: none; }
.c10 { text-align: left; margin-top: 1em; margin-bottom: 0em; }
.c11 { page-break-before: always; }
</STYLE>
</HEAD>
<BODY>
<BR><DIV CLASS="c0"><P CLASS="c1"><SPAN CLASS="c2">331 of 935 DOCUMENTS</SPAN></P>
</DIV>
<BR><DIV CLASS="c0"><BR><P CLASS="c1"><IMG SRC="http://www.lexisnexis.com/lnacui2api/results/docview/attachRetrieve.do?smi=LOGOS&key=38401&componentseq=1&type=logo&inline=y" ALT="http://www.lexisnexis.com/lnacui2api/results/docview/attachRetrieve.do?smi=LOGOS&key=38401&componentseq=1&type=logo&inline=y"><BR><SPAN CLASS="c2">El Pais</SPAN></P>
</DIV>
<BR><DIV CLASS="c3"><P CLASS="c1"><SPAN CLASS="c4">December</SPAN><SPAN CLASS="c2"> 16, 2015 Wednesday</SPAN><SPAN CLASS="c2">&nbsp;</SPAN><SPAN CLASS="c2">&nbsp;<BR>2&ordf; Ed. Madrid Edici&oacute;n</SPAN></P>
</DIV>
<BR><DIV CLASS="c5"><P CLASS="c6"><SPAN CLASS="c7">Los partidos se vuelcan en el voto de las mujeres, que suman el 62% de los indecisos</SPAN></P>
</DIV>
<BR><DIV CLASS="c5"><P CLASS="c6"><SPAN CLASS="c9">BYLINE: </SPAN><SPAN CLASS="c2">N. JUNQUERA / J. MARCOS</SPAN></P>
</DIV>
<BR><DIV CLASS="c5"><P CLASS="c6"><SPAN CLASS="c9">SECTION: </SPAN><SPAN CLASS="c2">ESPA&ntilde;A; Base; P&aacute;g. 18</SPAN></P>
</DIV>
<BR><DIV CLASS="c5"><P CLASS="c6"><SPAN CLASS="c9">LENGTH: </SPAN><SPAN CLASS="c2">1065 words</SPAN></P>
</DIV>
<BR><DIV CLASS="c5"><P CLASS="c6"><SPAN CLASS="c9">DATELINE: </SPAN><SPAN CLASS="c2">Madrid </SPAN></P>
</DIV>
<BR><DIV CLASS="c5"><P CLASS="c10"><SPAN CLASS="c2">&quot;Se&ntilde;or S&aacute;nchez, parece que quiere sacar los votos de las mujeres&quot;, le dijo el presidente del Gobierno, Mariano Rajoy, al l&iacute;der socialista cuando, en el cara a cara televisivo del lunes, Pedro S&aacute;nchez recit&oacute; de un tir&oacute;n sus propuestas sobre igualdad de sexos. Hay 1.104.580 mujeres m&aacute;s que hombres en el censo electoral y significan un cotizado granero de votos. El CIS dio un 41% global de indecisos en noviembre; ahora Metroscopia dice que han bajado a un 25%. Pero casi dos tercios de ellos son mujeres, diez puntos m&aacute;s arriba de su peso en el censo.</SPAN></P>
<P CLASS="c10"><SPAN CLASS="c2">Las mujeres consideran que el PSOE gestiona mejor las pol&iacute;ticas sociales y el PP la econom&iacute;a, seg&uacute;n el CIS. En el tema espec&iacute;fico de la igualdad, los socialistas ganan a los populares con mucha diferencia, al igual que Podemos a </SPAN><SPAN CLASS="c4">Ciudadanos</SPAN><SPAN CLASS="c2">. &quot;Si en el PP la principal fortaleza son las personas mayores, en el PSOE, el partido m&aacute;s equilibrado por edad, su apoyo es mayoritariamente femenino&quot;, explica Francisco Camas, polit&oacute;logo y analista de Metroscopia. El soci&oacute;logo Jos&eacute; Luis Prieto explica que Felipe Gonz&aacute;lez &quot;se hizo desde el principio&quot; con este electorado, que &quot;es el m&aacute;s fiel&quot;.</SPAN><SPAN CLASS="c2">&nbsp;</SPAN></P>
<P CLASS="c10"><SPAN CLASS="c2">Pero hubo una excepci&oacute;n. En 2011 las mujeres castigaron al PSOE. El PP sac&oacute; casi un 14% m&aacute;s de votos en el electorado femenino. En 2008 hab&iacute;a sido al rev&eacute;s: los socialistas obtuvieron un 10,4% m&aacute;s de votos que los populares entre las mujeres. En cualquier caso, los socialistas tuvieron, en ambos comicios, m&aacute;s votos femeninos que masculinos.</SPAN></P>
<P CLASS="c10"><SPAN CLASS="c2">&quot;Ten&iacute;amos un d&eacute;ficit brutal de voto femenino en 2008, pero en 2011 recuperamos el espacio perdido&quot;, afirma un miembro de la direcci&oacute;n nacional del PP que opina que las mujeres &quot;votan un poco m&aacute;s, pero sobre todo influyen m&aacute;s en la familia&quot;. Esa mayor identificaci&oacute;n de las mujeres con el PSOE puede contrarrestarse, dicen, con decisiones del PP como la de nombrar a Soraya S&aacute;enz de Santamar&iacute;a portavoz en el Congreso y vicepresidenta; a Dolores de Cospedal secretaria general del partido, y a Ana Mato n&uacute;mero tres de la formaci&oacute;n.</SPAN></P>
<P CLASS="c10"><SPAN CLASS="c2">El referente de Santamar&iacute;a</SPAN></P>
<P CLASS="c10"><SPAN CLASS="c2">Paloma Rom&aacute;n, directora de Ciencia Pol&iacute;tica en la Universidad Complutense, opina: &quot;Los Gobiernos del PSOE eran paritarios, al rev&eacute;s que los del PP, pero el Gobierno de Rajoy ha tenido algunas ministras y sobre todo la vicepresidenta, que han tenido visibilidad, y la mujer conservadora puede verse bien representada ah&iacute;&quot;.</SPAN></P>
<P CLASS="c10"><SPAN CLASS="c2">El sondeo del pasado lunes de Metroscopia iguala a hombres y mujeres en intenci&oacute;n de voto directa al PP (17%). El PSOE tiene 2,2 puntos porcentuales m&aacute;s en apoyo femenino (13,8) que masculino. Entre los hombres, Podemos es la primera fuerza. </SPAN><SPAN CLASS="c4">Ciudadanos</SPAN><SPAN CLASS="c2"> tiene un 14,3% de intenci&oacute;n de voto directo entre los hombres y un 9,5% entre las mujeres -el sondeo se realiz&oacute; en los d&iacute;as en los que se conoci&oacute; la propuesta de </SPAN><SPAN CLASS="c4">Albert Rivera</SPAN><SPAN CLASS="c2"> de eliminar la agravante penal para los hombres en los cr&iacute;menes machista-.</SPAN></P>
<P CLASS="c10"><SPAN CLASS="c2">&quot;&iexcl;Somos el partido de las mujeres! &iexcl;Nuestra patria es la igualdad!&quot;, clama Pedro S&aacute;nchez en cada mitin. Movilizar al electorado femenino es una de sus prioridades. Rajoy apenas menciona espec&iacute;ficamente a las mujeres porque su principal pol&iacute;tica social, insiste, es la creaci&oacute;n de empleo.</SPAN></P>
<P CLASS="c10"><SPAN CLASS="c2">El PP tampoco ha incluido a la mujer en el comparador de programas que muestra en su web para tratar de convertir a los indecisos. Los populares se miden con el resto de partidos en propuestas de empleo, j&oacute;venes, energ&iacute;a, unidad, econom&iacute;a digital, impuestos, apoyo a pymes, aut&oacute;nomos, turismo, medio ambiente, agricultura, pesca, pol&iacute;tica internacional, terrorismo, sanidad, pensiones, transparencia y lucha contra la corrupci&oacute;n, administraci&oacute;n eficaz y justicia. Pero no en un apartado espec&iacute;fico de medidas para las mujeres.</SPAN></P>
<P CLASS="c10"><SPAN CLASS="c2">El PP no menciona en su programa las palabras -reforma de la ley del aborto- que durante la pasada legislatura se cobraron la dimisi&oacute;n del ministro de Justicia Alberto Ruiz-Gallard&oacute;n. Se limita a decir que es un partido &quot;firmemente comprometido con el derecho a la vida&quot;. Y promete un plan de apoyo a la maternidad con &quot;una especial atenci&oacute;n a las madres j&oacute;venes&quot; y hasta 2.000 euros de ayuda para las madres menores sin respaldo familiar. El PSOE quiere recuperar el art&iacute;culo de su ley de plazos que permit&iacute;a a las menores abortar sin consentimiento paterno (el &uacute;nico art&iacute;culo de esa ley que finalmente el PP derog&oacute;).</SPAN></P>
<P CLASS="c10"><SPAN CLASS="c2">Ley del aborto</SPAN></P>
<P CLASS="c10"><SPAN CLASS="c4">Ciudadanos</SPAN><SPAN CLASS="c2"> incluy&oacute; en su ideario, publicado en noviembre, facilitar el acceso a la p&iacute;ldora poscoital; permitir el aborto hasta las 12 semanas y sin l&iacute;mite de plazo en casos de peligro para la vida de la madre, malformaciones graves del feto y &quot;violaci&oacute;n con secuestro prolongado m&aacute;s all&aacute; de 12 semanas&quot;. Pero en el programa con el que se presenta al 20-D la formaci&oacute;n de Rivera ha eliminado este &uacute;ltimo punto. Preguntados sobre el asunto, sus responsables responden que su intenci&oacute;n es dejar la ley como est&aacute; ahora, informa Juan Jos&eacute; Mateo. Es decir, la ley de plazos aprobada en 2010 por el PSOE (con aborto libre hasta la semana 14) pero con la limitaci&oacute;n para las menores que impuso este a&ntilde;o la reforma del PP.</SPAN></P>
<P CLASS="c10"><SPAN CLASS="c2">Podemos propone derogar esta reciente reforma de la ley del aborto del PP para que &quot;las menores que se encuentran en una situaci&oacute;n de vulnerabilidad en sus entornos familiares puedan interrumpir su embarazo sin el consentimiento paterno&quot;.</SPAN></P>
<P CLASS="c10"><SPAN CLASS="c2">En materia de violencia machista, una treintena de asociaciones de mujeres ha protestado por un v&iacute;deo electoral del PP que conten&iacute;a cifras err&oacute;neas. El partido asegura que han ca&iacute;do los asesinatos: 52 en 2012, 54 en 2013 y 2014 y 51 en 2015; pero, seg&uacute;n los datos del propio Ministerio de Sanidad, en 2010 hubo 50 asesinatos, y a 9 de diciembre de este a&ntilde;o las mujeres asesinadas por sus parejas ascend&iacute;an a 54. Las asociaciones denuncian, adem&aacute;s, que el n&uacute;mero de dispositivos electr&oacute;nicos para controlar al agresor se ha reducido un 9% esta legislatura y que se han recortado los programas de acogida.</SPAN></P>
<P CLASS="c10"><SPAN CLASS="c2">El PSOE quiere aumentar el presupuesto para combatir la violencia machista e impulsar un pacto de Estado sobre esta materia. La propuesta de </SPAN><SPAN CLASS="c4">Ciudadanos</SPAN><SPAN CLASS="c2"> de eliminar la agravante penal sobre los hombres por estos delitos provoc&oacute; una reacci&oacute;n en tromba. Rivera matiz&oacute; despu&eacute;s que solo pretend&iacute;a que esa agravante se aplicara igual si la agresora era una mujer. Podemos promete en su programa garantizar la alternativa habitacional inmediata para v&iacute;ctimas de violencia machista y acceso a prestaciones &quot;sin necesidad de denuncia previa&quot;.</SPAN></P>
</DIV>
<BR><DIV CLASS="c5"><P CLASS="c6"><SPAN CLASS="c9">LANGUAGE: </SPAN><SPAN CLASS="c2">SPANISH; ESPA&Ntilde;OL</SPAN></P>
</DIV>
<BR><DIV CLASS="c5"><P CLASS="c6"><SPAN CLASS="c9">PUBLICATION-TYPE: </SPAN><SPAN CLASS="c2">Peri&oacute;dico</SPAN></P>
</DIV>
<BR><DIV CLASS="c5"><P CLASS="c6"><SPAN CLASS="c9">SUBJECT: </SPAN><SPAN CLASS="c2">Pol&iacute;tica (93%)</SPAN></P>
</DIV>
<BR><DIV CLASS="c5"><P CLASS="c6"><SPAN CLASS="c9">IPTC SUBJECT: </SPAN><SPAN CLASS="c2">Politica</SPAN></P>
</DIV>
<BR><DIV CLASS="c5"><P CLASS="c6"><SPAN CLASS="c9">LOAD-DATE: </SPAN><SPAN CLASS="c2">December 15, 2015</SPAN></P>
</DIV>
<BR><DIV CLASS="c0"><BR><P CLASS="c1"><SPAN CLASS="c2">Copyright 2015 El Pais Internacional S.A.<BR>All Rights Reserved</SPAN></P>
</DIV>
</BODY>
</HTML>