<HTML>
<HEAD>
<STYLE TYPE="text/css">
.c0 { text-align: center; }
.c1 { text-align: center; margin-top: 0em; margin-bottom: 0em; }
.c2 { font-family: 'Courier New',Courier; font-size: 10pt; font-style: normal; font-weight: normal; color: #000000; text-decoration: none; }
.c3 { text-align: center; margin-left: 13%; margin-right: 13%; }
.c4 { font-family: 'Courier New',Courier; font-size: 10pt; font-style: normal; font-weight: bold; color: #CC0033; text-decoration: none; }
.c5 { text-align: left; }
.c6 { text-align: left; margin-top: 0em; margin-bottom: 0em; }
.c7 { font-family: 'Courier New',Courier; font-size: 14pt; font-style: normal; font-weight: bold; color: #000000; text-decoration: none; }
.c8 { font-family: 'Courier New',Courier; font-size: 14pt; font-style: normal; font-weight: bold; color: #CC0033; text-decoration: none; }
.c9 { font-family: 'Courier New',Courier; font-size: 10pt; font-style: normal; font-weight: bold; color: #000000; text-decoration: none; }
.c10 { text-align: left; margin-top: 1em; margin-bottom: 0em; }
.c11 { page-break-before: always; }
</STYLE>
</HEAD>
<BODY>
<BR><DIV CLASS="c0"><P CLASS="c1"><SPAN CLASS="c2">366 of 935 DOCUMENTS</SPAN></P>
</DIV>
<BR><DIV CLASS="c0"><BR><P CLASS="c1"><IMG SRC="http://www.lexisnexis.com/lnacui2api/results/docview/attachRetrieve.do?smi=LOGOS&key=38401&componentseq=1&type=logo&inline=y" ALT="http://www.lexisnexis.com/lnacui2api/results/docview/attachRetrieve.do?smi=LOGOS&key=38401&componentseq=1&type=logo&inline=y"><BR><SPAN CLASS="c2">El Pais</SPAN></P>
</DIV>
<BR><DIV CLASS="c3"><P CLASS="c1"><SPAN CLASS="c4">December</SPAN><SPAN CLASS="c2"> 27, 2015 Sunday</SPAN><SPAN CLASS="c2">&nbsp;</SPAN><SPAN CLASS="c2">&nbsp;<BR>Nacional Edici&oacute;n</SPAN></P>
</DIV>
<BR><DIV CLASS="c5"><P CLASS="c6"><SPAN CLASS="c7">La ausencia de una participaci&oacute;n r&eacute;cord perjudic&oacute; a Rivera el 20-D</SPAN></P>
</DIV>
<BR><DIV CLASS="c5"><P CLASS="c6"><SPAN CLASS="c9">BYLINE: </SPAN><SPAN CLASS="c2">J. J. MATEO / F. MANETTO</SPAN></P>
</DIV>
<BR><DIV CLASS="c5"><P CLASS="c6"><SPAN CLASS="c9">SECTION: </SPAN><SPAN CLASS="c2">ESPA&ntilde;A; Base; P&aacute;g. 17</SPAN></P>
</DIV>
<BR><DIV CLASS="c5"><P CLASS="c6"><SPAN CLASS="c9">LENGTH: </SPAN><SPAN CLASS="c2">446 words</SPAN></P>
</DIV>
<BR><DIV CLASS="c5"><P CLASS="c6"><SPAN CLASS="c9">DATELINE: </SPAN><SPAN CLASS="c2">Madrid </SPAN></P>
</DIV>
<BR><DIV CLASS="c5"><BR><P CLASS="c6"><SPAN CLASS="c9">HIGHLIGHT:</SPAN><SPAN CLASS="c2">&nbsp;Podemos ara&ntilde;&oacute; votos socialistas en la recta final, seg&uacute;n Metroscopia<BR></SPAN></P>
</DIV>
<BR><DIV CLASS="c5"><P CLASS="c10"><SPAN CLASS="c4">Ciudadanos</SPAN><SPAN CLASS="c2"> perdi&oacute; la batalla de la movilizaci&oacute;n en las elecciones generales del 20-D, y eso le cost&oacute; sumar solo 40 diputados. Esa es la conclusi&oacute;n de los expertos de la firma demosc&oacute;pica Metroscopia, que hab&iacute;a calculado que la participaci&oacute;n se disparar&iacute;a hasta el 79% como consecuencia de la crisis del bipartidismo; el dato, sin embargo, se qued&oacute; en el 73,18%, por debajo de la media de las elecciones generales en Espa&ntilde;a (73,7%). En dos de las otras tres generales celebradas en el siglo XXI hubo m&aacute;s gente ante las urnas.</SPAN><SPAN CLASS="c2">&nbsp;</SPAN></P>
<P CLASS="c10"><SPAN CLASS="c2">&quot;Las encuestas mostraban que los indecisos lo estaban sobre todo entre dos partidos: PSOE y </SPAN><SPAN CLASS="c4">Ciudadanos</SPAN><SPAN CLASS="c2">&quot;, explica Jos&eacute; Pablo Ferr&aacute;ndiz, investigador de Metroscopia. &quot;Todo parece indicar que finalmente no han votado ni a uno ni a otro: se han quedado en casa. No es que se hayan ido a PP o a Podemos, no. Podemos aument&oacute; en los &uacute;ltimos d&iacute;as porque aument&oacute;, sobre todo, su flujo proveniente de anteriores votantes socialistas&quot;, interpreta Ferr&aacute;ndiz. &quot;Electores que estaban de acuerdo con un cambio no se han atrevido a votar o no han visualizado ni a Podemos ni, sobre todo, a </SPAN><SPAN CLASS="c4">Ciudadanos</SPAN><SPAN CLASS="c2"> como alternativas&quot;.</SPAN></P>
<P CLASS="c10"><SPAN CLASS="c2">La participaci&oacute;n aument&oacute; en las provincias en las que mejor resultado logr&oacute; Podemos. El dato medio en toda Espa&ntilde;a invalid&oacute; gran parte de la estrategia electoral del </SPAN><SPAN CLASS="c4">Ciudadanos</SPAN><SPAN CLASS="c2">. Durante la campa&ntilde;a, su presidente, </SPAN><SPAN CLASS="c4">Albert Rivera</SPAN><SPAN CLASS="c2">, apel&oacute; al recuerdo de las elecciones de 1982, cuando Felipe Gonz&aacute;lez logr&oacute; la mayor&iacute;a absoluta con una participaci&oacute;n del 79,97%, r&eacute;cord hist&oacute;rico. Con menos m&uacute;sculo financiero que PP y PSOE, los estrategas de Rivera lo fiaron todo a que la ilusi&oacute;n por lograr un cambio pol&iacute;tico en Espa&ntilde;a convenciera a los indecisos. En su caso no ocurri&oacute;. A muchos votantes les pes&oacute; un a&ntilde;o con cuatro citas electorales. Adem&aacute;s, los nuevos votantes de 18 a&ntilde;os se decidieron mayoritariamente por Podemos pese a los constantes llamamientos de Rivera.</SPAN></P>
<P CLASS="c10"><SPAN CLASS="c2">Para el an&aacute;lisis del resultado de Podemos, que logr&oacute; 69 esca&ntilde;os sumando los de sus coaliciones en Catalu&ntilde;a, Comunidad Valenciana y Galicia, es clave precisamente la estrategia territorial. Seg&uacute;n los expertos de Metroscopia, el &eacute;xito de Pablo Iglesias se debe en buena medida al voto urbano y a la movilizaci&oacute;n del votante favorable al proyecto de Espa&ntilde;a plurinacional, que puede incluir a simpatizantes de partidos nacionalistas decepcionados y a otros procedentes del socialismo catal&aacute;n, gallego y valenciano.</SPAN></P>
<P CLASS="c10"><SPAN CLASS="c2">Las distintas marcas de Podemos fueron primera fuerza en votos en Catalu&ntilde;a y Pa&iacute;s Vasco, y segunda en Madrid, Comunidad Valenciana, Galicia, Baleares y Canarias. La formaci&oacute;n no ha conseguido, en cambio, penetrar en las circunscripciones m&aacute;s peque&ntilde;as ni, en menor medida, en Andaluc&iacute;a.</SPAN></P>
</DIV>
<BR><DIV CLASS="c5"><P CLASS="c6"><SPAN CLASS="c9">LANGUAGE: </SPAN><SPAN CLASS="c2">SPANISH; ESPA&Ntilde;OL</SPAN></P>
</DIV>
<BR><DIV CLASS="c5"><P CLASS="c6"><SPAN CLASS="c9">PUBLICATION-TYPE: </SPAN><SPAN CLASS="c2">Peri&oacute;dico</SPAN></P>
</DIV>
<BR><DIV CLASS="c5"><P CLASS="c6"><SPAN CLASS="c9">SUBJECT: </SPAN><SPAN CLASS="c2">Pol&iacute;tica (94%)</SPAN></P>
</DIV>
<BR><DIV CLASS="c5"><P CLASS="c6"><SPAN CLASS="c9">IPTC SUBJECT: </SPAN><SPAN CLASS="c2">Politica</SPAN></P>
</DIV>
<BR><DIV CLASS="c5"><P CLASS="c6"><SPAN CLASS="c9">LOAD-DATE: </SPAN><SPAN CLASS="c2">December 26, 2015</SPAN></P>
</DIV>
<BR><DIV CLASS="c0"><BR><P CLASS="c1"><SPAN CLASS="c2">Copyright 2015 El Pais Internacional S.A.<BR>All Rights Reserved</SPAN></P>
</DIV>
</BODY>
</HTML>