<HTML>
<HEAD>
<STYLE TYPE="text/css">
.c0 { text-align: center; }
.c1 { text-align: center; margin-top: 0em; margin-bottom: 0em; }
.c2 { font-family: 'Courier New',Courier; font-size: 10pt; font-style: normal; font-weight: normal; color: #000000; text-decoration: none; }
.c3 { text-align: center; margin-left: 13%; margin-right: 13%; }
.c4 { font-family: 'Courier New',Courier; font-size: 10pt; font-style: normal; font-weight: bold; color: #CC0033; text-decoration: none; }
.c5 { text-align: left; }
.c6 { text-align: left; margin-top: 0em; margin-bottom: 0em; }
.c7 { font-family: 'Courier New',Courier; font-size: 14pt; font-style: normal; font-weight: bold; color: #000000; text-decoration: none; }
.c8 { font-family: 'Courier New',Courier; font-size: 14pt; font-style: normal; font-weight: bold; color: #CC0033; text-decoration: none; }
.c9 { font-family: 'Courier New',Courier; font-size: 10pt; font-style: normal; font-weight: bold; color: #000000; text-decoration: none; }
.c10 { text-align: left; margin-top: 1em; margin-bottom: 0em; }
.c11 { page-break-before: always; }
</STYLE>
</HEAD>
<BODY>
<BR><DIV CLASS="c0"><P CLASS="c1"><SPAN CLASS="c2">102 of 935 DOCUMENTS</SPAN></P>
</DIV>
<BR><DIV CLASS="c0"><BR><P CLASS="c1"><IMG SRC="http://www.lexisnexis.com/lnacui2api/results/docview/attachRetrieve.do?smi=LOGOS&key=38401&componentseq=1&type=logo&inline=y" ALT="http://www.lexisnexis.com/lnacui2api/results/docview/attachRetrieve.do?smi=LOGOS&key=38401&componentseq=1&type=logo&inline=y"><BR><SPAN CLASS="c2">El Pais</SPAN></P>
</DIV>
<BR><DIV CLASS="c3"><P CLASS="c1"><SPAN CLASS="c4">December</SPAN><SPAN CLASS="c2"> 9, 2015 Wednesday</SPAN><SPAN CLASS="c2">&nbsp;</SPAN><SPAN CLASS="c2">&nbsp;<BR>Nacional Edici&oacute;n</SPAN></P>
</DIV>
<BR><DIV CLASS="c5"><P CLASS="c6"><SPAN CLASS="c8">Ciudadanos,</SPAN><SPAN CLASS="c7"> dispuesto a pactar leyes con PP, PSOE y Podemos</SPAN></P>
</DIV>
<BR><DIV CLASS="c5"><P CLASS="c6"><SPAN CLASS="c9">BYLINE: </SPAN><SPAN CLASS="c2">JUAN JOS&Eacute; MATEO</SPAN></P>
</DIV>
<BR><DIV CLASS="c5"><P CLASS="c6"><SPAN CLASS="c9">SECTION: </SPAN><SPAN CLASS="c2">ESPA&ntilde;A; Base; P&aacute;g. 17</SPAN></P>
</DIV>
<BR><DIV CLASS="c5"><P CLASS="c6"><SPAN CLASS="c9">LENGTH: </SPAN><SPAN CLASS="c2">597 words</SPAN></P>
</DIV>
<BR><DIV CLASS="c5"><P CLASS="c6"><SPAN CLASS="c9">DATELINE: </SPAN><SPAN CLASS="c2">Sevilla </SPAN></P>
</DIV>
<BR><DIV CLASS="c5"><P CLASS="c10"><SPAN CLASS="c2">Los debates preelectorales han delimitado la pol&iacute;tica de pactos sobre leyes concretas que seguir&aacute;n los partidos tras la cita con las urnas del 20-D. Los dirigentes de </SPAN><SPAN CLASS="c4">Ciudadanos</SPAN><SPAN CLASS="c2"> que, seg&uacute;n los sondeos, ser&aacute; el &aacute;rbitro del pr&oacute;ximo Congreso, creen que los cara a cara entre los representantes de las cuatro principales formaciones han aclarado que </SPAN><SPAN CLASS="c4">Albert</SPAN><SPAN CLASS="c2">&nbsp;</SPAN><SPAN CLASS="c4">Rivera</SPAN><SPAN CLASS="c2"> podr&aacute; entenderse con el PP en las reformas econ&oacute;micas y para defender la unidad de Espa&ntilde;a; con el PSOE en medidas de protecci&oacute;n social; y con Podemos en regeneraci&oacute;n democr&aacute;tica.</SPAN></P>
<P CLASS="c10"><SPAN CLASS="c2">Dos di&aacute;logos del segundo debate entre candidatos sirvieron de adelanto sobre la nueva etapa pol&iacute;tica que empieza tras la cita electoral del 20-D.</SPAN><SPAN CLASS="c2">&nbsp;</SPAN></P>
<P CLASS="c10"><SPAN CLASS="c2">&quot;Creo que es bueno que trabajemos juntos&quot;, le dijo la vicepresidenta Soraya S&aacute;enz de Santamar&iacute;a a </SPAN><SPAN CLASS="c4">Albert</SPAN><SPAN CLASS="c2">&nbsp;</SPAN><SPAN CLASS="c4">Rivera</SPAN><SPAN CLASS="c2"> en medio de una discusi&oacute;n sobre el futuro del Senado, que </SPAN><SPAN CLASS="c4">Ciudadanos</SPAN><SPAN CLASS="c2"> quiere suprimir. &quot;Le estoy ofreciendo que trabajemos juntos&quot;.</SPAN></P>
<P CLASS="c10"><SPAN CLASS="c2">No fue un episodio aislado. Hubo otros intercambios entre los pol&iacute;ticos presentes que avanzaron los cambios que habr&aacute; en el Congreso que nazca tras las elecciones del 20-D. Hasta ahora, el resultado de las votaciones en la C&aacute;mara Baja ha sido previsible porque ha dependido de dos grandes bloques de diputados, los del PP y el PSOE. La llegada de </SPAN><SPAN CLASS="c4">Ciudadanos</SPAN><SPAN CLASS="c2"> y Podemos, sin embargo, transformar&aacute; radicalmente los c&aacute;lculos y obligar&aacute; a negociaciones previas para construir las mayor&iacute;as necesarias para aprobar cada ley. En medio de la campa&ntilde;a electoral, los partidos se preparan para esa nueva realidad de pactos a varias bandas, y diseccionan qu&eacute; cuestiones les unen y cu&aacute;les les separan.</SPAN></P>
<P CLASS="c10"><SPAN CLASS="c2">&quot;Tengo confianza, Albert, en que nos pudi&eacute;ramos poner de acuerdo para hablar de regeneraci&oacute;n&quot;, le dijo, por ejemplo, Pablo Iglesias a Rivera en la noche del lunes. Los dirigentes de </SPAN><SPAN CLASS="c4">Ciudadanos</SPAN><SPAN CLASS="c2"> recogieron ayer el guante de esos dos intercambios con S&aacute;enz de Santamar&iacute;a e Iglesias.</SPAN></P>
<P CLASS="c10"><SPAN CLASS="c2">Rivera ya ha dise&ntilde;ado qu&eacute; har&iacute;a tras el 20-D si no gana las elecciones. En el caso de que quede segundo, cree que la lista m&aacute;s votada debe ser la que inicie la ronda de contactos para formar Gobierno. Si este intento no fructifica, recuerda que en Espa&ntilde;a no hay un sistema presidencialista, sino parlamentario, y que en consecuencia ser&iacute;a su turno para intentar encontrar apoyos y formar una mayor&iacute;a suficiente, para lo que estar&iacute;a dispuesto a sumar a independientes y miembros de otros partidos a su Ejecutivo, seg&uacute;n fuentes de su equipo. El candidato ya predica la necesidad de alcanzar pactos a derecha e izquierda para los grandes temas que marcar&aacute;n la pr&oacute;xima legislatura.</SPAN></P>
<P CLASS="c10"><SPAN CLASS="c2">Acuerdos puntuales</SPAN></P>
<P CLASS="c10"><SPAN CLASS="c2">&quot;Acuerdos puntuales va a haber entre los cuatro&quot;, explic&oacute; ayer a EL PA&Iacute;S Jos&eacute; Manuel Villegas, vicesecretario general de </SPAN><SPAN CLASS="c4">Ciudadanos</SPAN><SPAN CLASS="c2"> y jefe de gabinete de Rivera. &quot;Puede haber coincidencia con el PP en reformas econ&oacute;micas y defensa de la unidad de Espa&ntilde;a contra el separatismo; con el PSOE en medidas sociales; y con Podemos en regeneraci&oacute;n&quot;, argument&oacute;. &quot;Habr&aacute; juego para todos tras el 20-D. Los viejos partidos se tienen que hacer a la idea. Los nuevos no tenemos vicios del pasado, y los pactos son naturales para nosotros&quot;, sigui&oacute;. &quot;Ellos tendr&aacute;n que cambiar su forma de actuar&quot;, a&ntilde;adi&oacute; en referencia a PP y PSOE.</SPAN></P>
<P CLASS="c10"><SPAN CLASS="c2">&quot;Los partidos nuevos salimos reforzados, los viejos salieron muy tocados&quot;, opin&oacute; Rivera sobre el debate del lunes, en el que su equipo le vio por delante de Pedro S&aacute;nchez (PSOE), con el que lucha ahora mismo por la segunda posici&oacute;n. &quot;La vieja pol&iacute;tica est&aacute; descomponi&eacute;ndose. Es evidente e innegable. Vamos a un sistema nuevo, con un mapa de tres o cuatro partidos, y m&aacute;s apertura&quot;.</SPAN></P>
</DIV>
<BR><DIV CLASS="c5"><P CLASS="c6"><SPAN CLASS="c9">LANGUAGE: </SPAN><SPAN CLASS="c2">SPANISH; ESPA&Ntilde;OL</SPAN></P>
</DIV>
<BR><DIV CLASS="c5"><P CLASS="c6"><SPAN CLASS="c9">PUBLICATION-TYPE: </SPAN><SPAN CLASS="c2">Peri&oacute;dico</SPAN></P>
</DIV>
<BR><DIV CLASS="c5"><P CLASS="c6"><SPAN CLASS="c9">SUBJECT: </SPAN><SPAN CLASS="c2">Pol&iacute;tica (94%)</SPAN></P>
</DIV>
<BR><DIV CLASS="c5"><P CLASS="c6"><SPAN CLASS="c9">IPTC SUBJECT: </SPAN><SPAN CLASS="c2">Politica</SPAN></P>
</DIV>
<BR><DIV CLASS="c5"><P CLASS="c6"><SPAN CLASS="c9">LOAD-DATE: </SPAN><SPAN CLASS="c2">December 8, 2015</SPAN></P>
</DIV>
<BR><DIV CLASS="c0"><BR><P CLASS="c1"><SPAN CLASS="c2">Copyright 2015 El Pais Internacional S.A.<BR>All Rights Reserved</SPAN></P>
</DIV>
</BODY>
</HTML>