<HTML>
<HEAD>
<STYLE TYPE="text/css">
.c0 { text-align: center; }
.c1 { text-align: center; margin-top: 0em; margin-bottom: 0em; }
.c2 { font-family: 'Courier New',Courier; font-size: 10pt; font-style: normal; font-weight: normal; color: #000000; text-decoration: none; }
.c3 { text-align: center; margin-left: 13%; margin-right: 13%; }
.c4 { font-family: 'Courier New',Courier; font-size: 10pt; font-style: normal; font-weight: bold; color: #CC0033; text-decoration: none; }
.c5 { text-align: left; }
.c6 { text-align: left; margin-top: 0em; margin-bottom: 0em; }
.c7 { font-family: 'Courier New',Courier; font-size: 14pt; font-style: normal; font-weight: bold; color: #000000; text-decoration: none; }
.c8 { font-family: 'Courier New',Courier; font-size: 14pt; font-style: normal; font-weight: bold; color: #CC0033; text-decoration: none; }
.c9 { font-family: 'Courier New',Courier; font-size: 10pt; font-style: normal; font-weight: bold; color: #000000; text-decoration: none; }
.c10 { text-align: left; margin-top: 1em; margin-bottom: 0em; }
.c11 { page-break-before: always; }
</STYLE>
</HEAD>
<BODY>
<BR><DIV CLASS="c0"><P CLASS="c1"><SPAN CLASS="c2">486 of 935 DOCUMENTS</SPAN></P>
</DIV>
<BR><DIV CLASS="c0"><BR><P CLASS="c1"><IMG SRC="http://www.lexisnexis.com/lnacui2api/results/docview/attachRetrieve.do?smi=LOGOS&key=38401&componentseq=1&type=logo&inline=y" ALT="http://www.lexisnexis.com/lnacui2api/results/docview/attachRetrieve.do?smi=LOGOS&key=38401&componentseq=1&type=logo&inline=y"><BR><SPAN CLASS="c2">El Pais</SPAN></P>
</DIV>
<BR><DIV CLASS="c3"><P CLASS="c1"><SPAN CLASS="c4">December</SPAN><SPAN CLASS="c2"> 21, 2015 Monday</SPAN><SPAN CLASS="c2">&nbsp;</SPAN><SPAN CLASS="c2">&nbsp;<BR>Andaluc&iacute;a Edici&oacute;n</SPAN></P>
</DIV>
<BR><DIV CLASS="c5"><P CLASS="c6"><SPAN CLASS="c7">Cambio y estabilidad</SPAN></P>
</DIV>
<BR><DIV CLASS="c5"><P CLASS="c6"><SPAN CLASS="c9">SECTION: </SPAN><SPAN CLASS="c2">OPINI&Oacute;N; Base; P&aacute;g. 18</SPAN></P>
</DIV>
<BR><DIV CLASS="c5"><P CLASS="c6"><SPAN CLASS="c9">LENGTH: </SPAN><SPAN CLASS="c2">597 words</SPAN></P>
</DIV>
<BR><DIV CLASS="c5"><BR><P CLASS="c6"><SPAN CLASS="c9">HIGHLIGHT:</SPAN><SPAN CLASS="c2">&nbsp;Espa&ntilde;a necesita ser gobernada tras pasar la p&aacute;gina del bipartidismo<BR></SPAN></P>
</DIV>
<BR><DIV CLASS="c5"><P CLASS="c10"><SPAN CLASS="c2">E l PP logra -con enormes p&eacute;rdidas- una corta victoria en votos y diputados, mientras el PSOE resiste como segunda fuerza parlamentaria pero cosecha los peores resultados de este partido en unas elecciones generales. La dimensi&oacute;n del retroceso de aquellos refuerza a los dos partidos emergentes, Podemos y </SPAN><SPAN CLASS="c4">Ciudadanos</SPAN><SPAN CLASS="c2"> -sobre todo al primero-, que entran con fuerza en el nuevo Congreso de los Diputados, consum&aacute;ndose as&iacute; un cambio de envergadura en el sistema espa&ntilde;ol de partidos.</SPAN><SPAN CLASS="c2">&nbsp;</SPAN></P>
<P CLASS="c10"><SPAN CLASS="c2">Los l&iacute;deres de los cuatro partidos principales apenas han dado pistas sobre los posibles pactos que aseguren la gobernabilidad en Espa&ntilde;a. Se puede comprender que, en plena campa&ntilde;a, no quisieran aclararlo. Pero una vez celebradas las elecciones, Mariano Rajoy, Pedro S&aacute;nchez, Pablo Iglesias y </SPAN><SPAN CLASS="c4">Albert Rivera</SPAN><SPAN CLASS="c2"> tienen que mostrar sus cartas para intentar formar un Ejecutivo de uno u otro signo.</SPAN></P>
<P CLASS="c10"><SPAN CLASS="c2">Un dato importante para la toma de decisiones ser&aacute; la constituci&oacute;n del nuevo Gobierno catal&aacute;n, prevista para pr&oacute;ximas fechas, un factor que sin duda pesar&aacute;, y quiz&aacute; de forma decisiva, en las negociaciones encaminadas a formar el futuro Gobierno de Espa&ntilde;a.</SPAN></P>
<P CLASS="c10"><SPAN CLASS="c2">Rajoy proclam&oacute; anoche la victoria del PP y su voluntad de intentar la formaci&oacute;n de Gobierno, un derecho que minutos antes le hab&iacute;a reconocido Pedro S&aacute;nchez en su comparecencia tras el anuncio de los resultados. El PP gana, en efecto, aunque se confirma el considerable deterioro de su capital pol&iacute;tico. El PSOE ha perdido mucho menos que el PP respecto a 2011, si bien el desgaste de su tarea de oposici&oacute;n le afecta como uno de los pilares del sistema de partidos democr&aacute;ticos.</SPAN></P>
<P CLASS="c10"><SPAN CLASS="c2">Podemos y su l&iacute;der, Pablo Iglesias, han logrado un buen resultado con un discurso que pretend&iacute;a mantener la cohesi&oacute;n de su heterog&eacute;neo electorado -en realidad producto de heterog&eacute;neas coaliciones- al tiempo que trataba de evitar la movilizaci&oacute;n de los votantes socialistas. Y </SPAN><SPAN CLASS="c4">Ciudadanos</SPAN><SPAN CLASS="c2"> no alcanza el list&oacute;n de resultados que le auguraban las encuestas previas, si bien su fuerte entrada en el Congreso de los Diputados es m&aacute;s que estimable y sin duda es una fuerza llamada a desempe&ntilde;ar papeles de importancia.</SPAN></P>
<P CLASS="c10"><SPAN CLASS="c2">La legislatura estar&aacute; centrada en un Parlamento de minor&iacute;as, en el que ning&uacute;n partido tendr&aacute; fuerza suficiente para actuar por s&iacute; solo al haber quedado todos lejos de la mayor&iacute;a absoluta. El nuevo sistema determinado por las urnas no supone una revoluci&oacute;n, pero s&iacute; un cambio importante. De entrada refleja los deseos de los espa&ntilde;oles, que piden negociaci&oacute;n y consenso, en buena parte hartos de los enfrentamientos sin salida a los que condujeron en el pasado las situaciones muy polarizadas.</SPAN></P>
<P CLASS="c10"><SPAN CLASS="c2">Hay que aprender a convivir en un escenario de minor&iacute;as parlamentarias, que deben dar lo mejor de s&iacute; mismas para dotar de estabilidad al sistema. No hay duda de que habr&aacute; negociaciones complejas para formar Gobierno, pero es de esperar que los principales actores constitucionales aborden esta tarea con &aacute;nimo constructivo. Muchas de las esperanzas depositadas por los electores en las urnas se ver&iacute;an frustradas si el proceso desembocara en exigencias maximalistas o bloqueos que impidan sacar partido al cambio de sistema. Los </SPAN><SPAN CLASS="c4">ciudadanos</SPAN><SPAN CLASS="c2"> quieren que se consens&uacute;en las pol&iacute;ticas principales, y no que cada nuevo equipo en el poder utilice las cuentas pendientes del pasado para bloquear las soluciones de futuro.</SPAN></P>
<P CLASS="c10"><SPAN CLASS="c2">En definitiva, despu&eacute;s de cuatro a&ntilde;os en los que el di&aacute;logo pol&iacute;tico ha brillado por su ausencia, los partidos tienen que retomar la v&iacute;a de la negociaci&oacute;n para acometer los problemas que tiene nuestro pa&iacute;s. Esta es la mejor manera de responder al mensaje de las urnas.</SPAN></P>
</DIV>
<BR><DIV CLASS="c5"><P CLASS="c6"><SPAN CLASS="c9">LANGUAGE: </SPAN><SPAN CLASS="c2">SPANISH; ESPA&Ntilde;OL</SPAN></P>
</DIV>
<BR><DIV CLASS="c5"><P CLASS="c6"><SPAN CLASS="c9">PUBLICATION-TYPE: </SPAN><SPAN CLASS="c2">Peri&oacute;dico</SPAN></P>
</DIV>
<BR><DIV CLASS="c5"><P CLASS="c6"><SPAN CLASS="c9">SUBJECT: </SPAN><SPAN CLASS="c2">Pol&iacute;tica (94%)</SPAN></P>
</DIV>
<BR><DIV CLASS="c5"><P CLASS="c6"><SPAN CLASS="c9">IPTC SUBJECT: </SPAN><SPAN CLASS="c2">Politica</SPAN></P>
</DIV>
<BR><DIV CLASS="c5"><P CLASS="c6"><SPAN CLASS="c9">LOAD-DATE: </SPAN><SPAN CLASS="c2">December 20, 2015</SPAN></P>
</DIV>
<BR><DIV CLASS="c0"><BR><P CLASS="c1"><SPAN CLASS="c2">Copyright 2015 El Pais Internacional S.A.<BR>All Rights Reserved</SPAN></P>
</DIV>
</BODY>
</HTML>