<HTML>
<HEAD>
<STYLE TYPE="text/css">
.c0 { text-align: center; }
.c1 { text-align: center; margin-top: 0em; margin-bottom: 0em; }
.c2 { font-family: 'Courier New',Courier; font-size: 10pt; font-style: normal; font-weight: normal; color: #000000; text-decoration: none; }
.c3 { text-align: center; margin-left: 13%; margin-right: 13%; }
.c4 { font-family: 'Courier New',Courier; font-size: 10pt; font-style: normal; font-weight: bold; color: #CC0033; text-decoration: none; }
.c5 { text-align: left; }
.c6 { text-align: left; margin-top: 0em; margin-bottom: 0em; }
.c7 { font-family: 'Courier New',Courier; font-size: 14pt; font-style: normal; font-weight: bold; color: #000000; text-decoration: none; }
.c8 { font-family: 'Courier New',Courier; font-size: 14pt; font-style: normal; font-weight: bold; color: #CC0033; text-decoration: none; }
.c9 { font-family: 'Courier New',Courier; font-size: 10pt; font-style: normal; font-weight: bold; color: #000000; text-decoration: none; }
.c10 { text-align: left; margin-top: 1em; margin-bottom: 0em; }
.c11 { page-break-before: always; }
</STYLE>
</HEAD>
<BODY>
<BR><DIV CLASS="c0"><P CLASS="c1"><SPAN CLASS="c2">33 of 935 DOCUMENTS</SPAN></P>
</DIV>
<BR><DIV CLASS="c0"><BR><P CLASS="c1"><IMG SRC="http://www.lexisnexis.com/lnacui2api/results/docview/attachRetrieve.do?smi=LOGOS&key=38401&componentseq=1&type=logo&inline=y" ALT="http://www.lexisnexis.com/lnacui2api/results/docview/attachRetrieve.do?smi=LOGOS&key=38401&componentseq=1&type=logo&inline=y"><BR><SPAN CLASS="c2">El Pais</SPAN></P>
</DIV>
<BR><DIV CLASS="c3"><P CLASS="c1"><SPAN CLASS="c4">January</SPAN><SPAN CLASS="c2"> 17, 2016 Sunday</SPAN><SPAN CLASS="c2">&nbsp;</SPAN><SPAN CLASS="c2">&nbsp;<BR>Comunidad Valenciana Edici&oacute;n</SPAN></P>
</DIV>
<BR><DIV CLASS="c5"><P CLASS="c6"><SPAN CLASS="c7">El 61% de los espa&ntilde;oles quiere que los partidos pacten y eviten elecciones</SPAN></P>
</DIV>
<BR><DIV CLASS="c5"><P CLASS="c6"><SPAN CLASS="c9">BYLINE: </SPAN><SPAN CLASS="c2">ANABEL D&Iacute;EZ</SPAN></P>
</DIV>
<BR><DIV CLASS="c5"><P CLASS="c6"><SPAN CLASS="c9">SECTION: </SPAN><SPAN CLASS="c2">ESPA&ntilde;A; Base; P&aacute;g. 17</SPAN></P>
</DIV>
<BR><DIV CLASS="c5"><P CLASS="c6"><SPAN CLASS="c9">LENGTH: </SPAN><SPAN CLASS="c2">830 words</SPAN></P>
</DIV>
<BR><DIV CLASS="c5"><P CLASS="c6"><SPAN CLASS="c9">DATELINE: </SPAN><SPAN CLASS="c2">Madrid </SPAN></P>
</DIV>
<BR><DIV CLASS="c5"><P CLASS="c10"><SPAN CLASS="c2">Los espa&ntilde;oles no quieren que se repitan las elecciones y prefieren que los partidos hagan un esfuerzo por alcanzar acuerdos que conduzcan a la formaci&oacute;n de un Gobierno. Un 61% de los consultados por Metroscopia abogan por el entendimiento y quedan en un 33% quienes prefieren ir de nuevo a las urnas. Entre estos &uacute;ltimos destacan, a gran distancia del resto, los votantes de Podemos. Poco cambiar&iacute;a el resultado si se celebraran ahora nuevos comicios. El PP volver&iacute;a a ser primera fuerza, aunque Podemos sobrepasar&iacute;a al PSOE por algo m&aacute;s de un punto. </SPAN><SPAN CLASS="c4">Ciudadanos</SPAN><SPAN CLASS="c2"> saldr&iacute;a reforzado con casi tres puntos m&aacute;s.</SPAN></P>
<P CLASS="c10"><SPAN CLASS="c2">No son los </SPAN><SPAN CLASS="c4">ciudadanos</SPAN><SPAN CLASS="c2">, sino los dirigentes de las fuerzas pol&iacute;ticas los que ponen l&iacute;neas rojas y condiciones para los acuerdos. Los </SPAN><SPAN CLASS="c4">ciudadanos</SPAN><SPAN CLASS="c2"> muestran una amplitud de miras notable con tal de que no tengan que repetirse las elecciones; adem&aacute;s, las cosas no cambiar&iacute;an sustancialmente, seg&uacute;n el estudio de Metroscopia cuyo trabajo de campo se desarroll&oacute; entre el 12 y el 14 de enero.</SPAN><SPAN CLASS="c2">&nbsp;</SPAN></P>
<P CLASS="c10"><SPAN CLASS="c2">En esas fechas, los </SPAN><SPAN CLASS="c4">ciudadanos</SPAN><SPAN CLASS="c2"> eran ya muy conscientes de la dificultad de los acuerdos entre partidos, a la vista de la toma de posici&oacute;n de cada uno de ellos desde la noche electoral del 20 de diciembre. Muy poco o nada han variado sus pronunciamientos, pero s&iacute; han transmitido juicios de valor sobre c&oacute;mo les ir&iacute;a a cada uno de ellos si volvieran a repetirse las elecciones. La encuesta de Metroscopia, elaborada cuando ya se hab&iacute;a producido la constituci&oacute;n del Congreso y el Senado, muestra que no habr&iacute;a grandes variaciones si se repitieran los comicios.</SPAN></P>
<P CLASS="c10"><SPAN CLASS="c2">El PP volver&iacute;a a ganar lejos de la mayor&iacute;a y con un resultado casi id&eacute;ntico. El 28,7% que obtuvo el partido que lidera Mariano Rajoy hace menos de un mes subir&iacute;a tres d&eacute;cimas, seguido ahora por Podemos y no por el PSOE. El partido liderado por Pablo Iglesias obtendr&iacute;a un 22,5% de los votos, casi dos puntos m&aacute;s que el 20 de diciembre, y sacar&iacute;a algo m&aacute;s de un punto al PSOE, que bajar&iacute;a del 22% al 21,1%. </SPAN><SPAN CLASS="c4">Ciudadanos</SPAN><SPAN CLASS="c2"> es el partido que m&aacute;s crece con respecto a las pasadas elecciones, al pasar del 13,9% al 16,6%, en tanto que Unidad Popular (Izquierda Unida) se queda casi igual, con unas d&eacute;cimas menos.</SPAN></P>
<P CLASS="c10"><SPAN CLASS="c2">Con este resultado del estudio, finalizado hace 48 horas, una repetici&oacute;n de las elecciones volver&iacute;a a colocar a los partidos en la tesitura de tener que establecer pactos. As&iacute; lo quiere un 61% de los consultados y, una vez diferenciados por el partido al que hayan votado, se desprende que, a excepci&oacute;n de los que han apoyado a Podemos, el resto no desea volver a las urnas de inmediato.</SPAN></P>
<P CLASS="c10"><SPAN CLASS="c2">Los votantes del PP son a quienes m&aacute;s indeseable se le hace una repetici&oacute;n electoral. Un 72% aboga por que los partidos lleguen a alg&uacute;n acuerdo que haga posible la formaci&oacute;n de un Gobierno. Ese es tambi&eacute;n el sentir del 69% de los que declaran haber votado a </SPAN><SPAN CLASS="c4">Ciudadanos</SPAN><SPAN CLASS="c2"> y un 65% al PSOE.</SPAN></P>
<P CLASS="c10"><SPAN CLASS="c2">No es desde&ntilde;able el 47% de votantes de Podemos que no quieren nuevas elecciones, pero s&iacute; se alejan del resto de los consultados de otros partidos, mucho m&aacute;s proclives a la negociaci&oacute;n. Adem&aacute;s, son un poco m&aacute;s los seguidores del partido de Iglesias que prefieren elecciones respecto a los que abogan por un acuerdo con otras fuerzas pol&iacute;ticas: un 48% frente a un 47%, respectivamente.</SPAN></P>
<P CLASS="c10"><SPAN CLASS="c2">Solo en el caso de Podemos habr&iacute;a cierta relaci&oacute;n entre lo que opinan sus votantes y los an&aacute;lisis pol&iacute;ticos que sit&uacute;an a este partido como el m&aacute;s interesado en repetir las elecciones; supuestamente abarcar&iacute;a un espacio mayor en la izquierda.</SPAN></P>
<P CLASS="c10"><SPAN CLASS="c2">La confianza de los </SPAN><SPAN CLASS="c4">ciudadanos</SPAN><SPAN CLASS="c2"> en los partidos a los que han votado es alt&iacute;sima. Un 70% prefiere que pacten lo que consideren m&aacute;s conveniente, antes que pronunciarse por cualquier combinaci&oacute;n concreta. Despu&eacute;s, con un 58%, se apuesta por un Gobierno en solitario del partido m&aacute;s votado &quot;pactando todas sus decisiones con otros partidos&quot;. No es extra&ntilde;o que este planteamiento sea apoyado por el 89% de los votantes del PP, partido que gan&oacute; las elecciones, y por el 73% de quienes apoyaron a </SPAN><SPAN CLASS="c4">Ciudadanos</SPAN><SPAN CLASS="c2">, cuyo l&iacute;der, </SPAN><SPAN CLASS="c4">Albert Rivera,</SPAN><SPAN CLASS="c2"> defiende esa tesis, al menos de entrada.</SPAN></P>
<P CLASS="c10"><SPAN CLASS="c2">Una coalici&oacute;n entre PP y </SPAN><SPAN CLASS="c4">Ciudadanos</SPAN><SPAN CLASS="c2">, as&iacute; como un acuerdo entre los dos con la suma del PSOE, son opciones que empatan con un 40% de apoyos. Muy de cerca, con un 39%, est&aacute;n los partidarios de que los socialistas formen coalici&oacute;n con Podemos, y dos puntos por debajo quienes ver&iacute;an de buen grado en el mismo gobierno al partido que lidera Pedro S&aacute;nchez y a la joven fuerza que preside </SPAN><SPAN CLASS="c4">Albert Rivera.</SPAN></P>
<P CLASS="c10"><SPAN CLASS="c2">La negativa del PSOE a facilitar que gobierne el PP y, por tanto, mucho menos a coaligarse con el partido de Mariano Rajoy, se corresponde con el exiguo 27% favorable a esa uni&oacute;n entre los votantes socialistas, en contraste con el 69% de los votantes del PP que s&iacute; querr&iacute;a esa gran coalici&oacute;n. No obstante, la opci&oacute;n que Rajoy defender&aacute; con ah&iacute;nco, como ayer mismo hizo, es la que suma 250 diputados: PP, PSOE y </SPAN><SPAN CLASS="c4">Ciudadanos</SPAN><SPAN CLASS="c2">. Los tres grupos, sentenci&oacute; el presidente del Gobierno en funciones, est&aacute;n de acuerdo &quot;en los temas fundamentales, porque lo dem&aacute;s es contra natura&quot;.</SPAN></P>
</DIV>
<BR><DIV CLASS="c5"><P CLASS="c6"><SPAN CLASS="c9">LANGUAGE: </SPAN><SPAN CLASS="c2">SPANISH; ESPA&Ntilde;OL</SPAN></P>
</DIV>
<BR><DIV CLASS="c5"><P CLASS="c6"><SPAN CLASS="c9">PUBLICATION-TYPE: </SPAN><SPAN CLASS="c2">Peri&oacute;dico</SPAN></P>
</DIV>
<BR><DIV CLASS="c5"><P CLASS="c6"><SPAN CLASS="c9">SUBJECT: </SPAN><SPAN CLASS="c2">Pol&iacute;tica (93%)</SPAN></P>
</DIV>
<BR><DIV CLASS="c5"><P CLASS="c6"><SPAN CLASS="c9">IPTC SUBJECT: </SPAN><SPAN CLASS="c2">Politica</SPAN></P>
</DIV>
<BR><DIV CLASS="c5"><P CLASS="c6"><SPAN CLASS="c9">LOAD-DATE: </SPAN><SPAN CLASS="c2">January 16, 2016</SPAN></P>
</DIV>
<BR><DIV CLASS="c0"><BR><P CLASS="c1"><SPAN CLASS="c2">Copyright 2016 El Pais Internacional S.A.<BR>All Rights Reserved</SPAN></P>
</DIV>
</BODY>
</HTML>