<HTML>
<HEAD>
<STYLE TYPE="text/css">
.c0 { text-align: center; }
.c1 { text-align: center; margin-top: 0em; margin-bottom: 0em; }
.c2 { font-family: 'Courier New',Courier; font-size: 10pt; font-style: normal; font-weight: normal; color: #000000; text-decoration: none; }
.c3 { text-align: center; margin-left: 13%; margin-right: 13%; }
.c4 { font-family: 'Courier New',Courier; font-size: 10pt; font-style: normal; font-weight: bold; color: #CC0033; text-decoration: none; }
.c5 { text-align: left; }
.c6 { text-align: left; margin-top: 0em; margin-bottom: 0em; }
.c7 { font-family: 'Courier New',Courier; font-size: 14pt; font-style: normal; font-weight: bold; color: #000000; text-decoration: none; }
.c8 { font-family: 'Courier New',Courier; font-size: 14pt; font-style: normal; font-weight: bold; color: #CC0033; text-decoration: none; }
.c9 { font-family: 'Courier New',Courier; font-size: 10pt; font-style: normal; font-weight: bold; color: #000000; text-decoration: none; }
.c10 { text-align: left; margin-top: 1em; margin-bottom: 0em; }
.c11 { page-break-before: always; }
</STYLE>
</HEAD>
<BODY>
<BR><DIV CLASS="c0"><P CLASS="c1"><SPAN CLASS="c2">112 of 935 DOCUMENTS</SPAN></P>
</DIV>
<BR><DIV CLASS="c0"><BR><P CLASS="c1"><IMG SRC="http://www.lexisnexis.com/lnacui2api/results/docview/attachRetrieve.do?smi=LOGOS&key=38401&componentseq=1&type=logo&inline=y" ALT="http://www.lexisnexis.com/lnacui2api/results/docview/attachRetrieve.do?smi=LOGOS&key=38401&componentseq=1&type=logo&inline=y"><BR><SPAN CLASS="c2">El Pais</SPAN></P>
</DIV>
<BR><DIV CLASS="c3"><P CLASS="c1"><SPAN CLASS="c4">December</SPAN><SPAN CLASS="c2"> 10, 2015 Thursday</SPAN><SPAN CLASS="c2">&nbsp;</SPAN><SPAN CLASS="c2">&nbsp;<BR>Comunidad Valenciana Edici&oacute;n</SPAN></P>
</DIV>
<BR><DIV CLASS="c5"><P CLASS="c6"><SPAN CLASS="c8">Ciudadanos</SPAN><SPAN CLASS="c7"> quiere que se elimine la agravante penal por violencia de g&eacute;nero</SPAN></P>
</DIV>
<BR><DIV CLASS="c5"><P CLASS="c6"><SPAN CLASS="c9">BYLINE: </SPAN><SPAN CLASS="c2">J. J. MATEO / E. DE BENITO</SPAN></P>
</DIV>
<BR><DIV CLASS="c5"><P CLASS="c6"><SPAN CLASS="c9">SECTION: </SPAN><SPAN CLASS="c2">ESPA&ntilde;A; Base; P&aacute;g. 16</SPAN></P>
</DIV>
<BR><DIV CLASS="c5"><P CLASS="c6"><SPAN CLASS="c9">LENGTH: </SPAN><SPAN CLASS="c2">602 words</SPAN></P>
</DIV>
<BR><DIV CLASS="c5"><P CLASS="c6"><SPAN CLASS="c9">DATELINE: </SPAN><SPAN CLASS="c2">M&aacute;laga / Madrid </SPAN></P>
</DIV>
<BR><DIV CLASS="c5"><P CLASS="c10"><SPAN CLASS="c4">Ciudadanos</SPAN><SPAN CLASS="c2"> propone en su programa eliminar la pena agravada para los hombres que cometen delitos de violencia de g&eacute;nero que se introdujo en la ley de 2004 y que valid&oacute; el Tribunal Constitucional en 2008. Seg&uacute;n la norma, la pena por lesiones que requieren de tratamiento es de tres meses para cualquiera, salvo en el caso de los hombres que agreden a sus parejas o exparejas, en cuyo caso sube a seis. Esta diferencia se ha mantenido en las reformas posteriores del C&oacute;digo Penal. Conocida la propuesta, fue objeto de numerosas cr&iacute;ticas.</SPAN></P>
<P CLASS="c10"><SPAN CLASS="c2">Rivera aludi&oacute; ayer al tema, pero sin tratar este punto de su programa, en un d&iacute;a en el que hubo dos v&iacute;ctimas: &quot;Tenemos que hacer un pacto de Estado, tomarnos en serio la lucha contra la violencia contra las mujeres, dejarnos de debates de sal&oacute;n y tomar medidas&quot;, dijo ayer </SPAN><SPAN CLASS="c4">Albert Rivera</SPAN><SPAN CLASS="c2">. Pero un punto de su programa sobre violencia de g&eacute;nero levant&oacute; una gran pol&eacute;mica: pide eliminar &quot;la asimetr&iacute;a penal por cuesti&oacute;n de sexo&quot; en las penas por violencia de g&eacute;nero, es decir, que cuando es el hombre el que maltrata a su pareja o expareja femenina recibe m&aacute;s castigo que si es al rev&eacute;s o en cualquier otra combinaci&oacute;n de sexos. Esta fue la mayor novedad en el &aacute;mbito penal que introdujo la ley de violencia de g&eacute;nero y la propuesta de eliminarlo origin&oacute; muchas cr&iacute;ticas.</SPAN><SPAN CLASS="c2">&nbsp;</SPAN></P>
<P CLASS="c10"><SPAN CLASS="c2">&quot;</SPAN><SPAN CLASS="c4">Ciudadanos</SPAN><SPAN CLASS="c2"> desconoce que la violencia s&iacute; tiene genero&quot;, tuite&oacute; el PSOE. &quot;Quiere acabar con las penas espec&iacute;ficas por violencia machista&quot;, a&ntilde;adi&oacute;. Alberto Garz&oacute;n, candidato de IU a La Moncloa, calific&oacute; de &quot;aberrante&quot; la propuesta, de &quot;lesiva y regresiva&quot;. &quot;</SPAN><SPAN CLASS="c4">Ciudadanos</SPAN><SPAN CLASS="c2"> se ha puesto el traje m&aacute;s reaccionario para luchar contra la igualdad&quot;, opin&oacute;. Clara Serra, responsable de Igualdad de Podemos, lament&oacute; que &quot;</SPAN><SPAN CLASS="c4">Ciudadanos</SPAN><SPAN CLASS="c2"> proponga volver a un pa&iacute;s sin leyes espec&iacute;ficas contra la violencia machista&quot;.</SPAN></P>
<P CLASS="c10"><SPAN CLASS="c2">La ley contra la violencia de g&eacute;nero se aprob&oacute; por unanimidad. </SPAN><SPAN CLASS="c4">Ciudadanos</SPAN><SPAN CLASS="c2"> basa su argumentaci&oacute;n en el art&iacute;culo 14 de la Constituci&oacute;n, que establece la igualdad de todos los espa&ntilde;oles sin discriminaci&oacute;n por raz&oacute;n de nacimiento, raza, sexo, religi&oacute;n, opini&oacute;n o cualquier otra condici&oacute;n. El Constitucional, sin embargo, se pronunci&oacute; en 2008: no hay discriminaci&oacute;n, dijo, y debe haber un agravante cuando la agresi&oacute;n se produce en el contexto de la violencia machista.</SPAN></P>
<P CLASS="c10"><SPAN CLASS="c2">Respuesta firme</SPAN></P>
<P CLASS="c10"><SPAN CLASS="c2">La idea de esta agravante, como recoge la ley, es que &quot;para la ciudadan&iacute;a, para los colectivos de mujeres y espec&iacute;ficamente para aquellas que sufren estas agresiones, la ley quiere dar una respuesta firme y contundente y mostrar firmeza plasm&aacute;ndolas en tipos penales espec&iacute;ficos&quot;. Por ello se pretende incluir, dentro de los delitos agravados de lesiones, &quot;uno espec&iacute;fico que incremente la sanci&oacute;n penal cuando la lesi&oacute;n se produzca contra quien sea o haya sido la esposa del autor, o mujer que est&eacute; o haya estado ligada a &eacute;l por una an&aacute;loga relaci&oacute;n de afectividad, aun sin convivencia&quot;. El &uacute;ltimo C&oacute;digo Penal incluy&oacute; este agravante en su art&iacute;culo 22.4 y a&ntilde;adi&oacute; entre sus argumentos el convenio 210 del Consejo de Europa sobre prevenci&oacute;n y lucha contra la violencia contra las mujeres y la violencia dom&eacute;stica.</SPAN></P>
<P CLASS="c10"><SPAN CLASS="c2">&quot;La ley no est&aacute; siendo eficaz&quot;, opin&oacute; Patricia Reyes, portavoz de </SPAN><SPAN CLASS="c4">Ciudadanos</SPAN><SPAN CLASS="c2"> en la materia. &quot;Es necesario revisarla. Hay que destinar una partida importante a igualdad, que es un derecho recogido en la Constituci&oacute;n&quot;, a&ntilde;adi&oacute;. &quot;Hay que dotar de medios a la lucha contra la violencia de g&eacute;nero&quot;, sigui&oacute; Reyes. &quot;La parte social de la ley no se est&aacute; ejecutando. Todo se supedita a la denuncia. Habr&iacute;a que dotar de dinero a los Ayuntamientos[para este problema]&quot;. Rivera conden&oacute; duramente la muerte de dos mujeres conocida ayer.</SPAN></P>
</DIV>
<BR><DIV CLASS="c5"><P CLASS="c6"><SPAN CLASS="c9">LANGUAGE: </SPAN><SPAN CLASS="c2">SPANISH; ESPA&Ntilde;OL</SPAN></P>
</DIV>
<BR><DIV CLASS="c5"><P CLASS="c6"><SPAN CLASS="c9">PUBLICATION-TYPE: </SPAN><SPAN CLASS="c2">Peri&oacute;dico</SPAN></P>
</DIV>
<BR><DIV CLASS="c5"><P CLASS="c6"><SPAN CLASS="c9">SUBJECT: </SPAN><SPAN CLASS="c2">Pol&iacute;tica (93%)</SPAN></P>
</DIV>
<BR><DIV CLASS="c5"><P CLASS="c6"><SPAN CLASS="c9">IPTC SUBJECT: </SPAN><SPAN CLASS="c2">Politica</SPAN></P>
</DIV>
<BR><DIV CLASS="c5"><P CLASS="c6"><SPAN CLASS="c9">LOAD-DATE: </SPAN><SPAN CLASS="c2">December 9, 2015</SPAN></P>
</DIV>
<BR><DIV CLASS="c0"><BR><P CLASS="c1"><SPAN CLASS="c2">Copyright 2015 El Pais Internacional S.A.<BR>All Rights Reserved</SPAN></P>
</DIV>
</BODY>
</HTML>