<HTML>
<HEAD>
<STYLE TYPE="text/css">
.c0 { text-align: center; }
.c1 { text-align: center; margin-top: 0em; margin-bottom: 0em; }
.c2 { font-family: 'Courier New',Courier; font-size: 10pt; font-style: normal; font-weight: normal; color: #000000; text-decoration: none; }
.c3 { text-align: center; margin-left: 13%; margin-right: 13%; }
.c4 { font-family: 'Courier New',Courier; font-size: 10pt; font-style: normal; font-weight: bold; color: #CC0033; text-decoration: none; }
.c5 { text-align: left; }
.c6 { text-align: left; margin-top: 0em; margin-bottom: 0em; }
.c7 { font-family: 'Courier New',Courier; font-size: 14pt; font-style: normal; font-weight: bold; color: #000000; text-decoration: none; }
.c8 { font-family: 'Courier New',Courier; font-size: 14pt; font-style: normal; font-weight: bold; color: #CC0033; text-decoration: none; }
.c9 { font-family: 'Courier New',Courier; font-size: 10pt; font-style: normal; font-weight: bold; color: #000000; text-decoration: none; }
.c10 { text-align: left; margin-top: 1em; margin-bottom: 0em; }
.c11 { page-break-before: always; }
</STYLE>
</HEAD>
<BODY>
<BR><DIV CLASS="c0"><P CLASS="c1"><SPAN CLASS="c2">407 of 935 DOCUMENTS</SPAN></P>
</DIV>
<BR><DIV CLASS="c0"><BR><P CLASS="c1"><IMG SRC="http://www.lexisnexis.com/lnacui2api/results/docview/attachRetrieve.do?smi=LOGOS&key=38401&componentseq=1&type=logo&inline=y" ALT="http://www.lexisnexis.com/lnacui2api/results/docview/attachRetrieve.do?smi=LOGOS&key=38401&componentseq=1&type=logo&inline=y"><BR><SPAN CLASS="c2">El Pais</SPAN></P>
</DIV>
<BR><DIV CLASS="c3"><P CLASS="c1"><SPAN CLASS="c4">November</SPAN><SPAN CLASS="c2"> 25, 2015 Wednesday</SPAN><SPAN CLASS="c2">&nbsp;</SPAN><SPAN CLASS="c2">&nbsp;<BR>2&ordf; Ed. Barna Edici&oacute;n</SPAN></P>
</DIV>
<BR><DIV CLASS="c5"><P CLASS="c6"><SPAN CLASS="c7">EL PA&Iacute;S no acept&oacute; a Santamar&iacute;a en su debate con los candidatos a La Moncloa</SPAN></P>
</DIV>
<BR><DIV CLASS="c5"><P CLASS="c6"><SPAN CLASS="c9">BYLINE: </SPAN><SPAN CLASS="c2">ROSARIO G. G&Oacute;MEZ / JAVIER CASQUEIRO</SPAN></P>
</DIV>
<BR><DIV CLASS="c5"><P CLASS="c6"><SPAN CLASS="c9">SECTION: </SPAN><SPAN CLASS="c2">ESPA&ntilde;A; Base; P&aacute;g. 20</SPAN></P>
</DIV>
<BR><DIV CLASS="c5"><P CLASS="c6"><SPAN CLASS="c9">LENGTH: </SPAN><SPAN CLASS="c2">715 words</SPAN></P>
</DIV>
<BR><DIV CLASS="c5"><P CLASS="c6"><SPAN CLASS="c9">DATELINE: </SPAN><SPAN CLASS="c2">Madrid </SPAN></P>
</DIV>
<BR><DIV CLASS="c5"><P CLASS="c10"><SPAN CLASS="c2">EL PA&Iacute;S rechaz&oacute; la propuesta del PP para que la vicepresidenta del Gobierno y n&uacute;mero dos en la lista por Madrid a las generales, Soraya S&aacute;enz de Santamar&iacute;a, sustituyera a Mariano Rajoy en el debate electoral del pr&oacute;ximo lunes. EL PA&Iacute;S cit&oacute; tambi&eacute;n a los cabeza de lista del PSOE, Pedro S&aacute;nchez; </SPAN><SPAN CLASS="c4">Ciudadanos</SPAN><SPAN CLASS="c2">, </SPAN><SPAN CLASS="c4">Albert Rivera</SPAN><SPAN CLASS="c2">, y Podemos, Pablo Iglesias, que aceptaron el duelo electoral. Rajoy se escud&oacute; en &quot;tareas de Gobierno&quot; para eludir su presencia. El l&iacute;der del PP solo ha accedido a un cara a cara con el secretario general de los socialistas.</SPAN></P>
<P CLASS="c10"><SPAN CLASS="c2">El jefe del Ejecutivo esquivar&aacute; la confrontaci&oacute;n directa ante las c&aacute;maras de televisi&oacute;n con los dem&aacute;s candidatos que, seg&uacute;n todas las encuestas, tienen opciones de Gobierno ante las elecciones generales del 20 de diciembre. EL PA&Iacute;S invit&oacute; a Mariano Rajoy al debate digital que este diario organizar&aacute; el pr&oacute;ximo lunes, d&iacute;a 30 (de 21.00 a 22.30), y al que asistir&aacute;n S&aacute;nchez, Rivera e Iglesias. Esta comparecencia se difundir&aacute; por la web del diario (elpais.com) y la se&ntilde;al ser&aacute; ofrecida a las televisiones y webs informativas que lo soliciten.</SPAN><SPAN CLASS="c2">&nbsp;</SPAN></P>
<P CLASS="c10"><SPAN CLASS="c2">Ante la negativa de Rajoy, el PP propuso como alternativa la presencia de Santamar&iacute;a, que adem&aacute;s de vicepresidenta es la n&uacute;mero dos de la lista por Madrid al Congreso de los Diputados. Sin embargo, el atril destinado al PP permanecer&aacute; vac&iacute;o, ya que EL PA&Iacute;S dise&ntilde;&oacute; un programa con los aspirantes a La Moncloa de las cuatro principales formaciones. No contemplaba la posibilidad de que acudieran sus segundos si alguno de los l&iacute;deres declinaba asistir. Este peri&oacute;dico considera que un debate con vocaci&oacute;n de ser verdaderamente presidencial exige, como en todas las sociedades democr&aacute;ticas, la presencia de los cabezas de lista. La confrontaci&oacute;n ante las c&aacute;maras de quienes pueden acceder a la presidencia es un derecho no de los medios, sino de los </SPAN><SPAN CLASS="c4">ciudadanos</SPAN><SPAN CLASS="c2">.</SPAN></P>
<P CLASS="c10"><SPAN CLASS="c2">EL PP declin&oacute; la participaci&oacute;n de Rajoy en el debate de EL PA&Iacute;S alegando la complicada agenda del presidente en sus &quot;tareas de Gobierno&quot;. Sin embargo, a la misma hora (21.00) el candidato Rajoy tiene previsto comparecer en una entrevista en el informativo nocturno de Telecinco, dirigido y presentado por Pedro Piqueras. La cadena de Mediaset prev&eacute; que pasen por el mismo plat&oacute;, en diferentes jornadas, Rivera, S&aacute;nchez e Iglesias.</SPAN></P>
<P CLASS="c10"><SPAN CLASS="c2">Rajoy solo ha admitido para la campa&ntilde;a, que empezar&aacute; el 4 de diciembre, un cara a cara con el l&iacute;der de los socialistas, que se celebrar&aacute; el 14 de diciembre en horario de m&aacute;xima audiencia. Esta comparecencia, que se cerr&oacute; ayer, estar&aacute; organizada por la Academia de la Televisi&oacute;n (ATV) y la se&ntilde;al ser&aacute; distribuida a todas las emisoras que lo pidan. La ATV ya recibi&oacute; en las &uacute;ltimas generales el encargo de poner en marcha los dos cara a cara entre Rajoy y Jos&eacute; Luis Rodr&iacute;guez Zapatero (2008) y el que enfrent&oacute; al l&iacute;der popular y Alfredo P&eacute;rez Rubalcaba (2011).</SPAN></P>
<P CLASS="c10"><SPAN CLASS="c2">El comit&eacute; de campa&ntilde;a del PP que pact&oacute; ayer esta f&oacute;rmula la justific&oacute; con la idea de que todas las televisiones y medios del territorio nacional se podr&aacute;n conectar y as&iacute; ese duelo pol&iacute;tico podr&aacute; ser ser visto por la mayor&iacute;a de los </SPAN><SPAN CLASS="c4">ciudadanos</SPAN><SPAN CLASS="c2">.</SPAN></P>
<P CLASS="c10"><SPAN CLASS="c2">Cumbre del Clima</SPAN></P>
<P CLASS="c10"><SPAN CLASS="c2">Cuando Rajoy firm&oacute; el decreto para la convocatoria de las elecciones del 20-D ofreci&oacute; en La Moncloa una conferencia de prensa institucional en la que respondi&oacute; que no pensaba evitar ning&uacute;n debate porque los consideraba su &quot;medio natural&quot;.</SPAN></P>
<P CLASS="c10"><SPAN CLASS="c2">Fuentes de La Moncloa y del PP argumentan ahora, para explicar la ausencia de Rajoy en la mayor&iacute;a de los debates, que adem&aacute;s del candidato de un partido sigue siendo el presidente del Gobierno y tiene una agenda muy apretada, llena de actividades nacionales e internacionales. Las mismas fuentes oficiales se&ntilde;alan adem&aacute;s que el lunes 30, fecha en la que Rajoy ser&aacute;n entrevistado por Piqueras, el presidente estar&aacute; en Par&iacute;s en la Cumbre del Clima. Y a&ntilde;aden que no es lo mismo regresar esa tarde de Par&iacute;s para enfrentarse con S&aacute;nchez, Rivera e Iglesias en una cita que requiere una preparaci&oacute;n espec&iacute;fica y m&aacute;s profunda que para mantener una entrevista.</SPAN></P>
<P CLASS="c10"><SPAN CLASS="c2">El presidente formar&aacute; parte esta noche del equipo que comenta la Champions en el programa Tiempo de juego de la Cope; la semana que viene, participar&aacute; en el programa de Bert&iacute;n Osborne En la tuya o en la m&iacute;a (La 1) y su equipo negocia con la presentadora Mar&iacute;a Teresa Campos la asistencia a su espacio, en Telecinco.</SPAN></P>
</DIV>
<BR><DIV CLASS="c5"><P CLASS="c6"><SPAN CLASS="c9">LANGUAGE: </SPAN><SPAN CLASS="c2">SPANISH; ESPA&Ntilde;OL</SPAN></P>
</DIV>
<BR><DIV CLASS="c5"><P CLASS="c6"><SPAN CLASS="c9">PUBLICATION-TYPE: </SPAN><SPAN CLASS="c2">Peri&oacute;dico</SPAN></P>
</DIV>
<BR><DIV CLASS="c5"><P CLASS="c6"><SPAN CLASS="c9">SUBJECT: </SPAN><SPAN CLASS="c2">Pol&iacute;tica (93%); Gobierno y Administraci&oacute;n P&uacute;blica (76%)</SPAN></P>
</DIV>
<BR><DIV CLASS="c5"><P CLASS="c6"><SPAN CLASS="c9">IPTC SUBJECT: </SPAN><SPAN CLASS="c2">Politica; gobierno</SPAN></P>
</DIV>
<BR><DIV CLASS="c5"><P CLASS="c6"><SPAN CLASS="c9">LOAD-DATE: </SPAN><SPAN CLASS="c2">November 25, 2015</SPAN></P>
</DIV>
<BR><DIV CLASS="c0"><BR><P CLASS="c1"><SPAN CLASS="c2">Copyright 2015 El Pais Internacional S.A.<BR>All Rights Reserved</SPAN></P>
</DIV>
</BODY>
</HTML>