<HTML>
<HEAD>
<STYLE TYPE="text/css">
.c0 { text-align: center; }
.c1 { text-align: center; margin-top: 0em; margin-bottom: 0em; }
.c2 { font-family: 'Courier New',Courier; font-size: 10pt; font-style: normal; font-weight: normal; color: #000000; text-decoration: none; }
.c3 { text-align: center; margin-left: 13%; margin-right: 13%; }
.c4 { font-family: 'Courier New',Courier; font-size: 10pt; font-style: normal; font-weight: bold; color: #CC0033; text-decoration: none; }
.c5 { text-align: left; }
.c6 { text-align: left; margin-top: 0em; margin-bottom: 0em; }
.c7 { font-family: 'Courier New',Courier; font-size: 14pt; font-style: normal; font-weight: bold; color: #000000; text-decoration: none; }
.c8 { font-family: 'Courier New',Courier; font-size: 14pt; font-style: normal; font-weight: bold; color: #CC0033; text-decoration: none; }
.c9 { font-family: 'Courier New',Courier; font-size: 10pt; font-style: normal; font-weight: bold; color: #000000; text-decoration: none; }
.c10 { text-align: left; margin-top: 1em; margin-bottom: 0em; }
.c11 { page-break-before: always; }
</STYLE>
</HEAD>
<BODY>
<BR><DIV CLASS="c0"><P CLASS="c1"><SPAN CLASS="c2">215 of 935 DOCUMENTS</SPAN></P>
</DIV>
<BR><DIV CLASS="c0"><BR><P CLASS="c1"><IMG SRC="http://www.lexisnexis.com/lnacui2api/results/docview/attachRetrieve.do?smi=LOGOS&key=38401&componentseq=1&type=logo&inline=y" ALT="http://www.lexisnexis.com/lnacui2api/results/docview/attachRetrieve.do?smi=LOGOS&key=38401&componentseq=1&type=logo&inline=y"><BR><SPAN CLASS="c2">El Pais</SPAN></P>
</DIV>
<BR><DIV CLASS="c3"><P CLASS="c1"><SPAN CLASS="c4">November</SPAN><SPAN CLASS="c2"> 26, 2015 Thursday</SPAN><SPAN CLASS="c2">&nbsp;</SPAN><SPAN CLASS="c2">&nbsp;<BR>Comunidad Valenciana Edici&oacute;n</SPAN></P>
</DIV>
<BR><DIV CLASS="c5"><P CLASS="c6"><SPAN CLASS="c7">Rivera ofrece que el Congreso supervise la pol&iacute;tica exterior</SPAN></P>
</DIV>
<BR><DIV CLASS="c5"><P CLASS="c6"><SPAN CLASS="c9">BYLINE: </SPAN><SPAN CLASS="c2">JUAN JOS&Eacute; MATEO</SPAN></P>
</DIV>
<BR><DIV CLASS="c5"><P CLASS="c6"><SPAN CLASS="c9">SECTION: </SPAN><SPAN CLASS="c2">ESPA&ntilde;A; Base; P&aacute;g. 20</SPAN></P>
</DIV>
<BR><DIV CLASS="c5"><P CLASS="c6"><SPAN CLASS="c9">LENGTH: </SPAN><SPAN CLASS="c2">673 words</SPAN></P>
</DIV>
<BR><DIV CLASS="c5"><P CLASS="c6"><SPAN CLASS="c9">DATELINE: </SPAN><SPAN CLASS="c2">Madrid </SPAN></P>
</DIV>
<BR><DIV CLASS="c5"><P CLASS="c10"><SPAN CLASS="c2">El programa de </SPAN><SPAN CLASS="c4">Ciudadanos</SPAN><SPAN CLASS="c2"> incorporar&aacute; la propuesta de reforzar el papel del Congreso como organismo supervisor y de control de la pol&iacute;tica exterior que decida el Gobierno, lo que incluir&aacute; que pueda vetar embajadores. </SPAN><SPAN CLASS="c4">Albert Rivera</SPAN><SPAN CLASS="c2"> quiere dar pasos hacia un servicio de inteligencia, un Ej&eacute;rcito y una polic&iacute;a de fronteras europeas, seg&uacute;n fuentes consultadas por EL PA&Iacute;S, y arbitrar mecanismos de voto electr&oacute;nico para los residentes fuera de Espa&ntilde;a.</SPAN></P>
<P CLASS="c10"><SPAN CLASS="c2">&quot;Apostamos por una Europa fuerte, segura de s&iacute; misma, firme en sus valores de democracia y libertad, que responda a las amenazas externas sin fisuras, desde el Estado de derecho y el respeto a los derechos fundamentales, afirmando sin matices que nuestro modo de vida no se ver&aacute; nunca alterado por fan&aacute;ticos ni terroristas&quot;, reza el programa de pol&iacute;tica exterior, coordinado por Francisco Andr&eacute;s. Estas son las principales propuestas de la formaci&oacute;n, que aspira a construir unos Estados Unidos de Europa y que est&aacute; a favor del tratado de libre comercio con EE UU, siempre que no reduzca los est&aacute;ndares europeos, que respete los servicios p&uacute;blicos y que incluya mecanismos de arbitraje entre empresas y Estados.</SPAN><SPAN CLASS="c2">&nbsp;</SPAN></P>
<P CLASS="c10"><SPAN CLASS="c2">El papel del Congreso en la pol&iacute;tica exterior. Los autores del programa aspiran a que las elecciones del 20-D, que marcar&aacute;n el ingreso de este partido y de Podemos en el Congreso, permitan generar una nueva mayor&iacute;a para reformar el reglamento de la C&aacute;mara, vigente desde 1982. </SPAN><SPAN CLASS="c4">Ciudadanos</SPAN><SPAN CLASS="c2"> tiene como modelo inicial la propuesta que hizo Manuel Mar&iacute;n cuando era presidente de la instituci&oacute;n, en 2005, y querr&iacute;a que el presidente del Gobierno est&eacute; obligado a comparecer en el pleno antes y despu&eacute;s de cada Consejo Europeo. Adem&aacute;s, propone que la Comisi&oacute;n de Exteriores examine a los embajadores de los destinos m&aacute;s importantes. La meta es que la C&aacute;mara, seg&uacute;n confirm&oacute; el eurodiputado Girauta, tenga poder de veto en esos nombramientos. El Congreso, que ya debe pronunciarse antes de cualquier misi&oacute;n de las tropas espa&ntilde;olas, ver&iacute;a reforzadas sus funciones de control y supervisi&oacute;n de las decisiones del Ejecutivo.</SPAN></P>
<P CLASS="c10"><SPAN CLASS="c2">Ej&eacute;rcito, servicio de inteligencia y polic&iacute;a de fronteras europeas. </SPAN><SPAN CLASS="c4">Ciudadanos</SPAN><SPAN CLASS="c2"> propone una pol&iacute;tica europea de fronteras que tenga un sistema centralizado de asilo para gestionar las solicitudes de los emigrantes desplazados y la distribuci&oacute;n de refugiados entre los Estados miembros. Adem&aacute;s, incorporar&iacute;a un cuerpo de polic&iacute;a propio con personal de los 28 miembros de la UE. &quot;El gran fallo de todos los atentados ha estado en la falta de intercambio de informaci&oacute;n&quot;, a&ntilde;ade Andr&eacute;s sobre la creaci&oacute;n de un servicio de inteligencia com&uacute;n. La propuesta de reforma constitucional de </SPAN><SPAN CLASS="c4">Ciudadanos</SPAN><SPAN CLASS="c2"> incluye un mecanismo de cesi&oacute;n de soberan&iacute;a que facilitar&iacute;a estos cambios.</SPAN></P>
<P CLASS="c10"><SPAN CLASS="c2">Mutualizar la deuda y avanzar en la uni&oacute;n fiscal. Rivera quiere avanzar en la mutualizaci&oacute;n europea de parte de la deuda de los Estados miembros mediante programas supervisados por una autoridad fiscal independiente. Al principio de la legislatura ya se escucharon voces que reclamaban una mutualizaci&oacute;n de la deuda para que Portugal, Espa&ntilde;a, Grecia e Italia no tuvieran que pagar unos intereses desorbitados mientras que a Alemania o Austria se los exig&iacute;an m&aacute;s bajos. La idea consist&iacute;a en que las emisiones de deuda que superaran la barrera del 60% del PIB fueran emitidas por Bruselas. Eso obligar&iacute;a a los pa&iacute;ses con cuentas m&aacute;s saneadas a asumir riesgos.</SPAN></P>
<P CLASS="c10"><SPAN CLASS="c2">Identificar el talento en el extranjero. </SPAN><SPAN CLASS="c4">Ciudadanos</SPAN><SPAN CLASS="c2"> quiere establecer un servicio p&uacute;blico que haga de puente entre los espa&ntilde;oles que residen en el extranjero y oportunidades laborales. El partido crear&iacute;a una plataforma que identifique, contacte y atraiga a personas cualificadas con proyectos p&uacute;blicos y privados, en Espa&ntilde;a y fuera. Adem&aacute;s, los dirigentes de la formaci&oacute;n quieren acabar con el voto rogado y proponen estudiar el voto electr&oacute;nico para los espa&ntilde;oles en el extranjero. El partido tambi&eacute;n quiere desarrollar una pol&iacute;tica ling&uuml;&iacute;stica de Estado a trav&eacute;s del Instituto Cervantes, y aumentar su presupuesto, pero no especifica en qu&eacute; cuant&iacute;a.</SPAN></P>
</DIV>
<BR><DIV CLASS="c5"><P CLASS="c6"><SPAN CLASS="c9">LANGUAGE: </SPAN><SPAN CLASS="c2">SPANISH; ESPA&Ntilde;OL</SPAN></P>
</DIV>
<BR><DIV CLASS="c5"><P CLASS="c6"><SPAN CLASS="c9">PUBLICATION-TYPE: </SPAN><SPAN CLASS="c2">Peri&oacute;dico</SPAN></P>
</DIV>
<BR><DIV CLASS="c5"><P CLASS="c6"><SPAN CLASS="c9">SUBJECT: </SPAN><SPAN CLASS="c2">Pol&iacute;tica (94%)</SPAN></P>
</DIV>
<BR><DIV CLASS="c5"><P CLASS="c6"><SPAN CLASS="c9">IPTC SUBJECT: </SPAN><SPAN CLASS="c2">Politica</SPAN></P>
</DIV>
<BR><DIV CLASS="c5"><P CLASS="c6"><SPAN CLASS="c9">LOAD-DATE: </SPAN><SPAN CLASS="c2">November 25, 2015</SPAN></P>
</DIV>
<BR><DIV CLASS="c0"><BR><P CLASS="c1"><SPAN CLASS="c2">Copyright 2015 El Pais Internacional S.A.<BR>All Rights Reserved</SPAN></P>
</DIV>
</BODY>
</HTML>