<HTML>
<HEAD>
<STYLE TYPE="text/css">
.c0 { text-align: center; }
.c1 { text-align: center; margin-top: 0em; margin-bottom: 0em; }
.c2 { font-family: 'Courier New',Courier; font-size: 10pt; font-style: normal; font-weight: normal; color: #000000; text-decoration: none; }
.c3 { text-align: center; margin-left: 13%; margin-right: 13%; }
.c4 { font-family: 'Courier New',Courier; font-size: 10pt; font-style: normal; font-weight: bold; color: #CC0033; text-decoration: none; }
.c5 { text-align: left; }
.c6 { text-align: left; margin-top: 0em; margin-bottom: 0em; }
.c7 { font-family: 'Courier New',Courier; font-size: 14pt; font-style: normal; font-weight: bold; color: #000000; text-decoration: none; }
.c8 { font-family: 'Courier New',Courier; font-size: 14pt; font-style: normal; font-weight: bold; color: #CC0033; text-decoration: none; }
.c9 { font-family: 'Courier New',Courier; font-size: 10pt; font-style: normal; font-weight: bold; color: #000000; text-decoration: none; }
.c10 { text-align: left; margin-top: 1em; margin-bottom: 0em; }
.c11 { page-break-before: always; }
</STYLE>
</HEAD>
<BODY>
<BR><DIV CLASS="c0"><P CLASS="c1"><SPAN CLASS="c2">51 of 935 DOCUMENTS</SPAN></P>
</DIV>
<BR><DIV CLASS="c0"><BR><P CLASS="c1"><IMG SRC="http://www.lexisnexis.com/lnacui2api/results/docview/attachRetrieve.do?smi=LOGOS&key=38401&componentseq=1&type=logo&inline=y" ALT="http://www.lexisnexis.com/lnacui2api/results/docview/attachRetrieve.do?smi=LOGOS&key=38401&componentseq=1&type=logo&inline=y"><BR><SPAN CLASS="c2">El Pais</SPAN></P>
</DIV>
<BR><DIV CLASS="c3"><P CLASS="c1"><SPAN CLASS="c4">January</SPAN><SPAN CLASS="c2"> 13, 2016 Wednesday</SPAN><SPAN CLASS="c2">&nbsp;</SPAN><SPAN CLASS="c2">&nbsp;<BR>2&ordf; Ed. Barna Edici&oacute;n</SPAN></P>
</DIV>
<BR><DIV CLASS="c5"><P CLASS="c6"><SPAN CLASS="c7">Rivera debuta en el Congreso con una moci&oacute;n en defensa de la unidad de Espa&ntilde;a</SPAN></P>
</DIV>
<BR><DIV CLASS="c5"><P CLASS="c6"><SPAN CLASS="c9">BYLINE: </SPAN><SPAN CLASS="c2">JUAN JOS&Eacute; MATEO</SPAN></P>
</DIV>
<BR><DIV CLASS="c5"><P CLASS="c6"><SPAN CLASS="c9">SECTION: </SPAN><SPAN CLASS="c2">ESPA&ntilde;A; Base; P&aacute;g. 17</SPAN></P>
</DIV>
<BR><DIV CLASS="c5"><P CLASS="c6"><SPAN CLASS="c9">LENGTH: </SPAN><SPAN CLASS="c2">708 words</SPAN></P>
</DIV>
<BR><DIV CLASS="c5"><P CLASS="c6"><SPAN CLASS="c9">DATELINE: </SPAN><SPAN CLASS="c2">Madrid </SPAN></P>
</DIV>
<BR><DIV CLASS="c5"><P CLASS="c10"><SPAN CLASS="c4">Ciudadanos</SPAN><SPAN CLASS="c2"> debutar&aacute; en el Congreso planteando una moci&oacute;n en defensa del art&iacute;culo uno de la Constituci&oacute;n, que establece que la soberan&iacute;a nacional reside en el conjunto de los espa&ntilde;oles; proponiendo medidas de regeneraci&oacute;n como limitar los mandatos a ocho a&ntilde;os, acabar con los indultos a pol&iacute;ticos y los aforamientos; y registrando medidas en favor de aut&oacute;nomos e hipotecados. As&iacute; lo afirmaron ayer fuentes de la ejecutiva de </SPAN><SPAN CLASS="c4">Albert</SPAN><SPAN CLASS="c2">&nbsp;</SPAN><SPAN CLASS="c4">Rivera</SPAN><SPAN CLASS="c2">, que reiter&oacute; su negativa a votar a favor de investir presidente a Mariano Rajoy o a Pedro S&aacute;nchez.</SPAN></P>
<P CLASS="c10"><SPAN CLASS="c4">Ciudadanos</SPAN><SPAN CLASS="c2"> espera haber constituido su grupo parlamentario ma&ntilde;ana -tiene de l&iacute;mite hasta el lunes- y presentar entonces sus primeras iniciativas en una C&aacute;mara en la que nunca hab&iacute;a logrado representaci&oacute;n.</SPAN><SPAN CLASS="c2">&nbsp;</SPAN></P>
<P CLASS="c10"><SPAN CLASS="c2">Fuentes de la ejecutiva del partido recalcaron la importancia de que todas las formaciones &quot;se retraten&quot; con su voto sobre el art&iacute;culo 1 de la Constituci&oacute;n justo cuando el nuevo Gobierno de la Generalitat aboga por la independencia &quot;y el principio de que la soberan&iacute;a reside en el conjunto de los espa&ntilde;oles se pone en duda en varios Parlamentos&quot;.</SPAN></P>
<P CLASS="c10"><SPAN CLASS="c2">Los dirigentes de </SPAN><SPAN CLASS="c4">Ciudadanos</SPAN><SPAN CLASS="c2"> conf&iacute;an en el calado pol&iacute;tico de una votaci&oacute;n que probablemente tensionar&iacute;a la relaci&oacute;n entre el PSOE y Podemos. El partido de Pablo Iglesias defiende la convocatoria de un refer&eacute;ndum vinculante en Catalu&ntilde;a, pero no ha aclarado a&uacute;n si antes afrontar&iacute;a una reforma constitucional para modificar el art&iacute;culo 1, o si celebrar&iacute;a la consulta directamente. A su vez, los socialistas, seg&uacute;n recuerdan fuentes de </SPAN><SPAN CLASS="c4">Ciudadanos</SPAN><SPAN CLASS="c2">, no votaron siempre a favor de una iniciativa similar presentada este verano en todos los Parlamentos auton&oacute;micos en los que el partido de Rivera tiene representaci&oacute;n. Justo antes de las elecciones catalanas, aquellas mociones auton&oacute;micas ped&iacute;an tambi&eacute;n a los Parlamentos que expresaran su solidaridad con los catalanes que quer&iacute;an seguir siendo espa&ntilde;oles. Solo unas horas despu&eacute;s de que se formara el Gobierno de la Generalitat, y de que Carles Puigdemont, su presidente, no prometiera lealtad a la Constituci&oacute;n, </SPAN><SPAN CLASS="c4">Ciudadanos</SPAN><SPAN CLASS="c2"> decidi&oacute; reproducir esa hoja de ruta.</SPAN></P>
<P CLASS="c10"><SPAN CLASS="c2">&quot;Habr&aacute; tres ejes. Uno, defensa de los valores civiles, de la uni&oacute;n, la igualdad y las libertades de los espa&ntilde;oles. Dos, defensa de un modelo econ&oacute;mico y social que ayude a la gente que peor lo est&aacute; pasando. Y medidas de regeneraci&oacute;n democr&aacute;tica&quot;, avanz&oacute; </SPAN><SPAN CLASS="c4">Albert</SPAN><SPAN CLASS="c2">&nbsp;</SPAN><SPAN CLASS="c4">Rivera</SPAN><SPAN CLASS="c2">, que asegur&oacute; que la llegada de Puigdemont no har&aacute; que var&iacute;e su decisi&oacute;n de no apoyar con un voto afirmativo las posibles investiduras de Mariano Rajoy o Pedro S&aacute;nchez. &quot;No hemos cambiado la posici&oacute;n ni pretendemos cambiarla&quot;, dijo el presidente de </SPAN><SPAN CLASS="c4">Ciudadanos</SPAN><SPAN CLASS="c2">, que tambi&eacute;n quiere empezar a negociar ya con el resto de fuerzas un pacto nacional por la educaci&oacute;n.</SPAN></P>
<P CLASS="c10"><SPAN CLASS="c4">Ciudadanos</SPAN><SPAN CLASS="c2"> logr&oacute; 40 diputados en las elecciones generales del 20-D. Ese resultado, que le hace intrascendente por s&iacute; mismo para la investidura del pr&oacute;ximo presidente, puede convertir al partido, sin embargo, en una fuerza clave en el Congreso. Sus dirigentes est&aacute;n convencidos de que su papel mediador entre PP y PSOE en la formaci&oacute;n de la Mesa de esta C&aacute;mara demuestra que son el partido mejor situado para lograr consensos a ambos lados del arco ideol&oacute;gico.</SPAN></P>
<P CLASS="c10"><SPAN CLASS="c2">Posibles consensos Rajoy ya ha anunciado su deseo de intentar articular una mayor&iacute;a en torno a un programa de reformas. S&aacute;nchez avanz&oacute; ayer que su partido presentar&aacute; 15 iniciativas en cuando se constituya el Congreso. Podemos, por su parte, ya hizo p&uacute;blica su ley 25 de emergencia social. Que a todas esas propuestas se unan ahora las de </SPAN><SPAN CLASS="c4">Ciudadanos</SPAN><SPAN CLASS="c2"> permitir&aacute; comparar cu&aacute;les son los puntos de coincidencia entre los principales partidos y qu&eacute; apoyos buscan entre las fuerzas minoritarias.</SPAN></P>
<P CLASS="c10"><SPAN CLASS="c2">En el partido de Rivera se admite que puede haber puntos de consenso con Podemos en varias de las propuestas de su ley 25. El equipo econ&oacute;mico de </SPAN><SPAN CLASS="c4">Ciudadanos</SPAN><SPAN CLASS="c2"> ya propuso en su programa la elaboraci&oacute;n de un plan de rescate para las familias endeudadas que incluir&iacute;a financiaci&oacute;n directa por parte de los poderes p&uacute;blicos y entidades financieras, as&iacute; como quitas puntuales del montante de la hipoteca o de la carga financiera; y que aquellas personas en situaci&oacute;n de emergencia social que dejen de pagar la hipoteca puedan utilizar su hogar durante tres a&ntilde;os a cambio de un justiprecio.</SPAN></P>
</DIV>
<BR><DIV CLASS="c5"><P CLASS="c6"><SPAN CLASS="c9">LANGUAGE: </SPAN><SPAN CLASS="c2">SPANISH; ESPA&Ntilde;OL</SPAN></P>
</DIV>
<BR><DIV CLASS="c5"><P CLASS="c6"><SPAN CLASS="c9">PUBLICATION-TYPE: </SPAN><SPAN CLASS="c2">Peri&oacute;dico</SPAN></P>
</DIV>
<BR><DIV CLASS="c5"><P CLASS="c6"><SPAN CLASS="c9">SUBJECT: </SPAN><SPAN CLASS="c2">Pol&iacute;tica (94%)</SPAN></P>
</DIV>
<BR><DIV CLASS="c5"><P CLASS="c6"><SPAN CLASS="c9">IPTC SUBJECT: </SPAN><SPAN CLASS="c2">Politica</SPAN></P>
</DIV>
<BR><DIV CLASS="c5"><P CLASS="c6"><SPAN CLASS="c9">LOAD-DATE: </SPAN><SPAN CLASS="c2">January 12, 2016</SPAN></P>
</DIV>
<BR><DIV CLASS="c0"><BR><P CLASS="c1"><SPAN CLASS="c2">Copyright 2016 El Pais Internacional S.A.<BR>All Rights Reserved</SPAN></P>
</DIV>
</BODY>
</HTML>