<HTML>
<HEAD>
<STYLE TYPE="text/css">
.c0 { text-align: center; }
.c1 { text-align: center; margin-top: 0em; margin-bottom: 0em; }
.c2 { font-family: 'Courier New',Courier; font-size: 10pt; font-style: normal; font-weight: normal; color: #000000; text-decoration: none; }
.c3 { text-align: center; margin-left: 13%; margin-right: 13%; }
.c4 { font-family: 'Courier New',Courier; font-size: 10pt; font-style: normal; font-weight: bold; color: #CC0033; text-decoration: none; }
.c5 { text-align: left; }
.c6 { text-align: left; margin-top: 0em; margin-bottom: 0em; }
.c7 { font-family: 'Courier New',Courier; font-size: 14pt; font-style: normal; font-weight: bold; color: #000000; text-decoration: none; }
.c8 { font-family: 'Courier New',Courier; font-size: 14pt; font-style: normal; font-weight: bold; color: #CC0033; text-decoration: none; }
.c9 { font-family: 'Courier New',Courier; font-size: 10pt; font-style: normal; font-weight: bold; color: #000000; text-decoration: none; }
.c10 { text-align: left; margin-top: 1em; margin-bottom: 0em; }
.c11 { page-break-before: always; }
</STYLE>
</HEAD>
<BODY>
<BR><DIV CLASS="c0"><P CLASS="c1"><SPAN CLASS="c2">269 of 935 DOCUMENTS</SPAN></P>
</DIV>
<BR><DIV CLASS="c0"><BR><P CLASS="c1"><IMG SRC="http://www.lexisnexis.com/lnacui2api/results/docview/attachRetrieve.do?smi=LOGOS&key=38401&componentseq=1&type=logo&inline=y" ALT="http://www.lexisnexis.com/lnacui2api/results/docview/attachRetrieve.do?smi=LOGOS&key=38401&componentseq=1&type=logo&inline=y"><BR><SPAN CLASS="c2">El Pais</SPAN></P>
</DIV>
<BR><DIV CLASS="c3"><P CLASS="c1"><SPAN CLASS="c4">January</SPAN><SPAN CLASS="c2"> 14, 2016 Thursday</SPAN><SPAN CLASS="c2">&nbsp;</SPAN><SPAN CLASS="c2">&nbsp;<BR>Nacional Edici&oacute;n</SPAN></P>
</DIV>
<BR><DIV CLASS="c5"><P CLASS="c6"><SPAN CLASS="c7">El partido de Iglesias es el &uacute;nico grande que no ha decidido su direcci&oacute;n en el Legislativo</SPAN></P>
</DIV>
<BR><DIV CLASS="c5"><P CLASS="c6"><SPAN CLASS="c9">BYLINE: </SPAN><SPAN CLASS="c2">F. M. / J. J. M. / R. DE M.</SPAN></P>
</DIV>
<BR><DIV CLASS="c5"><P CLASS="c6"><SPAN CLASS="c9">SECTION: </SPAN><SPAN CLASS="c2">ESPA&ntilde;A; Base; P&aacute;g. 19</SPAN></P>
</DIV>
<BR><DIV CLASS="c5"><P CLASS="c6"><SPAN CLASS="c9">LENGTH: </SPAN><SPAN CLASS="c2">388 words</SPAN></P>
</DIV>
<BR><DIV CLASS="c5"><P CLASS="c6"><SPAN CLASS="c9">DATELINE: </SPAN><SPAN CLASS="c2">Madrid </SPAN></P>
</DIV>
<BR><DIV CLASS="c5"><BR><P CLASS="c6"><SPAN CLASS="c9">HIGHLIGHT:</SPAN><SPAN CLASS="c2">&nbsp;Populares, socialistas y </SPAN><SPAN CLASS="c4">Ciudadanos</SPAN><SPAN CLASS="c2"> optan por una estructura de continuidad<BR></SPAN></P>
</DIV>
<BR><DIV CLASS="c5"><P CLASS="c10"><SPAN CLASS="c2">La primera tarea de los nuevos grupos parlamentarios ser&aacute; dise&ntilde;ar su organizaci&oacute;n interna. Deben decidir qui&eacute;n ejercer&aacute; la funci&oacute;n de portavoz y cu&aacute;l ser&aacute; la composici&oacute;n de su direcci&oacute;n.</SPAN></P>
<P CLASS="c10"><SPAN CLASS="c2">Tanto el PP como el PSOE mantendr&aacute;n la estructura tradicional de anteriores legislaturas y </SPAN><SPAN CLASS="c4">Ciudadanos</SPAN><SPAN CLASS="c2"> tambi&eacute;n est&aacute; decidido a copiar el modelo. La duda permanece respecto a Podemos, a la espera de que la formaci&oacute;n sepa si podr&aacute; contar con m&aacute;s de un grupo en el Congreso.</SPAN><SPAN CLASS="c2">&nbsp;</SPAN></P>
<P CLASS="c10"><SPAN CLASS="c2">El Partido Popular confirm&oacute; en la junta directiva nacional del martes a Rafael Hernando como portavoz en el Congreso y al diputado Jos&eacute; Antonio Berm&uacute;dez de Castro como secretario general del grupo.</SPAN></P>
<P CLASS="c10"><SPAN CLASS="c2">El Grupo Socialista tambi&eacute;n ha cerrado el dise&ntilde;o de su trabajo parlamentario. Lo hizo la ejecutiva federal el pasado lunes. Antonio Hernando repetir&aacute; en su puesto de portavoz y Miguel &Aacute;ngel Heredia ser&aacute; el nuevo secretario general.</SPAN></P>
<P CLASS="c10"><SPAN CLASS="c2">Podemos no ha tomado todav&iacute;a una decisi&oacute;n sobre la estructura de la direcci&oacute;n del grupo (la presidencia, la portavoc&iacute;a y la secretar&iacute;a) porque estos nombramientos dependen tambi&eacute;n de la coordinaci&oacute;n con sus alianzas territoriales. Hasta la semana que viene el partido que lidera Pablo Iglesias mantendr&aacute; p&uacute;blicamente el pulso con las dem&aacute;s fuerzas para lograr formar cuatro grupos en la C&aacute;mara -uno nacional y otros por Catalu&ntilde;a, Comunidad Valenciana y Galicia-, aunque la oposici&oacute;n del PP, PSOE y </SPAN><SPAN CLASS="c4">Ciudadanos</SPAN><SPAN CLASS="c2"> ha quedado clara.</SPAN></P>
<P CLASS="c10"><SPAN CLASS="c4">Albert Rivera</SPAN><SPAN CLASS="c2"> presidir&aacute; el grupo de </SPAN><SPAN CLASS="c4">Ciudadanos</SPAN><SPAN CLASS="c2"> en el Congreso. El l&iacute;der de la formaci&oacute;n se ha rodeado de compa&ntilde;eros de su m&aacute;xima confianza para su estreno en la C&aacute;mara baja. A falta del benepl&aacute;cito de los organismos internos del partido, y seg&uacute;n fuentes de la Ejecutiva, Juan Carlos Girauta ser&aacute; el portavoz parlamentario de la formaci&oacute;n y Miguel &Aacute;ngel Guti&eacute;rrez ejercer&aacute; como secretario de Organizaci&oacute;n del grupo. El primero ha sido eurodiputado, forma parte de la ejecutiva y pertenece al n&uacute;cleo duro del presidente del partido. El segundo es un peso pesado de la organizaci&oacute;n en Madrid y ha encabezado las negociaciones para formar la Mesa del Congreso, que han supuesto un &eacute;xito para los intereses de </SPAN><SPAN CLASS="c4">Ciudadanos</SPAN><SPAN CLASS="c2">, ya que ha logrado contar con dos representantes.</SPAN></P>
<P CLASS="c10"><SPAN CLASS="c2">En los pr&oacute;ximos d&iacute;as, la formaci&oacute;n decidir&aacute; qui&eacute;nes son sus portavoces adjuntos, puestos a los que optan Jos&eacute; Manuel Villegas, Marta Mart&iacute;n y Toni Rold&aacute;n.</SPAN></P>
</DIV>
<BR><DIV CLASS="c5"><P CLASS="c6"><SPAN CLASS="c9">LANGUAGE: </SPAN><SPAN CLASS="c2">SPANISH; ESPA&Ntilde;OL</SPAN></P>
</DIV>
<BR><DIV CLASS="c5"><P CLASS="c6"><SPAN CLASS="c9">PUBLICATION-TYPE: </SPAN><SPAN CLASS="c2">Peri&oacute;dico</SPAN></P>
</DIV>
<BR><DIV CLASS="c5"><P CLASS="c6"><SPAN CLASS="c9">SUBJECT: </SPAN><SPAN CLASS="c2">Pol&iacute;tica (93%)</SPAN></P>
</DIV>
<BR><DIV CLASS="c5"><P CLASS="c6"><SPAN CLASS="c9">IPTC SUBJECT: </SPAN><SPAN CLASS="c2">Politica; deporte</SPAN></P>
</DIV>
<BR><DIV CLASS="c5"><P CLASS="c6"><SPAN CLASS="c9">LOAD-DATE: </SPAN><SPAN CLASS="c2">January 13, 2016</SPAN></P>
</DIV>
<BR><DIV CLASS="c0"><BR><P CLASS="c1"><SPAN CLASS="c2">Copyright 2016 El Pais Internacional S.A.<BR>All Rights Reserved</SPAN></P>
</DIV>
</BODY>
</HTML>