<HTML>
<HEAD>
<STYLE TYPE="text/css">
.c0 { text-align: center; }
.c1 { text-align: center; margin-top: 0em; margin-bottom: 0em; }
.c2 { font-family: 'Courier New',Courier; font-size: 10pt; font-style: normal; font-weight: normal; color: #000000; text-decoration: none; }
.c3 { text-align: center; margin-left: 13%; margin-right: 13%; }
.c4 { font-family: 'Courier New',Courier; font-size: 10pt; font-style: normal; font-weight: bold; color: #CC0033; text-decoration: none; }
.c5 { text-align: left; }
.c6 { text-align: left; margin-top: 0em; margin-bottom: 0em; }
.c7 { font-family: 'Courier New',Courier; font-size: 14pt; font-style: normal; font-weight: bold; color: #000000; text-decoration: none; }
.c8 { font-family: 'Courier New',Courier; font-size: 14pt; font-style: normal; font-weight: bold; color: #CC0033; text-decoration: none; }
.c9 { font-family: 'Courier New',Courier; font-size: 10pt; font-style: normal; font-weight: bold; color: #000000; text-decoration: none; }
.c10 { text-align: left; margin-top: 1em; margin-bottom: 0em; }
.c11 { page-break-before: always; }
</STYLE>
</HEAD>
<BODY>
<BR><DIV CLASS="c0"><P CLASS="c1"><SPAN CLASS="c2">427 of 935 DOCUMENTS</SPAN></P>
</DIV>
<BR><DIV CLASS="c0"><BR><P CLASS="c1"><IMG SRC="http://www.lexisnexis.com/lnacui2api/results/docview/attachRetrieve.do?smi=LOGOS&key=38401&componentseq=1&type=logo&inline=y" ALT="http://www.lexisnexis.com/lnacui2api/results/docview/attachRetrieve.do?smi=LOGOS&key=38401&componentseq=1&type=logo&inline=y"><BR><SPAN CLASS="c2">El Pais</SPAN></P>
</DIV>
<BR><DIV CLASS="c3"><P CLASS="c1"><SPAN CLASS="c4">December</SPAN><SPAN CLASS="c2"> 1, 2015 Tuesday</SPAN><SPAN CLASS="c2">&nbsp;</SPAN><SPAN CLASS="c2">&nbsp;<BR>2&ordf; Ed. Madrid Edici&oacute;n</SPAN></P>
</DIV>
<BR><DIV CLASS="c5"><P CLASS="c6"><SPAN CLASS="c7">Gan&oacute; el debate</SPAN></P>
</DIV>
<BR><DIV CLASS="c5"><P CLASS="c6"><SPAN CLASS="c9">SECTION: </SPAN><SPAN CLASS="c2">OPINI&Oacute;N; Base; P&aacute;g. 10</SPAN></P>
</DIV>
<BR><DIV CLASS="c5"><P CLASS="c6"><SPAN CLASS="c9">LENGTH: </SPAN><SPAN CLASS="c2">506 words</SPAN></P>
</DIV>
<BR><DIV CLASS="c5"><BR><P CLASS="c6"><SPAN CLASS="c9">HIGHLIGHT:</SPAN><SPAN CLASS="c2">&nbsp;Un encuentro fresco, &aacute;gil y a tumba abierta abre la discusi&oacute;n electoral<BR></SPAN></P>
</DIV>
<BR><DIV CLASS="c5"><P CLASS="c10"><SPAN CLASS="c2">L os debates electorales entre candidatos a La Moncloa arrancaron ayer con el organizado por EL PA&Iacute;S y al que asistieron tres de los aspirantes que tienen opciones de gobierno. La f&oacute;rmula puso de manifiesto hasta tres novedades esenciales: los protagonistas, en este caso figuras nuevas de la pol&iacute;tica espa&ntilde;ola; el formato digital elegido para la producci&oacute;n y difusi&oacute;n del evento; y la agilidad en su desarrollo, tan diferente al encorsetamiento de anteriores cara a cara electorales televisados.</SPAN><SPAN CLASS="c2">&nbsp;</SPAN></P>
<P CLASS="c10"><SPAN CLASS="c2">No caben muchas dudas de que el primer ganador es el debate mismo y, por lo tanto, los millones de </SPAN><SPAN CLASS="c4">ciudadanos</SPAN><SPAN CLASS="c2"> que lo siguieron. Gracias a la realizaci&oacute;n de este encuentro, Internet se asienta definitivamente en las campa&ntilde;as electorales de este pa&iacute;s y las transforma: ya no volver&aacute;n a ser como antes. Se abre una ancha puerta al futuro de la comunicaci&oacute;n pol&iacute;tica, en l&iacute;nea con los cambios de fondo que est&aacute; experimentando la sociedad.</SPAN></P>
<P CLASS="c10"><SPAN CLASS="c2">Pedro S&aacute;nchez, </SPAN><SPAN CLASS="c4">Albert Rivera</SPAN><SPAN CLASS="c2"> y Pablo Iglesias explicaron las razones por las que han llegado hasta aqu&iacute; y debatieron abiertamente sobre sus motivos para disputar el poder. Lo hicieron en t&eacute;rminos duros, sin concesiones mutuas, muy conscientes de que la batalla por los votos se disputa en las fronteras de cada uno de ellos. Son figuras frescas de la pol&iacute;tica, aunque representan segmentos diferentes.</SPAN></P>
<P CLASS="c10"><SPAN CLASS="c2">La imagen de un debate como el organizado por EL PA&Iacute;S es tan importante como las palabras. Los tres participantes tuvieron la oportunidad de descubrirse ampliamente ante los </SPAN><SPAN CLASS="c4">ciudadanos</SPAN><SPAN CLASS="c2"> y de dejar claro que, cualquiera que sea la suerte que les reserven las urnas del 20-D, son l&iacute;deres insoslayables para el futuro inmediato de este pa&iacute;s.</SPAN></P>
<P CLASS="c10"><SPAN CLASS="c2">Los tres pudieron ocupar enteramente la escena y transmitir una imagen de renovaci&oacute;n a causa de la ausencia de quien estaba igualmente invitado, pero declin&oacute; acudir: Mariano Rajoy. Horas antes, el presidente y candidato hab&iacute;a dicho que &eacute;l solo va a los debates &quot;importantes&quot;, en alusi&oacute;n al cara a cara con Pedro S&aacute;nchez previsto para el final de la campa&ntilde;a a las elecciones al 20-D. No est&aacute; el PP tan sobrado de apoyos seguros como para esgrimir este argumento. El atril que Rajoy dej&oacute; vac&iacute;o le ha ahorrado el desgaste de tener que replicar a los ataques que le habr&iacute;an sido dirigidos de forma directa, a cambio de mantener una actitud excesivamente de retaguardia frente a lo que se configura como una vanguardia de j&oacute;venes pol&iacute;ticos.</SPAN></P>
<P CLASS="c10"><SPAN CLASS="c2">En medio de la volatilidad de las intenciones de voto mostrada por las encuestas, los </SPAN><SPAN CLASS="c4">ciudadanos</SPAN><SPAN CLASS="c2"> necesitan que los partidos contendientes, y por lo tanto sus l&iacute;deres, aclaren los proyectos y confronten las ideas. Poco van a aportar los m&iacute;tines tradicionales destinados a los previamente convencidos, y es dudoso que la proliferaci&oacute;n de comparecencias de pol&iacute;ticos en programas televisivos de entretenimiento sirva para decidir a qui&eacute;n votar. Los debates a los que los candidatos concurren directamente constituyen la mejor f&oacute;rmula para decidir el curso de una campa&ntilde;a muy distinta a las que precedieron a anteriores elecciones generales.</SPAN></P>
</DIV>
<BR><DIV CLASS="c5"><P CLASS="c6"><SPAN CLASS="c9">LANGUAGE: </SPAN><SPAN CLASS="c2">SPANISH; ESPA&Ntilde;OL</SPAN></P>
</DIV>
<BR><DIV CLASS="c5"><P CLASS="c6"><SPAN CLASS="c9">PUBLICATION-TYPE: </SPAN><SPAN CLASS="c2">Peri&oacute;dico</SPAN></P>
</DIV>
<BR><DIV CLASS="c5"><P CLASS="c6"><SPAN CLASS="c9">SUBJECT: </SPAN><SPAN CLASS="c2">Pol&iacute;tica (94%)</SPAN></P>
</DIV>
<BR><DIV CLASS="c5"><P CLASS="c6"><SPAN CLASS="c9">IPTC SUBJECT: </SPAN><SPAN CLASS="c2">Politica</SPAN></P>
</DIV>
<BR><DIV CLASS="c5"><P CLASS="c6"><SPAN CLASS="c9">LOAD-DATE: </SPAN><SPAN CLASS="c2">November 30, 2015</SPAN></P>
</DIV>
<BR><DIV CLASS="c0"><BR><P CLASS="c1"><SPAN CLASS="c2">Copyright 2015 El Pais Internacional S.A.<BR>All Rights Reserved</SPAN></P>
</DIV>
</BODY>
</HTML>