<HTML>
<HEAD>
<STYLE TYPE="text/css">
.c0 { text-align: center; }
.c1 { text-align: center; margin-top: 0em; margin-bottom: 0em; }
.c2 { font-family: 'Courier New',Courier; font-size: 10pt; font-style: normal; font-weight: normal; color: #000000; text-decoration: none; }
.c3 { text-align: center; margin-left: 13%; margin-right: 13%; }
.c4 { font-family: 'Courier New',Courier; font-size: 10pt; font-style: normal; font-weight: bold; color: #CC0033; text-decoration: none; }
.c5 { text-align: left; }
.c6 { text-align: left; margin-top: 0em; margin-bottom: 0em; }
.c7 { font-family: 'Courier New',Courier; font-size: 14pt; font-style: normal; font-weight: bold; color: #000000; text-decoration: none; }
.c8 { font-family: 'Courier New',Courier; font-size: 14pt; font-style: normal; font-weight: bold; color: #CC0033; text-decoration: none; }
.c9 { font-family: 'Courier New',Courier; font-size: 10pt; font-style: normal; font-weight: bold; color: #000000; text-decoration: none; }
.c10 { text-align: left; margin-top: 1em; margin-bottom: 0em; }
.c11 { page-break-before: always; }
</STYLE>
</HEAD>
<BODY>
<BR><DIV CLASS="c0"><P CLASS="c1"><SPAN CLASS="c2">264 of 935 DOCUMENTS</SPAN></P>
</DIV>
<BR><DIV CLASS="c0"><BR><P CLASS="c1"><IMG SRC="http://www.lexisnexis.com/lnacui2api/results/docview/attachRetrieve.do?smi=LOGOS&key=38401&componentseq=1&type=logo&inline=y" ALT="http://www.lexisnexis.com/lnacui2api/results/docview/attachRetrieve.do?smi=LOGOS&key=38401&componentseq=1&type=logo&inline=y"><BR><SPAN CLASS="c2">El Pais</SPAN></P>
</DIV>
<BR><DIV CLASS="c3"><P CLASS="c1"><SPAN CLASS="c4">January</SPAN><SPAN CLASS="c2"> 9, 2016 Saturday</SPAN><SPAN CLASS="c2">&nbsp;</SPAN><SPAN CLASS="c2">&nbsp;<BR>Nacional Edici&oacute;n</SPAN></P>
</DIV>
<BR><DIV CLASS="c5"><P CLASS="c6"><SPAN CLASS="c8">Ciudadanos</SPAN><SPAN CLASS="c7"> negociar&aacute; de nuevo en Andaluc&iacute;a si D&iacute;az se marcha</SPAN></P>
</DIV>
<BR><DIV CLASS="c5"><P CLASS="c6"><SPAN CLASS="c9">BYLINE: </SPAN><SPAN CLASS="c2">J. J. M.</SPAN></P>
</DIV>
<BR><DIV CLASS="c5"><P CLASS="c6"><SPAN CLASS="c9">SECTION: </SPAN><SPAN CLASS="c2">ESPA&ntilde;A; Base; P&aacute;g. 13</SPAN></P>
</DIV>
<BR><DIV CLASS="c5"><P CLASS="c6"><SPAN CLASS="c9">LENGTH: </SPAN><SPAN CLASS="c2">291 words</SPAN></P>
</DIV>
<BR><DIV CLASS="c5"><P CLASS="c6"><SPAN CLASS="c9">DATELINE: </SPAN><SPAN CLASS="c2">Madrid </SPAN></P>
</DIV>
<BR><DIV CLASS="c5"><P CLASS="c10"><SPAN CLASS="c4">Ciudadanos</SPAN><SPAN CLASS="c2"> no ofreci&oacute; un cheque en blanco al PSOE en Andaluc&iacute;a. As&iacute; lo record&oacute; </SPAN><SPAN CLASS="c4">Albert Rivera</SPAN><SPAN CLASS="c2"> ayer, al argumentar que habr&iacute;a que negociar de nuevo el apoyo de su partido en el caso de que Susana D&iacute;az tenga que ser sustituida en el palacio de San Telmo porque decida dejar el Gobierno andaluz para asumir la direcci&oacute;n nacional del PSOE.</SPAN><SPAN CLASS="c2">&nbsp;</SPAN></P>
<P CLASS="c10"><SPAN CLASS="c2">&quot;Si Susana D&iacute;az, por cuestiones internas de su partido, dejara de ser presidenta de Andaluc&iacute;a, habr&iacute;a que votar la investidura de otro presidente&quot;, record&oacute; Rivera. &quot;Le pusimos unas condiciones, y, si se vuelve a debatir una investidura, se pondr&aacute;n condiciones y se hablar&aacute; de la persona [que opte a la presidencia] y de las condiciones. Pero no estamos en eso. Ese es el problema de otros partidos; ellos sabr&aacute;n lo que hacen&quot;, advirti&oacute;. &quot;Por ser justos, eso no se ha planteado&quot;, a&ntilde;adi&oacute;.</SPAN></P>
<P CLASS="c10"><SPAN CLASS="c2">Tras las elecciones auton&oacute;micas de 2015, </SPAN><SPAN CLASS="c4">Ciudadanos</SPAN><SPAN CLASS="c2"> firm&oacute; pactos de investidura para hacer presidentes a candidatos del PSOE (Andaluc&iacute;a) y del PP (Madrid, La Rioja, Castilla y Le&oacute;n y Murcia). En todos esos casos, la formaci&oacute;n de Rivera permaneci&oacute; en la oposici&oacute;n y rechaz&oacute; las ofertas de integrarse en el Ejecutivo, que se han vuelto a repetir con la llegada de 2016 en el caso de Madrid, donde gobierna Cristina Cifuentes (PP).</SPAN></P>
<P CLASS="c10"><SPAN CLASS="c2">&quot;Estamos c&oacute;modos en la oposici&oacute;n, es el papel que nos dieron los </SPAN><SPAN CLASS="c4">ciudadanos</SPAN><SPAN CLASS="c2"> y el que queremos asumir&quot;, asegur&oacute; Rivera. &quot;Creemos que es mucho m&aacute;s efectivo para esos grupos de diputados. Hemos fijado hojas de ruta con medidas a cumplir y nos gustar&iacute;a finalizar la legislatura pudiendo decir que </SPAN><SPAN CLASS="c4">Ciudadanos</SPAN><SPAN CLASS="c2">, desde la oposici&oacute;n, ha conseguido que se implementen todos esos acuerdos. No es f&aacute;cil estar en la oposici&oacute;n, controlando al Gobierno, y a la vez llegar a acuerdos, pero est&aacute; habiendo efectividad&quot;.</SPAN></P>
</DIV>
<BR><DIV CLASS="c5"><P CLASS="c6"><SPAN CLASS="c9">LANGUAGE: </SPAN><SPAN CLASS="c2">SPANISH; ESPA&Ntilde;OL</SPAN></P>
</DIV>
<BR><DIV CLASS="c5"><P CLASS="c6"><SPAN CLASS="c9">PUBLICATION-TYPE: </SPAN><SPAN CLASS="c2">Peri&oacute;dico</SPAN></P>
</DIV>
<BR><DIV CLASS="c5"><P CLASS="c6"><SPAN CLASS="c9">SUBJECT: </SPAN><SPAN CLASS="c2">Pol&iacute;tica (93%)</SPAN></P>
</DIV>
<BR><DIV CLASS="c5"><P CLASS="c6"><SPAN CLASS="c9">IPTC SUBJECT: </SPAN><SPAN CLASS="c2">Politica</SPAN></P>
</DIV>
<BR><DIV CLASS="c5"><P CLASS="c6"><SPAN CLASS="c9">LOAD-DATE: </SPAN><SPAN CLASS="c2">January 8, 2016</SPAN></P>
</DIV>
<BR><DIV CLASS="c0"><BR><P CLASS="c1"><SPAN CLASS="c2">Copyright 2016 El Pais Internacional S.A.<BR>All Rights Reserved</SPAN></P>
</DIV>
</BODY>
</HTML>