<HTML>
<HEAD>
<STYLE TYPE="text/css">
.c0 { text-align: center; }
.c1 { text-align: center; margin-top: 0em; margin-bottom: 0em; }
.c2 { font-family: 'Courier New',Courier; font-size: 10pt; font-style: normal; font-weight: normal; color: #000000; text-decoration: none; }
.c3 { text-align: center; margin-left: 13%; margin-right: 13%; }
.c4 { font-family: 'Courier New',Courier; font-size: 10pt; font-style: normal; font-weight: bold; color: #CC0033; text-decoration: none; }
.c5 { text-align: left; }
.c6 { text-align: left; margin-top: 0em; margin-bottom: 0em; }
.c7 { font-family: 'Courier New',Courier; font-size: 14pt; font-style: normal; font-weight: bold; color: #000000; text-decoration: none; }
.c8 { font-family: 'Courier New',Courier; font-size: 14pt; font-style: normal; font-weight: bold; color: #CC0033; text-decoration: none; }
.c9 { font-family: 'Courier New',Courier; font-size: 10pt; font-style: normal; font-weight: bold; color: #000000; text-decoration: none; }
.c10 { text-align: left; margin-top: 1em; margin-bottom: 0em; }
.c11 { page-break-before: always; }
</STYLE>
</HEAD>
<BODY>
<BR><DIV CLASS="c0"><P CLASS="c1"><SPAN CLASS="c2">250 of 935 DOCUMENTS</SPAN></P>
</DIV>
<BR><DIV CLASS="c0"><BR><P CLASS="c1"><IMG SRC="http://www.lexisnexis.com/lnacui2api/results/docview/attachRetrieve.do?smi=LOGOS&key=38401&componentseq=1&type=logo&inline=y" ALT="http://www.lexisnexis.com/lnacui2api/results/docview/attachRetrieve.do?smi=LOGOS&key=38401&componentseq=1&type=logo&inline=y"><BR><SPAN CLASS="c2">El Pais</SPAN></P>
</DIV>
<BR><DIV CLASS="c3"><P CLASS="c1"><SPAN CLASS="c4">December</SPAN><SPAN CLASS="c2"> 25, 2015 Friday</SPAN><SPAN CLASS="c2">&nbsp;</SPAN><SPAN CLASS="c2">&nbsp;<BR>Nacional Edici&oacute;n</SPAN></P>
</DIV>
<BR><DIV CLASS="c5"><P CLASS="c6"><SPAN CLASS="c7">El l&iacute;der socialista comienza a negociar con Iglesias y Rivera para evitar nuevas elecciones</SPAN></P>
</DIV>
<BR><DIV CLASS="c5"><P CLASS="c6"><SPAN CLASS="c9">BYLINE: </SPAN><SPAN CLASS="c2">F. MANETTO / J. J. MATEO</SPAN></P>
</DIV>
<BR><DIV CLASS="c5"><P CLASS="c6"><SPAN CLASS="c9">SECTION: </SPAN><SPAN CLASS="c2">ESPA&ntilde;A; Base; P&aacute;g. 15</SPAN></P>
</DIV>
<BR><DIV CLASS="c5"><P CLASS="c6"><SPAN CLASS="c9">LENGTH: </SPAN><SPAN CLASS="c2">928 words</SPAN></P>
</DIV>
<BR><DIV CLASS="c5"><P CLASS="c6"><SPAN CLASS="c9">DATELINE: </SPAN><SPAN CLASS="c2">Madrid </SPAN></P>
</DIV>
<BR><DIV CLASS="c5"><P CLASS="c10"><SPAN CLASS="c2">El secretario general del PSOE, Pedro S&aacute;nchez, comenz&oacute; este jueves las negociaciones con el l&iacute;der de Podemos, Pablo Iglesias, y el de </SPAN><SPAN CLASS="c4">Ciudadanos</SPAN><SPAN CLASS="c2">, </SPAN><SPAN CLASS="c4">Albert Rivera</SPAN><SPAN CLASS="c2">, para evaluar su disposici&oacute;n al di&aacute;logo y sondear la posibilidad de un acuerdo para que no se repitan las elecciones. El dirigente socialista expuso a Iglesias las l&iacute;neas maestras de su programa socioecon&oacute;mico, y rechaz&oacute; de plano ante Rivera la propuesta de </SPAN><SPAN CLASS="c4">Ciudadanos</SPAN><SPAN CLASS="c2"> para negociar una mayor&iacute;a estable junto con el PP. Los tres quedaron en seguir hablando en las pr&oacute;ximas semanas.</SPAN></P>
<P CLASS="c10"><SPAN CLASS="c2">El l&iacute;der del PSOE y el de Podemos mantuvieron una conversaci&oacute;n telef&oacute;nica de unos 25 minutos en la que hablaron &quot;de la situaci&oacute;n de Espa&ntilde;a y del Parlamento&quot; y coincidieron en que el pa&iacute;s se halla ante &quot;un momento hist&oacute;rico crucial&quot;. Ambos, seg&uacute;n fuentes de los dos partidos, expusieron las prioridades de cada formaci&oacute;n, entre las que hay afinidades en el apartado social.</SPAN><SPAN CLASS="c2">&nbsp;</SPAN></P>
<P CLASS="c10"><SPAN CLASS="c2">S&aacute;nchez destac&oacute; que &quot;los espa&ntilde;oles han votado cambio, izquierda y di&aacute;logo&quot;. Por tanto, quiso dejar claro a Iglesias que rechaza la hip&oacute;tesis de gran coalici&oacute;n. &quot;Votaremos no al PP y a Rajoy&quot;, asegur&oacute;. En opini&oacute;n de los socialistas, &quot;los tiempos en democracia son fundamentales&quot;. Por esta raz&oacute;n, de momento, consider&oacute; que &quot;corresponde al PP intentar formar Gobierno&quot;. &quot;Si no lo hace&quot;, a&ntilde;adi&oacute;, &quot;el PSOE asumir&aacute; la responsabilidad de intentar formar un Gobierno progresista&quot;.</SPAN></P>
<P CLASS="c10"><SPAN CLASS="c2">Las prioridades de un hipot&eacute;tico Ejecutivo de S&aacute;nchez pasar&iacute;an por &quot;consolidar una recuperaci&oacute;n econ&oacute;mica justa, con un nuevo Estatuto de los Trabajadores, una transici&oacute;n energ&eacute;tica y una reforma fiscal progresista&quot;. El PSOE plantea tambi&eacute;n un &quot;pacto educativo, por la ciencia y la cultura&quot;. Los socialistas aseguran, adem&aacute;s, que quieren &quot;acabar con la desigualdad&quot;. Las medidas sobre la mesa est&aacute;n dirigidas a &quot;universalizar la sanidad, reactivar la dependencia, paralizar los desahucios&quot; y garantizar un &quot;ingreso m&iacute;nimo vital para acabar con pobreza infantil&quot;. S&aacute;nchez busca tambi&eacute;n un &quot;pacto contra la violencia de g&eacute;nero, reconstruir el pacto de Toledo, y una garant&iacute;a para las pensiones p&uacute;blicas&quot;. Esta agenda social coincide, en buena medida, con el proyecto de Podemos.</SPAN></P>
<P CLASS="c10"><SPAN CLASS="c2">Respecto a la reforma constitucional que propone el PSOE, el secretario general del partido defendi&oacute; ante Iglesias, seg&uacute;n se&ntilde;alaron fuentes de las dos fuerzas consultadas por EL PA&Iacute;S, el &quot;derecho a decidir de todos los espa&ntilde;oles su propio futuro sin romper la soberan&iacute;a nacional&quot;. &quot;Queremos que los espa&ntilde;oles voten un nuevo acuerdo, no la ruptura&quot;, le transmiti&oacute;. En este punto Iglesias le insisti&oacute; en su defensa del refer&eacute;ndum catal&aacute;n, ya que, en su opini&oacute;n, en este contexto de &quot;nueva Transici&oacute;n&quot; debe entenderse la plurinacionalidad de Espa&ntilde;a y &quot;la necesidad de nuevos encajes territoriales que faciliten la unidad de nuestro pa&iacute;s en la diversidad, incluyendo que se celebre un refer&eacute;ndum en Catalu&ntilde;a&quot;.</SPAN></P>
<P CLASS="c10"><SPAN CLASS="c2">El l&iacute;der de Podemos le transmiti&oacute;, adem&aacute;s, &quot;la necesidad de que el Parlamento act&uacute;e desde ya y apruebe una ley de emergencia social&quot; para paralizar los desahucios, prohibir el copago farmac&eacute;utico y los cortes de luz y gas por falta de recursos. Destac&oacute; tambi&eacute;n Iglesias &quot;la necesidad de acometer cambios constitucionales que aseguren la protecci&oacute;n de los derechos sociales y medioambientales, que aseguren la independencia judicial, el cambio del sistema electoral y la prohibici&oacute;n de las puertas giratorias&quot; [pol&iacute;ticos que saltan a la direcci&oacute;n de empresas privadas].</SPAN></P>
<P CLASS="c10"><SPAN CLASS="c2">La llamada, realizada a iniciativa de S&aacute;nchez d&iacute;as despu&eacute;s de que Iglesias le enviara un mensaje, se produjo tras d&iacute;as de cr&iacute;ticas cruzadas. Ayer mismo, antes de hablar, el l&iacute;der de Podemos afirm&oacute; en Zamora: &quot;Parece que en el PSOE no est&aacute; muy claro qui&eacute;n manda. Yo no tengo ning&uacute;n problema en, si el se&ntilde;or Pedro S&aacute;nchez no manda, hablar con el comit&eacute; federal, hablar con la se&ntilde;ora Susana D&iacute;az [presidenta de la Junta de Andaluc&iacute;a] o el se&ntilde;or Emiliano Garc&iacute;a-Page [presidente de Castilla-La Mancha]&quot;.</SPAN></P>
<P CLASS="c10"><SPAN CLASS="c2">Agotar las v&iacute;as de acuerdo</SPAN></P>
<P CLASS="c10"><SPAN CLASS="c2">El secretario general del PSOE, y Rivera tuvieron una conversaci&oacute;n de unos 15 minutos en la que solo coincidieron en la necesidad de agotar todas las v&iacute;as de negociaci&oacute;n para que arranque la legislatura -evitando unas nuevas elecciones- y en su voluntad de que la mesa del Congreso refleje la pluralidad de la C&aacute;mara. Los l&iacute;deres de los dos partidos no encontraron m&aacute;s puntos de acuerdo, seg&uacute;n fuentes de ambas formaciones.</SPAN></P>
<P CLASS="c10"><SPAN CLASS="c2">S&aacute;nchez rechaz&oacute; el proyecto impulsado por Rivera para sentar en la misma mesa a PP, PSOE y </SPAN><SPAN CLASS="c4">Ciudadanos</SPAN><SPAN CLASS="c2"> y crear una mayor&iacute;a estable que permita poner en marcha el curso pol&iacute;tico con un Gobierno en minor&iacute;a. Del mismo modo, Rivera traslad&oacute; a S&aacute;nchez su voluntad de votar en contra de cualquier Gobierno del PSOE que pretenda llegar a La Moncloa con el apoyo de Podemos, que defiende un refer&eacute;ndum soberanista vinculante sobre el encaje de Catalu&ntilde;a en Espa&ntilde;a. &quot;Rivera le ha dicho a S&aacute;nchez que </SPAN><SPAN CLASS="c4">Ciudadanos</SPAN><SPAN CLASS="c2"> nunca apoyar&aacute; a un Gobierno cuyo objetivo sea la ruptura de Espa&ntilde;a, como propone Pablo Iglesias&quot;, resumi&oacute; Fernando de P&aacute;ramo, secretario de Comunicaci&oacute;n de la formaci&oacute;n.</SPAN></P>
<P CLASS="c10"><SPAN CLASS="c2">La figura de Iglesias plane&oacute; sobre la conversaci&oacute;n igual que lo ha hecho sobre la relaci&oacute;n entre los dos l&iacute;deres en los &uacute;ltimos meses. En </SPAN><SPAN CLASS="c4">Ciudadanos</SPAN><SPAN CLASS="c2"> temen que el PSOE reedite en el Congreso los pactos que suscribi&oacute; tras las elecciones auton&oacute;micas y que le permiten gobernar en Castilla-La Mancha, Arag&oacute;n, las Islas Baleares o la Comunidad Valenciana gracias a Podemos. Los estrategas que aconsejan a Rivera opinan que eso dar&iacute;a alas a Artur Mas en Catalu&ntilde;a, as&iacute; como a los independentistas gallegos, vascos y valencianos.</SPAN></P>
</DIV>
<BR><DIV CLASS="c5"><P CLASS="c6"><SPAN CLASS="c9">LANGUAGE: </SPAN><SPAN CLASS="c2">SPANISH; ESPA&Ntilde;OL</SPAN></P>
</DIV>
<BR><DIV CLASS="c5"><P CLASS="c6"><SPAN CLASS="c9">PUBLICATION-TYPE: </SPAN><SPAN CLASS="c2">Peri&oacute;dico</SPAN></P>
</DIV>
<BR><DIV CLASS="c5"><P CLASS="c6"><SPAN CLASS="c9">SUBJECT: </SPAN><SPAN CLASS="c2">Pol&iacute;tica (94%)</SPAN></P>
</DIV>
<BR><DIV CLASS="c5"><P CLASS="c6"><SPAN CLASS="c9">IPTC SUBJECT: </SPAN><SPAN CLASS="c2">Politica</SPAN></P>
</DIV>
<BR><DIV CLASS="c5"><P CLASS="c6"><SPAN CLASS="c9">LOAD-DATE: </SPAN><SPAN CLASS="c2">December 24, 2015</SPAN></P>
</DIV>
<BR><DIV CLASS="c0"><BR><P CLASS="c1"><SPAN CLASS="c2">Copyright 2015 El Pais Internacional S.A.<BR>All Rights Reserved</SPAN></P>
</DIV>
</BODY>
</HTML>