<HTML>
<HEAD>
<STYLE TYPE="text/css">
.c0 { text-align: center; }
.c1 { text-align: center; margin-top: 0em; margin-bottom: 0em; }
.c2 { font-family: 'Courier New',Courier; font-size: 10pt; font-style: normal; font-weight: normal; color: #000000; text-decoration: none; }
.c3 { text-align: center; margin-left: 13%; margin-right: 13%; }
.c4 { font-family: 'Courier New',Courier; font-size: 10pt; font-style: normal; font-weight: bold; color: #CC0033; text-decoration: none; }
.c5 { text-align: left; }
.c6 { text-align: left; margin-top: 0em; margin-bottom: 0em; }
.c7 { font-family: 'Courier New',Courier; font-size: 14pt; font-style: normal; font-weight: bold; color: #000000; text-decoration: none; }
.c8 { font-family: 'Courier New',Courier; font-size: 14pt; font-style: normal; font-weight: bold; color: #CC0033; text-decoration: none; }
.c9 { font-family: 'Courier New',Courier; font-size: 10pt; font-style: normal; font-weight: bold; color: #000000; text-decoration: none; }
.c10 { text-align: left; margin-top: 1em; margin-bottom: 0em; }
.c11 { page-break-before: always; }
</STYLE>
</HEAD>
<BODY>
<BR><DIV CLASS="c0"><P CLASS="c1"><SPAN CLASS="c2">305 of 935 DOCUMENTS</SPAN></P>
</DIV>
<BR><DIV CLASS="c0"><BR><P CLASS="c1"><IMG SRC="http://www.lexisnexis.com/lnacui2api/results/docview/attachRetrieve.do?smi=LOGOS&key=38401&componentseq=1&type=logo&inline=y" ALT="http://www.lexisnexis.com/lnacui2api/results/docview/attachRetrieve.do?smi=LOGOS&key=38401&componentseq=1&type=logo&inline=y"><BR><SPAN CLASS="c2">El Pais</SPAN></P>
</DIV>
<BR><DIV CLASS="c3"><P CLASS="c1"><SPAN CLASS="c4">November</SPAN><SPAN CLASS="c2"> 29, 2015 Sunday</SPAN><SPAN CLASS="c2">&nbsp;</SPAN><SPAN CLASS="c2">&nbsp;<BR>Nacional Edici&oacute;n</SPAN></P>
</DIV>
<BR><DIV CLASS="c5"><P CLASS="c6"><SPAN CLASS="c7">Rivera acusa a Rajoy de &quot;borrarse&quot; de la nueva etapa</SPAN></P>
</DIV>
<BR><DIV CLASS="c5"><P CLASS="c6"><SPAN CLASS="c9">BYLINE: </SPAN><SPAN CLASS="c2">IGNACIO ZAFRA</SPAN></P>
</DIV>
<BR><DIV CLASS="c5"><P CLASS="c6"><SPAN CLASS="c9">SECTION: </SPAN><SPAN CLASS="c2">ESPA&ntilde;A; Base; P&aacute;g. 20</SPAN></P>
</DIV>
<BR><DIV CLASS="c5"><P CLASS="c6"><SPAN CLASS="c9">LENGTH: </SPAN><SPAN CLASS="c2">348 words</SPAN></P>
</DIV>
<BR><DIV CLASS="c5"><P CLASS="c6"><SPAN CLASS="c9">DATELINE: </SPAN><SPAN CLASS="c2">Valencia </SPAN></P>
</DIV>
<BR><DIV CLASS="c5"><P CLASS="c10"><SPAN CLASS="c2">El candidato de </SPAN><SPAN CLASS="c4">Ciudadanos</SPAN><SPAN CLASS="c2"> a la presidencia del Gobierno, </SPAN><SPAN CLASS="c4">Albert Rivera</SPAN><SPAN CLASS="c2">, lament&oacute; ayer en Valencia la ausencia del presidente del Gobierno, Mariano Rajoy, en los debates electorales a cuatro bandas, como el que organiza ma&ntilde;ana EL PA&Iacute;S, y a los que s&iacute; acudir&aacute; el resto de cabezas de cartel. Rivera acus&oacute; al presidente del Gobierno y candidato popular de &quot;borrarse&quot; y darse &quot;de baja de la nueva etapa pol&iacute;tica&quot;, y se pregunt&oacute;: &quot;&iquest;Se puede ser presidente de una naci&oacute;n europea, si no te atreves a debatir ni siquiera con los compatriotas de tu pa&iacute;s?&quot;.</SPAN><SPAN CLASS="c2">&nbsp;</SPAN></P>
<P CLASS="c10"><SPAN CLASS="c2">&quot;Alguien se imagina a Obama, a Hillary Clinton, declinando un debate? &iquest;A Cameron, a Sarkozy, a Hollande?&quot;, enumer&oacute; Rivera. El presidente de </SPAN><SPAN CLASS="c4">Ciudadanos</SPAN><SPAN CLASS="c2"> resalt&oacute; que los l&iacute;deres europeos lo son &quot;porque dan la cara, en los momentos buenos y en los momentos menos buenos&quot;. Seg&uacute;n &eacute;l, los debates deben ser entre presidenciables, no con sustitutos, en referencia a la vicepresidenta Soraya S&aacute;enz de Santamar&iacute;a, que acudir&aacute; en lugar de Rajoy a un debate en Antena 3 el pr&oacute;ximo 7 de diciembre, un arreglo no aceptado por EL PA&Iacute;S, que dejar&aacute; vac&iacute;o el atril del presidente.</SPAN></P>
<P CLASS="c10"><SPAN CLASS="c2">Rivera ahond&oacute; en los esc&aacute;ndalos del hasta hace poco partido hegem&oacute;nico en Valencia. &quot;Aqu&iacute; no solo se ha sufrido una crisis econ&oacute;mica e inmobiliaria, sino tambi&eacute;n corrupci&oacute;n (...) cuento con vosotros para recuperar el prestigio de la Comunidad Valenciana. Se acab&oacute; trincar el 3%, el 4% o el 5%&quot;.</SPAN></P>
<P CLASS="c10"><SPAN CLASS="c2">&quot;Fraude democr&aacute;tico&quot;</SPAN></P>
<P CLASS="c10"><SPAN CLASS="c2">En la misma l&iacute;nea se pronunci&oacute; el n&uacute;mero dos de Podemos, &Iacute;&ntilde;igo Errej&oacute;n. &quot;Es una verg&uuml;enza, y no lo digo como representante de ninguna fuerza pol&iacute;tica sino como </SPAN><SPAN CLASS="c4">ciudadano</SPAN><SPAN CLASS="c2">, es una verg&uuml;enza que el presidente del Gobierno de todos los espa&ntilde;oles no acceda a debatir, se niegue a debatir&quot;, lament&oacute;, informa Francesco Manetto. &quot;Si alguien no da la talla para ir a los debates a lo mejor es que no da la talla tampoco para gobernar. Es un fraude democr&aacute;tico. Para dar la talla para ser presidente hay que dar la talla para estar en los debates. Nadie deber&iacute;a robarles a los </SPAN><SPAN CLASS="c4">ciudadanos</SPAN><SPAN CLASS="c2"> lo que es un momento fundamental para contrastar propuestas&quot;, dijo Errej&oacute;n ayer en Ourense.</SPAN></P>
</DIV>
<BR><DIV CLASS="c5"><P CLASS="c6"><SPAN CLASS="c9">LANGUAGE: </SPAN><SPAN CLASS="c2">SPANISH; ESPA&Ntilde;OL</SPAN></P>
</DIV>
<BR><DIV CLASS="c5"><P CLASS="c6"><SPAN CLASS="c9">PUBLICATION-TYPE: </SPAN><SPAN CLASS="c2">Peri&oacute;dico</SPAN></P>
</DIV>
<BR><DIV CLASS="c5"><P CLASS="c6"><SPAN CLASS="c9">SUBJECT: </SPAN><SPAN CLASS="c2">Pol&iacute;tica (94%); US PRESIDENTIAL CANDIDATES 2016 (73%)</SPAN></P>
</DIV>
<BR><DIV CLASS="c5"><P CLASS="c6"><SPAN CLASS="c9">IPTC SUBJECT: </SPAN><SPAN CLASS="c2">Politica</SPAN></P>
</DIV>
<BR><DIV CLASS="c5"><P CLASS="c6"><SPAN CLASS="c9">LOAD-DATE: </SPAN><SPAN CLASS="c2">November 28, 2015</SPAN></P>
</DIV>
<BR><DIV CLASS="c0"><BR><P CLASS="c1"><SPAN CLASS="c2">Copyright 2015 El Pais Internacional S.A.<BR>All Rights Reserved</SPAN></P>
</DIV>
</BODY>
</HTML>