<HTML>
<HEAD>
<STYLE TYPE="text/css">
.c0 { text-align: center; }
.c1 { text-align: center; margin-top: 0em; margin-bottom: 0em; }
.c2 { font-family: 'Courier New',Courier; font-size: 10pt; font-style: normal; font-weight: normal; color: #000000; text-decoration: none; }
.c3 { text-align: center; margin-left: 13%; margin-right: 13%; }
.c4 { font-family: 'Courier New',Courier; font-size: 10pt; font-style: normal; font-weight: bold; color: #CC0033; text-decoration: none; }
.c5 { text-align: left; }
.c6 { text-align: left; margin-top: 0em; margin-bottom: 0em; }
.c7 { font-family: 'Courier New',Courier; font-size: 14pt; font-style: normal; font-weight: bold; color: #000000; text-decoration: none; }
.c8 { font-family: 'Courier New',Courier; font-size: 14pt; font-style: normal; font-weight: bold; color: #CC0033; text-decoration: none; }
.c9 { font-family: 'Courier New',Courier; font-size: 10pt; font-style: normal; font-weight: bold; color: #000000; text-decoration: none; }
.c10 { text-align: left; margin-top: 1em; margin-bottom: 0em; }
.c11 { page-break-before: always; }
</STYLE>
</HEAD>
<BODY>
<BR><DIV CLASS="c0"><P CLASS="c1"><SPAN CLASS="c2">225 of 935 DOCUMENTS</SPAN></P>
</DIV>
<BR><DIV CLASS="c0"><BR><P CLASS="c1"><IMG SRC="http://www.lexisnexis.com/lnacui2api/results/docview/attachRetrieve.do?smi=LOGOS&key=38401&componentseq=1&type=logo&inline=y" ALT="http://www.lexisnexis.com/lnacui2api/results/docview/attachRetrieve.do?smi=LOGOS&key=38401&componentseq=1&type=logo&inline=y"><BR><SPAN CLASS="c2">El Pais</SPAN></P>
</DIV>
<BR><DIV CLASS="c3"><P CLASS="c1"><SPAN CLASS="c4">December</SPAN><SPAN CLASS="c2"> 8, 2015 Tuesday</SPAN><SPAN CLASS="c2">&nbsp;</SPAN><SPAN CLASS="c2">&nbsp;<BR>2&ordf; Ed. Barna Edici&oacute;n</SPAN></P>
</DIV>
<BR><DIV CLASS="c5"><P CLASS="c6"><SPAN CLASS="c8">Ciudadanos</SPAN><SPAN CLASS="c7"> ofrece como soluci&oacute;n el contrato &uacute;nico y reformas</SPAN></P>
</DIV>
<BR><DIV CLASS="c5"><P CLASS="c6"><SPAN CLASS="c9">BYLINE: </SPAN><SPAN CLASS="c2">JUAN JOS&Eacute; MATEO</SPAN></P>
</DIV>
<BR><DIV CLASS="c5"><P CLASS="c6"><SPAN CLASS="c9">SECTION: </SPAN><SPAN CLASS="c2">ESPA&ntilde;A; Base; P&aacute;g. 16</SPAN></P>
</DIV>
<BR><DIV CLASS="c5"><P CLASS="c6"><SPAN CLASS="c9">LENGTH: </SPAN><SPAN CLASS="c2">350 words</SPAN></P>
</DIV>
<BR><DIV CLASS="c5"><P CLASS="c6"><SPAN CLASS="c9">DATELINE: </SPAN><SPAN CLASS="c2">C&aacute;diz </SPAN></P>
</DIV>
<BR><DIV CLASS="c5"><BR><P CLASS="c6"><SPAN CLASS="c9">HIGHLIGHT:</SPAN><SPAN CLASS="c2">&nbsp;El partido coincide con la Comisi&oacute;n salvo en subir impuestos<BR></SPAN></P>
</DIV>
<BR><DIV CLASS="c5"><P CLASS="c10"><SPAN CLASS="c2">El informe de la Comisi&oacute;n Europea que advierte sobre la dualidad del mercado laboral espa&ntilde;ol y la sobrerregulaci&oacute;n de las Autonom&iacute;as demuestra que &quot;el Gobierno no ha hecho lo que la econom&iacute;a necesita en t&eacute;rminos de reformas, sino lo m&iacute;nimo para cumplir con el memorando de rescate&quot;, seg&uacute;n Luis Garicano, coordinador del programa econ&oacute;mico de </SPAN><SPAN CLASS="c4">Ciudadanos</SPAN><SPAN CLASS="c2">.&quot;Estamos de acuerdo con las grandes l&iacute;neas del informe, con la excepci&oacute;n de que haya que hacer un mayor esfuerzo fiscal&quot;, dijo el catedr&aacute;tico de la London School of Economics. As&iacute; afrontar&iacute;a el partido los reparos de Europa.</SPAN><SPAN CLASS="c2">&nbsp;</SPAN></P>
<P CLASS="c10"><SPAN CLASS="c2">Nuevo modelo laboral. &quot;Nuestra propuesta de contrato &uacute;nico [indefinido y con indemnizaciones crecientes seg&uacute;n la antig&uuml;edad] ataja directamente el problema de la dualidad&quot;, argument&oacute; Garicano. La formaci&oacute;n de </SPAN><SPAN CLASS="c4">Albert Rivera</SPAN><SPAN CLASS="c2"> considera &quot;muy importante&quot; completar la ley de servicios profesionales, que abrir&iacute;a el mercado de actividades que ahora solo pueden realizar colegiados, porque &quot;ah&iacute; hay mucho empleo que se puede crear&quot;.</SPAN></P>
<P CLASS="c10"><SPAN CLASS="c2">Diputaciones e IRPF. </SPAN><SPAN CLASS="c4">Ciudadanos</SPAN><SPAN CLASS="c2"> calcula que hay un desv&iacute;o de 8.000 millones en las cuentas del Gobierno. Espera reducir esa cifra a 4.000 eliminando las Diputaciones y con el impuesto de sociedades, que, seg&uacute;n Garicano, compensar&iacute;an el complemento salarial proyectado y la rebaja del IRPF. &quot;Ir&iacute;amos a negociar directamente a Bruselas desde el compromiso con la estabilidad presupuestaria. Estamos a favor de trabajar con Bruselas y no contra Bruselas&quot;, dijo Garicano. &quot;Hay much&iacute;simo desempleo y hay que ir lo m&aacute;s suave posible&quot;.</SPAN></P>
<P CLASS="c10"><SPAN CLASS="c2">Autonom&iacute;as. La Comisi&oacute;n Europea considera que la &quot;sobrerregulaci&oacute;n&quot; de las comunidades afecta a la unidad de mercado. &quot;Hay que ir al principio de reconocimiento mutuo, que si una cosa es legal en una comunidad lo sea en las dem&aacute;s, y eliminar las exenciones que tiene la ley&quot;, explic&oacute; el economista de </SPAN><SPAN CLASS="c4">Ciudadanos</SPAN><SPAN CLASS="c2">.</SPAN></P>
<P CLASS="c10"><SPAN CLASS="c2">Ley de segunda oportunidad. &quot;Es crucial&quot;, se&ntilde;al&oacute; Garicano frente al problema de la deuda privada. &quot;Hay que ayudar a que caiga m&aacute;s deprisa&quot;. Entre otras medidas, </SPAN><SPAN CLASS="c4">Ciudadanos</SPAN><SPAN CLASS="c2"> propone un plan de reestructuraci&oacute;n de la deuda de las familias, con quitas puntuales.</SPAN></P>
</DIV>
<BR><DIV CLASS="c5"><P CLASS="c6"><SPAN CLASS="c9">LANGUAGE: </SPAN><SPAN CLASS="c2">SPANISH; ESPA&Ntilde;OL</SPAN></P>
</DIV>
<BR><DIV CLASS="c5"><P CLASS="c6"><SPAN CLASS="c9">PUBLICATION-TYPE: </SPAN><SPAN CLASS="c2">Peri&oacute;dico</SPAN></P>
</DIV>
<BR><DIV CLASS="c5"><P CLASS="c6"><SPAN CLASS="c9">SUBJECT: </SPAN><SPAN CLASS="c2">Pol&iacute;tica (93%)</SPAN></P>
</DIV>
<BR><DIV CLASS="c5"><P CLASS="c6"><SPAN CLASS="c9">IPTC SUBJECT: </SPAN><SPAN CLASS="c2">Politica</SPAN></P>
</DIV>
<BR><DIV CLASS="c5"><P CLASS="c6"><SPAN CLASS="c9">LOAD-DATE: </SPAN><SPAN CLASS="c2">December 7, 2015</SPAN></P>
</DIV>
<BR><DIV CLASS="c0"><BR><P CLASS="c1"><SPAN CLASS="c2">Copyright 2015 El Pais Internacional S.A.<BR>All Rights Reserved</SPAN></P>
</DIV>
</BODY>
</HTML>