<HTML>
<HEAD>
<STYLE TYPE="text/css">
.c0 { text-align: center; }
.c1 { text-align: center; margin-top: 0em; margin-bottom: 0em; }
.c2 { font-family: 'Courier New',Courier; font-size: 10pt; font-style: normal; font-weight: normal; color: #000000; text-decoration: none; }
.c3 { text-align: center; margin-left: 13%; margin-right: 13%; }
.c4 { font-family: 'Courier New',Courier; font-size: 10pt; font-style: normal; font-weight: bold; color: #CC0033; text-decoration: none; }
.c5 { text-align: left; }
.c6 { text-align: left; margin-top: 0em; margin-bottom: 0em; }
.c7 { font-family: 'Courier New',Courier; font-size: 14pt; font-style: normal; font-weight: bold; color: #000000; text-decoration: none; }
.c8 { font-family: 'Courier New',Courier; font-size: 14pt; font-style: normal; font-weight: bold; color: #CC0033; text-decoration: none; }
.c9 { font-family: 'Courier New',Courier; font-size: 10pt; font-style: normal; font-weight: bold; color: #000000; text-decoration: none; }
.c10 { text-align: left; margin-top: 1em; margin-bottom: 0em; }
.c11 { page-break-before: always; }
</STYLE>
</HEAD>
<BODY>
<BR><DIV CLASS="c0"><P CLASS="c1"><SPAN CLASS="c2">265 of 935 DOCUMENTS</SPAN></P>
</DIV>
<BR><DIV CLASS="c0"><BR><P CLASS="c1"><IMG SRC="http://www.lexisnexis.com/lnacui2api/results/docview/attachRetrieve.do?smi=LOGOS&key=38401&componentseq=1&type=logo&inline=y" ALT="http://www.lexisnexis.com/lnacui2api/results/docview/attachRetrieve.do?smi=LOGOS&key=38401&componentseq=1&type=logo&inline=y"><BR><SPAN CLASS="c2">El Pais</SPAN></P>
</DIV>
<BR><DIV CLASS="c3"><P CLASS="c1"><SPAN CLASS="c4">January</SPAN><SPAN CLASS="c2"> 12, 2016 Tuesday</SPAN><SPAN CLASS="c2">&nbsp;</SPAN><SPAN CLASS="c2">&nbsp;<BR>Andaluc&iacute;a Edici&oacute;n</SPAN></P>
</DIV>
<BR><DIV CLASS="c5"><P CLASS="c6"><SPAN CLASS="c7">El PSOE suma apoyos para que Patxi L&oacute;pez presida el Congreso de los Diputados</SPAN></P>
</DIV>
<BR><DIV CLASS="c5"><P CLASS="c6"><SPAN CLASS="c9">BYLINE: </SPAN><SPAN CLASS="c2">FERNANDO GAREA</SPAN></P>
</DIV>
<BR><DIV CLASS="c5"><P CLASS="c6"><SPAN CLASS="c9">SECTION: </SPAN><SPAN CLASS="c2">ESPA&ntilde;A; Base; P&aacute;g. 21</SPAN></P>
</DIV>
<BR><DIV CLASS="c5"><P CLASS="c6"><SPAN CLASS="c9">LENGTH: </SPAN><SPAN CLASS="c2">649 words</SPAN></P>
</DIV>
<BR><DIV CLASS="c5"><P CLASS="c6"><SPAN CLASS="c9">DATELINE: </SPAN><SPAN CLASS="c2">Madrid </SPAN></P>
</DIV>
<BR><DIV CLASS="c5"><P CLASS="c10"><SPAN CLASS="c2">Patxi L&oacute;pez est&aacute; cerca de poder presidir el Congreso desde ma&ntilde;ana, a la espera de que antes de ese d&iacute;a se cierre un acuerdo global con el resto de grupos parlamentarios. El socialista es visto con buenos ojos por partidos como </SPAN><SPAN CLASS="c4">Ciudadanos</SPAN><SPAN CLASS="c2"> y Democr&agrave;cia i Llibertat y le beneficia el inter&eacute;s de todos, salvo el PP, para que el presidente de la C&aacute;mara no pertenezca al grupo popular. El escollo principal del pacto sigue siendo el rechazo a que las candidaturas vinculadas a Podemos tengan grupos propios. L&oacute;pez rechaz&oacute; ayer esta posibilidad.</SPAN></P>
<P CLASS="c10"><SPAN CLASS="c2">L&oacute;pez ha logrado generar cierto nivel de respaldo para poder ser elegido presidente del Congreso en la sesi&oacute;n constitutiva de la C&aacute;mara. No hay nada cerrado y las negociaciones seguir&aacute;n hasta el &uacute;ltimo momento, pero la propuesta, al menos, no provoca rechazo en la mayor&iacute;a de grupos.</SPAN><SPAN CLASS="c2">&nbsp;</SPAN></P>
<P CLASS="c10"><SPAN CLASS="c4">Ciudadanos</SPAN><SPAN CLASS="c2"> ve con agrado el nombre de L&oacute;pez; Democr&agrave;cia i Llibertat (antes Converg&egrave;ncia) no lo rechaza, y PNV y Bildu fijar&aacute;n hoy su posici&oacute;n en el Congreso. El problema para el acuerdo global sigue siendo fundamentalmente la posici&oacute;n de Podemos, al defender su aspiraci&oacute;n de contar con cuatro grupos parlamentarios para el partido que encabeza Pablo Iglesias y para las candidaturas vinculadas con las que se present&oacute; en Galicia, Catalu&ntilde;a y Valencia. Iglesias se reunir&aacute; hoy con los responsables de En Marea, En Com&uacute; Podem y Comprom&iacute;s para escenificar su reivindicaci&oacute;n.</SPAN></P>
<P CLASS="c10"><SPAN CLASS="c4">Ciudadanos</SPAN><SPAN CLASS="c2"> y PP ya dijeron p&uacute;blicamente que no aceptar&aacute;n esa petici&oacute;n y ayer lo hicieron de forma clara y p&uacute;blica los socialistas Pedro S&aacute;nchez y Patxi L&oacute;pez.</SPAN></P>
<P CLASS="c10"><SPAN CLASS="c2">Contactos cruzados</SPAN></P>
<P CLASS="c10"><SPAN CLASS="c2">Ambos explicaron que el Reglamento no lo permite y que ya en los a&ntilde;os ochenta se modific&oacute; la norma para que no hubiera grupo diferenciado de socialistas vascos, catalanes y del PSOE. &quot;El reglamento dice bien claro que no podr&aacute;n tener grupo diferente aquellos partidos que no han competido [entre s&iacute;] en unas elecciones&quot;, asegur&oacute; L&oacute;pez. Tampoco ha puesto objeciones a L&oacute;pez el l&iacute;der de </SPAN><SPAN CLASS="c4">Ciudadanos</SPAN><SPAN CLASS="c2">, </SPAN><SPAN CLASS="c4">Albert Rivera,</SPAN><SPAN CLASS="c2"> aunque en declaraciones a Antena 3 pidi&oacute; un acuerdo entre todos los partidos para esa elecci&oacute;n.</SPAN></P>
<P CLASS="c10"><SPAN CLASS="c2">El diputado electo de ERC Joan Tard&agrave; puso a L&oacute;pez la objeci&oacute;n gen&eacute;rica de que tanto el PSOE como el PP han impedido que se hable catal&aacute;n en el hemiciclo y eso dificulta el apoyo de su partido. La ventaja para los socialistas es que todos los dem&aacute;s grupos, salvo el PP, quieren que el presidente no sea del grupo mayoritario. Por ejemplo, fuentes del PNV y de Bildu aseguran que no han fijado su posici&oacute;n sobre el aspirante socialista, pero rechazan votar al candidato del PP. Tampoco resulta probable que Democr&agrave;cia i Llibertat, ERC e IU, por ejemplo, apoyen al popular.</SPAN></P>
<P CLASS="c10"><SPAN CLASS="c2">El sistema de votaci&oacute;n consiste en una primera vuelta para la que se exige mayor&iacute;a absoluta y, en caso de no lograrse, una segunda solo con los dos candidatos m&aacute;s votados y sin posibilidad de abstenci&oacute;n. Si no hay acuerdo previo y si en la primera cada uno vota al suyo, pasar&iacute;an a la segunda el del PP y el del PSOE. En esa votaci&oacute;n se elige al candidato que tenga un voto m&aacute;s. Si todos los grupos que no sean PP y PSOE no quieren que el presidente sea de los populares, lo m&aacute;s probable es que salga el socialista, es decir, Patxi L&oacute;pez. No obstante, se mantienen los contactos cruzados para buscar ese acuerdo.</SPAN></P>
<P CLASS="c10"><SPAN CLASS="c2">En esas conversaciones, se maneja que los otros ocho miembros de la Mesa se repartan entre PP, PSOE, </SPAN><SPAN CLASS="c4">Ciudadanos</SPAN><SPAN CLASS="c2"> y Podemos, con dos para cada uno. En el acuerdo se pretende incluir el compromiso concreto para la reforma inmediata y profunda del reglamento del Congreso y las opciones para que la C&aacute;mara tenga actividad, aunque no se haya elegido al presidente del Gobierno. En esa actividad el problema que surge es c&oacute;mo salvar escollos como el tr&aacute;mite de informe del Gobierno a las proposiciones de ley y la mayor&iacute;a absoluta del PP en el Senado, que le permite bloquear iniciativas que se tramiten antes de que se elija al nuevo Ejecutivo.</SPAN></P>
</DIV>
<BR><DIV CLASS="c5"><P CLASS="c6"><SPAN CLASS="c9">LANGUAGE: </SPAN><SPAN CLASS="c2">SPANISH; ESPA&Ntilde;OL</SPAN></P>
</DIV>
<BR><DIV CLASS="c5"><P CLASS="c6"><SPAN CLASS="c9">PUBLICATION-TYPE: </SPAN><SPAN CLASS="c2">Peri&oacute;dico</SPAN></P>
</DIV>
<BR><DIV CLASS="c5"><P CLASS="c6"><SPAN CLASS="c9">SUBJECT: </SPAN><SPAN CLASS="c2">Pol&iacute;tica (93%); Organizaciones Legislativas (67%)</SPAN></P>
</DIV>
<BR><DIV CLASS="c5"><P CLASS="c6"><SPAN CLASS="c9">IPTC SUBJECT: </SPAN><SPAN CLASS="c2">Politica; parlamento</SPAN></P>
</DIV>
<BR><DIV CLASS="c5"><P CLASS="c6"><SPAN CLASS="c9">LOAD-DATE: </SPAN><SPAN CLASS="c2">January 11, 2016</SPAN></P>
</DIV>
<BR><DIV CLASS="c0"><BR><P CLASS="c1"><SPAN CLASS="c2">Copyright 2016 El Pais Internacional S.A.<BR>All Rights Reserved</SPAN></P>
</DIV>
</BODY>
</HTML>