<HTML>
<HEAD>
<STYLE TYPE="text/css">
.c0 { text-align: center; }
.c1 { text-align: center; margin-top: 0em; margin-bottom: 0em; }
.c2 { font-family: 'Courier New',Courier; font-size: 10pt; font-style: normal; font-weight: normal; color: #000000; text-decoration: none; }
.c3 { text-align: center; margin-left: 13%; margin-right: 13%; }
.c4 { font-family: 'Courier New',Courier; font-size: 10pt; font-style: normal; font-weight: bold; color: #CC0033; text-decoration: none; }
.c5 { text-align: left; }
.c6 { text-align: left; margin-top: 0em; margin-bottom: 0em; }
.c7 { font-family: 'Courier New',Courier; font-size: 14pt; font-style: normal; font-weight: bold; color: #000000; text-decoration: none; }
.c8 { font-family: 'Courier New',Courier; font-size: 14pt; font-style: normal; font-weight: bold; color: #CC0033; text-decoration: none; }
.c9 { font-family: 'Courier New',Courier; font-size: 10pt; font-style: normal; font-weight: bold; color: #000000; text-decoration: none; }
.c10 { text-align: left; margin-top: 1em; margin-bottom: 0em; }
.c11 { page-break-before: always; }
</STYLE>
</HEAD>
<BODY>
<BR><DIV CLASS="c0"><P CLASS="c1"><SPAN CLASS="c2">212 of 935 DOCUMENTS</SPAN></P>
</DIV>
<BR><DIV CLASS="c0"><BR><P CLASS="c1"><IMG SRC="http://www.lexisnexis.com/lnacui2api/results/docview/attachRetrieve.do?smi=LOGOS&key=38401&componentseq=1&type=logo&inline=y" ALT="http://www.lexisnexis.com/lnacui2api/results/docview/attachRetrieve.do?smi=LOGOS&key=38401&componentseq=1&type=logo&inline=y"><BR><SPAN CLASS="c2">El Pais</SPAN></P>
</DIV>
<BR><DIV CLASS="c3"><P CLASS="c1"><SPAN CLASS="c4">November</SPAN><SPAN CLASS="c2"> 22, 2015 Sunday</SPAN><SPAN CLASS="c2">&nbsp;</SPAN><SPAN CLASS="c2">&nbsp;<BR>Andaluc&iacute;a Edici&oacute;n</SPAN></P>
</DIV>
<BR><DIV CLASS="c5"><P CLASS="c6"><SPAN CLASS="c8">Ciudadanos</SPAN><SPAN CLASS="c7"> aboga por crear &quot;bancos de tiempo&quot; en las empresas</SPAN></P>
</DIV>
<BR><DIV CLASS="c5"><P CLASS="c6"><SPAN CLASS="c9">BYLINE: </SPAN><SPAN CLASS="c2">JUAN JOS&Eacute; MATEO</SPAN></P>
</DIV>
<BR><DIV CLASS="c5"><P CLASS="c6"><SPAN CLASS="c9">SECTION: </SPAN><SPAN CLASS="c2">ESPA&ntilde;A; Base; P&aacute;g. 23</SPAN></P>
</DIV>
<BR><DIV CLASS="c5"><P CLASS="c6"><SPAN CLASS="c9">LENGTH: </SPAN><SPAN CLASS="c2">393 words</SPAN></P>
</DIV>
<BR><DIV CLASS="c5"><P CLASS="c6"><SPAN CLASS="c9">DATELINE: </SPAN><SPAN CLASS="c2">Barcelona </SPAN></P>
</DIV>
<BR><DIV CLASS="c5"><P CLASS="c10"><SPAN CLASS="c4">Albert Rivera</SPAN><SPAN CLASS="c2">, l&iacute;der de </SPAN><SPAN CLASS="c4">Ciudadanos</SPAN><SPAN CLASS="c2">, propuso ayer un pacto nacional para la racionalizaci&oacute;n de horarios y la conciliaci&oacute;n laboral que incluye la creaci&oacute;n de &quot;bancos de tiempo&quot; en las empresas que permitan a los empleados reorganizar su jornada laboral; equiparar progresivamente la baja parental de padres y madres; m&aacute;s de 200 millones en ayudas para tratar de universalizar la escolarizaci&oacute;n de los ni&ntilde;os de 0 a 3 a&ntilde;os, reducir las vacaciones escolares a dos meses o retrasar una hora el huso horario espa&ntilde;ol.</SPAN><SPAN CLASS="c2">&nbsp;</SPAN></P>
<P CLASS="c10"><SPAN CLASS="c2">&quot;Para racionalizar los horarios y conciliar no se ha hecho nada en los &uacute;ltimos 30 a&ntilde;os&quot;, dijo Rivera durante un acto en Barcelona. </SPAN><SPAN CLASS="c4">Ciudadanos</SPAN><SPAN CLASS="c2"> plantea reducir el tiempo dedicado a la comida a 30 o 45 minutos y adelantar la hora de entrada al trabajo a las 8.00. Esa propuesta -que ser&iacute;a voluntaria, a acordar entre trabajadores y empresarios, no por ley- se complementar&iacute;a con un banco del tiempo, tambi&eacute;n voluntario: este permitir&iacute;a al trabajador reorganizar su jornada tras acordarlo con la empresa: all&iacute; donde se aplica, como en Alemania, el empleado suele comprometerse a trabajar las horas centrales del d&iacute;a, pero dispone de la flexibilidad de, por ejemplo, trabajar una hora m&aacute;s un lunes para compensarlo el martes saliendo antes.</SPAN></P>
<P CLASS="c10"><SPAN CLASS="c2">Todos esos cambios, que seg&uacute;n el partido aumentar&iacute;an la productividad y liberar&iacute;an horas del d&iacute;a para uso personal, requerir&iacute;an de un pacto previo con empresas y sindicatos. El Estatuto de los Trabajadores establece que la jornada legal m&aacute;xima no puede ser superior a las 40 horas semanales y que el l&iacute;mite diario no puede superar las nueve horas de trabajo efectivo. Por convenio se puede modificar este l&iacute;mite diario. Esa es la v&iacute;a que pretende </SPAN><SPAN CLASS="c4">Ciudadanos</SPAN><SPAN CLASS="c2"> que se use.</SPAN></P>
<P CLASS="c10"><SPAN CLASS="c2">Cambio de huso horario</SPAN></P>
<P CLASS="c10"><SPAN CLASS="c2">El partido quiere utilizar como punto de inflexi&oacute;n el cambio de huso horario, que llevar&iacute;a a retrasar una hora los relojes espa&ntilde;oles, igual&aacute;ndolos con los del Reino Unido o Portugal. &quot;La mayor ventaja del paso a Greenwich es que va a ser el catalizador del cambio, va a servir para coordinar el cambio cultural necesario y ponerlo todo en marcha&quot;, dijo Luis Garicano, jefe econ&oacute;mico de </SPAN><SPAN CLASS="c4">Ciudadanos</SPAN><SPAN CLASS="c2">. El partido defiende tambi&eacute;n la creaci&oacute;n de &quot;cr&eacute;ditos fiscales&quot;: ayudas finalistas para que los padres paguen la guarder&iacute;a de sus hijos de entre los cero y los tres a&ntilde;os. El coste, seg&uacute;n el partido, ser&iacute;a de 270 millones anuales.</SPAN></P>
</DIV>
<BR><DIV CLASS="c5"><P CLASS="c6"><SPAN CLASS="c9">LANGUAGE: </SPAN><SPAN CLASS="c2">SPANISH; ESPA&Ntilde;OL</SPAN></P>
</DIV>
<BR><DIV CLASS="c5"><P CLASS="c6"><SPAN CLASS="c9">PUBLICATION-TYPE: </SPAN><SPAN CLASS="c2">Peri&oacute;dico</SPAN></P>
</DIV>
<BR><DIV CLASS="c5"><P CLASS="c6"><SPAN CLASS="c9">SUBJECT: </SPAN><SPAN CLASS="c2">Pol&iacute;tica (93%)</SPAN></P>
</DIV>
<BR><DIV CLASS="c5"><P CLASS="c6"><SPAN CLASS="c9">IPTC SUBJECT: </SPAN><SPAN CLASS="c2">Politica</SPAN></P>
</DIV>
<BR><DIV CLASS="c5"><P CLASS="c6"><SPAN CLASS="c9">LOAD-DATE: </SPAN><SPAN CLASS="c2">November 21, 2015</SPAN></P>
</DIV>
<BR><DIV CLASS="c0"><BR><P CLASS="c1"><SPAN CLASS="c2">Copyright 2015 El Pais Internacional S.A.<BR>All Rights Reserved</SPAN></P>
</DIV>
</BODY>
</HTML>