<HTML>
<HEAD>
<STYLE TYPE="text/css">
.c0 { text-align: center; }
.c1 { text-align: center; margin-top: 0em; margin-bottom: 0em; }
.c2 { font-family: 'Courier New',Courier; font-size: 10pt; font-style: normal; font-weight: normal; color: #000000; text-decoration: none; }
.c3 { text-align: center; margin-left: 13%; margin-right: 13%; }
.c4 { font-family: 'Courier New',Courier; font-size: 10pt; font-style: normal; font-weight: bold; color: #CC0033; text-decoration: none; }
.c5 { text-align: left; }
.c6 { text-align: left; margin-top: 0em; margin-bottom: 0em; }
.c7 { font-family: 'Courier New',Courier; font-size: 14pt; font-style: normal; font-weight: bold; color: #000000; text-decoration: none; }
.c8 { font-family: 'Courier New',Courier; font-size: 14pt; font-style: normal; font-weight: bold; color: #CC0033; text-decoration: none; }
.c9 { font-family: 'Courier New',Courier; font-size: 10pt; font-style: normal; font-weight: bold; color: #000000; text-decoration: none; }
.c10 { text-align: left; margin-top: 1em; margin-bottom: 0em; }
.c11 { page-break-before: always; }
</STYLE>
</HEAD>
<BODY>
<BR><DIV CLASS="c0"><P CLASS="c1"><SPAN CLASS="c2">141 of 935 DOCUMENTS</SPAN></P>
</DIV>
<BR><DIV CLASS="c0"><BR><P CLASS="c1"><IMG SRC="http://www.lexisnexis.com/lnacui2api/results/docview/attachRetrieve.do?smi=LOGOS&key=38401&componentseq=1&type=logo&inline=y" ALT="http://www.lexisnexis.com/lnacui2api/results/docview/attachRetrieve.do?smi=LOGOS&key=38401&componentseq=1&type=logo&inline=y"><BR><SPAN CLASS="c2">El Pais</SPAN></P>
</DIV>
<BR><DIV CLASS="c3"><P CLASS="c1"><SPAN CLASS="c4">November</SPAN><SPAN CLASS="c2"> 26, 2015 Thursday</SPAN><SPAN CLASS="c2">&nbsp;</SPAN><SPAN CLASS="c2">&nbsp;<BR>Comunidad Valenciana Edici&oacute;n</SPAN></P>
</DIV>
<BR><DIV CLASS="c5"><P CLASS="c6"><SPAN CLASS="c7">Aumenta la presi&oacute;n sobre Rajoy para que concrete la ayuda a Francia</SPAN></P>
</DIV>
<BR><DIV CLASS="c5"><P CLASS="c6"><SPAN CLASS="c9">BYLINE: </SPAN><SPAN CLASS="c2">JAVIER CASQUEIRO</SPAN></P>
</DIV>
<BR><DIV CLASS="c5"><P CLASS="c6"><SPAN CLASS="c9">SECTION: </SPAN><SPAN CLASS="c2">ESPA&ntilde;A; Base; P&aacute;g. 19</SPAN></P>
</DIV>
<BR><DIV CLASS="c5"><P CLASS="c6"><SPAN CLASS="c9">LENGTH: </SPAN><SPAN CLASS="c2">769 words</SPAN></P>
</DIV>
<BR><DIV CLASS="c5"><P CLASS="c6"><SPAN CLASS="c9">DATELINE: </SPAN><SPAN CLASS="c2">Madrid </SPAN></P>
</DIV>
<BR><DIV CLASS="c5"><P CLASS="c10"><SPAN CLASS="c2">La presi&oacute;n sobre Mariano Rajoy para que decida c&oacute;mo ayudar&aacute; a Francia en la lucha antiyihadista creci&oacute; ayer tanto en Espa&ntilde;a como en Europa. Horas despu&eacute;s de que Angela Merkel ofreciera relevar con 650 soldados alemanes a las tropas francesas en Mal&iacute;, el m&aacute;ximo dirigente de </SPAN><SPAN CLASS="c4">Ciudadanos</SPAN><SPAN CLASS="c2">, </SPAN><SPAN CLASS="c4">Albert</SPAN><SPAN CLASS="c2">&nbsp;</SPAN><SPAN CLASS="c4">Rivera</SPAN><SPAN CLASS="c2">, exig&iacute;a no escudarse en c&aacute;lculos electorales para tomar una decisi&oacute;n. El Gobierno mantiene todas las &quot;hip&oacute;tesis abiertas sobre la mesa&quot;, pero ninguna concretada.</SPAN></P>
<P CLASS="c10"><SPAN CLASS="c2">Han pasado dos semanas desde los ataques de los yihadistas radicales en Par&iacute;s y Espa&ntilde;a sigue sin definir cu&aacute;l ser&aacute; su papel inminente en el anunciado combate de la coalici&oacute;n internacional contra ese reto terrorista. De los bandazos iniciales tras el anuncio de que se iba a prestar a Francia toda la colaboraci&oacute;n que requiriese en todos los &aacute;mbitos se ha pasado a una fase de silencio inc&oacute;modo, de comp&aacute;s de espera, para evitar que el debate sobre la intervenci&oacute;n m&aacute;s o menos directa en una guerra se colase en plena campa&ntilde;a electoral nacional del 20-D. El Gobierno afirma que sigue a la espera de que Par&iacute;s concrete su petici&oacute;n. Pero otros pa&iacute;ses han tomado la iniciativa.</SPAN><SPAN CLASS="c2">&nbsp;</SPAN></P>
<P CLASS="c10"><SPAN CLASS="c2">Merkel expuso ayer ante el Parlamento alem&aacute;n la oferta de colaboraci&oacute;n con Francia para que las tropas francesas desplegadas en Mal&iacute; (m&aacute;s de 3.500) puedan redoblar sus ataques al Estado Isl&aacute;mico sobre Siria y reforzar las medidas de seguridad en su territorio. El primer ministro brit&aacute;nico, David Cameron, expres&oacute; en Par&iacute;s esta semana a Hollande la misma disposici&oacute;n antes de visitar in situ el escenario dram&aacute;tico de la discoteca Bataclan. Merkel y Cameron son conservadores y aliados a los que Rajoy se considera muy pr&oacute;ximo.</SPAN></P>
<P CLASS="c10"><SPAN CLASS="c2">Dentro de Espa&ntilde;a, </SPAN><SPAN CLASS="c4">Albert</SPAN><SPAN CLASS="c2">&nbsp;</SPAN><SPAN CLASS="c4">Rivera</SPAN><SPAN CLASS="c2">, l&iacute;der de </SPAN><SPAN CLASS="c4">Ciudadanos</SPAN><SPAN CLASS="c2">, reclam&oacute; al Gobierno que &quot;deje de pensar en las urnas&quot; y tome ya una decisi&oacute;n sobre la ayuda a Francia.</SPAN></P>
<P CLASS="c10"><SPAN CLASS="c2">Los servicios de comunicaci&oacute;n del presidente del Gobierno en La Moncloa no aportan diariamente ninguna informaci&oacute;n nueva sobre en qu&eacute; planes se trabaja ni sobre los presuntos contactos a distintos niveles con las autoridades francesas y tampoco lo hacen los ministerios implicados.</SPAN></P>
<P CLASS="c10"><SPAN CLASS="c2">El titular de Exteriores, Jos&eacute; Manuel Garc&iacute;a-Margallo, de los pocos dirigentes gubernamentales que habla en p&uacute;blico, se limita a dejar &quot;abiertas sobre la mesa todas las opciones&quot; ante la posibilidad de que Francia acabe demandando formalmente la colaboraci&oacute;n sobre el terreno en el Sahel, que el Gobierno desminti&oacute; rotundamente el pasado viernes y que ya han anticipado Valls y su ministro de Defensa.</SPAN></P>
<P CLASS="c10"><SPAN CLASS="c2">Margallo, ayer, en una entrevista de televisi&oacute;n, solo se atrevi&oacute; a expresar que para Espa&ntilde;a el Sahel es la prioridad porque es &quot;nuestro patio trasero y asignatura pendiente&quot;. Tambi&eacute;n lament&oacute; el ministro de Exteriores que, con la fijaci&oacute;n ahora en Siria e Irak, otros escenarios conflictivos como Libia hayan sido olvidados cuando son un aut&eacute;ntico polvor&iacute;n descontrolado y la puerta de entrada o salida para reabrir crisis, desestabilizar y organizar atentados en la incipiente democracia tunecina.</SPAN></P>
<P CLASS="c10"><SPAN CLASS="c2">La campa&ntilde;a del 20-D</SPAN></P>
<P CLASS="c10"><SPAN CLASS="c2">El presidente, por su parte, impuls&oacute; tras los ataques del 13-N en Par&iacute;s una ronda de contactos pol&iacute;ticos con los l&iacute;deres de los grandes partidos en la oposici&oacute;n, sus rivales directos el 20-D, para aunar voluntades y evitar fricciones ante una hipot&eacute;tica respuesta o participaci&oacute;n de Espa&ntilde;a en ese conflicto. Habl&oacute; directamente con el socialista Pedro S&aacute;nchez, el l&iacute;der de </SPAN><SPAN CLASS="c4">Ciudadanos</SPAN><SPAN CLASS="c2">, </SPAN><SPAN CLASS="c4">Albert</SPAN><SPAN CLASS="c2">&nbsp;</SPAN><SPAN CLASS="c4">Rivera</SPAN><SPAN CLASS="c2">, y el de Podemos, Pablo Iglesias.</SPAN></P>
<P CLASS="c10"><SPAN CLASS="c2">Los contactos con los dem&aacute;s representantes en el Parlamento se los dej&oacute; a la vicepresidenta, Soraya S&aacute;enz de Santamar&iacute;a.</SPAN></P>
<P CLASS="c10"><SPAN CLASS="c2">La publicaci&oacute;n en EL PA&Iacute;S de la posibilidad de ofrecer a Francia una sustituci&oacute;n de tropas precisamente en Mal&iacute; abri&oacute; una crisis en ese acuerdo, porque Rajoy no se la cont&oacute; a S&aacute;nchez y los dem&aacute;s en sus charlas. Rajoy se vio forzado a realizar otra rueda de llamadas para asegurar a sus interlocutores que antes de tomar ninguna decisi&oacute;n se la consultar&iacute;a y, en su caso, pasar&iacute;a el tr&aacute;mite obligatorio del refrendo de las Cortes como exige la ley. Margallo se refiri&oacute; ayer expresamente a la informaci&oacute;n de este diario: &quot;No es el EL PA&Iacute;S quien va a fijar nuestra posici&oacute;n&quot;, afirm&oacute; en su intervenci&oacute;n en La Sexta.</SPAN></P>
<P CLASS="c10"><SPAN CLASS="c2">Margallo, que en su d&iacute;a confirm&oacute; esa opci&oacute;n, ayer aclar&oacute; de nuevo que esa &quot;es una hip&oacute;tesis m&aacute;s entre otras muchas&quot; que tienen la &quot;obligaci&oacute;n de estudiar y plantear&quot; al presidente Rajoy y los dem&aacute;s l&iacute;deres para que elijan lo que m&aacute;s convenga. El ministro asegur&oacute; que ninguno de los pa&iacute;ses aliados europeos hab&iacute;a concretado tampoco su colaboraci&oacute;n. Margallo hizo esas manifestaciones mientras Merkel estaba exponiendo su plan de acci&oacute;n en Mal&iacute;.</SPAN></P>
</DIV>
<BR><DIV CLASS="c5"><P CLASS="c6"><SPAN CLASS="c9">LANGUAGE: </SPAN><SPAN CLASS="c2">SPANISH; ESPA&Ntilde;OL</SPAN></P>
</DIV>
<BR><DIV CLASS="c5"><P CLASS="c6"><SPAN CLASS="c9">PUBLICATION-TYPE: </SPAN><SPAN CLASS="c2">Peri&oacute;dico</SPAN></P>
</DIV>
<BR><DIV CLASS="c5"><P CLASS="c6"><SPAN CLASS="c9">SUBJECT: </SPAN><SPAN CLASS="c2">Pol&iacute;tica (93%)</SPAN></P>
</DIV>
<BR><DIV CLASS="c5"><P CLASS="c6"><SPAN CLASS="c9">IPTC SUBJECT: </SPAN><SPAN CLASS="c2">Politica</SPAN></P>
</DIV>
<BR><DIV CLASS="c5"><P CLASS="c6"><SPAN CLASS="c9">LOAD-DATE: </SPAN><SPAN CLASS="c2">November 25, 2015</SPAN></P>
</DIV>
<BR><DIV CLASS="c0"><BR><P CLASS="c1"><SPAN CLASS="c2">Copyright 2015 El Pais Internacional S.A.<BR>All Rights Reserved</SPAN></P>
</DIV>
</BODY>
</HTML>