<?xml version='1.0' encoding='UTF-8'?>
<GateDocument>
<!-- The document's features-->

<GateDocumentFeatures>
<Feature>
  <Name className="java.lang.String">docId</Name>
  <Value className="java.lang.String">non_fbis/16.03.54-17435</Value>
</Feature>
</GateDocumentFeatures>
<!-- The document content area with serialized nodes -->

<TextWithNodes><Node id="0" />
   <Node id="4" />Cardoso<Node id="11" /> <Node id="12" />says<Node id="16" /> <Node id="17" />main<Node id="21" /> <Node id="22" />challenge facing Chavez<Node id="45" /> is reestablishing normalcy<Node id="72" />

 <Node id="75" />



  <Node id="81" />Bras?lia, 16 (Ag?ncia Brasil - ABr) - <Node id="119" />President Fernando 
Henrique Cardoso<Node id="155" /> <Node id="156" />says<Node id="160" /> that <Node id="166" />the <Node id="170" />principal<Node id="179" /> <Node id="180" />challenge facing <Node id="197" />the 
president of Venezuela, Hugo Ch?vez<Node id="237" />, is reestablish normalcy<Node id="262" /> 
following the conflicts of last week<Node id="300" />.<Node id="301" /> <Node id="302" />Cardoso<Node id="309" /> <Node id="310" />spoke of<Node id="318" /> <Node id="319" />opening 
communication channels and <Node id="355" />achieving<Node id="364" /> social harmony<Node id="379" />.<Node id="380" />

  <Node id="384" />Chavez<Node id="390" /> <Node id="391" />told<Node id="395" /> Cardoso <Node id="404" />he<Node id="406" /> <Node id="407" />has no intention<Node id="423" /> of<Node id="426" /> <Node id="427" />seeking<Node id="434" /> <Node id="435" />revenge<Node id="442" /> 
against <Node id="452" />the military personnel<Node id="474" /> who <Node id="479" />supported<Node id="488" /> the failed <Node id="500" />attempt<Node id="507" /> 
to <Node id="512" />remove<Node id="518" /> <Node id="519" />him<Node id="522" /> from office<Node id="534" />.<Node id="535" /> <Node id="536" />Former president of the United 
States, Jimmy Carter<Node id="588" />, <Node id="590" />has come out in support<Node id="613" /> of<Node id="616" /> <Node id="617" />Chavez<Node id="623" />'s 
<Node id="627" />promise<Node id="634" /> to<Node id="637" /> <Node id="638" />set<Node id="641" /> up dialogue <Node id="654" />tables<Node id="660" /> and is scheduled to visit 
Venezuela in the near future<Node id="716" />.<Node id="717" /> (AB)<Node id="722" />

<Node id="724" /></TextWithNodes>
<!-- The default annotation set -->

<AnnotationSet>
<Annotation Id="119" Type="eTarget-new" StartNode="512" EndNode="518">
<Feature>
  <Name className="java.lang.String">type</Name>
  <Value className="java.lang.String">event</Value>
</Feature>
<Feature>
  <Name className="java.lang.String">id</Name>
  <Value className="java.lang.String">e5003</Value>
</Feature>
<Feature>
  <Name className="java.lang.String">isNegated</Name>
  <Value className="java.lang.String">no</Value>
</Feature>
</Annotation>
<Annotation Id="118" Type="eTarget-new" StartNode="500" EndNode="507">
<Feature>
  <Name className="java.lang.String">type</Name>
  <Value className="java.lang.String">event</Value>
</Feature>
<Feature>
  <Name className="java.lang.String">id</Name>
  <Value className="java.lang.String">e5002</Value>
</Feature>
<Feature>
  <Name className="java.lang.String">isNegated</Name>
  <Value className="java.lang.String">no</Value>
</Feature>
</Annotation>
<Annotation Id="117" Type="eTarget-new" StartNode="355" EndNode="364">
<Feature>
  <Name className="java.lang.String">id</Name>
  <Value className="java.lang.String">e5001</Value>
</Feature>
<Feature>
  <Name className="java.lang.String">isNegated</Name>
  <Value className="java.lang.String">no</Value>
</Feature>
<Feature>
  <Name className="java.lang.String">type</Name>
  <Value className="java.lang.String">event</Value>
</Feature>
<Feature>
  <Name className="java.lang.String">isReferredInSpan</Name>
  <Value className="java.lang.String">yes</Value>
</Feature>
</Annotation>
<Annotation Id="130" Type="eTarget-new" StartNode="654" EndNode="660">
<Feature>
  <Name className="java.lang.String">type</Name>
  <Value className="java.lang.String">event</Value>
</Feature>
<Feature>
  <Name className="java.lang.String">id</Name>
  <Value className="java.lang.String">e5020</Value>
</Feature>
<Feature>
  <Name className="java.lang.String">isNegated</Name>
  <Value className="java.lang.String">no</Value>
</Feature>
</Annotation>
<Annotation Id="123" Type="eTarget-new" StartNode="519" EndNode="522">
<Feature>
  <Name className="java.lang.String">id</Name>
  <Value className="java.lang.String">e5010</Value>
</Feature>
<Feature>
  <Name className="java.lang.String">type</Name>
  <Value className="java.lang.String">entity</Value>
</Feature>
<Feature>
  <Name className="java.lang.String">isNegated</Name>
  <Value className="java.lang.String">no</Value>
</Feature>
</Annotation>
<Annotation Id="122" Type="eTarget-new" StartNode="627" EndNode="634">
<Feature>
  <Name className="java.lang.String">type</Name>
  <Value className="java.lang.String">entity</Value>
</Feature>
<Feature>
  <Name className="java.lang.String">id</Name>
  <Value className="java.lang.String">e5010</Value>
</Feature>
<Feature>
  <Name className="java.lang.String">isNegated</Name>
  <Value className="java.lang.String">no</Value>
</Feature>
</Annotation>
<Annotation Id="121" Type="eTarget-new" StartNode="435" EndNode="442">
<Feature>
  <Name className="java.lang.String">id</Name>
  <Value className="java.lang.String">e5005</Value>
</Feature>
<Feature>
  <Name className="java.lang.String">isNegated</Name>
  <Value className="java.lang.String">no</Value>
</Feature>
<Feature>
  <Name className="java.lang.String">type</Name>
  <Value className="java.lang.String">event</Value>
</Feature>
<Feature>
  <Name className="java.lang.String">isReferredInSpan</Name>
  <Value className="java.lang.String">yes</Value>
</Feature>
</Annotation>
</AnnotationSet>

<!-- Named annotation set -->

<AnnotationSet Name="MPQA">
<Annotation Id="2" Type="split" StartNode="379" EndNode="380">
</Annotation>
<Annotation Id="3" Type="split" StartNode="722" EndNode="724">
</Annotation>
<Annotation Id="5" Type="split" StartNode="72" EndNode="75">
</Annotation>
<Annotation Id="14" Type="split" StartNode="75" EndNode="81">
</Annotation>
<Annotation Id="15" Type="split" StartNode="716" EndNode="717">
</Annotation>
<Annotation Id="258" Type="expressive-subjectivity" StartNode="170" EndNode="179">
<Feature>
  <Name className="java.lang.String">intensity</Name>
  <Value className="java.lang.String">low</Value>
</Feature>
<Feature>
  <Name className="java.lang.String">id</Name>
  <Value className="java.lang.String">ese3</Value>
</Feature>
<Feature>
  <Name className="java.lang.String">targetFrame-link</Name>
  <Value className="java.lang.String">tfese3</Value>
</Feature>
<Feature>
  <Name className="java.lang.String">es-uncertain</Name>
  <Value className="java.lang.String">somewhat-uncertain</Value>
</Feature>
<Feature>
  <Name className="java.lang.String">polarity</Name>
  <Value className="java.lang.String">neutral</Value>
</Feature>
<Feature>
  <Name className="java.lang.String">nested-source</Name>
  <Value className="java.lang.String">w,cardoso</Value>
</Feature>
</Annotation>
<Annotation Id="17" Type="split" StartNode="300" EndNode="301">
</Annotation>
<Annotation Id="259" Type="sTarget" StartNode="427" EndNode="534">
<Feature>
  <Name className="java.lang.String">id</Name>
  <Value className="java.lang.String">t4</Value>
</Feature>
<Feature>
  <Name className="java.lang.String">eTarget-link</Name>
  <Value className="java.lang.String">none</Value>
</Feature>
</Annotation>
<Annotation Id="256" Type="expressive-subjectivity" StartNode="355" EndNode="379">
<Feature>
  <Name className="java.lang.String">intensity</Name>
  <Value className="java.lang.String">medium</Value>
</Feature>
<Feature>
  <Name className="java.lang.String">id</Name>
  <Value className="java.lang.String">ese2</Value>
</Feature>
<Feature>
  <Name className="java.lang.String">targetFrame-link</Name>
  <Value className="java.lang.String">tfese2</Value>
</Feature>
<Feature>
  <Name className="java.lang.String">polarity</Name>
  <Value className="java.lang.String">positive</Value>
</Feature>
<Feature>
  <Name className="java.lang.String">nested-source</Name>
  <Value className="java.lang.String">w,cardoso</Value>
</Feature>
</Annotation>
<Annotation Id="19" Type="agent" StartNode="119" EndNode="155">
<Feature>
  <Name className="java.lang.String">id</Name>
  <Value className="java.lang.String">cardoso</Value>
</Feature>
<Feature>
  <Name className="java.lang.String">nested-source</Name>
  <Value className="java.lang.String">w,cardoso</Value>
</Feature>
</Annotation>
<Annotation Id="257" Type="expressive-subjectivity" StartNode="427" EndNode="442">
<Feature>
  <Name className="java.lang.String">intensity</Name>
  <Value className="java.lang.String">medium</Value>
</Feature>
<Feature>
  <Name className="java.lang.String">id</Name>
  <Value className="java.lang.String">ese4</Value>
</Feature>
<Feature>
  <Name className="java.lang.String">targetFrame-link</Name>
  <Value className="java.lang.String">tfese4</Value>
</Feature>
<Feature>
  <Name className="java.lang.String">polarity</Name>
  <Value className="java.lang.String">negative</Value>
</Feature>
<Feature>
  <Name className="java.lang.String">nested-source</Name>
  <Value className="java.lang.String">w,chavez,chavez</Value>
</Feature>
</Annotation>
<Annotation Id="262" Type="sTarget" StartNode="180" EndNode="237">
<Feature>
  <Name className="java.lang.String">id</Name>
  <Value className="java.lang.String">t2</Value>
</Feature>
<Feature>
  <Name className="java.lang.String">eTarget-link</Name>
  <Value className="java.lang.String">none</Value>
</Feature>
</Annotation>
<Annotation Id="263" Type="sTarget" StartNode="500" EndNode="534">
<Feature>
  <Name className="java.lang.String">id</Name>
  <Value className="java.lang.String">t5</Value>
</Feature>
<Feature>
  <Name className="java.lang.String">eTarget-link</Name>
  <Value className="java.lang.String">e5002,e5003</Value>
</Feature>
</Annotation>
<Annotation Id="20" Type="agent" StartNode="4" EndNode="11">
<Feature>
  <Name className="java.lang.String">nested-source</Name>
  <Value className="java.lang.String">w,cardoso</Value>
</Feature>
</Annotation>
<Annotation Id="260" Type="sTarget" StartNode="617" EndNode="660">
<Feature>
  <Name className="java.lang.String">id</Name>
  <Value className="java.lang.String">t6</Value>
</Feature>
<Feature>
  <Name className="java.lang.String">eTarget-link</Name>
  <Value className="java.lang.String">e5010,e5015,e5016,e5020</Value>
</Feature>
</Annotation>
<Annotation Id="23" Type="agent" StartNode="302" EndNode="309">
<Feature>
  <Name className="java.lang.String">nested-source</Name>
  <Value className="java.lang.String">w,cardoso</Value>
</Feature>
</Annotation>
<Annotation Id="261" Type="sTarget" StartNode="22" EndNode="45">
<Feature>
  <Name className="java.lang.String">id</Name>
  <Value className="java.lang.String">t1</Value>
</Feature>
<Feature>
  <Name className="java.lang.String">eTarget-link</Name>
  <Value className="java.lang.String">none</Value>
</Feature>
</Annotation>
<Annotation Id="266" Type="sTarget" StartNode="638" EndNode="660">
<Feature>
  <Name className="java.lang.String">id</Name>
  <Value className="java.lang.String">t7</Value>
</Feature>
<Feature>
  <Name className="java.lang.String">eTarget-link</Name>
  <Value className="java.lang.String">none</Value>
</Feature>
</Annotation>
<Annotation Id="25" Type="agent" StartNode="197" EndNode="237">
<Feature>
  <Name className="java.lang.String">id</Name>
  <Value className="java.lang.String">chavez</Value>
</Feature>
</Annotation>
<Annotation Id="267" Type="sTarget" StartNode="519" EndNode="522">
<Feature>
  <Name className="java.lang.String">id</Name>
  <Value className="java.lang.String">t8</Value>
</Feature>
<Feature>
  <Name className="java.lang.String">eTarget-link</Name>
  <Value className="java.lang.String">e5010</Value>
</Feature>
</Annotation>
<Annotation Id="24" Type="agent" StartNode="384" EndNode="390">
<Feature>
  <Name className="java.lang.String">nested-source</Name>
  <Value className="java.lang.String">w,chavez</Value>
</Feature>
</Annotation>
<Annotation Id="264" Type="sTarget" StartNode="319" EndNode="379">
<Feature>
  <Name className="java.lang.String">id</Name>
  <Value className="java.lang.String">t30</Value>
</Feature>
<Feature>
  <Name className="java.lang.String">eTarget-link</Name>
  <Value className="java.lang.String">none</Value>
</Feature>
</Annotation>
<Annotation Id="27" Type="agent" StartNode="536" EndNode="588">
<Feature>
  <Name className="java.lang.String">id</Name>
  <Value className="java.lang.String">carter</Value>
</Feature>
<Feature>
  <Name className="java.lang.String">nested-source</Name>
  <Value className="java.lang.String">w,carter</Value>
</Feature>
</Annotation>
<Annotation Id="265" Type="sentence" StartNode="81" EndNode="301">
<Feature>
  <Name className="java.lang.String">nested-source</Name>
  <Value className="java.lang.String">w</Value>
</Feature>
</Annotation>
<Annotation Id="270" Type="sentence" StartNode="4" EndNode="72">
<Feature>
  <Name className="java.lang.String">nested-source</Name>
  <Value className="java.lang.String">w</Value>
</Feature>
</Annotation>
<Annotation Id="29" Type="split" StartNode="380" EndNode="384">
</Annotation>
<Annotation Id="271" Type="sentence" StartNode="384" EndNode="535">
<Feature>
  <Name className="java.lang.String">nested-source</Name>
  <Value className="java.lang.String">w</Value>
</Feature>
</Annotation>
<Annotation Id="268" Type="sentence" StartNode="536" EndNode="717">
<Feature>
  <Name className="java.lang.String">nested-source</Name>
  <Value className="java.lang.String">w</Value>
</Feature>
</Annotation>
<Annotation Id="269" Type="sentence" StartNode="302" EndNode="380">
<Feature>
  <Name className="java.lang.String">nested-source</Name>
  <Value className="java.lang.String">w</Value>
</Feature>
</Annotation>
<Annotation Id="32" Type="agent" StartNode="404" EndNode="406">
<Feature>
  <Name className="java.lang.String">nested-source</Name>
  <Value className="java.lang.String">w,chavez,chavez</Value>
</Feature>
</Annotation>
<Annotation Id="33" Type="agent" StartNode="0" EndNode="0">
<Feature>
  <Name className="java.lang.String">id</Name>
  <Value className="java.lang.String">w</Value>
</Feature>
</Annotation>
<Annotation Id="39" Type="agent" StartNode="0" EndNode="0">
<Feature>
  <Name className="java.lang.String">id</Name>
  <Value className="java.lang.String">implicit</Value>
</Feature>
</Annotation>
<Annotation Id="37" Type="split" StartNode="534" EndNode="535">
</Annotation>
<Annotation Id="49" Type="agent" StartNode="452" EndNode="474">
<Feature>
  <Name className="java.lang.String">id</Name>
  <Value className="java.lang.String">military persons</Value>
</Feature>
<Feature>
  <Name className="java.lang.String">nested-source</Name>
  <Value className="java.lang.String">w,chavez,chavez,military persons</Value>
</Feature>
</Annotation>
<Annotation Id="48" Type="agent" StartNode="617" EndNode="623">
<Feature>
  <Name className="java.lang.String">nested-source</Name>
  <Value className="java.lang.String">w,carter,chavez</Value>
</Feature>
</Annotation>
<Annotation Id="205" Type="objective-speech-event" StartNode="384" EndNode="384">
<Feature>
  <Name className="java.lang.String">implicit</Name>
  <Value className="java.lang.String">true</Value>
</Feature>
<Feature>
  <Name className="java.lang.String">id</Name>
  <Value className="java.lang.String">ose1</Value>
</Feature>
<Feature>
  <Name className="java.lang.String">targetFrame-link</Name>
  <Value className="java.lang.String">tfose1</Value>
</Feature>
<Feature>
  <Name className="java.lang.String">nested-source</Name>
  <Value className="java.lang.String">w</Value>
</Feature>
</Annotation>
<Annotation Id="207" Type="objective-speech-event" StartNode="536" EndNode="536">
<Feature>
  <Name className="java.lang.String">implicit</Name>
  <Value className="java.lang.String">true</Value>
</Feature>
<Feature>
  <Name className="java.lang.String">id</Name>
  <Value className="java.lang.String">ose2</Value>
</Feature>
<Feature>
  <Name className="java.lang.String">targetFrame-link</Name>
  <Value className="java.lang.String">tfose2</Value>
</Feature>
<Feature>
  <Name className="java.lang.String">nested-source</Name>
  <Value className="java.lang.String">w</Value>
</Feature>
</Annotation>
<Annotation Id="206" Type="targetFrame" StartNode="384" EndNode="384">
<Feature>
  <Name className="java.lang.String">sTarget-link</Name>
  <Value className="java.lang.String">none</Value>
</Feature>
<Feature>
  <Name className="java.lang.String">id</Name>
  <Value className="java.lang.String">tfose1</Value>
</Feature>
<Feature>
  <Name className="java.lang.String">newETarget-link</Name>
  <Value className="java.lang.String">none</Value>
</Feature>
</Annotation>
<Annotation Id="220" Type="objective-speech-event" StartNode="4" EndNode="4">
<Feature>
  <Name className="java.lang.String">implicit</Name>
  <Value className="java.lang.String">true</Value>
</Feature>
<Feature>
  <Name className="java.lang.String">id</Name>
  <Value className="java.lang.String">ose4</Value>
</Feature>
<Feature>
  <Name className="java.lang.String">targetFrame-link</Name>
  <Value className="java.lang.String">tfose4</Value>
</Feature>
<Feature>
  <Name className="java.lang.String">nested-source</Name>
  <Value className="java.lang.String">w</Value>
</Feature>
</Annotation>
<Annotation Id="221" Type="targetFrame" StartNode="81" EndNode="81">
<Feature>
  <Name className="java.lang.String">sTarget-link</Name>
  <Value className="java.lang.String">none</Value>
</Feature>
<Feature>
  <Name className="java.lang.String">id</Name>
  <Value className="java.lang.String">tfose5</Value>
</Feature>
<Feature>
  <Name className="java.lang.String">newETarget-link</Name>
  <Value className="java.lang.String">none</Value>
</Feature>
</Annotation>
<Annotation Id="222" Type="objective-speech-event" StartNode="81" EndNode="81">
<Feature>
  <Name className="java.lang.String">implicit</Name>
  <Value className="java.lang.String">true</Value>
</Feature>
<Feature>
  <Name className="java.lang.String">id</Name>
  <Value className="java.lang.String">ose5</Value>
</Feature>
<Feature>
  <Name className="java.lang.String">targetFrame-link</Name>
  <Value className="java.lang.String">tfose5</Value>
</Feature>
<Feature>
  <Name className="java.lang.String">nested-source</Name>
  <Value className="java.lang.String">w</Value>
</Feature>
</Annotation>
<Annotation Id="223" Type="targetFrame" StartNode="391" EndNode="391">
<Feature>
  <Name className="java.lang.String">sTarget-link</Name>
  <Value className="java.lang.String">none</Value>
</Feature>
<Feature>
  <Name className="java.lang.String">id</Name>
  <Value className="java.lang.String">tfose6</Value>
</Feature>
<Feature>
  <Name className="java.lang.String">newETarget-link</Name>
  <Value className="java.lang.String">none</Value>
</Feature>
</Annotation>
<Annotation Id="216" Type="eTarget" StartNode="500" EndNode="507">
<Feature>
  <Name className="java.lang.String">type</Name>
  <Value className="java.lang.String">event</Value>
</Feature>
<Feature>
  <Name className="java.lang.String">id</Name>
  <Value className="java.lang.String">e5002</Value>
</Feature>
<Feature>
  <Name className="java.lang.String">isNegated</Name>
  <Value className="java.lang.String">no</Value>
</Feature>
</Annotation>
<Annotation Id="217" Type="eTarget" StartNode="512" EndNode="518">
<Feature>
  <Name className="java.lang.String">type</Name>
  <Value className="java.lang.String">event</Value>
</Feature>
<Feature>
  <Name className="java.lang.String">id</Name>
  <Value className="java.lang.String">e5003</Value>
</Feature>
<Feature>
  <Name className="java.lang.String">isNegated</Name>
  <Value className="java.lang.String">no</Value>
</Feature>
</Annotation>
<Annotation Id="218" Type="targetFrame" StartNode="479" EndNode="479">
<Feature>
  <Name className="java.lang.String">sTarget-link</Name>
  <Value className="java.lang.String">t5</Value>
</Feature>
<Feature>
  <Name className="java.lang.String">id</Name>
  <Value className="java.lang.String">tfa5</Value>
</Feature>
<Feature>
  <Name className="java.lang.String">newETarget-link</Name>
  <Value className="java.lang.String">none</Value>
</Feature>
</Annotation>
<Annotation Id="219" Type="targetFrame" StartNode="4" EndNode="4">
<Feature>
  <Name className="java.lang.String">sTarget-link</Name>
  <Value className="java.lang.String">none</Value>
</Feature>
<Feature>
  <Name className="java.lang.String">id</Name>
  <Value className="java.lang.String">tfose4</Value>
</Feature>
<Feature>
  <Name className="java.lang.String">newETarget-link</Name>
  <Value className="java.lang.String">none</Value>
</Feature>
</Annotation>
<Annotation Id="212" Type="eTarget" StartNode="435" EndNode="442">
<Feature>
  <Name className="java.lang.String">id</Name>
  <Value className="java.lang.String">e5005</Value>
</Feature>
<Feature>
  <Name className="java.lang.String">isNegated</Name>
  <Value className="java.lang.String">no</Value>
</Feature>
<Feature>
  <Name className="java.lang.String">type</Name>
  <Value className="java.lang.String">event</Value>
</Feature>
<Feature>
  <Name className="java.lang.String">isReferredInSpan</Name>
  <Value className="java.lang.String">yes</Value>
</Feature>
</Annotation>
<Annotation Id="213" Type="eTarget" StartNode="427" EndNode="434">
<Feature>
  <Name className="java.lang.String">id</Name>
  <Value className="java.lang.String">e5017</Value>
</Feature>
<Feature>
  <Name className="java.lang.String">isNegated</Name>
  <Value className="java.lang.String">no</Value>
</Feature>
<Feature>
  <Name className="java.lang.String">type</Name>
  <Value className="java.lang.String">event</Value>
</Feature>
<Feature>
  <Name className="java.lang.String">isReferredInSpan</Name>
  <Value className="java.lang.String">yes</Value>
</Feature>
</Annotation>
<Annotation Id="214" Type="targetFrame" StartNode="427" EndNode="427">
<Feature>
  <Name className="java.lang.String">sTarget-link</Name>
  <Value className="java.lang.String">none</Value>
</Feature>
<Feature>
  <Name className="java.lang.String">id</Name>
  <Value className="java.lang.String">tfese4</Value>
</Feature>
<Feature>
  <Name className="java.lang.String">newETarget-link</Name>
  <Value className="java.lang.String">e5005,e5017</Value>
</Feature>
</Annotation>
<Annotation Id="215" Type="targetFrame" StartNode="17" EndNode="17">
<Feature>
  <Name className="java.lang.String">sTarget-link</Name>
  <Value className="java.lang.String">t1</Value>
</Feature>
<Feature>
  <Name className="java.lang.String">id</Name>
  <Value className="java.lang.String">tfa1</Value>
</Feature>
<Feature>
  <Name className="java.lang.String">newETarget-link</Name>
  <Value className="java.lang.String">none</Value>
</Feature>
</Annotation>
<Annotation Id="208" Type="targetFrame" StartNode="536" EndNode="536">
<Feature>
  <Name className="java.lang.String">sTarget-link</Name>
  <Value className="java.lang.String">none</Value>
</Feature>
<Feature>
  <Name className="java.lang.String">id</Name>
  <Value className="java.lang.String">tfose2</Value>
</Feature>
<Feature>
  <Name className="java.lang.String">newETarget-link</Name>
  <Value className="java.lang.String">none</Value>
</Feature>
</Annotation>
<Annotation Id="209" Type="objective-speech-event" StartNode="302" EndNode="302">
<Feature>
  <Name className="java.lang.String">implicit</Name>
  <Value className="java.lang.String">true</Value>
</Feature>
<Feature>
  <Name className="java.lang.String">id</Name>
  <Value className="java.lang.String">ose3</Value>
</Feature>
<Feature>
  <Name className="java.lang.String">targetFrame-link</Name>
  <Value className="java.lang.String">tfose3</Value>
</Feature>
<Feature>
  <Name className="java.lang.String">nested-source</Name>
  <Value className="java.lang.String">w</Value>
</Feature>
</Annotation>
<Annotation Id="210" Type="targetFrame" StartNode="302" EndNode="302">
<Feature>
  <Name className="java.lang.String">sTarget-link</Name>
  <Value className="java.lang.String">none</Value>
</Feature>
<Feature>
  <Name className="java.lang.String">id</Name>
  <Value className="java.lang.String">tfose3</Value>
</Feature>
<Feature>
  <Name className="java.lang.String">newETarget-link</Name>
  <Value className="java.lang.String">none</Value>
</Feature>
</Annotation>
<Annotation Id="211" Type="targetFrame" StartNode="627" EndNode="627">
<Feature>
  <Name className="java.lang.String">sTarget-link</Name>
  <Value className="java.lang.String">t7</Value>
</Feature>
<Feature>
  <Name className="java.lang.String">id</Name>
  <Value className="java.lang.String">tfa7</Value>
</Feature>
<Feature>
  <Name className="java.lang.String">newETarget-link</Name>
  <Value className="java.lang.String">none</Value>
</Feature>
</Annotation>
<Annotation Id="239" Type="targetFrame" StartNode="590" EndNode="590">
<Feature>
  <Name className="java.lang.String">sTarget-link</Name>
  <Value className="java.lang.String">t6</Value>
</Feature>
<Feature>
  <Name className="java.lang.String">id</Name>
  <Value className="java.lang.String">tfa6</Value>
</Feature>
<Feature>
  <Name className="java.lang.String">newETarget-link</Name>
  <Value className="java.lang.String">none</Value>
</Feature>
</Annotation>
<Annotation Id="238" Type="eTarget" StartNode="355" EndNode="364">
<Feature>
  <Name className="java.lang.String">id</Name>
  <Value className="java.lang.String">e5001</Value>
</Feature>
<Feature>
  <Name className="java.lang.String">isNegated</Name>
  <Value className="java.lang.String">no</Value>
</Feature>
<Feature>
  <Name className="java.lang.String">type</Name>
  <Value className="java.lang.String">event</Value>
</Feature>
<Feature>
  <Name className="java.lang.String">isReferredInSpan</Name>
  <Value className="java.lang.String">yes</Value>
</Feature>
</Annotation>
<Annotation Id="237" Type="targetFrame" StartNode="355" EndNode="355">
<Feature>
  <Name className="java.lang.String">sTarget-link</Name>
  <Value className="java.lang.String">none</Value>
</Feature>
<Feature>
  <Name className="java.lang.String">id</Name>
  <Value className="java.lang.String">tfese2</Value>
</Feature>
<Feature>
  <Name className="java.lang.String">newETarget-link</Name>
  <Value className="java.lang.String">e5001</Value>
</Feature>
</Annotation>
<Annotation Id="236" Type="targetFrame" StartNode="407" EndNode="407">
<Feature>
  <Name className="java.lang.String">sTarget-link</Name>
  <Value className="java.lang.String">t4</Value>
</Feature>
<Feature>
  <Name className="java.lang.String">id</Name>
  <Value className="java.lang.String">tfa4</Value>
</Feature>
<Feature>
  <Name className="java.lang.String">newETarget-link</Name>
  <Value className="java.lang.String">none</Value>
</Feature>
</Annotation>
<Annotation Id="235" Type="eTarget" StartNode="627" EndNode="634">
<Feature>
  <Name className="java.lang.String">type</Name>
  <Value className="java.lang.String">entity</Value>
</Feature>
<Feature>
  <Name className="java.lang.String">id</Name>
  <Value className="java.lang.String">e5010</Value>
</Feature>
<Feature>
  <Name className="java.lang.String">isNegated</Name>
  <Value className="java.lang.String">no</Value>
</Feature>
</Annotation>
<Annotation Id="234" Type="targetFrame" StartNode="17" EndNode="17">
<Feature>
  <Name className="java.lang.String">sTarget-link</Name>
  <Value className="java.lang.String">none</Value>
</Feature>
<Feature>
  <Name className="java.lang.String">id</Name>
  <Value className="java.lang.String">tfese1</Value>
</Feature>
<Feature>
  <Name className="java.lang.String">newETarget-link</Name>
  <Value className="java.lang.String">none</Value>
</Feature>
</Annotation>
<Annotation Id="233" Type="direct-subjective" StartNode="479" EndNode="488">
<Feature>
  <Name className="java.lang.String">id</Name>
  <Value className="java.lang.String">ds1</Value>
</Feature>
<Feature>
  <Name className="java.lang.String">intensity</Name>
  <Value className="java.lang.String">medium</Value>
</Feature>
<Feature>
  <Name className="java.lang.String">expression-intensity</Name>
  <Value className="java.lang.String">medium</Value>
</Feature>
<Feature>
  <Name className="java.lang.String">attitude-link</Name>
  <Value className="java.lang.String">a5,a8</Value>
</Feature>
<Feature>
  <Name className="java.lang.String">polarity</Name>
  <Value className="java.lang.String">positive</Value>
</Feature>
<Feature>
  <Name className="java.lang.String">nested-source</Name>
  <Value className="java.lang.String">w,chavez,chavez,military persons</Value>
</Feature>
</Annotation>
<Annotation Id="232" Type="direct-subjective" StartNode="12" EndNode="16">
<Feature>
  <Name className="java.lang.String">id</Name>
  <Value className="java.lang.String">ds2</Value>
</Feature>
<Feature>
  <Name className="java.lang.String">intensity</Name>
  <Value className="java.lang.String">low</Value>
</Feature>
<Feature>
  <Name className="java.lang.String">expression-intensity</Name>
  <Value className="java.lang.String">neutral</Value>
</Feature>
<Feature>
  <Name className="java.lang.String">attitude-link</Name>
  <Value className="java.lang.String">a1</Value>
</Feature>
<Feature>
  <Name className="java.lang.String">nested-source</Name>
  <Value className="java.lang.String">w,cardoso</Value>
</Feature>
</Annotation>
<Annotation Id="231" Type="direct-subjective" StartNode="156" EndNode="160">
<Feature>
  <Name className="java.lang.String">id</Name>
  <Value className="java.lang.String">ds3</Value>
</Feature>
<Feature>
  <Name className="java.lang.String">intensity</Name>
  <Value className="java.lang.String">low</Value>
</Feature>
<Feature>
  <Name className="java.lang.String">expression-intensity</Name>
  <Value className="java.lang.String">neutral</Value>
</Feature>
<Feature>
  <Name className="java.lang.String">attitude-link</Name>
  <Value className="java.lang.String">a2</Value>
</Feature>
<Feature>
  <Name className="java.lang.String">nested-source</Name>
  <Value className="java.lang.String">w,cardoso</Value>
</Feature>
</Annotation>
<Annotation Id="230" Type="eTarget" StartNode="404" EndNode="406">
<Feature>
  <Name className="java.lang.String">type</Name>
  <Value className="java.lang.String">entity</Value>
</Feature>
<Feature>
  <Name className="java.lang.String">id</Name>
  <Value className="java.lang.String">e5012</Value>
</Feature>
<Feature>
  <Name className="java.lang.String">isNegated</Name>
  <Value className="java.lang.String">no</Value>
</Feature>
</Annotation>
<Annotation Id="229" Type="eTarget" StartNode="384" EndNode="390">
<Feature>
  <Name className="java.lang.String">type</Name>
  <Value className="java.lang.String">entity</Value>
</Feature>
<Feature>
  <Name className="java.lang.String">id</Name>
  <Value className="java.lang.String">e5011</Value>
</Feature>
<Feature>
  <Name className="java.lang.String">isNegated</Name>
  <Value className="java.lang.String">no</Value>
</Feature>
</Annotation>
<Annotation Id="228" Type="targetFrame" StartNode="479" EndNode="479">
<Feature>
  <Name className="java.lang.String">sTarget-link</Name>
  <Value className="java.lang.String">t8</Value>
</Feature>
<Feature>
  <Name className="java.lang.String">id</Name>
  <Value className="java.lang.String">tfa8</Value>
</Feature>
<Feature>
  <Name className="java.lang.String">newETarget-link</Name>
  <Value className="java.lang.String">e5012,e5011</Value>
</Feature>
</Annotation>
<Annotation Id="227" Type="targetFrame" StartNode="166" EndNode="166">
<Feature>
  <Name className="java.lang.String">sTarget-link</Name>
  <Value className="java.lang.String">t2</Value>
</Feature>
<Feature>
  <Name className="java.lang.String">id</Name>
  <Value className="java.lang.String">tfa2</Value>
</Feature>
<Feature>
  <Name className="java.lang.String">newETarget-link</Name>
  <Value className="java.lang.String">none</Value>
</Feature>
</Annotation>
<Annotation Id="226" Type="targetFrame" StartNode="310" EndNode="310">
<Feature>
  <Name className="java.lang.String">sTarget-link</Name>
  <Value className="java.lang.String">t30</Value>
</Feature>
<Feature>
  <Name className="java.lang.String">id</Name>
  <Value className="java.lang.String">tfa30</Value>
</Feature>
<Feature>
  <Name className="java.lang.String">newETarget-link</Name>
  <Value className="java.lang.String">none</Value>
</Feature>
</Annotation>
<Annotation Id="225" Type="targetFrame" StartNode="170" EndNode="170">
<Feature>
  <Name className="java.lang.String">sTarget-link</Name>
  <Value className="java.lang.String">none</Value>
</Feature>
<Feature>
  <Name className="java.lang.String">id</Name>
  <Value className="java.lang.String">tfese3</Value>
</Feature>
<Feature>
  <Name className="java.lang.String">newETarget-link</Name>
  <Value className="java.lang.String">none</Value>
</Feature>
</Annotation>
<Annotation Id="224" Type="objective-speech-event" StartNode="391" EndNode="395">
<Feature>
  <Name className="java.lang.String">id</Name>
  <Value className="java.lang.String">ose6</Value>
</Feature>
<Feature>
  <Name className="java.lang.String">targetFrame-link</Name>
  <Value className="java.lang.String">tfose6</Value>
</Feature>
<Feature>
  <Name className="java.lang.String">nested-source</Name>
  <Value className="java.lang.String">w,chavez</Value>
</Feature>
</Annotation>
<Annotation Id="254" Type="direct-subjective" StartNode="407" EndNode="423">
<Feature>
  <Name className="java.lang.String">id</Name>
  <Value className="java.lang.String">ds5</Value>
</Feature>
<Feature>
  <Name className="java.lang.String">intensity</Name>
  <Value className="java.lang.String">medium</Value>
</Feature>
<Feature>
  <Name className="java.lang.String">expression-intensity</Name>
  <Value className="java.lang.String">medium</Value>
</Feature>
<Feature>
  <Name className="java.lang.String">attitude-link</Name>
  <Value className="java.lang.String">a4</Value>
</Feature>
<Feature>
  <Name className="java.lang.String">polarity</Name>
  <Value className="java.lang.String">neutral</Value>
</Feature>
<Feature>
  <Name className="java.lang.String">nested-source</Name>
  <Value className="java.lang.String">w,chavez,chavez</Value>
</Feature>
</Annotation>
<Annotation Id="255" Type="expressive-subjectivity" StartNode="17" EndNode="21">
<Feature>
  <Name className="java.lang.String">intensity</Name>
  <Value className="java.lang.String">low</Value>
</Feature>
<Feature>
  <Name className="java.lang.String">id</Name>
  <Value className="java.lang.String">ese1</Value>
</Feature>
<Feature>
  <Name className="java.lang.String">targetFrame-link</Name>
  <Value className="java.lang.String">tfese1</Value>
</Feature>
<Feature>
  <Name className="java.lang.String">polarity</Name>
  <Value className="java.lang.String">neutral</Value>
</Feature>
<Feature>
  <Name className="java.lang.String">nested-source</Name>
  <Value className="java.lang.String">w,cardoso</Value>
</Feature>
</Annotation>
<Annotation Id="252" Type="direct-subjective" StartNode="310" EndNode="318">
<Feature>
  <Name className="java.lang.String">expression-intensity</Name>
  <Value className="java.lang.String">neutral</Value>
</Feature>
<Feature>
  <Name className="java.lang.String">id</Name>
  <Value className="java.lang.String">ds7</Value>
</Feature>
<Feature>
  <Name className="java.lang.String">attitude-type</Name>
  <Value className="java.lang.String">positive</Value>
</Feature>
<Feature>
  <Name className="java.lang.String">attitude-link</Name>
  <Value className="java.lang.String">a30</Value>
</Feature>
<Feature>
  <Name className="java.lang.String">subjective-uncertain</Name>
  <Value className="java.lang.String">very-uncertain</Value>
</Feature>
<Feature>
  <Name className="java.lang.String">intensity</Name>
  <Value className="java.lang.String">medium</Value>
</Feature>
<Feature>
  <Name className="java.lang.String">nested-source</Name>
  <Value className="java.lang.String">w,cardoso</Value>
</Feature>
</Annotation>
<Annotation Id="253" Type="direct-subjective" StartNode="627" EndNode="634">
<Feature>
  <Name className="java.lang.String">id</Name>
  <Value className="java.lang.String">ds4</Value>
</Feature>
<Feature>
  <Name className="java.lang.String">intensity</Name>
  <Value className="java.lang.String">medium</Value>
</Feature>
<Feature>
  <Name className="java.lang.String">expression-intensity</Name>
  <Value className="java.lang.String">medium</Value>
</Feature>
<Feature>
  <Name className="java.lang.String">attitude-link</Name>
  <Value className="java.lang.String">a7</Value>
</Feature>
<Feature>
  <Name className="java.lang.String">polarity</Name>
  <Value className="java.lang.String">neutral</Value>
</Feature>
<Feature>
  <Name className="java.lang.String">nested-source</Name>
  <Value className="java.lang.String">w,carter,chavez</Value>
</Feature>
</Annotation>
<Annotation Id="250" Type="attitude" StartNode="590" EndNode="616">
<Feature>
  <Name className="java.lang.String">id</Name>
  <Value className="java.lang.String">a6</Value>
</Feature>
<Feature>
  <Name className="java.lang.String">intensity</Name>
  <Value className="java.lang.String">medium</Value>
</Feature>
<Feature>
  <Name className="java.lang.String">attitude-type</Name>
  <Value className="java.lang.String">sentiment-pos</Value>
</Feature>
<Feature>
  <Name className="java.lang.String">targetFrame-link</Name>
  <Value className="java.lang.String">tfa6</Value>
</Feature>
</Annotation>
<Annotation Id="251" Type="direct-subjective" StartNode="590" EndNode="613">
<Feature>
  <Name className="java.lang.String">id</Name>
  <Value className="java.lang.String">ds6</Value>
</Feature>
<Feature>
  <Name className="java.lang.String">intensity</Name>
  <Value className="java.lang.String">medium</Value>
</Feature>
<Feature>
  <Name className="java.lang.String">expression-intensity</Name>
  <Value className="java.lang.String">medium</Value>
</Feature>
<Feature>
  <Name className="java.lang.String">attitude-link</Name>
  <Value className="java.lang.String">a6</Value>
</Feature>
<Feature>
  <Name className="java.lang.String">polarity</Name>
  <Value className="java.lang.String">positive</Value>
</Feature>
<Feature>
  <Name className="java.lang.String">nested-source</Name>
  <Value className="java.lang.String">w,carter</Value>
</Feature>
</Annotation>
<Annotation Id="248" Type="attitude" StartNode="627" EndNode="637">
<Feature>
  <Name className="java.lang.String">id</Name>
  <Value className="java.lang.String">a7</Value>
</Feature>
<Feature>
  <Name className="java.lang.String">intensity</Name>
  <Value className="java.lang.String">medium</Value>
</Feature>
<Feature>
  <Name className="java.lang.String">attitude-type</Name>
  <Value className="java.lang.String">intention-pos</Value>
</Feature>
<Feature>
  <Name className="java.lang.String">targetFrame-link</Name>
  <Value className="java.lang.String">tfa7</Value>
</Feature>
</Annotation>
<Annotation Id="249" Type="attitude" StartNode="310" EndNode="318">
<Feature>
  <Name className="java.lang.String">intensity</Name>
  <Value className="java.lang.String">low</Value>
</Feature>
<Feature>
  <Name className="java.lang.String">id</Name>
  <Value className="java.lang.String">a30</Value>
</Feature>
<Feature>
  <Name className="java.lang.String">attitude-uncertain</Name>
  <Value className="java.lang.String">very-uncertain</Value>
</Feature>
<Feature>
  <Name className="java.lang.String">attitude-type</Name>
  <Value className="java.lang.String">intention-pos</Value>
</Feature>
<Feature>
  <Name className="java.lang.String">targetFrame-link</Name>
  <Value className="java.lang.String">tfa30</Value>
</Feature>
</Annotation>
<Annotation Id="246" Type="attitude" StartNode="17" EndNode="72">
<Feature>
  <Name className="java.lang.String">id</Name>
  <Value className="java.lang.String">a1</Value>
</Feature>
<Feature>
  <Name className="java.lang.String">intensity</Name>
  <Value className="java.lang.String">low-medium</Value>
</Feature>
<Feature>
  <Name className="java.lang.String">attitude-type</Name>
  <Value className="java.lang.String">arguing-pos</Value>
</Feature>
<Feature>
  <Name className="java.lang.String">targetFrame-link</Name>
  <Value className="java.lang.String">tfa1</Value>
</Feature>
</Annotation>
<Annotation Id="247" Type="attitude" StartNode="479" EndNode="534">
<Feature>
  <Name className="java.lang.String">intensity</Name>
  <Value className="java.lang.String">medium-high</Value>
</Feature>
<Feature>
  <Name className="java.lang.String">id</Name>
  <Value className="java.lang.String">a8</Value>
</Feature>
<Feature>
  <Name className="java.lang.String">attitude-type</Name>
  <Value className="java.lang.String">sentiment-neg</Value>
</Feature>
<Feature>
  <Name className="java.lang.String">targetFrame-link</Name>
  <Value className="java.lang.String">tfa8</Value>
</Feature>
<Feature>
  <Name className="java.lang.String">inferred</Name>
  <Value className="java.lang.String">yes</Value>
</Feature>
</Annotation>
<Annotation Id="244" Type="attitude" StartNode="407" EndNode="426">
<Feature>
  <Name className="java.lang.String">id</Name>
  <Value className="java.lang.String">a4</Value>
</Feature>
<Feature>
  <Name className="java.lang.String">intensity</Name>
  <Value className="java.lang.String">low-medium</Value>
</Feature>
<Feature>
  <Name className="java.lang.String">attitude-type</Name>
  <Value className="java.lang.String">intention-neg</Value>
</Feature>
<Feature>
  <Name className="java.lang.String">targetFrame-link</Name>
  <Value className="java.lang.String">tfa4</Value>
</Feature>
</Annotation>
<Annotation Id="245" Type="attitude" StartNode="166" EndNode="262">
<Feature>
  <Name className="java.lang.String">id</Name>
  <Value className="java.lang.String">a2</Value>
</Feature>
<Feature>
  <Name className="java.lang.String">intensity</Name>
  <Value className="java.lang.String">low-medium</Value>
</Feature>
<Feature>
  <Name className="java.lang.String">attitude-type</Name>
  <Value className="java.lang.String">arguing-pos</Value>
</Feature>
<Feature>
  <Name className="java.lang.String">targetFrame-link</Name>
  <Value className="java.lang.String">tfa2</Value>
</Feature>
</Annotation>
<Annotation Id="242" Type="eTarget" StartNode="638" EndNode="641">
<Feature>
  <Name className="java.lang.String">type</Name>
  <Value className="java.lang.String">event</Value>
</Feature>
<Feature>
  <Name className="java.lang.String">id</Name>
  <Value className="java.lang.String">e5015</Value>
</Feature>
<Feature>
  <Name className="java.lang.String">isNegated</Name>
  <Value className="java.lang.String">no</Value>
</Feature>
</Annotation>
<Annotation Id="243" Type="attitude" StartNode="479" EndNode="488">
<Feature>
  <Name className="java.lang.String">id</Name>
  <Value className="java.lang.String">a5</Value>
</Feature>
<Feature>
  <Name className="java.lang.String">intensity</Name>
  <Value className="java.lang.String">medium</Value>
</Feature>
<Feature>
  <Name className="java.lang.String">attitude-type</Name>
  <Value className="java.lang.String">sentiment-pos</Value>
</Feature>
<Feature>
  <Name className="java.lang.String">targetFrame-link</Name>
  <Value className="java.lang.String">tfa5</Value>
</Feature>
</Annotation>
<Annotation Id="240" Type="eTarget" StartNode="654" EndNode="660">
<Feature>
  <Name className="java.lang.String">type</Name>
  <Value className="java.lang.String">event</Value>
</Feature>
<Feature>
  <Name className="java.lang.String">id</Name>
  <Value className="java.lang.String">e5020</Value>
</Feature>
<Feature>
  <Name className="java.lang.String">isNegated</Name>
  <Value className="java.lang.String">no</Value>
</Feature>
</Annotation>
<Annotation Id="241" Type="eTarget" StartNode="617" EndNode="623">
<Feature>
  <Name className="java.lang.String">id</Name>
  <Value className="java.lang.String">e5016</Value>
</Feature>
<Feature>
  <Name className="java.lang.String">type</Name>
  <Value className="java.lang.String">entity</Value>
</Feature>
<Feature>
  <Name className="java.lang.String">isNegated</Name>
  <Value className="java.lang.String">no</Value>
</Feature>
</Annotation>
</AnnotationSet>

</GateDocument>
